dataset,subgroup,file,model,has_anomaly_in_test,n_test,n_train,wlen,W,Wp,theta,val_metric,n_detections,n_windows_test,nab_score,raw,null,ideal,ok
nab,artificialNoAnomaly,artificialNoAnomaly/art_daily_no_noise.csv,IsolationForest,False,1210,2822,64,12,1,3.5,-0.75,0,0,0.0,"{'tp': 0.0, 'fp': 0.0, 'tn': 1210.0, 'fn': 0, 'n_windows': 0, 'weighted': 266.2}","{'tp': 0.0, 'fp': 0.0, 'tn': 1210.0, 'fn': 0, 'n_windows': 0, 'weighted': 266.2}","{'tp': 0.0, 'fp': 0.0, 'tn': 1210.0, 'fn': 0, 'n_windows': 0, 'weighted': 266.2}",True
nab,artificialNoAnomaly,artificialNoAnomaly/art_daily_perfect_square_wave.csv,GRU,False,1210,2822,64,12,1,3.5,-0.75,0,0,0.0,"{'tp': 0.0, 'fp': 0.0, 'tn': 1210.0, 'fn': 0, 'n_windows': 0, 'weighted': 266.2}","{'tp': 0.0, 'fp': 0.0, 'tn': 1210.0, 'fn': 0, 'n_windows': 0, 'weighted': 266.2}","{'tp': 0.0, 'fp': 0.0, 'tn': 1210.0, 'fn': 0, 'n_windows': 0, 'weighted': 266.2}",True
nab,artificialNoAnomaly,artificialNoAnomaly/art_daily_small_noise.csv,IsolationForest,False,1210,2822,64,24,1,4.0,-0.25,1,0,0.0,"{'tp': 0.0, 'fp': 1.0, 'tn': 1210.0, 'fn': 0, 'n_windows': 0, 'weighted': 266.09}","{'tp': 0.0, 'fp': 0.0, 'tn': 1210.0, 'fn': 0, 'n_windows': 0, 'weighted': 266.2}","{'tp': 0.0, 'fp': 0.0, 'tn': 1210.0, 'fn': 0, 'n_windows': 0, 'weighted': 266.2}",True
nab,artificialNoAnomaly,artificialNoAnomaly/art_flatline.csv,GRU,False,1210,2822,64,48,1,2.5,-0.0,0,0,0.0,"{'tp': 0.0, 'fp': 0.0, 'tn': 1210.0, 'fn': 0, 'n_windows': 0, 'weighted': 266.2}","{'tp': 0.0, 'fp': 0.0, 'tn': 1210.0, 'fn': 0, 'n_windows': 0, 'weighted': 266.2}","{'tp': 0.0, 'fp': 0.0, 'tn': 1210.0, 'fn': 0, 'n_windows': 0, 'weighted': 266.2}",True
nab,artificialNoAnomaly,artificialNoAnomaly/art_daily_no_noise.csv,GRU,False,1210,2822,64,80,1,4.0,-0.0,0,0,0.0,"{'tp': 0.0, 'fp': 0.0, 'tn': 1210.0, 'fn': 0, 'n_windows': 0, 'weighted': 266.2}","{'tp': 0.0, 'fp': 0.0, 'tn': 1210.0, 'fn': 0, 'n_windows': 0, 'weighted': 266.2}","{'tp': 0.0, 'fp': 0.0, 'tn': 1210.0, 'fn': 0, 'n_windows': 0, 'weighted': 266.2}",True
nab,artificialNoAnomaly,artificialNoAnomaly/art_daily_no_noise.csv,TCN,False,1210,2822,64,12,1,3.5,-0.75,0,0,0.0,"{'tp': 0.0, 'fp': 0.0, 'tn': 1210.0, 'fn': 0, 'n_windows': 0, 'weighted': 266.2}","{'tp': 0.0, 'fp': 0.0, 'tn': 1210.0, 'fn': 0, 'n_windows': 0, 'weighted': 266.2}","{'tp': 0.0, 'fp': 0.0, 'tn': 1210.0, 'fn': 0, 'n_windows': 0, 'weighted': 266.2}",True
nab,artificialNoAnomaly,artificialNoAnomaly/art_daily_small_noise.csv,GRU,False,1210,2822,64,12,1,3.5,-0.75,0,0,0.0,"{'tp': 0.0, 'fp': 0.0, 'tn': 1210.0, 'fn': 0, 'n_windows': 0, 'weighted': 266.2}","{'tp': 0.0, 'fp': 0.0, 'tn': 1210.0, 'fn': 0, 'n_windows': 0, 'weighted': 266.2}","{'tp': 0.0, 'fp': 0.0, 'tn': 1210.0, 'fn': 0, 'n_windows': 0, 'weighted': 266.2}",True
nab,artificialNoAnomaly,artificialNoAnomaly/art_daily_small_noise.csv,TCN,False,1210,2822,64,12,1,3.5,-0.75,0,0,0.0,"{'tp': 0.0, 'fp': 0.0, 'tn': 1210.0, 'fn': 0, 'n_windows': 0, 'weighted': 266.2}","{'tp': 0.0, 'fp': 0.0, 'tn': 1210.0, 'fn': 0, 'n_windows': 0, 'weighted': 266.2}","{'tp': 0.0, 'fp': 0.0, 'tn': 1210.0, 'fn': 0, 'n_windows': 0, 'weighted': 266.2}",True
nab,artificialNoAnomaly,artificialNoAnomaly/art_daily_perfect_square_wave.csv,TSMixer,False,1210,2822,64,12,1,3.5,-0.75,0,0,0.0,"{'tp': 0.0, 'fp': 0.0, 'tn': 1210.0, 'fn': 0, 'n_windows': 0, 'weighted': 266.2}","{'tp': 0.0, 'fp': 0.0, 'tn': 1210.0, 'fn': 0, 'n_windows': 0, 'weighted': 266.2}","{'tp': 0.0, 'fp': 0.0, 'tn': 1210.0, 'fn': 0, 'n_windows': 0, 'weighted': 266.2}",True
nab,artificialNoAnomaly,artificialNoAnomaly/art_daily_perfect_square_wave.csv,IsolationForest,False,1210,2822,64,12,1,3.5,-0.75,0,0,0.0,"{'tp': 0.0, 'fp': 0.0, 'tn': 1210.0, 'fn': 0, 'n_windows': 0, 'weighted': 266.2}","{'tp': 0.0, 'fp': 0.0, 'tn': 1210.0, 'fn': 0, 'n_windows': 0, 'weighted': 266.2}","{'tp': 0.0, 'fp': 0.0, 'tn': 1210.0, 'fn': 0, 'n_windows': 0, 'weighted': 266.2}",True
nab,artificialNoAnomaly,artificialNoAnomaly/art_flatline.csv,TSMixer,False,1210,2822,64,48,1,2.5,-0.0,0,0,0.0,"{'tp': 0.0, 'fp': 0.0, 'tn': 1210.0, 'fn': 0, 'n_windows': 0, 'weighted': 266.2}","{'tp': 0.0, 'fp': 0.0, 'tn': 1210.0, 'fn': 0, 'n_windows': 0, 'weighted': 266.2}","{'tp': 0.0, 'fp': 0.0, 'tn': 1210.0, 'fn': 0, 'n_windows': 0, 'weighted': 266.2}",True
nab,artificialNoAnomaly,artificialNoAnomaly/art_flatline.csv,IsolationForest,False,1210,2822,64,48,1,2.5,-0.0,0,0,0.0,"{'tp': 0.0, 'fp': 0.0, 'tn': 1210.0, 'fn': 0, 'n_windows': 0, 'weighted': 266.2}","{'tp': 0.0, 'fp': 0.0, 'tn': 1210.0, 'fn': 0, 'n_windows': 0, 'weighted': 266.2}","{'tp': 0.0, 'fp': 0.0, 'tn': 1210.0, 'fn': 0, 'n_windows': 0, 'weighted': 266.2}",True
nab,artificialNoAnomaly,artificialNoAnomaly/art_daily_perfect_square_wave.csv,TCN,False,1210,2822,64,12,1,3.5,-0.75,0,0,0.0,"{'tp': 0.0, 'fp': 0.0, 'tn': 1210.0, 'fn': 0, 'n_windows': 0, 'weighted': 266.2}","{'tp': 0.0, 'fp': 0.0, 'tn': 1210.0, 'fn': 0, 'n_windows': 0, 'weighted': 266.2}","{'tp': 0.0, 'fp': 0.0, 'tn': 1210.0, 'fn': 0, 'n_windows': 0, 'weighted': 266.2}",True
nab,artificialNoAnomaly,artificialNoAnomaly/art_daily_perfect_square_wave.csv,Transformer,False,1210,2822,64,12,1,3.5,-0.75,0,0,0.0,"{'tp': 0.0, 'fp': 0.0, 'tn': 1210.0, 'fn': 0, 'n_windows': 0, 'weighted': 266.2}","{'tp': 0.0, 'fp': 0.0, 'tn': 1210.0, 'fn': 0, 'n_windows': 0, 'weighted': 266.2}","{'tp': 0.0, 'fp': 0.0, 'tn': 1210.0, 'fn': 0, 'n_windows': 0, 'weighted': 266.2}",True
nab,artificialNoAnomaly,artificialNoAnomaly/art_noisy.csv,GRU,False,1210,2822,64,48,1,3.5,-0.0,0,0,0.0,"{'tp': 0.0, 'fp': 0.0, 'tn': 1210.0, 'fn': 0, 'n_windows': 0, 'weighted': 266.2}","{'tp': 0.0, 'fp': 0.0, 'tn': 1210.0, 'fn': 0, 'n_windows': 0, 'weighted': 266.2}","{'tp': 0.0, 'fp': 0.0, 'tn': 1210.0, 'fn': 0, 'n_windows': 0, 'weighted': 266.2}",True
nab,artificialNoAnomaly,artificialNoAnomaly/art_noisy.csv,TCN,False,1210,2822,64,48,3,3.5,-0.0,5,0,0.0,"{'tp': 0.0, 'fp': 3.0, 'tn': 1210.0, 'fn': 0, 'n_windows': 0, 'weighted': 265.87}","{'tp': 0.0, 'fp': 0.0, 'tn': 1210.0, 'fn': 0, 'n_windows': 0, 'weighted': 266.2}","{'tp': 0.0, 'fp': 0.0, 'tn': 1210.0, 'fn': 0, 'n_windows': 0, 'weighted': 266.2}",True
nab,artificialNoAnomaly,artificialNoAnomaly/art_flatline.csv,TCN,False,1210,2822,64,48,1,2.5,-0.0,0,0,0.0,"{'tp': 0.0, 'fp': 0.0, 'tn': 1210.0, 'fn': 0, 'n_windows': 0, 'weighted': 266.2}","{'tp': 0.0, 'fp': 0.0, 'tn': 1210.0, 'fn': 0, 'n_windows': 0, 'weighted': 266.2}","{'tp': 0.0, 'fp': 0.0, 'tn': 1210.0, 'fn': 0, 'n_windows': 0, 'weighted': 266.2}",True
nab,artificialNoAnomaly,artificialNoAnomaly/art_flatline.csv,Transformer,False,1210,2822,64,48,1,2.5,-0.0,0,0,0.0,"{'tp': 0.0, 'fp': 0.0, 'tn': 1210.0, 'fn': 0, 'n_windows': 0, 'weighted': 266.2}","{'tp': 0.0, 'fp': 0.0, 'tn': 1210.0, 'fn': 0, 'n_windows': 0, 'weighted': 266.2}","{'tp': 0.0, 'fp': 0.0, 'tn': 1210.0, 'fn': 0, 'n_windows': 0, 'weighted': 266.2}",True
nab,artificialNoAnomaly,artificialNoAnomaly/art_noisy.csv,IsolationForest,False,1210,2822,64,48,1,3.5,-0.0,0,0,0.0,"{'tp': 0.0, 'fp': 0.0, 'tn': 1210.0, 'fn': 0, 'n_windows': 0, 'weighted': 266.2}","{'tp': 0.0, 'fp': 0.0, 'tn': 1210.0, 'fn': 0, 'n_windows': 0, 'weighted': 266.2}","{'tp': 0.0, 'fp': 0.0, 'tn': 1210.0, 'fn': 0, 'n_windows': 0, 'weighted': 266.2}",True
nab,artificialWithAnomaly,artificialWithAnomaly/art_daily_flatmiddle.csv,GRU,True,1210,2822,64,24,1,3.5,-0.25,5,1,-10.47619047619045,"{'tp': 0.0, 'fp': 2.0, 'tn': 950.0, 'fn': 1, 'n_windows': 1, 'weighted': 207.78}","{'tp': 0.0, 'fp': 0.0, 'tn': 950.0, 'fn': 1, 'n_windows': 1, 'weighted': 208.0}","{'tp': 1.1, 'fp': 0.0, 'tn': 950.0, 'fn': 0, 'n_windows': 1, 'weighted': 210.1}",True
nab,artificialWithAnomaly,artificialWithAnomaly/art_daily_jumpsdown.csv,IsolationForest,True,1210,2822,64,24,1,4.0,-0.25,0,1,0.0,"{'tp': 0.0, 'fp': 0.0, 'tn': 842.0, 'fn': 1, 'n_windows': 1, 'weighted': 184.24}","{'tp': 0.0, 'fp': 0.0, 'tn': 842.0, 'fn': 1, 'n_windows': 1, 'weighted': 184.24}","{'tp': 1.1, 'fp': 0.0, 'tn': 842.0, 'fn': 0, 'n_windows': 1, 'weighted': 186.34}",True
nab,artificialWithAnomaly,artificialWithAnomaly/art_daily_jumpsup.csv,GRU,True,1210,2822,64,12,1,3.5,-0.75,0,1,0.0,"{'tp': 0.0, 'fp': 0.0, 'tn': 842.0, 'fn': 1, 'n_windows': 1, 'weighted': 184.24}","{'tp': 0.0, 'fp': 0.0, 'tn': 842.0, 'fn': 1, 'n_windows': 1, 'weighted': 184.24}","{'tp': 1.1, 'fp': 0.0, 'tn': 842.0, 'fn': 0, 'n_windows': 1, 'weighted': 186.34}",True
nab,artificialNoAnomaly,artificialNoAnomaly/art_daily_no_noise.csv,Transformer,False,1210,2822,64,12,1,3.5,-0.75,0,0,0.0,"{'tp': 0.0, 'fp': 0.0, 'tn': 1210.0, 'fn': 0, 'n_windows': 0, 'weighted': 266.2}","{'tp': 0.0, 'fp': 0.0, 'tn': 1210.0, 'fn': 0, 'n_windows': 0, 'weighted': 266.2}","{'tp': 0.0, 'fp': 0.0, 'tn': 1210.0, 'fn': 0, 'n_windows': 0, 'weighted': 266.2}",True
nab,artificialNoAnomaly,artificialNoAnomaly/art_daily_no_noise.csv,TSMixer,False,1210,2822,64,12,1,3.5,-0.75,0,0,0.0,"{'tp': 0.0, 'fp': 0.0, 'tn': 1210.0, 'fn': 0, 'n_windows': 0, 'weighted': 266.2}","{'tp': 0.0, 'fp': 0.0, 'tn': 1210.0, 'fn': 0, 'n_windows': 0, 'weighted': 266.2}","{'tp': 0.0, 'fp': 0.0, 'tn': 1210.0, 'fn': 0, 'n_windows': 0, 'weighted': 266.2}",True
nab,artificialWithAnomaly,artificialWithAnomaly/art_daily_jumpsdown.csv,GRU,True,1210,2822,64,12,1,3.5,-0.75,0,1,0.0,"{'tp': 0.0, 'fp': 0.0, 'tn': 842.0, 'fn': 1, 'n_windows': 1, 'weighted': 184.24}","{'tp': 0.0, 'fp': 0.0, 'tn': 842.0, 'fn': 1, 'n_windows': 1, 'weighted': 184.24}","{'tp': 1.1, 'fp': 0.0, 'tn': 842.0, 'fn': 0, 'n_windows': 1, 'weighted': 186.34}",True
nab,artificialWithAnomaly,artificialWithAnomaly/art_daily_jumpsdown.csv,TCN,True,1210,2822,64,12,1,3.5,-0.75,0,1,0.0,"{'tp': 0.0, 'fp': 0.0, 'tn': 842.0, 'fn': 1, 'n_windows': 1, 'weighted': 184.24}","{'tp': 0.0, 'fp': 0.0, 'tn': 842.0, 'fn': 1, 'n_windows': 1, 'weighted': 184.24}","{'tp': 1.1, 'fp': 0.0, 'tn': 842.0, 'fn': 0, 'n_windows': 1, 'weighted': 186.34}",True
nab,artificialNoAnomaly,artificialNoAnomaly/art_daily_small_noise.csv,Transformer,False,1210,2822,64,24,1,4.0,-0.25,3,0,0.0,"{'tp': 0.0, 'fp': 3.0, 'tn': 1210.0, 'fn': 0, 'n_windows': 0, 'weighted': 265.87}","{'tp': 0.0, 'fp': 0.0, 'tn': 1210.0, 'fn': 0, 'n_windows': 0, 'weighted': 266.2}","{'tp': 0.0, 'fp': 0.0, 'tn': 1210.0, 'fn': 0, 'n_windows': 0, 'weighted': 266.2}",True
nab,artificialNoAnomaly,artificialNoAnomaly/art_daily_small_noise.csv,TSMixer,False,1210,2822,64,12,1,3.5,-0.75,0,0,0.0,"{'tp': 0.0, 'fp': 0.0, 'tn': 1210.0, 'fn': 0, 'n_windows': 0, 'weighted': 266.2}","{'tp': 0.0, 'fp': 0.0, 'tn': 1210.0, 'fn': 0, 'n_windows': 0, 'weighted': 266.2}","{'tp': 0.0, 'fp': 0.0, 'tn': 1210.0, 'fn': 0, 'n_windows': 0, 'weighted': 266.2}",True
nab,artificialWithAnomaly,artificialWithAnomaly/art_daily_flatmiddle.csv,TSMixer,True,1210,2822,64,12,1,3.5,-0.75,0,1,0.0,"{'tp': 0.0, 'fp': 0.0, 'tn': 950.0, 'fn': 1, 'n_windows': 1, 'weighted': 208.0}","{'tp': 0.0, 'fp': 0.0, 'tn': 950.0, 'fn': 1, 'n_windows': 1, 'weighted': 208.0}","{'tp': 1.1, 'fp': 0.0, 'tn': 950.0, 'fn': 0, 'n_windows': 1, 'weighted': 210.1}",True
nab,artificialWithAnomaly,artificialWithAnomaly/art_daily_flatmiddle.csv,IsolationForest,True,1210,2822,64,24,1,4.0,-0.25,1,1,-2.619047619047951,"{'tp': 0.0, 'fp': 0.5, 'tn': 950.0, 'fn': 1, 'n_windows': 1, 'weighted': 207.945}","{'tp': 0.0, 'fp': 0.0, 'tn': 950.0, 'fn': 1, 'n_windows': 1, 'weighted': 208.0}","{'tp': 1.1, 'fp': 0.0, 'tn': 950.0, 'fn': 0, 'n_windows': 1, 'weighted': 210.1}",True
nab,artificialNoAnomaly,artificialNoAnomaly/art_noisy.csv,Transformer,False,1210,2822,64,12,1,3.5,-0.75,0,0,0.0,"{'tp': 0.0, 'fp': 0.0, 'tn': 1210.0, 'fn': 0, 'n_windows': 0, 'weighted': 266.2}","{'tp': 0.0, 'fp': 0.0, 'tn': 1210.0, 'fn': 0, 'n_windows': 0, 'weighted': 266.2}","{'tp': 0.0, 'fp': 0.0, 'tn': 1210.0, 'fn': 0, 'n_windows': 0, 'weighted': 266.2}",True
nab,artificialNoAnomaly,artificialNoAnomaly/art_noisy.csv,TSMixer,False,1210,2822,64,12,1,3.5,-0.75,0,0,0.0,"{'tp': 0.0, 'fp': 0.0, 'tn': 1210.0, 'fn': 0, 'n_windows': 0, 'weighted': 266.2}","{'tp': 0.0, 'fp': 0.0, 'tn': 1210.0, 'fn': 0, 'n_windows': 0, 'weighted': 266.2}","{'tp': 0.0, 'fp': 0.0, 'tn': 1210.0, 'fn': 0, 'n_windows': 0, 'weighted': 266.2}",True
nab,artificialWithAnomaly,artificialWithAnomaly/art_daily_flatmiddle.csv,TCN,True,1210,2822,64,12,1,3.5,-0.75,0,1,0.0,"{'tp': 0.0, 'fp': 0.0, 'tn': 950.0, 'fn': 1, 'n_windows': 1, 'weighted': 208.0}","{'tp': 0.0, 'fp': 0.0, 'tn': 950.0, 'fn': 1, 'n_windows': 1, 'weighted': 208.0}","{'tp': 1.1, 'fp': 0.0, 'tn': 950.0, 'fn': 0, 'n_windows': 1, 'weighted': 210.1}",True
nab,artificialWithAnomaly,artificialWithAnomaly/art_daily_flatmiddle.csv,Transformer,True,1210,2822,64,24,3,4.0,-0.25,3,1,-7.8571428571425,"{'tp': 0.0, 'fp': 1.5, 'tn': 950.0, 'fn': 1, 'n_windows': 1, 'weighted': 207.835}","{'tp': 0.0, 'fp': 0.0, 'tn': 950.0, 'fn': 1, 'n_windows': 1, 'weighted': 208.0}","{'tp': 1.1, 'fp': 0.0, 'tn': 950.0, 'fn': 0, 'n_windows': 1, 'weighted': 210.1}",True
nab,artificialWithAnomaly,artificialWithAnomaly/art_daily_jumpsup.csv,TSMixer,True,1210,2822,64,12,1,3.5,-0.75,0,1,0.0,"{'tp': 0.0, 'fp': 0.0, 'tn': 842.0, 'fn': 1, 'n_windows': 1, 'weighted': 184.24}","{'tp': 0.0, 'fp': 0.0, 'tn': 842.0, 'fn': 1, 'n_windows': 1, 'weighted': 184.24}","{'tp': 1.1, 'fp': 0.0, 'tn': 842.0, 'fn': 0, 'n_windows': 1, 'weighted': 186.34}",True
nab,artificialWithAnomaly,artificialWithAnomaly/art_daily_jumpsup.csv,IsolationForest,True,1210,2822,64,24,1,4.0,-0.25,3,1,93.82574283119206,"{'tp': 1.0253405994550409, 'fp': 0.5, 'tn': 842.0, 'fn': 0, 'n_windows': 1, 'weighted': 186.21034059945504}","{'tp': 0.0, 'fp': 0.0, 'tn': 842.0, 'fn': 1, 'n_windows': 1, 'weighted': 184.24}","{'tp': 1.1, 'fp': 0.0, 'tn': 842.0, 'fn': 0, 'n_windows': 1, 'weighted': 186.34}",True
nab,artificialWithAnomaly,artificialWithAnomaly/art_daily_jumpsup.csv,TCN,True,1210,2822,64,12,1,3.5,-0.75,0,1,0.0,"{'tp': 0.0, 'fp': 0.0, 'tn': 842.0, 'fn': 1, 'n_windows': 1, 'weighted': 184.24}","{'tp': 0.0, 'fp': 0.0, 'tn': 842.0, 'fn': 1, 'n_windows': 1, 'weighted': 184.24}","{'tp': 1.1, 'fp': 0.0, 'tn': 842.0, 'fn': 0, 'n_windows': 1, 'weighted': 186.34}",True
nab,artificialWithAnomaly,artificialWithAnomaly/art_daily_jumpsup.csv,Transformer,True,1210,2822,64,12,1,3.5,-0.75,0,1,0.0,"{'tp': 0.0, 'fp': 0.0, 'tn': 842.0, 'fn': 1, 'n_windows': 1, 'weighted': 184.24}","{'tp': 0.0, 'fp': 0.0, 'tn': 842.0, 'fn': 1, 'n_windows': 1, 'weighted': 184.24}","{'tp': 1.1, 'fp': 0.0, 'tn': 842.0, 'fn': 0, 'n_windows': 1, 'weighted': 186.34}",True
nab,artificialWithAnomaly,artificialWithAnomaly/art_daily_nojump.csv,IsolationForest,True,1210,2822,64,24,1,3.5,-0.25,3,1,-7.8571428571425,"{'tp': 0.0, 'fp': 1.5, 'tn': 842.0, 'fn': 1, 'n_windows': 1, 'weighted': 184.07500000000002}","{'tp': 0.0, 'fp': 0.0, 'tn': 842.0, 'fn': 1, 'n_windows': 1, 'weighted': 184.24}","{'tp': 1.1, 'fp': 0.0, 'tn': 842.0, 'fn': 0, 'n_windows': 1, 'weighted': 186.34}",True
nab,artificialWithAnomaly,artificialWithAnomaly/art_increase_spike_density.csv,GRU,False,1210,2822,64,48,3,4.0,-6.0,75,0,0.0,"{'tp': 0.0, 'fp': 12.0, 'tn': 1210.0, 'fn': 0, 'n_windows': 0, 'weighted': 264.88}","{'tp': 0.0, 'fp': 0.0, 'tn': 1210.0, 'fn': 0, 'n_windows': 0, 'weighted': 266.2}","{'tp': 0.0, 'fp': 0.0, 'tn': 1210.0, 'fn': 0, 'n_windows': 0, 'weighted': 266.2}",True
nab,artificialWithAnomaly,artificialWithAnomaly/art_increase_spike_density.csv,TSMixer,False,1210,2822,64,12,1,3.5,-0.75,0,0,0.0,"{'tp': 0.0, 'fp': 0.0, 'tn': 1210.0, 'fn': 0, 'n_windows': 0, 'weighted': 266.2}","{'tp': 0.0, 'fp': 0.0, 'tn': 1210.0, 'fn': 0, 'n_windows': 0, 'weighted': 266.2}","{'tp': 0.0, 'fp': 0.0, 'tn': 1210.0, 'fn': 0, 'n_windows': 0, 'weighted': 266.2}",True
nab,artificialWithAnomaly,artificialWithAnomaly/art_increase_spike_density.csv,IsolationForest,False,1210,2822,64,48,1,2.5,-0.0,0,0,0.0,"{'tp': 0.0, 'fp': 0.0, 'tn': 1210.0, 'fn': 0, 'n_windows': 0, 'weighted': 266.2}","{'tp': 0.0, 'fp': 0.0, 'tn': 1210.0, 'fn': 0, 'n_windows': 0, 'weighted': 266.2}","{'tp': 0.0, 'fp': 0.0, 'tn': 1210.0, 'fn': 0, 'n_windows': 0, 'weighted': 266.2}",True
nab,artificialWithAnomaly,artificialWithAnomaly/art_load_balancer_spikes.csv,IsolationForest,True,1210,2822,64,12,1,3.5,-0.75,0,1,0.0,"{'tp': 0.0, 'fp': 0.0, 'tn': 895.0, 'fn': 1, 'n_windows': 1, 'weighted': 195.9}","{'tp': 0.0, 'fp': 0.0, 'tn': 895.0, 'fn': 1, 'n_windows': 1, 'weighted': 195.9}","{'tp': 1.1, 'fp': 0.0, 'tn': 895.0, 'fn': 0, 'n_windows': 1, 'weighted': 198.0}",True
nab,realAdExchange,realAdExchange/exchange-2_cpc_results.csv,GRU,False,487,1137,64,80,1,3.5,-0.0,9,0,0.0,"{'tp': 0.0, 'fp': 5.0, 'tn': 487.0, 'fn': 0, 'n_windows': 0, 'weighted': 106.59}","{'tp': 0.0, 'fp': 0.0, 'tn': 487.0, 'fn': 0, 'n_windows': 0, 'weighted': 107.14}","{'tp': 0.0, 'fp': 0.0, 'tn': 487.0, 'fn': 0, 'n_windows': 0, 'weighted': 107.14}",True
nab,artificialWithAnomaly,artificialWithAnomaly/art_load_balancer_spikes.csv,GRU,True,1210,2822,64,12,1,3.5,-0.75,0,1,0.0,"{'tp': 0.0, 'fp': 0.0, 'tn': 895.0, 'fn': 1, 'n_windows': 1, 'weighted': 195.9}","{'tp': 0.0, 'fp': 0.0, 'tn': 895.0, 'fn': 1, 'n_windows': 1, 'weighted': 195.9}","{'tp': 1.1, 'fp': 0.0, 'tn': 895.0, 'fn': 0, 'n_windows': 1, 'weighted': 198.0}",True
nab,artificialWithAnomaly,artificialWithAnomaly/art_load_balancer_spikes.csv,TCN,True,1210,2822,64,12,1,3.5,-0.75,0,1,0.0,"{'tp': 0.0, 'fp': 0.0, 'tn': 895.0, 'fn': 1, 'n_windows': 1, 'weighted': 195.9}","{'tp': 0.0, 'fp': 0.0, 'tn': 895.0, 'fn': 1, 'n_windows': 1, 'weighted': 195.9}","{'tp': 1.1, 'fp': 0.0, 'tn': 895.0, 'fn': 0, 'n_windows': 1, 'weighted': 198.0}",True
nab,artificialWithAnomaly,artificialWithAnomaly/art_daily_jumpsdown.csv,Transformer,True,1210,2822,64,48,1,4.0,-0.0,0,1,0.0,"{'tp': 0.0, 'fp': 0.0, 'tn': 842.0, 'fn': 1, 'n_windows': 1, 'weighted': 184.24}","{'tp': 0.0, 'fp': 0.0, 'tn': 842.0, 'fn': 1, 'n_windows': 1, 'weighted': 184.24}","{'tp': 1.1, 'fp': 0.0, 'tn': 842.0, 'fn': 0, 'n_windows': 1, 'weighted': 186.34}",True
nab,artificialWithAnomaly,artificialWithAnomaly/art_daily_jumpsdown.csv,TSMixer,True,1210,2822,64,12,1,3.5,-0.75,0,1,0.0,"{'tp': 0.0, 'fp': 0.0, 'tn': 842.0, 'fn': 1, 'n_windows': 1, 'weighted': 184.24}","{'tp': 0.0, 'fp': 0.0, 'tn': 842.0, 'fn': 1, 'n_windows': 1, 'weighted': 184.24}","{'tp': 1.1, 'fp': 0.0, 'tn': 842.0, 'fn': 0, 'n_windows': 1, 'weighted': 186.34}",True
nab,artificialWithAnomaly,artificialWithAnomaly/art_daily_nojump.csv,GRU,True,1210,2822,64,12,1,3.5,-0.75,0,1,0.0,"{'tp': 0.0, 'fp': 0.0, 'tn': 842.0, 'fn': 1, 'n_windows': 1, 'weighted': 184.24}","{'tp': 0.0, 'fp': 0.0, 'tn': 842.0, 'fn': 1, 'n_windows': 1, 'weighted': 184.24}","{'tp': 1.1, 'fp': 0.0, 'tn': 842.0, 'fn': 0, 'n_windows': 1, 'weighted': 186.34}",True
nab,artificialWithAnomaly,artificialWithAnomaly/art_daily_nojump.csv,TCN,True,1210,2822,64,12,1,3.5,-0.75,0,1,0.0,"{'tp': 0.0, 'fp': 0.0, 'tn': 842.0, 'fn': 1, 'n_windows': 1, 'weighted': 184.24}","{'tp': 0.0, 'fp': 0.0, 'tn': 842.0, 'fn': 1, 'n_windows': 1, 'weighted': 184.24}","{'tp': 1.1, 'fp': 0.0, 'tn': 842.0, 'fn': 0, 'n_windows': 1, 'weighted': 186.34}",True
nab,realAdExchange,realAdExchange/exchange-2_cpm_results.csv,IsolationForest,False,487,1137,64,80,1,3.0,-0.0,3,0,0.0,"{'tp': 0.0, 'fp': 3.0, 'tn': 487.0, 'fn': 0, 'n_windows': 0, 'weighted': 106.81}","{'tp': 0.0, 'fp': 0.0, 'tn': 487.0, 'fn': 0, 'n_windows': 0, 'weighted': 107.14}","{'tp': 0.0, 'fp': 0.0, 'tn': 487.0, 'fn': 0, 'n_windows': 0, 'weighted': 107.14}",True
nab,realAdExchange,realAdExchange/exchange-3_cpc_results.csv,GRU,False,461,1077,64,80,3,3.0,-0.0,17,0,0.0,"{'tp': 0.0, 'fp': 8.0, 'tn': 461.0, 'fn': 0, 'n_windows': 0, 'weighted': 100.54}","{'tp': 0.0, 'fp': 0.0, 'tn': 461.0, 'fn': 0, 'n_windows': 0, 'weighted': 101.42}","{'tp': 0.0, 'fp': 0.0, 'tn': 461.0, 'fn': 0, 'n_windows': 0, 'weighted': 101.42}",True
nab,realAdExchange,realAdExchange/exchange-2_cpm_results.csv,GRU,False,487,1137,64,80,3,3.5,-0.0,7,0,0.0,"{'tp': 0.0, 'fp': 3.0, 'tn': 487.0, 'fn': 0, 'n_windows': 0, 'weighted': 106.81}","{'tp': 0.0, 'fp': 0.0, 'tn': 487.0, 'fn': 0, 'n_windows': 0, 'weighted': 107.14}","{'tp': 0.0, 'fp': 0.0, 'tn': 487.0, 'fn': 0, 'n_windows': 0, 'weighted': 107.14}",True
nab,realAdExchange,realAdExchange/exchange-2_cpm_results.csv,TCN,False,487,1137,64,20,1,4.0,-0.25,2,0,0.0,"{'tp': 0.0, 'fp': 2.0, 'tn': 487.0, 'fn': 0, 'n_windows': 0, 'weighted': 106.92}","{'tp': 0.0, 'fp': 0.0, 'tn': 487.0, 'fn': 0, 'n_windows': 0, 'weighted': 107.14}","{'tp': 0.0, 'fp': 0.0, 'tn': 487.0, 'fn': 0, 'n_windows': 0, 'weighted': 107.14}",True
nab,artificialWithAnomaly,artificialWithAnomaly/art_increase_spike_density.csv,TCN,False,1210,2822,64,12,1,3.5,-0.75,0,0,0.0,"{'tp': 0.0, 'fp': 0.0, 'tn': 1210.0, 'fn': 0, 'n_windows': 0, 'weighted': 266.2}","{'tp': 0.0, 'fp': 0.0, 'tn': 1210.0, 'fn': 0, 'n_windows': 0, 'weighted': 266.2}","{'tp': 0.0, 'fp': 0.0, 'tn': 1210.0, 'fn': 0, 'n_windows': 0, 'weighted': 266.2}",True
nab,artificialWithAnomaly,artificialWithAnomaly/art_increase_spike_density.csv,Transformer,False,1210,2822,64,12,1,3.5,-0.75,0,0,0.0,"{'tp': 0.0, 'fp': 0.0, 'tn': 1210.0, 'fn': 0, 'n_windows': 0, 'weighted': 266.2}","{'tp': 0.0, 'fp': 0.0, 'tn': 1210.0, 'fn': 0, 'n_windows': 0, 'weighted': 266.2}","{'tp': 0.0, 'fp': 0.0, 'tn': 1210.0, 'fn': 0, 'n_windows': 0, 'weighted': 266.2}",True
nab,realAdExchange,realAdExchange/exchange-2_cpc_results.csv,TSMixer,False,487,1137,64,80,1,3.0,-0.0,12,0,0.0,"{'tp': 0.0, 'fp': 8.0, 'tn': 487.0, 'fn': 0, 'n_windows': 0, 'weighted': 106.26}","{'tp': 0.0, 'fp': 0.0, 'tn': 487.0, 'fn': 0, 'n_windows': 0, 'weighted': 107.14}","{'tp': 0.0, 'fp': 0.0, 'tn': 487.0, 'fn': 0, 'n_windows': 0, 'weighted': 107.14}",True
nab,realAdExchange,realAdExchange/exchange-2_cpc_results.csv,IsolationForest,False,487,1137,64,80,1,2.5,-0.0,15,0,0.0,"{'tp': 0.0, 'fp': 3.0, 'tn': 487.0, 'fn': 0, 'n_windows': 0, 'weighted': 106.81}","{'tp': 0.0, 'fp': 0.0, 'tn': 487.0, 'fn': 0, 'n_windows': 0, 'weighted': 107.14}","{'tp': 0.0, 'fp': 0.0, 'tn': 487.0, 'fn': 0, 'n_windows': 0, 'weighted': 107.14}",True
nab,realAdExchange,realAdExchange/exchange-3_cpm_results.csv,GRU,True,461,1077,64,80,1,3.5,-0.0,13,1,82.81746031746033,"{'tp': 1.0691666666666666, 'fp': 3.0, 'tn': 340.0, 'fn': 0, 'n_windows': 1, 'weighted': 75.53916666666666}","{'tp': 0.0, 'fp': 0.0, 'tn': 340.0, 'fn': 1, 'n_windows': 1, 'weighted': 73.8}","{'tp': 1.1, 'fp': 0.0, 'tn': 340.0, 'fn': 0, 'n_windows': 1, 'weighted': 75.89999999999999}",True
nab,realAdExchange,realAdExchange/exchange-3_cpm_results.csv,TCN,True,461,1077,64,80,3,4.0,-0.0,14,1,85.15873015873008,"{'tp': 1.0633333333333332, 'fp': 2.5, 'tn': 340.0, 'fn': 0, 'n_windows': 1, 'weighted': 75.58833333333332}","{'tp': 0.0, 'fp': 0.0, 'tn': 340.0, 'fn': 1, 'n_windows': 1, 'weighted': 73.8}","{'tp': 1.1, 'fp': 0.0, 'tn': 340.0, 'fn': 0, 'n_windows': 1, 'weighted': 75.89999999999999}",True
nab,realAdExchange,realAdExchange/exchange-2_cpc_results.csv,TCN,False,487,1137,64,80,3,4.0,-0.0,3,0,0.0,"{'tp': 0.0, 'fp': 2.0, 'tn': 487.0, 'fn': 0, 'n_windows': 0, 'weighted': 106.92}","{'tp': 0.0, 'fp': 0.0, 'tn': 487.0, 'fn': 0, 'n_windows': 0, 'weighted': 107.14}","{'tp': 0.0, 'fp': 0.0, 'tn': 487.0, 'fn': 0, 'n_windows': 0, 'weighted': 107.14}",True
nab,realAdExchange,realAdExchange/exchange-2_cpc_results.csv,Transformer,False,487,1137,64,80,3,4.0,-0.0,12,0,0.0,"{'tp': 0.0, 'fp': 4.0, 'tn': 487.0, 'fn': 0, 'n_windows': 0, 'weighted': 106.7}","{'tp': 0.0, 'fp': 0.0, 'tn': 487.0, 'fn': 0, 'n_windows': 0, 'weighted': 107.14}","{'tp': 0.0, 'fp': 0.0, 'tn': 487.0, 'fn': 0, 'n_windows': 0, 'weighted': 107.14}",True
nab,realAdExchange,realAdExchange/exchange-3_cpm_results.csv,IsolationForest,True,461,1077,64,80,1,2.5,-0.0,18,1,81.82539682539706,"{'tp': 1.0483333333333333, 'fp': 3.0, 'tn': 340.0, 'fn': 0, 'n_windows': 1, 'weighted': 75.51833333333333}","{'tp': 0.0, 'fp': 0.0, 'tn': 340.0, 'fn': 1, 'n_windows': 1, 'weighted': 73.8}","{'tp': 1.1, 'fp': 0.0, 'tn': 340.0, 'fn': 0, 'n_windows': 1, 'weighted': 75.89999999999999}",True
nab,realAdExchange,realAdExchange/exchange-4_cpc_results.csv,GRU,True,493,1150,64,80,1,4.0,-0.0,8,1,79.2857142857148,"{'tp': 1.05, 'fp': 3.5, 'tn': 438.0, 'fn': 0, 'n_windows': 1, 'weighted': 97.025}","{'tp': 0.0, 'fp': 0.0, 'tn': 438.0, 'fn': 1, 'n_windows': 1, 'weighted': 95.36}","{'tp': 1.1, 'fp': 0.0, 'tn': 438.0, 'fn': 0, 'n_windows': 1, 'weighted': 97.46}",True
nab,realAdExchange,realAdExchange/exchange-3_cpc_results.csv,TCN,False,461,1077,64,80,1,3.5,-0.0,9,0,0.0,"{'tp': 0.0, 'fp': 6.0, 'tn': 461.0, 'fn': 0, 'n_windows': 0, 'weighted': 100.76}","{'tp': 0.0, 'fp': 0.0, 'tn': 461.0, 'fn': 0, 'n_windows': 0, 'weighted': 101.42}","{'tp': 0.0, 'fp': 0.0, 'tn': 461.0, 'fn': 0, 'n_windows': 0, 'weighted': 101.42}",True
nab,realAdExchange,realAdExchange/exchange-3_cpc_results.csv,Transformer,False,461,1077,64,80,1,3.0,-0.0,15,0,0.0,"{'tp': 0.0, 'fp': 11.0, 'tn': 461.0, 'fn': 0, 'n_windows': 0, 'weighted': 100.21000000000001}","{'tp': 0.0, 'fp': 0.0, 'tn': 461.0, 'fn': 0, 'n_windows': 0, 'weighted': 101.42}","{'tp': 0.0, 'fp': 0.0, 'tn': 461.0, 'fn': 0, 'n_windows': 0, 'weighted': 101.42}",True
nab,realAdExchange,realAdExchange/exchange-3_cpc_results.csv,TSMixer,False,461,1077,64,80,1,3.0,-0.0,13,0,0.0,"{'tp': 0.0, 'fp': 10.0, 'tn': 461.0, 'fn': 0, 'n_windows': 0, 'weighted': 100.32000000000001}","{'tp': 0.0, 'fp': 0.0, 'tn': 461.0, 'fn': 0, 'n_windows': 0, 'weighted': 101.42}","{'tp': 0.0, 'fp': 0.0, 'tn': 461.0, 'fn': 0, 'n_windows': 0, 'weighted': 101.42}",True
nab,realAdExchange,realAdExchange/exchange-3_cpc_results.csv,IsolationForest,False,461,1077,64,80,1,2.5,-0.0,15,0,0.0,"{'tp': 0.0, 'fp': 5.0, 'tn': 461.0, 'fn': 0, 'n_windows': 0, 'weighted': 100.87}","{'tp': 0.0, 'fp': 0.0, 'tn': 461.0, 'fn': 0, 'n_windows': 0, 'weighted': 101.42}","{'tp': 0.0, 'fp': 0.0, 'tn': 461.0, 'fn': 0, 'n_windows': 0, 'weighted': 101.42}",True
nab,artificialWithAnomaly,artificialWithAnomaly/art_load_balancer_spikes.csv,Transformer,True,1210,2822,64,80,1,4.0,-6.0,20,1,78.63815589930216,"{'tp': 1.0914012738853502, 'fp': 4.0, 'tn': 895.0, 'fn': 0, 'n_windows': 1, 'weighted': 197.55140127388535}","{'tp': 0.0, 'fp': 0.0, 'tn': 895.0, 'fn': 1, 'n_windows': 1, 'weighted': 195.9}","{'tp': 1.1, 'fp': 0.0, 'tn': 895.0, 'fn': 0, 'n_windows': 1, 'weighted': 198.0}",True
nab,artificialWithAnomaly,artificialWithAnomaly/art_load_balancer_spikes.csv,TSMixer,True,1210,2822,64,12,1,3.5,-0.75,0,1,0.0,"{'tp': 0.0, 'fp': 0.0, 'tn': 895.0, 'fn': 1, 'n_windows': 1, 'weighted': 195.9}","{'tp': 0.0, 'fp': 0.0, 'tn': 895.0, 'fn': 1, 'n_windows': 1, 'weighted': 195.9}","{'tp': 1.1, 'fp': 0.0, 'tn': 895.0, 'fn': 0, 'n_windows': 1, 'weighted': 198.0}",True
nab,artificialWithAnomaly,artificialWithAnomaly/art_daily_nojump.csv,Transformer,True,1210,2822,64,24,1,3.5,-0.25,0,1,0.0,"{'tp': 0.0, 'fp': 0.0, 'tn': 842.0, 'fn': 1, 'n_windows': 1, 'weighted': 184.24}","{'tp': 0.0, 'fp': 0.0, 'tn': 842.0, 'fn': 1, 'n_windows': 1, 'weighted': 184.24}","{'tp': 1.1, 'fp': 0.0, 'tn': 842.0, 'fn': 0, 'n_windows': 1, 'weighted': 186.34}",True
nab,artificialWithAnomaly,artificialWithAnomaly/art_daily_nojump.csv,TSMixer,True,1210,2822,64,24,3,4.0,-0.25,4,1,-10.47619047619045,"{'tp': 0.0, 'fp': 2.0, 'tn': 842.0, 'fn': 1, 'n_windows': 1, 'weighted': 184.02}","{'tp': 0.0, 'fp': 0.0, 'tn': 842.0, 'fn': 1, 'n_windows': 1, 'weighted': 184.24}","{'tp': 1.1, 'fp': 0.0, 'tn': 842.0, 'fn': 0, 'n_windows': 1, 'weighted': 186.34}",True
nab,realAdExchange,realAdExchange/exchange-4_cpc_results.csv,TSMixer,True,493,1150,64,80,1,4.0,-0.0,8,1,79.2857142857148,"{'tp': 1.05, 'fp': 3.5, 'tn': 438.0, 'fn': 0, 'n_windows': 1, 'weighted': 97.025}","{'tp': 0.0, 'fp': 0.0, 'tn': 438.0, 'fn': 1, 'n_windows': 1, 'weighted': 95.36}","{'tp': 1.1, 'fp': 0.0, 'tn': 438.0, 'fn': 0, 'n_windows': 1, 'weighted': 97.46}",True
nab,realAdExchange,realAdExchange/exchange-4_cpc_results.csv,IsolationForest,True,493,1150,64,80,1,3.5,-0.0,1,1,-2.619047619047951,"{'tp': 0.0, 'fp': 0.5, 'tn': 438.0, 'fn': 1, 'n_windows': 1, 'weighted': 95.30499999999999}","{'tp': 0.0, 'fp': 0.0, 'tn': 438.0, 'fn': 1, 'n_windows': 1, 'weighted': 95.36}","{'tp': 1.1, 'fp': 0.0, 'tn': 438.0, 'fn': 0, 'n_windows': 1, 'weighted': 97.46}",True
nab,realAdExchange,realAdExchange/exchange-4_cpm_results.csv,IsolationForest,True,493,1150,64,80,1,3.0,-0.0,9,2,-3.928571428571575,"{'tp': 0.0, 'fp': 1.5, 'tn': 411.0, 'fn': 2, 'n_windows': 2, 'weighted': 88.255}","{'tp': 0.0, 'fp': 0.0, 'tn': 411.0, 'fn': 2, 'n_windows': 2, 'weighted': 88.42}","{'tp': 2.2, 'fp': 0.0, 'tn': 411.0, 'fn': 0, 'n_windows': 2, 'weighted': 92.62}",True
nab,realAWSCloudwatch,realAWSCloudwatch/ec2_cpu_utilization_24ae8d.csv,GRU,True,1210,2822,64,12,1,3.5,-0.75,0,2,0.0,"{'tp': 0.0, 'fp': 0.0, 'tn': 808.0, 'fn': 2, 'n_windows': 2, 'weighted': 175.76}","{'tp': 0.0, 'fp': 0.0, 'tn': 808.0, 'fn': 2, 'n_windows': 2, 'weighted': 175.76}","{'tp': 2.2, 'fp': 0.0, 'tn': 808.0, 'fn': 0, 'n_windows': 2, 'weighted': 179.95999999999998}",True
nab,realAdExchange,realAdExchange/exchange-4_cpm_results.csv,GRU,True,493,1150,64,80,1,3.0,-0.0,8,2,89.32539682539672,"{'tp': 2.1, 'fp': 3.166666666666667, 'tn': 411.0, 'fn': 0, 'n_windows': 2, 'weighted': 92.17166666666667}","{'tp': 0.0, 'fp': 0.0, 'tn': 411.0, 'fn': 2, 'n_windows': 2, 'weighted': 88.42}","{'tp': 2.2, 'fp': 0.0, 'tn': 411.0, 'fn': 0, 'n_windows': 2, 'weighted': 92.62}",True
nab,realAdExchange,realAdExchange/exchange-4_cpm_results.csv,TCN,True,493,1150,64,80,1,3.5,-0.0,11,2,89.32539682539672,"{'tp': 2.1, 'fp': 3.166666666666667, 'tn': 411.0, 'fn': 0, 'n_windows': 2, 'weighted': 92.17166666666667}","{'tp': 0.0, 'fp': 0.0, 'tn': 411.0, 'fn': 2, 'n_windows': 2, 'weighted': 88.42}","{'tp': 2.2, 'fp': 0.0, 'tn': 411.0, 'fn': 0, 'n_windows': 2, 'weighted': 92.62}",True
nab,realAdExchange,realAdExchange/exchange-2_cpm_results.csv,Transformer,False,487,1137,64,10,1,3.0,-0.75,0,0,0.0,"{'tp': 0.0, 'fp': 0.0, 'tn': 487.0, 'fn': 0, 'n_windows': 0, 'weighted': 107.14}","{'tp': 0.0, 'fp': 0.0, 'tn': 487.0, 'fn': 0, 'n_windows': 0, 'weighted': 107.14}","{'tp': 0.0, 'fp': 0.0, 'tn': 487.0, 'fn': 0, 'n_windows': 0, 'weighted': 107.14}",True
nab,realAdExchange,realAdExchange/exchange-2_cpm_results.csv,TSMixer,False,487,1137,64,10,1,3.0,-0.75,0,0,0.0,"{'tp': 0.0, 'fp': 0.0, 'tn': 487.0, 'fn': 0, 'n_windows': 0, 'weighted': 107.14}","{'tp': 0.0, 'fp': 0.0, 'tn': 487.0, 'fn': 0, 'n_windows': 0, 'weighted': 107.14}","{'tp': 0.0, 'fp': 0.0, 'tn': 487.0, 'fn': 0, 'n_windows': 0, 'weighted': 107.14}",True
nab,realAdExchange,realAdExchange/exchange-3_cpm_results.csv,Transformer,True,461,1077,64,80,1,3.5,-0.0,12,1,79.92063492063485,"{'tp': 1.0633333333333332, 'fp': 3.5, 'tn': 340.0, 'fn': 0, 'n_windows': 1, 'weighted': 75.47833333333332}","{'tp': 0.0, 'fp': 0.0, 'tn': 340.0, 'fn': 1, 'n_windows': 1, 'weighted': 73.8}","{'tp': 1.1, 'fp': 0.0, 'tn': 340.0, 'fn': 0, 'n_windows': 1, 'weighted': 75.89999999999999}",True
nab,realAdExchange,realAdExchange/exchange-3_cpm_results.csv,TSMixer,True,461,1077,64,80,1,3.5,-0.0,11,1,79.92063492063485,"{'tp': 1.0633333333333332, 'fp': 3.5, 'tn': 340.0, 'fn': 0, 'n_windows': 1, 'weighted': 75.47833333333332}","{'tp': 0.0, 'fp': 0.0, 'tn': 340.0, 'fn': 1, 'n_windows': 1, 'weighted': 73.8}","{'tp': 1.1, 'fp': 0.0, 'tn': 340.0, 'fn': 0, 'n_windows': 1, 'weighted': 75.89999999999999}",True
nab,realAWSCloudwatch,realAWSCloudwatch/ec2_cpu_utilization_53ea38.csv,GRU,False,1210,2822,64,12,1,3.5,-0.75,0,0,0.0,"{'tp': 0.0, 'fp': 0.0, 'tn': 1210.0, 'fn': 0, 'n_windows': 0, 'weighted': 266.2}","{'tp': 0.0, 'fp': 0.0, 'tn': 1210.0, 'fn': 0, 'n_windows': 0, 'weighted': 266.2}","{'tp': 0.0, 'fp': 0.0, 'tn': 1210.0, 'fn': 0, 'n_windows': 0, 'weighted': 266.2}",True
nab,realAWSCloudwatch,realAWSCloudwatch/ec2_cpu_utilization_53ea38.csv,TCN,False,1210,2822,64,12,1,3.5,-0.75,0,0,0.0,"{'tp': 0.0, 'fp': 0.0, 'tn': 1210.0, 'fn': 0, 'n_windows': 0, 'weighted': 266.2}","{'tp': 0.0, 'fp': 0.0, 'tn': 1210.0, 'fn': 0, 'n_windows': 0, 'weighted': 266.2}","{'tp': 0.0, 'fp': 0.0, 'tn': 1210.0, 'fn': 0, 'n_windows': 0, 'weighted': 266.2}",True
nab,realAdExchange,realAdExchange/exchange-4_cpc_results.csv,TCN,True,493,1150,64,80,1,3.5,-0.0,8,1,79.2857142857148,"{'tp': 1.05, 'fp': 3.5, 'tn': 438.0, 'fn': 0, 'n_windows': 1, 'weighted': 97.025}","{'tp': 0.0, 'fp': 0.0, 'tn': 438.0, 'fn': 1, 'n_windows': 1, 'weighted': 95.36}","{'tp': 1.1, 'fp': 0.0, 'tn': 438.0, 'fn': 0, 'n_windows': 1, 'weighted': 97.46}",True
nab,realAdExchange,realAdExchange/exchange-4_cpc_results.csv,Transformer,True,493,1150,64,80,1,4.0,-0.0,7,1,81.90476190476207,"{'tp': 1.05, 'fp': 3.0, 'tn': 438.0, 'fn': 0, 'n_windows': 1, 'weighted': 97.08}","{'tp': 0.0, 'fp': 0.0, 'tn': 438.0, 'fn': 1, 'n_windows': 1, 'weighted': 95.36}","{'tp': 1.1, 'fp': 0.0, 'tn': 438.0, 'fn': 0, 'n_windows': 1, 'weighted': 97.46}",True
nab,realAWSCloudwatch,realAWSCloudwatch/ec2_cpu_utilization_53ea38.csv,IsolationForest,False,1210,2822,64,24,1,4.0,-0.25,0,0,0.0,"{'tp': 0.0, 'fp': 0.0, 'tn': 1210.0, 'fn': 0, 'n_windows': 0, 'weighted': 266.2}","{'tp': 0.0, 'fp': 0.0, 'tn': 1210.0, 'fn': 0, 'n_windows': 0, 'weighted': 266.2}","{'tp': 0.0, 'fp': 0.0, 'tn': 1210.0, 'fn': 0, 'n_windows': 0, 'weighted': 266.2}",True
nab,realAWSCloudwatch,realAWSCloudwatch/ec2_cpu_utilization_5f5533.csv,GRU,True,1210,2822,64,48,3,3.5,-0.0,6,1,99.14285714285711,"{'tp': 1.082, 'fp': 0.0, 'tn': 1009.0, 'fn': 0, 'n_windows': 1, 'weighted': 223.06199999999998}","{'tp': 0.0, 'fp': 0.0, 'tn': 1009.0, 'fn': 1, 'n_windows': 1, 'weighted': 220.98}","{'tp': 1.1, 'fp': 0.0, 'tn': 1009.0, 'fn': 0, 'n_windows': 1, 'weighted': 223.07999999999998}",True
nab,realAWSCloudwatch,realAWSCloudwatch/ec2_cpu_utilization_24ae8d.csv,TSMixer,True,1210,2822,64,12,1,3.5,-0.75,0,2,0.0,"{'tp': 0.0, 'fp': 0.0, 'tn': 808.0, 'fn': 2, 'n_windows': 2, 'weighted': 175.76}","{'tp': 0.0, 'fp': 0.0, 'tn': 808.0, 'fn': 2, 'n_windows': 2, 'weighted': 175.76}","{'tp': 2.2, 'fp': 0.0, 'tn': 808.0, 'fn': 0, 'n_windows': 2, 'weighted': 179.95999999999998}",True
nab,realAWSCloudwatch,realAWSCloudwatch/ec2_cpu_utilization_24ae8d.csv,IsolationForest,True,1210,2822,64,48,1,3.5,-0.0,4,2,-4.092261904761916,"{'tp': 0.0, 'fp': 1.5625, 'tn': 808.0, 'fn': 2, 'n_windows': 2, 'weighted': 175.588125}","{'tp': 0.0, 'fp': 0.0, 'tn': 808.0, 'fn': 2, 'n_windows': 2, 'weighted': 175.76}","{'tp': 2.2, 'fp': 0.0, 'tn': 808.0, 'fn': 0, 'n_windows': 2, 'weighted': 179.95999999999998}",True
nab,realAWSCloudwatch,realAWSCloudwatch/ec2_cpu_utilization_77c1ca.csv,IsolationForest,False,1210,2822,64,48,1,3.0,-0.0,38,0,0.0,"{'tp': 0.0, 'fp': 6.0, 'tn': 1210.0, 'fn': 0, 'n_windows': 0, 'weighted': 265.53999999999996}","{'tp': 0.0, 'fp': 0.0, 'tn': 1210.0, 'fn': 0, 'n_windows': 0, 'weighted': 266.2}","{'tp': 0.0, 'fp': 0.0, 'tn': 1210.0, 'fn': 0, 'n_windows': 0, 'weighted': 266.2}",True
nab,realAWSCloudwatch,realAWSCloudwatch/ec2_cpu_utilization_825cc2.csv,GRU,False,1210,2822,64,48,1,3.0,-0.0,24,0,0.0,"{'tp': 0.0, 'fp': 15.0, 'tn': 1210.0, 'fn': 0, 'n_windows': 0, 'weighted': 264.55}","{'tp': 0.0, 'fp': 0.0, 'tn': 1210.0, 'fn': 0, 'n_windows': 0, 'weighted': 266.2}","{'tp': 0.0, 'fp': 0.0, 'tn': 1210.0, 'fn': 0, 'n_windows': 0, 'weighted': 266.2}",True
nab,realAWSCloudwatch,realAWSCloudwatch/ec2_cpu_utilization_24ae8d.csv,TCN,True,1210,2822,64,12,1,3.5,-0.75,0,2,0.0,"{'tp': 0.0, 'fp': 0.0, 'tn': 808.0, 'fn': 2, 'n_windows': 2, 'weighted': 175.76}","{'tp': 0.0, 'fp': 0.0, 'tn': 808.0, 'fn': 2, 'n_windows': 2, 'weighted': 175.76}","{'tp': 2.2, 'fp': 0.0, 'tn': 808.0, 'fn': 0, 'n_windows': 2, 'weighted': 179.95999999999998}",True
nab,realAWSCloudwatch,realAWSCloudwatch/ec2_cpu_utilization_24ae8d.csv,Transformer,True,1210,2822,64,12,1,3.5,-0.75,0,2,0.0,"{'tp': 0.0, 'fp': 0.0, 'tn': 808.0, 'fn': 2, 'n_windows': 2, 'weighted': 175.76}","{'tp': 0.0, 'fp': 0.0, 'tn': 808.0, 'fn': 2, 'n_windows': 2, 'weighted': 175.76}","{'tp': 2.2, 'fp': 0.0, 'tn': 808.0, 'fn': 0, 'n_windows': 2, 'weighted': 179.95999999999998}",True
nab,realAdExchange,realAdExchange/exchange-4_cpm_results.csv,Transformer,True,493,1150,64,80,1,4.0,-0.0,6,2,91.94444444444433,"{'tp': 2.1, 'fp': 2.166666666666667, 'tn': 411.0, 'fn': 0, 'n_windows': 2, 'weighted': 92.28166666666667}","{'tp': 0.0, 'fp': 0.0, 'tn': 411.0, 'fn': 2, 'n_windows': 2, 'weighted': 88.42}","{'tp': 2.2, 'fp': 0.0, 'tn': 411.0, 'fn': 0, 'n_windows': 2, 'weighted': 92.62}",True
nab,realAdExchange,realAdExchange/exchange-4_cpm_results.csv,TSMixer,True,493,1150,64,80,1,3.5,-0.0,9,2,89.32539682539672,"{'tp': 2.1, 'fp': 3.166666666666667, 'tn': 411.0, 'fn': 0, 'n_windows': 2, 'weighted': 92.17166666666667}","{'tp': 0.0, 'fp': 0.0, 'tn': 411.0, 'fn': 2, 'n_windows': 2, 'weighted': 88.42}","{'tp': 2.2, 'fp': 0.0, 'tn': 411.0, 'fn': 0, 'n_windows': 2, 'weighted': 92.62}",True
nab,realAWSCloudwatch,realAWSCloudwatch/ec2_cpu_utilization_5f5533.csv,TSMixer,True,1210,2822,64,12,1,3.5,-0.75,0,1,0.0,"{'tp': 0.0, 'fp': 0.0, 'tn': 1009.0, 'fn': 1, 'n_windows': 1, 'weighted': 220.98}","{'tp': 0.0, 'fp': 0.0, 'tn': 1009.0, 'fn': 1, 'n_windows': 1, 'weighted': 220.98}","{'tp': 1.1, 'fp': 0.0, 'tn': 1009.0, 'fn': 0, 'n_windows': 1, 'weighted': 223.07999999999998}",True
nab,realAWSCloudwatch,realAWSCloudwatch/ec2_cpu_utilization_5f5533.csv,IsolationForest,True,1210,2822,64,48,1,3.5,-0.0,0,1,0.0,"{'tp': 0.0, 'fp': 0.0, 'tn': 1009.0, 'fn': 1, 'n_windows': 1, 'weighted': 220.98}","{'tp': 0.0, 'fp': 0.0, 'tn': 1009.0, 'fn': 1, 'n_windows': 1, 'weighted': 220.98}","{'tp': 1.1, 'fp': 0.0, 'tn': 1009.0, 'fn': 0, 'n_windows': 1, 'weighted': 223.07999999999998}",True
nab,realAWSCloudwatch,realAWSCloudwatch/ec2_cpu_utilization_77c1ca.csv,GRU,False,1210,2822,64,48,1,3.0,-0.0,30,0,0.0,"{'tp': 0.0, 'fp': 7.0, 'tn': 1210.0, 'fn': 0, 'n_windows': 0, 'weighted': 265.43}","{'tp': 0.0, 'fp': 0.0, 'tn': 1210.0, 'fn': 0, 'n_windows': 0, 'weighted': 266.2}","{'tp': 0.0, 'fp': 0.0, 'tn': 1210.0, 'fn': 0, 'n_windows': 0, 'weighted': 266.2}",True
nab,realAWSCloudwatch,realAWSCloudwatch/ec2_cpu_utilization_77c1ca.csv,TCN,False,1210,2822,64,12,1,3.5,-0.75,0,0,0.0,"{'tp': 0.0, 'fp': 0.0, 'tn': 1210.0, 'fn': 0, 'n_windows': 0, 'weighted': 266.2}","{'tp': 0.0, 'fp': 0.0, 'tn': 1210.0, 'fn': 0, 'n_windows': 0, 'weighted': 266.2}","{'tp': 0.0, 'fp': 0.0, 'tn': 1210.0, 'fn': 0, 'n_windows': 0, 'weighted': 266.2}",True
nab,realAWSCloudwatch,realAWSCloudwatch/ec2_cpu_utilization_ac20cd.csv,IsolationForest,True,1210,2822,64,48,1,3.0,-0.0,11,1,87.14285714285798,"{'tp': 1.05, 'fp': 2.0, 'tn': 807.0, 'fn': 0, 'n_windows': 1, 'weighted': 178.37}","{'tp': 0.0, 'fp': 0.0, 'tn': 807.0, 'fn': 1, 'n_windows': 1, 'weighted': 176.54}","{'tp': 1.1, 'fp': 0.0, 'tn': 807.0, 'fn': 0, 'n_windows': 1, 'weighted': 178.64}",True
nab,realAWSCloudwatch,realAWSCloudwatch/ec2_cpu_utilization_c6585a.csv,GRU,False,1210,2822,64,12,1,3.5,-0.75,0,0,0.0,"{'tp': 0.0, 'fp': 0.0, 'tn': 1210.0, 'fn': 0, 'n_windows': 0, 'weighted': 266.2}","{'tp': 0.0, 'fp': 0.0, 'tn': 1210.0, 'fn': 0, 'n_windows': 0, 'weighted': 266.2}","{'tp': 0.0, 'fp': 0.0, 'tn': 1210.0, 'fn': 0, 'n_windows': 0, 'weighted': 266.2}",True
nab,realAWSCloudwatch,realAWSCloudwatch/ec2_cpu_utilization_5f5533.csv,TCN,True,1210,2822,64,80,3,3.5,-0.0,12,1,96.95238095238128,"{'tp': 1.091, 'fp': 0.5, 'tn': 1009.0, 'fn': 0, 'n_windows': 1, 'weighted': 223.016}","{'tp': 0.0, 'fp': 0.0, 'tn': 1009.0, 'fn': 1, 'n_windows': 1, 'weighted': 220.98}","{'tp': 1.1, 'fp': 0.0, 'tn': 1009.0, 'fn': 0, 'n_windows': 1, 'weighted': 223.07999999999998}",True
nab,realAWSCloudwatch,realAWSCloudwatch/ec2_cpu_utilization_5f5533.csv,Transformer,True,1210,2822,64,80,3,4.0,-0.0,23,1,81.90476190476207,"{'tp': 1.05, 'fp': 3.0, 'tn': 1009.0, 'fn': 0, 'n_windows': 1, 'weighted': 222.7}","{'tp': 0.0, 'fp': 0.0, 'tn': 1009.0, 'fn': 1, 'n_windows': 1, 'weighted': 220.98}","{'tp': 1.1, 'fp': 0.0, 'tn': 1009.0, 'fn': 0, 'n_windows': 1, 'weighted': 223.07999999999998}",True
nab,realAWSCloudwatch,realAWSCloudwatch/ec2_cpu_utilization_77c1ca.csv,Transformer,False,1210,2822,64,48,1,3.5,-0.0,34,0,0.0,"{'tp': 0.0, 'fp': 11.0, 'tn': 1210.0, 'fn': 0, 'n_windows': 0, 'weighted': 264.99}","{'tp': 0.0, 'fp': 0.0, 'tn': 1210.0, 'fn': 0, 'n_windows': 0, 'weighted': 266.2}","{'tp': 0.0, 'fp': 0.0, 'tn': 1210.0, 'fn': 0, 'n_windows': 0, 'weighted': 266.2}",True
nab,realAWSCloudwatch,realAWSCloudwatch/ec2_cpu_utilization_77c1ca.csv,TSMixer,False,1210,2822,64,48,1,3.5,-0.0,40,0,0.0,"{'tp': 0.0, 'fp': 13.0, 'tn': 1210.0, 'fn': 0, 'n_windows': 0, 'weighted': 264.77}","{'tp': 0.0, 'fp': 0.0, 'tn': 1210.0, 'fn': 0, 'n_windows': 0, 'weighted': 266.2}","{'tp': 0.0, 'fp': 0.0, 'tn': 1210.0, 'fn': 0, 'n_windows': 0, 'weighted': 266.2}",True
nab,realAWSCloudwatch,realAWSCloudwatch/ec2_cpu_utilization_ac20cd.csv,GRU,True,1210,2822,64,24,3,4.0,-0.25,5,1,95.11845534233667,"{'tp': 1.0524875621890548, 'fp': 0.5, 'tn': 807.0, 'fn': 0, 'n_windows': 1, 'weighted': 178.53748756218906}","{'tp': 0.0, 'fp': 0.0, 'tn': 807.0, 'fn': 1, 'n_windows': 1, 'weighted': 176.54}","{'tp': 1.1, 'fp': 0.0, 'tn': 807.0, 'fn': 0, 'n_windows': 1, 'weighted': 178.64}",True
nab,realAWSCloudwatch,realAWSCloudwatch/ec2_cpu_utilization_ac20cd.csv,TCN,True,1210,2822,64,12,1,3.5,-0.75,0,1,0.0,"{'tp': 0.0, 'fp': 0.0, 'tn': 807.0, 'fn': 1, 'n_windows': 1, 'weighted': 176.54}","{'tp': 0.0, 'fp': 0.0, 'tn': 807.0, 'fn': 1, 'n_windows': 1, 'weighted': 176.54}","{'tp': 1.1, 'fp': 0.0, 'tn': 807.0, 'fn': 0, 'n_windows': 1, 'weighted': 178.64}",True
nab,realAWSCloudwatch,realAWSCloudwatch/ec2_cpu_utilization_53ea38.csv,Transformer,False,1210,2822,64,12,1,3.5,-0.75,0,0,0.0,"{'tp': 0.0, 'fp': 0.0, 'tn': 1210.0, 'fn': 0, 'n_windows': 0, 'weighted': 266.2}","{'tp': 0.0, 'fp': 0.0, 'tn': 1210.0, 'fn': 0, 'n_windows': 0, 'weighted': 266.2}","{'tp': 0.0, 'fp': 0.0, 'tn': 1210.0, 'fn': 0, 'n_windows': 0, 'weighted': 266.2}",True
nab,realAWSCloudwatch,realAWSCloudwatch/ec2_cpu_utilization_53ea38.csv,TSMixer,False,1210,2822,64,12,1,3.5,-0.75,0,0,0.0,"{'tp': 0.0, 'fp': 0.0, 'tn': 1210.0, 'fn': 0, 'n_windows': 0, 'weighted': 266.2}","{'tp': 0.0, 'fp': 0.0, 'tn': 1210.0, 'fn': 0, 'n_windows': 0, 'weighted': 266.2}","{'tp': 0.0, 'fp': 0.0, 'tn': 1210.0, 'fn': 0, 'n_windows': 0, 'weighted': 266.2}",True
nab,realAWSCloudwatch,realAWSCloudwatch/ec2_cpu_utilization_825cc2.csv,TCN,False,1210,2822,64,12,1,3.5,-0.75,0,0,0.0,"{'tp': 0.0, 'fp': 0.0, 'tn': 1210.0, 'fn': 0, 'n_windows': 0, 'weighted': 266.2}","{'tp': 0.0, 'fp': 0.0, 'tn': 1210.0, 'fn': 0, 'n_windows': 0, 'weighted': 266.2}","{'tp': 0.0, 'fp': 0.0, 'tn': 1210.0, 'fn': 0, 'n_windows': 0, 'weighted': 266.2}",True
nab,realAWSCloudwatch,realAWSCloudwatch/ec2_cpu_utilization_825cc2.csv,Transformer,False,1210,2822,64,48,3,4.0,-0.0,5,0,0.0,"{'tp': 0.0, 'fp': 3.0, 'tn': 1210.0, 'fn': 0, 'n_windows': 0, 'weighted': 265.87}","{'tp': 0.0, 'fp': 0.0, 'tn': 1210.0, 'fn': 0, 'n_windows': 0, 'weighted': 266.2}","{'tp': 0.0, 'fp': 0.0, 'tn': 1210.0, 'fn': 0, 'n_windows': 0, 'weighted': 266.2}",True
nab,realAWSCloudwatch,realAWSCloudwatch/ec2_cpu_utilization_fe7f93.csv,GRU,False,1210,2822,64,48,1,2.5,-0.0,35,0,0.0,"{'tp': 0.0, 'fp': 15.0, 'tn': 1210.0, 'fn': 0, 'n_windows': 0, 'weighted': 264.55}","{'tp': 0.0, 'fp': 0.0, 'tn': 1210.0, 'fn': 0, 'n_windows': 0, 'weighted': 266.2}","{'tp': 0.0, 'fp': 0.0, 'tn': 1210.0, 'fn': 0, 'n_windows': 0, 'weighted': 266.2}",True
nab,realAWSCloudwatch,realAWSCloudwatch/ec2_cpu_utilization_fe7f93.csv,TCN,False,1210,2822,64,12,1,3.5,-0.75,0,0,0.0,"{'tp': 0.0, 'fp': 0.0, 'tn': 1210.0, 'fn': 0, 'n_windows': 0, 'weighted': 266.2}","{'tp': 0.0, 'fp': 0.0, 'tn': 1210.0, 'fn': 0, 'n_windows': 0, 'weighted': 266.2}","{'tp': 0.0, 'fp': 0.0, 'tn': 1210.0, 'fn': 0, 'n_windows': 0, 'weighted': 266.2}",True
nab,realAWSCloudwatch,realAWSCloudwatch/ec2_cpu_utilization_825cc2.csv,TSMixer,False,1210,2822,64,48,1,3.5,-0.0,1,0,0.0,"{'tp': 0.0, 'fp': 1.0, 'tn': 1210.0, 'fn': 0, 'n_windows': 0, 'weighted': 266.09}","{'tp': 0.0, 'fp': 0.0, 'tn': 1210.0, 'fn': 0, 'n_windows': 0, 'weighted': 266.2}","{'tp': 0.0, 'fp': 0.0, 'tn': 1210.0, 'fn': 0, 'n_windows': 0, 'weighted': 266.2}",True
nab,realAWSCloudwatch,realAWSCloudwatch/ec2_cpu_utilization_825cc2.csv,IsolationForest,False,1210,2822,64,48,1,3.5,-0.0,3,0,0.0,"{'tp': 0.0, 'fp': 3.0, 'tn': 1210.0, 'fn': 0, 'n_windows': 0, 'weighted': 265.87}","{'tp': 0.0, 'fp': 0.0, 'tn': 1210.0, 'fn': 0, 'n_windows': 0, 'weighted': 266.2}","{'tp': 0.0, 'fp': 0.0, 'tn': 1210.0, 'fn': 0, 'n_windows': 0, 'weighted': 266.2}",True
nab,realAWSCloudwatch,realAWSCloudwatch/ec2_cpu_utilization_fe7f93.csv,IsolationForest,False,1210,2822,64,48,1,3.5,-0.0,21,0,0.0,"{'tp': 0.0, 'fp': 5.0, 'tn': 1210.0, 'fn': 0, 'n_windows': 0, 'weighted': 265.65}","{'tp': 0.0, 'fp': 0.0, 'tn': 1210.0, 'fn': 0, 'n_windows': 0, 'weighted': 266.2}","{'tp': 0.0, 'fp': 0.0, 'tn': 1210.0, 'fn': 0, 'n_windows': 0, 'weighted': 266.2}",True
nab,realAWSCloudwatch,realAWSCloudwatch/ec2_disk_write_bytes_1ef3de.csv,GRU,False,1419,3311,64,14,1,4.0,-0.75,0,0,0.0,"{'tp': 0.0, 'fp': 0.0, 'tn': 1419.0, 'fn': 0, 'n_windows': 0, 'weighted': 312.18}","{'tp': 0.0, 'fp': 0.0, 'tn': 1419.0, 'fn': 0, 'n_windows': 0, 'weighted': 312.18}","{'tp': 0.0, 'fp': 0.0, 'tn': 1419.0, 'fn': 0, 'n_windows': 0, 'weighted': 312.18}",True
nab,realAWSCloudwatch,realAWSCloudwatch/ec2_disk_write_bytes_1ef3de.csv,TSMixer,False,1419,3311,64,14,1,4.0,-0.75,6,0,0.0,"{'tp': 0.0, 'fp': 2.0, 'tn': 1419.0, 'fn': 0, 'n_windows': 0, 'weighted': 311.96}","{'tp': 0.0, 'fp': 0.0, 'tn': 1419.0, 'fn': 0, 'n_windows': 0, 'weighted': 312.18}","{'tp': 0.0, 'fp': 0.0, 'tn': 1419.0, 'fn': 0, 'n_windows': 0, 'weighted': 312.18}",True
nab,realAWSCloudwatch,realAWSCloudwatch/ec2_disk_write_bytes_1ef3de.csv,IsolationForest,False,1419,3311,64,80,1,4.0,-0.0,25,0,0.0,"{'tp': 0.0, 'fp': 4.0, 'tn': 1419.0, 'fn': 0, 'n_windows': 0, 'weighted': 311.74}","{'tp': 0.0, 'fp': 0.0, 'tn': 1419.0, 'fn': 0, 'n_windows': 0, 'weighted': 312.18}","{'tp': 0.0, 'fp': 0.0, 'tn': 1419.0, 'fn': 0, 'n_windows': 0, 'weighted': 312.18}",True
nab,realAWSCloudwatch,realAWSCloudwatch/ec2_cpu_utilization_c6585a.csv,TSMixer,False,1210,2822,64,12,1,3.5,-0.75,0,0,0.0,"{'tp': 0.0, 'fp': 0.0, 'tn': 1210.0, 'fn': 0, 'n_windows': 0, 'weighted': 266.2}","{'tp': 0.0, 'fp': 0.0, 'tn': 1210.0, 'fn': 0, 'n_windows': 0, 'weighted': 266.2}","{'tp': 0.0, 'fp': 0.0, 'tn': 1210.0, 'fn': 0, 'n_windows': 0, 'weighted': 266.2}",True
nab,realAWSCloudwatch,realAWSCloudwatch/ec2_cpu_utilization_c6585a.csv,IsolationForest,False,1210,2822,64,24,1,3.5,-0.25,3,0,0.0,"{'tp': 0.0, 'fp': 2.0, 'tn': 1210.0, 'fn': 0, 'n_windows': 0, 'weighted': 265.97999999999996}","{'tp': 0.0, 'fp': 0.0, 'tn': 1210.0, 'fn': 0, 'n_windows': 0, 'weighted': 266.2}","{'tp': 0.0, 'fp': 0.0, 'tn': 1210.0, 'fn': 0, 'n_windows': 0, 'weighted': 266.2}",True
nab,realAWSCloudwatch,realAWSCloudwatch/ec2_cpu_utilization_c6585a.csv,TCN,False,1210,2822,64,12,1,3.5,-0.75,0,0,0.0,"{'tp': 0.0, 'fp': 0.0, 'tn': 1210.0, 'fn': 0, 'n_windows': 0, 'weighted': 266.2}","{'tp': 0.0, 'fp': 0.0, 'tn': 1210.0, 'fn': 0, 'n_windows': 0, 'weighted': 266.2}","{'tp': 0.0, 'fp': 0.0, 'tn': 1210.0, 'fn': 0, 'n_windows': 0, 'weighted': 266.2}",True
nab,realAWSCloudwatch,realAWSCloudwatch/ec2_cpu_utilization_c6585a.csv,Transformer,False,1210,2822,64,12,1,3.5,-0.75,0,0,0.0,"{'tp': 0.0, 'fp': 0.0, 'tn': 1210.0, 'fn': 0, 'n_windows': 0, 'weighted': 266.2}","{'tp': 0.0, 'fp': 0.0, 'tn': 1210.0, 'fn': 0, 'n_windows': 0, 'weighted': 266.2}","{'tp': 0.0, 'fp': 0.0, 'tn': 1210.0, 'fn': 0, 'n_windows': 0, 'weighted': 266.2}",True
nab,realAWSCloudwatch,realAWSCloudwatch/ec2_disk_write_bytes_c0d644.csv,IsolationForest,True,1210,2822,64,48,1,3.5,-0.0,26,1,-10.47619047619045,"{'tp': 0.0, 'fp': 2.0, 'tn': 1075.0, 'fn': 1, 'n_windows': 1, 'weighted': 235.28}","{'tp': 0.0, 'fp': 0.0, 'tn': 1075.0, 'fn': 1, 'n_windows': 1, 'weighted': 235.5}","{'tp': 1.1, 'fp': 0.0, 'tn': 1075.0, 'fn': 0, 'n_windows': 1, 'weighted': 237.6}",True
nab,realAWSCloudwatch,realAWSCloudwatch/ec2_network_in_257a54.csv,GRU,False,1210,2822,64,48,1,3.5,-0.0,1,0,0.0,"{'tp': 0.0, 'fp': 1.0, 'tn': 1210.0, 'fn': 0, 'n_windows': 0, 'weighted': 266.09}","{'tp': 0.0, 'fp': 0.0, 'tn': 1210.0, 'fn': 0, 'n_windows': 0, 'weighted': 266.2}","{'tp': 0.0, 'fp': 0.0, 'tn': 1210.0, 'fn': 0, 'n_windows': 0, 'weighted': 266.2}",True
nab,realAWSCloudwatch,realAWSCloudwatch/ec2_cpu_utilization_ac20cd.csv,Transformer,True,1210,2822,64,12,1,3.5,-0.75,0,1,0.0,"{'tp': 0.0, 'fp': 0.0, 'tn': 807.0, 'fn': 1, 'n_windows': 1, 'weighted': 176.54}","{'tp': 0.0, 'fp': 0.0, 'tn': 807.0, 'fn': 1, 'n_windows': 1, 'weighted': 176.54}","{'tp': 1.1, 'fp': 0.0, 'tn': 807.0, 'fn': 0, 'n_windows': 1, 'weighted': 178.64}",True
nab,realAWSCloudwatch,realAWSCloudwatch/ec2_cpu_utilization_ac20cd.csv,TSMixer,True,1210,2822,64,48,3,4.0,-0.0,14,1,90.92276711679766,"{'tp': 1.0743781094527363, 'fp': 1.5, 'tn': 807.0, 'fn': 0, 'n_windows': 1, 'weighted': 178.44937810945274}","{'tp': 0.0, 'fp': 0.0, 'tn': 807.0, 'fn': 1, 'n_windows': 1, 'weighted': 176.54}","{'tp': 1.1, 'fp': 0.0, 'tn': 807.0, 'fn': 0, 'n_windows': 1, 'weighted': 178.64}",True
nab,realAWSCloudwatch,realAWSCloudwatch/ec2_disk_write_bytes_1ef3de.csv,TCN,False,1419,3311,64,14,1,4.0,-0.75,15,0,0.0,"{'tp': 0.0, 'fp': 7.0, 'tn': 1419.0, 'fn': 0, 'n_windows': 0, 'weighted': 311.41}","{'tp': 0.0, 'fp': 0.0, 'tn': 1419.0, 'fn': 0, 'n_windows': 0, 'weighted': 312.18}","{'tp': 0.0, 'fp': 0.0, 'tn': 1419.0, 'fn': 0, 'n_windows': 0, 'weighted': 312.18}",True
nab,realAWSCloudwatch,realAWSCloudwatch/ec2_disk_write_bytes_1ef3de.csv,Transformer,False,1419,3311,64,14,1,4.0,-1.75,31,0,0.0,"{'tp': 0.0, 'fp': 10.0, 'tn': 1419.0, 'fn': 0, 'n_windows': 0, 'weighted': 311.08}","{'tp': 0.0, 'fp': 0.0, 'tn': 1419.0, 'fn': 0, 'n_windows': 0, 'weighted': 312.18}","{'tp': 0.0, 'fp': 0.0, 'tn': 1419.0, 'fn': 0, 'n_windows': 0, 'weighted': 312.18}",True
nab,realAWSCloudwatch,realAWSCloudwatch/ec2_disk_write_bytes_c0d644.csv,GRU,True,1210,2822,64,12,1,3.5,-0.75,4,1,-7.8571428571425,"{'tp': 0.0, 'fp': 1.5, 'tn': 1075.0, 'fn': 1, 'n_windows': 1, 'weighted': 235.335}","{'tp': 0.0, 'fp': 0.0, 'tn': 1075.0, 'fn': 1, 'n_windows': 1, 'weighted': 235.5}","{'tp': 1.1, 'fp': 0.0, 'tn': 1075.0, 'fn': 0, 'n_windows': 1, 'weighted': 237.6}",True
nab,realAWSCloudwatch,realAWSCloudwatch/ec2_disk_write_bytes_c0d644.csv,TCN,True,1210,2822,64,12,1,3.5,-0.75,0,1,0.0,"{'tp': 0.0, 'fp': 0.0, 'tn': 1075.0, 'fn': 1, 'n_windows': 1, 'weighted': 235.5}","{'tp': 0.0, 'fp': 0.0, 'tn': 1075.0, 'fn': 1, 'n_windows': 1, 'weighted': 235.5}","{'tp': 1.1, 'fp': 0.0, 'tn': 1075.0, 'fn': 0, 'n_windows': 1, 'weighted': 237.6}",True
nab,realAWSCloudwatch,realAWSCloudwatch/ec2_network_in_257a54.csv,TSMixer,False,1210,2822,64,48,1,3.5,-0.0,2,0,0.0,"{'tp': 0.0, 'fp': 2.0, 'tn': 1210.0, 'fn': 0, 'n_windows': 0, 'weighted': 265.97999999999996}","{'tp': 0.0, 'fp': 0.0, 'tn': 1210.0, 'fn': 0, 'n_windows': 0, 'weighted': 266.2}","{'tp': 0.0, 'fp': 0.0, 'tn': 1210.0, 'fn': 0, 'n_windows': 0, 'weighted': 266.2}",True
nab,realAWSCloudwatch,realAWSCloudwatch/ec2_network_in_257a54.csv,IsolationForest,False,1210,2822,64,48,1,4.0,-0.0,3,0,0.0,"{'tp': 0.0, 'fp': 3.0, 'tn': 1210.0, 'fn': 0, 'n_windows': 0, 'weighted': 265.87}","{'tp': 0.0, 'fp': 0.0, 'tn': 1210.0, 'fn': 0, 'n_windows': 0, 'weighted': 266.2}","{'tp': 0.0, 'fp': 0.0, 'tn': 1210.0, 'fn': 0, 'n_windows': 0, 'weighted': 266.2}",True
nab,realAWSCloudwatch,realAWSCloudwatch/ec2_network_in_5abac7.csv,IsolationForest,True,1419,3311,64,80,1,4.0,-0.0,30,1,-13.095238095236871,"{'tp': 0.0, 'fp': 2.5, 'tn': 1402.0, 'fn': 1, 'n_windows': 1, 'weighted': 307.165}","{'tp': 0.0, 'fp': 0.0, 'tn': 1402.0, 'fn': 1, 'n_windows': 1, 'weighted': 307.44}","{'tp': 1.1, 'fp': 0.0, 'tn': 1402.0, 'fn': 0, 'n_windows': 1, 'weighted': 309.54}",True
nab,realAWSCloudwatch,realAWSCloudwatch/elb_request_count_8c0756.csv,GRU,True,1210,2822,64,48,3,3.5,-0.0,27,1,77.42857142857187,"{'tp': 1.066, 'fp': 4.0, 'tn': 1009.0, 'fn': 0, 'n_windows': 1, 'weighted': 222.606}","{'tp': 0.0, 'fp': 0.0, 'tn': 1009.0, 'fn': 1, 'n_windows': 1, 'weighted': 220.98}","{'tp': 1.1, 'fp': 0.0, 'tn': 1009.0, 'fn': 0, 'n_windows': 1, 'weighted': 223.07999999999998}",True
nab,realAWSCloudwatch,realAWSCloudwatch/ec2_network_in_5abac7.csv,GRU,True,1419,3311,64,14,1,4.0,-0.75,0,1,0.0,"{'tp': 0.0, 'fp': 0.0, 'tn': 1402.0, 'fn': 1, 'n_windows': 1, 'weighted': 307.44}","{'tp': 0.0, 'fp': 0.0, 'tn': 1402.0, 'fn': 1, 'n_windows': 1, 'weighted': 307.44}","{'tp': 1.1, 'fp': 0.0, 'tn': 1402.0, 'fn': 0, 'n_windows': 1, 'weighted': 309.54}",True
nab,realAWSCloudwatch,realAWSCloudwatch/ec2_network_in_5abac7.csv,TCN,True,1419,3311,64,14,1,4.0,-0.75,0,1,0.0,"{'tp': 0.0, 'fp': 0.0, 'tn': 1402.0, 'fn': 1, 'n_windows': 1, 'weighted': 307.44}","{'tp': 0.0, 'fp': 0.0, 'tn': 1402.0, 'fn': 1, 'n_windows': 1, 'weighted': 307.44}","{'tp': 1.1, 'fp': 0.0, 'tn': 1402.0, 'fn': 0, 'n_windows': 1, 'weighted': 309.54}",True
nab,realAWSCloudwatch,realAWSCloudwatch/grok_asg_anomaly.csv,IsolationForest,True,1386,3235,64,55,1,4.0,-0.0,1,1,97.40259740259708,"{'tp': 1.0454545454545454, 'fp': 0.0, 'tn': 1231.0, 'fn': 0, 'n_windows': 1, 'weighted': 271.86545454545455}","{'tp': 0.0, 'fp': 0.0, 'tn': 1231.0, 'fn': 1, 'n_windows': 1, 'weighted': 269.82}","{'tp': 1.1, 'fp': 0.0, 'tn': 1231.0, 'fn': 0, 'n_windows': 1, 'weighted': 271.92}",True
nab,realAWSCloudwatch,realAWSCloudwatch/iio_us-east-1_i-a2eb1cd9_NetworkIn.csv,GRU,False,373,870,64,80,1,2.5,-0.0,16,0,0.0,"{'tp': 0.0, 'fp': 9.0, 'tn': 373.0, 'fn': 0, 'n_windows': 0, 'weighted': 81.07000000000001}","{'tp': 0.0, 'fp': 0.0, 'tn': 373.0, 'fn': 0, 'n_windows': 0, 'weighted': 82.06}","{'tp': 0.0, 'fp': 0.0, 'tn': 373.0, 'fn': 0, 'n_windows': 0, 'weighted': 82.06}",True
nab,realAWSCloudwatch,realAWSCloudwatch/ec2_cpu_utilization_fe7f93.csv,Transformer,False,1210,2822,64,48,1,2.5,-0.0,40,0,0.0,"{'tp': 0.0, 'fp': 19.0, 'tn': 1210.0, 'fn': 0, 'n_windows': 0, 'weighted': 264.11}","{'tp': 0.0, 'fp': 0.0, 'tn': 1210.0, 'fn': 0, 'n_windows': 0, 'weighted': 266.2}","{'tp': 0.0, 'fp': 0.0, 'tn': 1210.0, 'fn': 0, 'n_windows': 0, 'weighted': 266.2}",True
nab,realAWSCloudwatch,realAWSCloudwatch/ec2_cpu_utilization_fe7f93.csv,TSMixer,False,1210,2822,64,12,1,3.5,-0.75,0,0,0.0,"{'tp': 0.0, 'fp': 0.0, 'tn': 1210.0, 'fn': 0, 'n_windows': 0, 'weighted': 266.2}","{'tp': 0.0, 'fp': 0.0, 'tn': 1210.0, 'fn': 0, 'n_windows': 0, 'weighted': 266.2}","{'tp': 0.0, 'fp': 0.0, 'tn': 1210.0, 'fn': 0, 'n_windows': 0, 'weighted': 266.2}",True
nab,realAWSCloudwatch,realAWSCloudwatch/elb_request_count_8c0756.csv,TSMixer,True,1210,2822,64,12,1,3.5,-0.75,0,1,0.0,"{'tp': 0.0, 'fp': 0.0, 'tn': 1009.0, 'fn': 1, 'n_windows': 1, 'weighted': 220.98}","{'tp': 0.0, 'fp': 0.0, 'tn': 1009.0, 'fn': 1, 'n_windows': 1, 'weighted': 220.98}","{'tp': 1.1, 'fp': 0.0, 'tn': 1009.0, 'fn': 0, 'n_windows': 1, 'weighted': 223.07999999999998}",True
nab,realAWSCloudwatch,realAWSCloudwatch/elb_request_count_8c0756.csv,IsolationForest,True,1210,2822,64,48,1,3.5,-0.0,1,1,98.3571428571438,"{'tp': 1.0655000000000001, 'fp': 0.0, 'tn': 1009.0, 'fn': 0, 'n_windows': 1, 'weighted': 223.0455}","{'tp': 0.0, 'fp': 0.0, 'tn': 1009.0, 'fn': 1, 'n_windows': 1, 'weighted': 220.98}","{'tp': 1.1, 'fp': 0.0, 'tn': 1009.0, 'fn': 0, 'n_windows': 1, 'weighted': 223.07999999999998}",True
nab,realAWSCloudwatch,realAWSCloudwatch/grok_asg_anomaly.csv,GRU,True,1386,3235,64,27,3,4.0,-0.25,4,1,94.99999999999919,"{'tp': 1.05, 'fp': 0.5, 'tn': 1231.0, 'fn': 0, 'n_windows': 1, 'weighted': 271.815}","{'tp': 0.0, 'fp': 0.0, 'tn': 1231.0, 'fn': 1, 'n_windows': 1, 'weighted': 269.82}","{'tp': 1.1, 'fp': 0.0, 'tn': 1231.0, 'fn': 0, 'n_windows': 1, 'weighted': 271.92}",True
nab,realAWSCloudwatch,realAWSCloudwatch/grok_asg_anomaly.csv,TCN,True,1386,3235,64,13,1,3.5,-0.75,0,1,0.0,"{'tp': 0.0, 'fp': 0.0, 'tn': 1231.0, 'fn': 1, 'n_windows': 1, 'weighted': 269.82}","{'tp': 0.0, 'fp': 0.0, 'tn': 1231.0, 'fn': 1, 'n_windows': 1, 'weighted': 269.82}","{'tp': 1.1, 'fp': 0.0, 'tn': 1231.0, 'fn': 0, 'n_windows': 1, 'weighted': 271.92}",True
nab,realAWSCloudwatch,realAWSCloudwatch/ec2_network_in_257a54.csv,TCN,False,1210,2822,64,24,3,4.0,-0.25,5,0,0.0,"{'tp': 0.0, 'fp': 5.0, 'tn': 1210.0, 'fn': 0, 'n_windows': 0, 'weighted': 265.65}","{'tp': 0.0, 'fp': 0.0, 'tn': 1210.0, 'fn': 0, 'n_windows': 0, 'weighted': 266.2}","{'tp': 0.0, 'fp': 0.0, 'tn': 1210.0, 'fn': 0, 'n_windows': 0, 'weighted': 266.2}",True
nab,realAWSCloudwatch,realAWSCloudwatch/ec2_network_in_257a54.csv,Transformer,False,1210,2822,64,48,1,3.5,-0.0,1,0,0.0,"{'tp': 0.0, 'fp': 1.0, 'tn': 1210.0, 'fn': 0, 'n_windows': 0, 'weighted': 266.09}","{'tp': 0.0, 'fp': 0.0, 'tn': 1210.0, 'fn': 0, 'n_windows': 0, 'weighted': 266.2}","{'tp': 0.0, 'fp': 0.0, 'tn': 1210.0, 'fn': 0, 'n_windows': 0, 'weighted': 266.2}",True
nab,realAWSCloudwatch,realAWSCloudwatch/rds_cpu_utilization_cc0c53.csv,GRU,True,1210,2822,64,12,1,3.5,-0.75,0,2,0.0,"{'tp': 0.0, 'fp': 0.0, 'tn': 808.0, 'fn': 2, 'n_windows': 2, 'weighted': 175.76}","{'tp': 0.0, 'fp': 0.0, 'tn': 808.0, 'fn': 2, 'n_windows': 2, 'weighted': 175.76}","{'tp': 2.2, 'fp': 0.0, 'tn': 808.0, 'fn': 0, 'n_windows': 2, 'weighted': 179.95999999999998}",True
nab,realAWSCloudwatch,realAWSCloudwatch/rds_cpu_utilization_cc0c53.csv,TCN,True,1210,2822,64,12,1,3.5,-0.75,0,2,0.0,"{'tp': 0.0, 'fp': 0.0, 'tn': 808.0, 'fn': 2, 'n_windows': 2, 'weighted': 175.76}","{'tp': 0.0, 'fp': 0.0, 'tn': 808.0, 'fn': 2, 'n_windows': 2, 'weighted': 175.76}","{'tp': 2.2, 'fp': 0.0, 'tn': 808.0, 'fn': 0, 'n_windows': 2, 'weighted': 179.95999999999998}",True
nab,realAWSCloudwatch,realAWSCloudwatch/iio_us-east-1_i-a2eb1cd9_NetworkIn.csv,TCN,False,373,870,64,80,1,2.5,-0.0,25,0,0.0,"{'tp': 0.0, 'fp': 9.0, 'tn': 373.0, 'fn': 0, 'n_windows': 0, 'weighted': 81.07000000000001}","{'tp': 0.0, 'fp': 0.0, 'tn': 373.0, 'fn': 0, 'n_windows': 0, 'weighted': 82.06}","{'tp': 0.0, 'fp': 0.0, 'tn': 373.0, 'fn': 0, 'n_windows': 0, 'weighted': 82.06}",True
nab,realAWSCloudwatch,realAWSCloudwatch/iio_us-east-1_i-a2eb1cd9_NetworkIn.csv,Transformer,False,373,870,64,80,1,2.5,-0.0,27,0,0.0,"{'tp': 0.0, 'fp': 11.0, 'tn': 373.0, 'fn': 0, 'n_windows': 0, 'weighted': 80.85000000000001}","{'tp': 0.0, 'fp': 0.0, 'tn': 373.0, 'fn': 0, 'n_windows': 0, 'weighted': 82.06}","{'tp': 0.0, 'fp': 0.0, 'tn': 373.0, 'fn': 0, 'n_windows': 0, 'weighted': 82.06}",True
nab,realAWSCloudwatch,realAWSCloudwatch/iio_us-east-1_i-a2eb1cd9_NetworkIn.csv,TSMixer,False,373,870,64,80,1,3.0,-0.0,8,0,0.0,"{'tp': 0.0, 'fp': 6.0, 'tn': 373.0, 'fn': 0, 'n_windows': 0, 'weighted': 81.4}","{'tp': 0.0, 'fp': 0.0, 'tn': 373.0, 'fn': 0, 'n_windows': 0, 'weighted': 82.06}","{'tp': 0.0, 'fp': 0.0, 'tn': 373.0, 'fn': 0, 'n_windows': 0, 'weighted': 82.06}",True
nab,realAWSCloudwatch,realAWSCloudwatch/iio_us-east-1_i-a2eb1cd9_NetworkIn.csv,IsolationForest,False,373,870,64,80,1,2.5,-0.0,38,0,0.0,"{'tp': 0.0, 'fp': 10.0, 'tn': 373.0, 'fn': 0, 'n_windows': 0, 'weighted': 80.96000000000001}","{'tp': 0.0, 'fp': 0.0, 'tn': 373.0, 'fn': 0, 'n_windows': 0, 'weighted': 82.06}","{'tp': 0.0, 'fp': 0.0, 'tn': 373.0, 'fn': 0, 'n_windows': 0, 'weighted': 82.06}",True
nab,realAWSCloudwatch,realAWSCloudwatch/rds_cpu_utilization_cc0c53.csv,IsolationForest,True,1210,2822,64,48,1,3.5,-0.0,0,2,0.0,"{'tp': 0.0, 'fp': 0.0, 'tn': 808.0, 'fn': 2, 'n_windows': 2, 'weighted': 175.76}","{'tp': 0.0, 'fp': 0.0, 'tn': 808.0, 'fn': 2, 'n_windows': 2, 'weighted': 175.76}","{'tp': 2.2, 'fp': 0.0, 'tn': 808.0, 'fn': 0, 'n_windows': 2, 'weighted': 179.95999999999998}",True
nab,realAWSCloudwatch,realAWSCloudwatch/rds_cpu_utilization_e47b3b.csv,GRU,False,1210,2822,64,12,1,3.5,-0.75,0,0,0.0,"{'tp': 0.0, 'fp': 0.0, 'tn': 1210.0, 'fn': 0, 'n_windows': 0, 'weighted': 266.2}","{'tp': 0.0, 'fp': 0.0, 'tn': 1210.0, 'fn': 0, 'n_windows': 0, 'weighted': 266.2}","{'tp': 0.0, 'fp': 0.0, 'tn': 1210.0, 'fn': 0, 'n_windows': 0, 'weighted': 266.2}",True
nab,realAWSCloudwatch,realAWSCloudwatch/ec2_disk_write_bytes_c0d644.csv,Transformer,True,1210,2822,64,48,1,4.0,-2.0,42,1,-28.8095238095234,"{'tp': 0.0, 'fp': 5.5, 'tn': 1075.0, 'fn': 1, 'n_windows': 1, 'weighted': 234.895}","{'tp': 0.0, 'fp': 0.0, 'tn': 1075.0, 'fn': 1, 'n_windows': 1, 'weighted': 235.5}","{'tp': 1.1, 'fp': 0.0, 'tn': 1075.0, 'fn': 0, 'n_windows': 1, 'weighted': 237.6}",True
nab,realAWSCloudwatch,realAWSCloudwatch/ec2_disk_write_bytes_c0d644.csv,TSMixer,True,1210,2822,64,12,1,3.5,-0.75,0,1,0.0,"{'tp': 0.0, 'fp': 0.0, 'tn': 1075.0, 'fn': 1, 'n_windows': 1, 'weighted': 235.5}","{'tp': 0.0, 'fp': 0.0, 'tn': 1075.0, 'fn': 1, 'n_windows': 1, 'weighted': 235.5}","{'tp': 1.1, 'fp': 0.0, 'tn': 1075.0, 'fn': 0, 'n_windows': 1, 'weighted': 237.6}",True
nab,realAWSCloudwatch,realAWSCloudwatch/elb_request_count_8c0756.csv,TCN,True,1210,2822,64,48,3,3.5,-0.0,20,1,77.38095238095259,"{'tp': 1.065, 'fp': 4.0, 'tn': 1009.0, 'fn': 0, 'n_windows': 1, 'weighted': 222.605}","{'tp': 0.0, 'fp': 0.0, 'tn': 1009.0, 'fn': 1, 'n_windows': 1, 'weighted': 220.98}","{'tp': 1.1, 'fp': 0.0, 'tn': 1009.0, 'fn': 0, 'n_windows': 1, 'weighted': 223.07999999999998}",True
nab,realAWSCloudwatch,realAWSCloudwatch/elb_request_count_8c0756.csv,Transformer,True,1210,2822,64,48,3,4.0,-0.0,24,1,80.42857142857132,"{'tp': 1.074, 'fp': 3.5, 'tn': 1009.0, 'fn': 0, 'n_windows': 1, 'weighted': 222.66899999999998}","{'tp': 0.0, 'fp': 0.0, 'tn': 1009.0, 'fn': 1, 'n_windows': 1, 'weighted': 220.98}","{'tp': 1.1, 'fp': 0.0, 'tn': 1009.0, 'fn': 0, 'n_windows': 1, 'weighted': 223.07999999999998}",True
nab,realAWSCloudwatch,realAWSCloudwatch/ec2_network_in_5abac7.csv,Transformer,True,1419,3311,64,80,1,3.5,-6.0,31,1,-39.28571428571332,"{'tp': 0.0, 'fp': 7.5, 'tn': 1402.0, 'fn': 1, 'n_windows': 1, 'weighted': 306.615}","{'tp': 0.0, 'fp': 0.0, 'tn': 1402.0, 'fn': 1, 'n_windows': 1, 'weighted': 307.44}","{'tp': 1.1, 'fp': 0.0, 'tn': 1402.0, 'fn': 0, 'n_windows': 1, 'weighted': 309.54}",True
nab,realAWSCloudwatch,realAWSCloudwatch/ec2_network_in_5abac7.csv,TSMixer,True,1419,3311,64,14,1,4.0,-4.75,4,1,-2.6190476190479157,"{'tp': 0.0, 'fp': 0.5, 'tn': 1402.0, 'fn': 1, 'n_windows': 1, 'weighted': 307.385}","{'tp': 0.0, 'fp': 0.0, 'tn': 1402.0, 'fn': 1, 'n_windows': 1, 'weighted': 307.44}","{'tp': 1.1, 'fp': 0.0, 'tn': 1402.0, 'fn': 0, 'n_windows': 1, 'weighted': 309.54}",True
nab,realKnownCause,realKnownCause/ambient_temperature_system_failure.csv,IsolationForest,True,2180,5087,64,43,1,4.0,-0.0,0,1,0.0,"{'tp': 0.0, 'fp': 0.0, 'tn': 1817.0, 'fn': 1, 'n_windows': 1, 'weighted': 398.74}","{'tp': 0.0, 'fp': 0.0, 'tn': 1817.0, 'fn': 1, 'n_windows': 1, 'weighted': 398.74}","{'tp': 1.1, 'fp': 0.0, 'tn': 1817.0, 'fn': 0, 'n_windows': 1, 'weighted': 400.84000000000003}",True
nab,realKnownCause,realKnownCause/cpu_utilization_asg_misconfiguration.csv,GRU,True,5415,12635,64,54,3,4.0,-6.0,5,1,95.75020662470732,"{'tp': 1.0657543391188251, 'fp': 0.5, 'tn': 3916.0, 'fn': 0, 'n_windows': 1, 'weighted': 862.5307543391189}","{'tp': 0.0, 'fp': 0.0, 'tn': 3916.0, 'fn': 1, 'n_windows': 1, 'weighted': 860.52}","{'tp': 1.1, 'fp': 0.0, 'tn': 3916.0, 'fn': 0, 'n_windows': 1, 'weighted': 862.62}",True
nab,realKnownCause,realKnownCause/ambient_temperature_system_failure.csv,GRU,True,2180,5087,64,21,1,4.0,-0.25,0,1,0.0,"{'tp': 0.0, 'fp': 0.0, 'tn': 1817.0, 'fn': 1, 'n_windows': 1, 'weighted': 398.74}","{'tp': 0.0, 'fp': 0.0, 'tn': 1817.0, 'fn': 1, 'n_windows': 1, 'weighted': 398.74}","{'tp': 1.1, 'fp': 0.0, 'tn': 1817.0, 'fn': 0, 'n_windows': 1, 'weighted': 400.84000000000003}",True
nab,realKnownCause,realKnownCause/ambient_temperature_system_failure.csv,TCN,True,2180,5087,64,21,3,4.0,-3.25,4,1,-7.857142857143747,"{'tp': 0.0, 'fp': 1.5, 'tn': 1817.0, 'fn': 1, 'n_windows': 1, 'weighted': 398.575}","{'tp': 0.0, 'fp': 0.0, 'tn': 1817.0, 'fn': 1, 'n_windows': 1, 'weighted': 398.74}","{'tp': 1.1, 'fp': 0.0, 'tn': 1817.0, 'fn': 0, 'n_windows': 1, 'weighted': 400.84000000000003}",True
nab,realAWSCloudwatch,realAWSCloudwatch/grok_asg_anomaly.csv,Transformer,True,1386,3235,64,13,1,3.5,-0.75,0,1,0.0,"{'tp': 0.0, 'fp': 0.0, 'tn': 1231.0, 'fn': 1, 'n_windows': 1, 'weighted': 269.82}","{'tp': 0.0, 'fp': 0.0, 'tn': 1231.0, 'fn': 1, 'n_windows': 1, 'weighted': 269.82}","{'tp': 1.1, 'fp': 0.0, 'tn': 1231.0, 'fn': 0, 'n_windows': 1, 'weighted': 271.92}",True
nab,realAWSCloudwatch,realAWSCloudwatch/grok_asg_anomaly.csv,TSMixer,True,1386,3235,64,13,1,3.5,-0.75,0,1,0.0,"{'tp': 0.0, 'fp': 0.0, 'tn': 1231.0, 'fn': 1, 'n_windows': 1, 'weighted': 269.82}","{'tp': 0.0, 'fp': 0.0, 'tn': 1231.0, 'fn': 1, 'n_windows': 1, 'weighted': 269.82}","{'tp': 1.1, 'fp': 0.0, 'tn': 1231.0, 'fn': 0, 'n_windows': 1, 'weighted': 271.92}",True
nab,realAWSCloudwatch,realAWSCloudwatch/rds_cpu_utilization_e47b3b.csv,TSMixer,False,1210,2822,64,24,3,4.0,-0.25,7,0,0.0,"{'tp': 0.0, 'fp': 7.0, 'tn': 1210.0, 'fn': 0, 'n_windows': 0, 'weighted': 265.43}","{'tp': 0.0, 'fp': 0.0, 'tn': 1210.0, 'fn': 0, 'n_windows': 0, 'weighted': 266.2}","{'tp': 0.0, 'fp': 0.0, 'tn': 1210.0, 'fn': 0, 'n_windows': 0, 'weighted': 266.2}",True
nab,realAWSCloudwatch,realAWSCloudwatch/rds_cpu_utilization_e47b3b.csv,IsolationForest,False,1210,2822,64,24,1,3.5,-0.25,0,0,0.0,"{'tp': 0.0, 'fp': 0.0, 'tn': 1210.0, 'fn': 0, 'n_windows': 0, 'weighted': 266.2}","{'tp': 0.0, 'fp': 0.0, 'tn': 1210.0, 'fn': 0, 'n_windows': 0, 'weighted': 266.2}","{'tp': 0.0, 'fp': 0.0, 'tn': 1210.0, 'fn': 0, 'n_windows': 0, 'weighted': 266.2}",True
nab,realAWSCloudwatch,realAWSCloudwatch/rds_cpu_utilization_e47b3b.csv,TCN,False,1210,2822,64,12,1,3.5,-0.75,0,0,0.0,"{'tp': 0.0, 'fp': 0.0, 'tn': 1210.0, 'fn': 0, 'n_windows': 0, 'weighted': 266.2}","{'tp': 0.0, 'fp': 0.0, 'tn': 1210.0, 'fn': 0, 'n_windows': 0, 'weighted': 266.2}","{'tp': 0.0, 'fp': 0.0, 'tn': 1210.0, 'fn': 0, 'n_windows': 0, 'weighted': 266.2}",True
nab,realAWSCloudwatch,realAWSCloudwatch/rds_cpu_utilization_e47b3b.csv,Transformer,False,1210,2822,64,12,1,3.5,-0.75,0,0,0.0,"{'tp': 0.0, 'fp': 0.0, 'tn': 1210.0, 'fn': 0, 'n_windows': 0, 'weighted': 266.2}","{'tp': 0.0, 'fp': 0.0, 'tn': 1210.0, 'fn': 0, 'n_windows': 0, 'weighted': 266.2}","{'tp': 0.0, 'fp': 0.0, 'tn': 1210.0, 'fn': 0, 'n_windows': 0, 'weighted': 266.2}",True
nab,realKnownCause,realKnownCause/ec2_request_latency_system_failure.csv,GRU,True,1210,2822,64,24,1,4.0,-0.25,10,2,91.57107320540185,"{'tp': 2.1209850746268657, 'fp': 2.5, 'tn': 999.0, 'fn': 0, 'n_windows': 2, 'weighted': 221.62598507462687}","{'tp': 0.0, 'fp': 0.0, 'tn': 999.0, 'fn': 2, 'n_windows': 2, 'weighted': 217.78}","{'tp': 2.2, 'fp': 0.0, 'tn': 999.0, 'fn': 0, 'n_windows': 2, 'weighted': 221.98}",True
nab,realKnownCause,realKnownCause/ec2_request_latency_system_failure.csv,TCN,True,1210,2822,64,12,1,3.5,-0.75,0,2,0.0,"{'tp': 0.0, 'fp': 0.0, 'tn': 999.0, 'fn': 2, 'n_windows': 2, 'weighted': 217.78}","{'tp': 0.0, 'fp': 0.0, 'tn': 999.0, 'fn': 2, 'n_windows': 2, 'weighted': 217.78}","{'tp': 2.2, 'fp': 0.0, 'tn': 999.0, 'fn': 0, 'n_windows': 2, 'weighted': 221.98}",True
nab,realKnownCause,realKnownCause/cpu_utilization_asg_misconfiguration.csv,TCN,True,5415,12635,64,216,3,4.0,-14.0,61,1,71.61464551206389,"{'tp': 1.083444592790387, 'fp': 5.268518518518518, 'tn': 3916.0, 'fn': 0, 'n_windows': 1, 'weighted': 862.0239075557533}","{'tp': 0.0, 'fp': 0.0, 'tn': 3916.0, 'fn': 1, 'n_windows': 1, 'weighted': 860.52}","{'tp': 1.1, 'fp': 0.0, 'tn': 3916.0, 'fn': 0, 'n_windows': 1, 'weighted': 862.62}",True
nab,realKnownCause,realKnownCause/cpu_utilization_asg_misconfiguration.csv,Transformer,True,5415,12635,64,54,3,4.0,-11.0,11,1,93.1311590056567,"{'tp': 1.0657543391188251, 'fp': 1.0, 'tn': 3916.0, 'fn': 0, 'n_windows': 1, 'weighted': 862.4757543391188}","{'tp': 0.0, 'fp': 0.0, 'tn': 3916.0, 'fn': 1, 'n_windows': 1, 'weighted': 860.52}","{'tp': 1.1, 'fp': 0.0, 'tn': 3916.0, 'fn': 0, 'n_windows': 1, 'weighted': 862.62}",True
nab,realAWSCloudwatch,realAWSCloudwatch/rds_cpu_utilization_cc0c53.csv,Transformer,True,1210,2822,64,12,1,3.5,-0.75,0,2,0.0,"{'tp': 0.0, 'fp': 0.0, 'tn': 808.0, 'fn': 2, 'n_windows': 2, 'weighted': 175.76}","{'tp': 0.0, 'fp': 0.0, 'tn': 808.0, 'fn': 2, 'n_windows': 2, 'weighted': 175.76}","{'tp': 2.2, 'fp': 0.0, 'tn': 808.0, 'fn': 0, 'n_windows': 2, 'weighted': 179.95999999999998}",True
nab,realAWSCloudwatch,realAWSCloudwatch/rds_cpu_utilization_cc0c53.csv,TSMixer,True,1210,2822,64,12,1,3.5,-0.75,0,2,0.0,"{'tp': 0.0, 'fp': 0.0, 'tn': 808.0, 'fn': 2, 'n_windows': 2, 'weighted': 175.76}","{'tp': 0.0, 'fp': 0.0, 'tn': 808.0, 'fn': 2, 'n_windows': 2, 'weighted': 175.76}","{'tp': 2.2, 'fp': 0.0, 'tn': 808.0, 'fn': 0, 'n_windows': 2, 'weighted': 179.95999999999998}",True
nab,realKnownCause,realKnownCause/ec2_request_latency_system_failure.csv,IsolationForest,True,1210,2822,64,48,1,4.0,-0.0,2,2,46.43650793650806,"{'tp': 1.0053333333333334, 'fp': 0.5, 'tn': 999.0, 'fn': 1, 'n_windows': 2, 'weighted': 219.73033333333333}","{'tp': 0.0, 'fp': 0.0, 'tn': 999.0, 'fn': 2, 'n_windows': 2, 'weighted': 217.78}","{'tp': 2.2, 'fp': 0.0, 'tn': 999.0, 'fn': 0, 'n_windows': 2, 'weighted': 221.98}",True
nab,realKnownCause,realKnownCause/machine_temperature_system_failure.csv,GRU,True,6809,15886,64,272,3,4.0,-36.0,242,2,27.0723435133794,"{'tp': 1.0514134275618374, 'fp': 8.3125, 'tn': 5675.0, 'fn': 1, 'n_windows': 2, 'weighted': 1247.637038427562}","{'tp': 0.0, 'fp': 0.0, 'tn': 5675.0, 'fn': 2, 'n_windows': 2, 'weighted': 1246.5}","{'tp': 2.2, 'fp': 0.0, 'tn': 5675.0, 'fn': 0, 'n_windows': 2, 'weighted': 1250.7}",True
nab,realKnownCause,realKnownCause/cpu_utilization_asg_misconfiguration.csv,TSMixer,True,5415,12635,64,54,3,4.0,-11.0,13,1,93.1311590056567,"{'tp': 1.0657543391188251, 'fp': 1.0, 'tn': 3916.0, 'fn': 0, 'n_windows': 1, 'weighted': 862.4757543391188}","{'tp': 0.0, 'fp': 0.0, 'tn': 3916.0, 'fn': 1, 'n_windows': 1, 'weighted': 860.52}","{'tp': 1.1, 'fp': 0.0, 'tn': 3916.0, 'fn': 0, 'n_windows': 1, 'weighted': 862.62}",True
nab,realKnownCause,realKnownCause/cpu_utilization_asg_misconfiguration.csv,IsolationForest,True,5415,12635,64,54,1,4.0,-0.0,0,1,0.0,"{'tp': 0.0, 'fp': 0.0, 'tn': 3916.0, 'fn': 1, 'n_windows': 1, 'weighted': 860.52}","{'tp': 0.0, 'fp': 0.0, 'tn': 3916.0, 'fn': 1, 'n_windows': 1, 'weighted': 860.52}","{'tp': 1.1, 'fp': 0.0, 'tn': 3916.0, 'fn': 0, 'n_windows': 1, 'weighted': 862.62}",True
nab,realKnownCause,realKnownCause/nyc_taxi.csv,IsolationForest,True,3096,7224,64,61,1,3.5,-0.0,3,4,23.859801202034834,"{'tp': 1.0592233009708738, 'fp': 0.5, 'tn': 2412.0, 'fn': 3, 'n_windows': 4, 'weighted': 528.6442233009709}","{'tp': 0.0, 'fp': 0.0, 'tn': 2412.0, 'fn': 4, 'n_windows': 4, 'weighted': 526.64}","{'tp': 4.4, 'fp': 0.0, 'tn': 2412.0, 'fn': 0, 'n_windows': 4, 'weighted': 535.04}",True
nab,realKnownCause,realKnownCause/rogue_agent_key_hold.csv,GRU,True,565,1317,64,10,1,3.0,-0.75,0,1,0.0,"{'tp': 0.0, 'fp': 0.0, 'tn': 547.0, 'fn': 1, 'n_windows': 1, 'weighted': 119.34}","{'tp': 0.0, 'fp': 0.0, 'tn': 547.0, 'fn': 1, 'n_windows': 1, 'weighted': 119.34}","{'tp': 1.1, 'fp': 0.0, 'tn': 547.0, 'fn': 0, 'n_windows': 1, 'weighted': 121.44}",True
nab,realKnownCause,realKnownCause/ambient_temperature_system_failure.csv,Transformer,True,2180,5087,64,21,3,4.0,-2.25,24,1,59.44372044076426,"{'tp': 1.064364640883978, 'fp': 7.4186046511627906, 'tn': 1817.0, 'fn': 0, 'n_windows': 1, 'weighted': 399.9883181292561}","{'tp': 0.0, 'fp': 0.0, 'tn': 1817.0, 'fn': 1, 'n_windows': 1, 'weighted': 398.74}","{'tp': 1.1, 'fp': 0.0, 'tn': 1817.0, 'fn': 0, 'n_windows': 1, 'weighted': 400.84000000000003}",True
nab,realKnownCause,realKnownCause/ambient_temperature_system_failure.csv,TSMixer,True,2180,5087,64,21,1,4.0,-0.25,5,1,89.91125346451078,"{'tp': 1.0889502762430938, 'fp': 1.8255813953488373, 'tn': 1817.0, 'fn': 0, 'n_windows': 1, 'weighted': 400.62813632275476}","{'tp': 0.0, 'fp': 0.0, 'tn': 1817.0, 'fn': 1, 'n_windows': 1, 'weighted': 398.74}","{'tp': 1.1, 'fp': 0.0, 'tn': 1817.0, 'fn': 0, 'n_windows': 1, 'weighted': 400.84000000000003}",True
nab,realKnownCause,realKnownCause/nyc_taxi.csv,GRU,True,3096,7224,64,30,3,4.0,-10.25,33,4,13.01202981590594,"{'tp': 1.0766990291262135, 'fp': 8.942622950819672, 'tn': 2412.0, 'fn': 3, 'n_windows': 4, 'weighted': 527.7330105045361}","{'tp': 0.0, 'fp': 0.0, 'tn': 2412.0, 'fn': 4, 'n_windows': 4, 'weighted': 526.64}","{'tp': 4.4, 'fp': 0.0, 'tn': 2412.0, 'fn': 0, 'n_windows': 4, 'weighted': 535.04}",True
nab,realKnownCause,realKnownCause/nyc_taxi.csv,TCN,True,3096,7224,64,61,1,4.0,-9.0,22,4,68.54631783812846,"{'tp': 3.1428906984027565, 'fp': 3.5, 'tn': 2412.0, 'fn': 1, 'n_windows': 4, 'weighted': 532.3978906984028}","{'tp': 0.0, 'fp': 0.0, 'tn': 2412.0, 'fn': 4, 'n_windows': 4, 'weighted': 526.64}","{'tp': 4.4, 'fp': 0.0, 'tn': 2412.0, 'fn': 0, 'n_windows': 4, 'weighted': 535.04}",True
nab,realKnownCause,realKnownCause/rogue_agent_key_updown.csv,GRU,False,1595,3720,64,63,1,2.5,-0.0,36,0,0.0,"{'tp': 0.0, 'fp': 14.0, 'tn': 1595.0, 'fn': 0, 'n_windows': 0, 'weighted': 349.35999999999996}","{'tp': 0.0, 'fp': 0.0, 'tn': 1595.0, 'fn': 0, 'n_windows': 0, 'weighted': 350.9}","{'tp': 0.0, 'fp': 0.0, 'tn': 1595.0, 'fn': 0, 'n_windows': 0, 'weighted': 350.9}",True
nab,realKnownCause,realKnownCause/rogue_agent_key_updown.csv,TCN,False,1595,3720,64,63,1,2.5,-0.0,38,0,0.0,"{'tp': 0.0, 'fp': 14.0, 'tn': 1595.0, 'fn': 0, 'n_windows': 0, 'weighted': 349.35999999999996}","{'tp': 0.0, 'fp': 0.0, 'tn': 1595.0, 'fn': 0, 'n_windows': 0, 'weighted': 350.9}","{'tp': 0.0, 'fp': 0.0, 'tn': 1595.0, 'fn': 0, 'n_windows': 0, 'weighted': 350.9}",True
nab,realKnownCause,realKnownCause/rogue_agent_key_updown.csv,IsolationForest,False,1595,3720,64,63,1,2.5,-0.0,125,0,0.0,"{'tp': 0.0, 'fp': 10.0, 'tn': 1595.0, 'fn': 0, 'n_windows': 0, 'weighted': 349.79999999999995}","{'tp': 0.0, 'fp': 0.0, 'tn': 1595.0, 'fn': 0, 'n_windows': 0, 'weighted': 350.9}","{'tp': 0.0, 'fp': 0.0, 'tn': 1595.0, 'fn': 0, 'n_windows': 0, 'weighted': 350.9}",True
nab,realTraffic,realTraffic/TravelTime_387.csv,GRU,False,750,1750,64,20,3,4.0,-0.25,3,0,0.0,"{'tp': 0.0, 'fp': 3.0, 'tn': 750.0, 'fn': 0, 'n_windows': 0, 'weighted': 164.67}","{'tp': 0.0, 'fp': 0.0, 'tn': 750.0, 'fn': 0, 'n_windows': 0, 'weighted': 165.0}","{'tp': 0.0, 'fp': 0.0, 'tn': 750.0, 'fn': 0, 'n_windows': 0, 'weighted': 165.0}",True
nab,realKnownCause,realKnownCause/rogue_agent_key_hold.csv,TSMixer,True,565,1317,64,10,1,3.0,-0.75,0,1,0.0,"{'tp': 0.0, 'fp': 0.0, 'tn': 547.0, 'fn': 1, 'n_windows': 1, 'weighted': 119.34}","{'tp': 0.0, 'fp': 0.0, 'tn': 547.0, 'fn': 1, 'n_windows': 1, 'weighted': 119.34}","{'tp': 1.1, 'fp': 0.0, 'tn': 547.0, 'fn': 0, 'n_windows': 1, 'weighted': 121.44}",True
nab,realKnownCause,realKnownCause/rogue_agent_key_hold.csv,IsolationForest,True,565,1317,64,10,1,3.0,-0.75,0,1,0.0,"{'tp': 0.0, 'fp': 0.0, 'tn': 547.0, 'fn': 1, 'n_windows': 1, 'weighted': 119.34}","{'tp': 0.0, 'fp': 0.0, 'tn': 547.0, 'fn': 1, 'n_windows': 1, 'weighted': 119.34}","{'tp': 1.1, 'fp': 0.0, 'tn': 547.0, 'fn': 0, 'n_windows': 1, 'weighted': 121.44}",True
nab,realKnownCause,realKnownCause/machine_temperature_system_failure.csv,TSMixer,True,6809,15886,64,68,3,4.0,-18.0,84,2,29.348272436181915,"{'tp': 1.0895759717314488, 'fp': 7.790441176470588, 'tn': 5675.0, 'fn': 1, 'n_windows': 2, 'weighted': 1247.7326274423197}","{'tp': 0.0, 'fp': 0.0, 'tn': 5675.0, 'fn': 2, 'n_windows': 2, 'weighted': 1246.5}","{'tp': 2.2, 'fp': 0.0, 'tn': 5675.0, 'fn': 0, 'n_windows': 2, 'weighted': 1250.7}",True
nab,realKnownCause,realKnownCause/machine_temperature_system_failure.csv,IsolationForest,True,6809,15886,64,68,1,4.0,-9.0,11,2,-3.9285714285705198,"{'tp': 0.0, 'fp': 1.5, 'tn': 5675.0, 'fn': 2, 'n_windows': 2, 'weighted': 1246.335}","{'tp': 0.0, 'fp': 0.0, 'tn': 5675.0, 'fn': 2, 'n_windows': 2, 'weighted': 1246.5}","{'tp': 2.2, 'fp': 0.0, 'tn': 5675.0, 'fn': 0, 'n_windows': 2, 'weighted': 1250.7}",True
nab,realKnownCause,realKnownCause/machine_temperature_system_failure.csv,TCN,True,6809,15886,64,68,1,4.0,-23.0,98,2,19.478585161978124,"{'tp': 1.0042402826855124, 'fp': 10.783088235294118, 'tn': 5675.0, 'fn': 1, 'n_windows': 2, 'weighted': 1247.318100576803}","{'tp': 0.0, 'fp': 0.0, 'tn': 5675.0, 'fn': 2, 'n_windows': 2, 'weighted': 1246.5}","{'tp': 2.2, 'fp': 0.0, 'tn': 5675.0, 'fn': 0, 'n_windows': 2, 'weighted': 1250.7}",True
nab,realKnownCause,realKnownCause/machine_temperature_system_failure.csv,Transformer,True,6809,15886,64,68,1,4.0,-64.0,201,2,21.09476299353553,"{'tp': 1.0830388692579505, 'fp': 10.882352941176471, 'tn': 5675.0, 'fn': 1, 'n_windows': 2, 'weighted': 1247.3859800457285}","{'tp': 0.0, 'fp': 0.0, 'tn': 5675.0, 'fn': 2, 'n_windows': 2, 'weighted': 1246.5}","{'tp': 2.2, 'fp': 0.0, 'tn': 5675.0, 'fn': 0, 'n_windows': 2, 'weighted': 1250.7}",True
nab,realTraffic,realTraffic/TravelTime_451.csv,IsolationForest,False,649,1513,64,80,1,4.0,-0.0,5,0,0.0,"{'tp': 0.0, 'fp': 2.0, 'tn': 649.0, 'fn': 0, 'n_windows': 0, 'weighted': 142.56}","{'tp': 0.0, 'fp': 0.0, 'tn': 649.0, 'fn': 0, 'n_windows': 0, 'weighted': 142.78}","{'tp': 0.0, 'fp': 0.0, 'tn': 649.0, 'fn': 0, 'n_windows': 0, 'weighted': 142.78}",True
nab,realTraffic,realTraffic/occupancy_6005.csv,GRU,True,714,1666,64,10,1,3.0,-0.75,0,1,0.0,"{'tp': 0.0, 'fp': 0.0, 'tn': 496.0, 'fn': 1, 'n_windows': 1, 'weighted': 108.12}","{'tp': 0.0, 'fp': 0.0, 'tn': 496.0, 'fn': 1, 'n_windows': 1, 'weighted': 108.12}","{'tp': 1.1, 'fp': 0.0, 'tn': 496.0, 'fn': 0, 'n_windows': 1, 'weighted': 110.22}",True
nab,realTraffic,realTraffic/TravelTime_451.csv,GRU,False,649,1513,64,10,1,3.0,-0.75,0,0,0.0,"{'tp': 0.0, 'fp': 0.0, 'tn': 649.0, 'fn': 0, 'n_windows': 0, 'weighted': 142.78}","{'tp': 0.0, 'fp': 0.0, 'tn': 649.0, 'fn': 0, 'n_windows': 0, 'weighted': 142.78}","{'tp': 0.0, 'fp': 0.0, 'tn': 649.0, 'fn': 0, 'n_windows': 0, 'weighted': 142.78}",True
nab,realTraffic,realTraffic/TravelTime_451.csv,TCN,False,649,1513,64,10,1,3.0,-0.75,0,0,0.0,"{'tp': 0.0, 'fp': 0.0, 'tn': 649.0, 'fn': 0, 'n_windows': 0, 'weighted': 142.78}","{'tp': 0.0, 'fp': 0.0, 'tn': 649.0, 'fn': 0, 'n_windows': 0, 'weighted': 142.78}","{'tp': 0.0, 'fp': 0.0, 'tn': 649.0, 'fn': 0, 'n_windows': 0, 'weighted': 142.78}",True
nab,realKnownCause,realKnownCause/rogue_agent_key_hold.csv,TCN,True,565,1317,64,10,1,3.0,-0.75,0,1,0.0,"{'tp': 0.0, 'fp': 0.0, 'tn': 547.0, 'fn': 1, 'n_windows': 1, 'weighted': 119.34}","{'tp': 0.0, 'fp': 0.0, 'tn': 547.0, 'fn': 1, 'n_windows': 1, 'weighted': 119.34}","{'tp': 1.1, 'fp': 0.0, 'tn': 547.0, 'fn': 0, 'n_windows': 1, 'weighted': 121.44}",True
nab,realKnownCause,realKnownCause/rogue_agent_key_hold.csv,Transformer,True,565,1317,64,10,1,3.5,-0.75,0,1,0.0,"{'tp': 0.0, 'fp': 0.0, 'tn': 547.0, 'fn': 1, 'n_windows': 1, 'weighted': 119.34}","{'tp': 0.0, 'fp': 0.0, 'tn': 547.0, 'fn': 1, 'n_windows': 1, 'weighted': 119.34}","{'tp': 1.1, 'fp': 0.0, 'tn': 547.0, 'fn': 0, 'n_windows': 1, 'weighted': 121.44}",True
nab,realKnownCause,realKnownCause/ec2_request_latency_system_failure.csv,Transformer,True,1210,2822,64,12,1,3.5,-0.75,0,2,0.0,"{'tp': 0.0, 'fp': 0.0, 'tn': 999.0, 'fn': 2, 'n_windows': 2, 'weighted': 217.78}","{'tp': 0.0, 'fp': 0.0, 'tn': 999.0, 'fn': 2, 'n_windows': 2, 'weighted': 217.78}","{'tp': 2.2, 'fp': 0.0, 'tn': 999.0, 'fn': 0, 'n_windows': 2, 'weighted': 221.98}",True
nab,realKnownCause,realKnownCause/ec2_request_latency_system_failure.csv,TSMixer,True,1210,2822,64,12,1,3.5,-0.75,0,2,0.0,"{'tp': 0.0, 'fp': 0.0, 'tn': 999.0, 'fn': 2, 'n_windows': 2, 'weighted': 217.78}","{'tp': 0.0, 'fp': 0.0, 'tn': 999.0, 'fn': 2, 'n_windows': 2, 'weighted': 217.78}","{'tp': 2.2, 'fp': 0.0, 'tn': 999.0, 'fn': 0, 'n_windows': 2, 'weighted': 221.98}",True
nab,realTraffic,realTraffic/TravelTime_387.csv,TSMixer,False,750,1750,64,10,1,3.0,-0.75,0,0,0.0,"{'tp': 0.0, 'fp': 0.0, 'tn': 750.0, 'fn': 0, 'n_windows': 0, 'weighted': 165.0}","{'tp': 0.0, 'fp': 0.0, 'tn': 750.0, 'fn': 0, 'n_windows': 0, 'weighted': 165.0}","{'tp': 0.0, 'fp': 0.0, 'tn': 750.0, 'fn': 0, 'n_windows': 0, 'weighted': 165.0}",True
nab,realTraffic,realTraffic/TravelTime_387.csv,IsolationForest,False,750,1750,64,80,1,2.5,-0.0,26,0,0.0,"{'tp': 0.0, 'fp': 6.0, 'tn': 750.0, 'fn': 0, 'n_windows': 0, 'weighted': 164.34}","{'tp': 0.0, 'fp': 0.0, 'tn': 750.0, 'fn': 0, 'n_windows': 0, 'weighted': 165.0}","{'tp': 0.0, 'fp': 0.0, 'tn': 750.0, 'fn': 0, 'n_windows': 0, 'weighted': 165.0}",True
nab,realKnownCause,realKnownCause/nyc_taxi.csv,Transformer,True,3096,7224,64,61,1,4.0,-12.0,68,4,89.11450307354202,"{'tp': 4.229470717193862, 'fp': 6.7622950819672125, 'tn': 2412.0, 'fn': 0, 'n_windows': 4, 'weighted': 534.1256182581775}","{'tp': 0.0, 'fp': 0.0, 'tn': 2412.0, 'fn': 4, 'n_windows': 4, 'weighted': 526.64}","{'tp': 4.4, 'fp': 0.0, 'tn': 2412.0, 'fn': 0, 'n_windows': 4, 'weighted': 535.04}",True
nab,realKnownCause,realKnownCause/nyc_taxi.csv,TSMixer,True,3096,7224,64,61,3,4.0,-0.0,9,4,46.71058714748046,"{'tp': 2.1436893203883494, 'fp': 2.0, 'tn': 2412.0, 'fn': 2, 'n_windows': 4, 'weighted': 530.5636893203883}","{'tp': 0.0, 'fp': 0.0, 'tn': 2412.0, 'fn': 4, 'n_windows': 4, 'weighted': 526.64}","{'tp': 4.4, 'fp': 0.0, 'tn': 2412.0, 'fn': 0, 'n_windows': 4, 'weighted': 535.04}",True
nab,realTraffic,realTraffic/occupancy_t4013.csv,IsolationForest,True,750,1750,64,80,1,3.5,-0.0,11,2,95.40860215053769,"{'tp': 2.0951612903225807, 'fp': 0.8, 'tn': 500.0, 'fn': 0, 'n_windows': 2, 'weighted': 112.00716129032259}","{'tp': 0.0, 'fp': 0.0, 'tn': 500.0, 'fn': 2, 'n_windows': 2, 'weighted': 108.0}","{'tp': 2.2, 'fp': 0.0, 'tn': 500.0, 'fn': 0, 'n_windows': 2, 'weighted': 112.2}",True
nab,realTraffic,realTraffic/speed_6005.csv,GRU,True,750,1750,64,80,3,3.5,-0.0,23,1,88.80352140856363,"{'tp': 1.0848739495798319, 'fp': 2.0, 'tn': 511.0, 'fn': 0, 'n_windows': 1, 'weighted': 113.28487394957983}","{'tp': 0.0, 'fp': 0.0, 'tn': 511.0, 'fn': 1, 'n_windows': 1, 'weighted': 111.42}","{'tp': 1.1, 'fp': 0.0, 'tn': 511.0, 'fn': 0, 'n_windows': 1, 'weighted': 113.52}",True
nab,realTraffic,realTraffic/TravelTime_387.csv,TCN,False,750,1750,64,10,1,3.0,-0.75,0,0,0.0,"{'tp': 0.0, 'fp': 0.0, 'tn': 750.0, 'fn': 0, 'n_windows': 0, 'weighted': 165.0}","{'tp': 0.0, 'fp': 0.0, 'tn': 750.0, 'fn': 0, 'n_windows': 0, 'weighted': 165.0}","{'tp': 0.0, 'fp': 0.0, 'tn': 750.0, 'fn': 0, 'n_windows': 0, 'weighted': 165.0}",True
nab,realTraffic,realTraffic/TravelTime_387.csv,Transformer,False,750,1750,64,10,1,3.0,-0.75,0,0,0.0,"{'tp': 0.0, 'fp': 0.0, 'tn': 750.0, 'fn': 0, 'n_windows': 0, 'weighted': 165.0}","{'tp': 0.0, 'fp': 0.0, 'tn': 750.0, 'fn': 0, 'n_windows': 0, 'weighted': 165.0}","{'tp': 0.0, 'fp': 0.0, 'tn': 750.0, 'fn': 0, 'n_windows': 0, 'weighted': 165.0}",True
nab,realKnownCause,realKnownCause/rogue_agent_key_updown.csv,Transformer,False,1595,3720,64,63,1,3.5,-0.0,56,0,0.0,"{'tp': 0.0, 'fp': 14.0, 'tn': 1595.0, 'fn': 0, 'n_windows': 0, 'weighted': 349.35999999999996}","{'tp': 0.0, 'fp': 0.0, 'tn': 1595.0, 'fn': 0, 'n_windows': 0, 'weighted': 350.9}","{'tp': 0.0, 'fp': 0.0, 'tn': 1595.0, 'fn': 0, 'n_windows': 0, 'weighted': 350.9}",True
nab,realKnownCause,realKnownCause/rogue_agent_key_updown.csv,TSMixer,False,1595,3720,64,63,1,2.5,-0.0,42,0,0.0,"{'tp': 0.0, 'fp': 14.0, 'tn': 1595.0, 'fn': 0, 'n_windows': 0, 'weighted': 349.35999999999996}","{'tp': 0.0, 'fp': 0.0, 'tn': 1595.0, 'fn': 0, 'n_windows': 0, 'weighted': 350.9}","{'tp': 0.0, 'fp': 0.0, 'tn': 1595.0, 'fn': 0, 'n_windows': 0, 'weighted': 350.9}",True
nab,realTraffic,realTraffic/occupancy_t4013.csv,GRU,True,750,1750,64,20,1,4.0,-0.25,5,2,95.57603686635942,"{'tp': 2.1241935483870966, 'fp': 1.0, 'tn': 500.0, 'fn': 0, 'n_windows': 2, 'weighted': 112.0141935483871}","{'tp': 0.0, 'fp': 0.0, 'tn': 500.0, 'fn': 2, 'n_windows': 2, 'weighted': 108.0}","{'tp': 2.2, 'fp': 0.0, 'tn': 500.0, 'fn': 0, 'n_windows': 2, 'weighted': 112.2}",True
nab,realTraffic,realTraffic/occupancy_t4013.csv,TCN,True,750,1750,64,20,1,4.0,-0.25,4,2,44.91935483870974,"{'tp': 1.0516129032258064, 'fp': 1.5, 'tn': 500.0, 'fn': 1, 'n_windows': 2, 'weighted': 109.88661290322581}","{'tp': 0.0, 'fp': 0.0, 'tn': 500.0, 'fn': 2, 'n_windows': 2, 'weighted': 108.0}","{'tp': 2.2, 'fp': 0.0, 'tn': 500.0, 'fn': 0, 'n_windows': 2, 'weighted': 112.2}",True
nab,realTraffic,realTraffic/speed_7578.csv,GRU,True,338,789,64,10,1,3.0,-0.75,0,2,0.0,"{'tp': 0.0, 'fp': 0.0, 'tn': 280.0, 'fn': 2, 'n_windows': 2, 'weighted': 59.6}","{'tp': 0.0, 'fp': 0.0, 'tn': 280.0, 'fn': 2, 'n_windows': 2, 'weighted': 59.6}","{'tp': 2.2, 'fp': 0.0, 'tn': 280.0, 'fn': 0, 'n_windows': 2, 'weighted': 63.800000000000004}",True
nab,realTraffic,realTraffic/speed_7578.csv,TCN,True,338,789,64,10,1,3.0,-0.75,0,2,0.0,"{'tp': 0.0, 'fp': 0.0, 'tn': 280.0, 'fn': 2, 'n_windows': 2, 'weighted': 59.6}","{'tp': 0.0, 'fp': 0.0, 'tn': 280.0, 'fn': 2, 'n_windows': 2, 'weighted': 59.6}","{'tp': 2.2, 'fp': 0.0, 'tn': 280.0, 'fn': 0, 'n_windows': 2, 'weighted': 63.800000000000004}",True
nab,realTraffic,realTraffic/occupancy_6005.csv,TCN,True,714,1666,64,80,1,4.0,-0.0,8,1,79.66150976519639,"{'tp': 1.0382488479262673, 'fp': 3.321428571428571, 'tn': 496.0, 'fn': 0, 'n_windows': 1, 'weighted': 109.79289170506912}","{'tp': 0.0, 'fp': 0.0, 'tn': 496.0, 'fn': 1, 'n_windows': 1, 'weighted': 108.12}","{'tp': 1.1, 'fp': 0.0, 'tn': 496.0, 'fn': 0, 'n_windows': 1, 'weighted': 110.22}",True
nab,realTraffic,realTraffic/occupancy_6005.csv,Transformer,True,714,1666,64,10,1,3.0,-0.75,0,1,0.0,"{'tp': 0.0, 'fp': 0.0, 'tn': 496.0, 'fn': 1, 'n_windows': 1, 'weighted': 108.12}","{'tp': 0.0, 'fp': 0.0, 'tn': 496.0, 'fn': 1, 'n_windows': 1, 'weighted': 108.12}","{'tp': 1.1, 'fp': 0.0, 'tn': 496.0, 'fn': 0, 'n_windows': 1, 'weighted': 110.22}",True
nab,realTraffic,realTraffic/occupancy_6005.csv,TSMixer,True,714,1666,64,10,1,3.0,-0.75,0,1,0.0,"{'tp': 0.0, 'fp': 0.0, 'tn': 496.0, 'fn': 1, 'n_windows': 1, 'weighted': 108.12}","{'tp': 0.0, 'fp': 0.0, 'tn': 496.0, 'fn': 1, 'n_windows': 1, 'weighted': 108.12}","{'tp': 1.1, 'fp': 0.0, 'tn': 496.0, 'fn': 0, 'n_windows': 1, 'weighted': 110.22}",True
nab,realTraffic,realTraffic/occupancy_6005.csv,IsolationForest,True,714,1666,64,80,1,4.0,-0.0,0,1,0.0,"{'tp': 0.0, 'fp': 0.0, 'tn': 496.0, 'fn': 1, 'n_windows': 1, 'weighted': 108.12}","{'tp': 0.0, 'fp': 0.0, 'tn': 496.0, 'fn': 1, 'n_windows': 1, 'weighted': 108.12}","{'tp': 1.1, 'fp': 0.0, 'tn': 496.0, 'fn': 0, 'n_windows': 1, 'weighted': 110.22}",True
nab,realTraffic,realTraffic/speed_7578.csv,IsolationForest,True,338,789,64,20,1,3.5,-0.25,2,2,49.1496598639456,"{'tp': 1.0642857142857143, 'fp': 0.0, 'tn': 280.0, 'fn': 1, 'n_windows': 2, 'weighted': 61.66428571428572}","{'tp': 0.0, 'fp': 0.0, 'tn': 280.0, 'fn': 2, 'n_windows': 2, 'weighted': 59.6}","{'tp': 2.2, 'fp': 0.0, 'tn': 280.0, 'fn': 0, 'n_windows': 2, 'weighted': 63.800000000000004}",True
nab,realTraffic,realTraffic/speed_t4013.csv,GRU,True,749,1746,64,20,3,4.0,-0.25,3,2,98.57910906297997,"{'tp': 2.140322580645161, 'fp': 0.0, 'tn': 499.0, 'fn': 0, 'n_windows': 2, 'weighted': 111.92032258064516}","{'tp': 0.0, 'fp': 0.0, 'tn': 499.0, 'fn': 2, 'n_windows': 2, 'weighted': 107.78}","{'tp': 2.2, 'fp': 0.0, 'tn': 499.0, 'fn': 0, 'n_windows': 2, 'weighted': 111.98}",True
nab,realTraffic,realTraffic/speed_6005.csv,TSMixer,True,750,1750,64,20,3,4.0,-0.25,3,1,92.26090436174475,"{'tp': 1.0474789915966387, 'fp': 1.0, 'tn': 511.0, 'fn': 0, 'n_windows': 1, 'weighted': 113.35747899159664}","{'tp': 0.0, 'fp': 0.0, 'tn': 511.0, 'fn': 1, 'n_windows': 1, 'weighted': 111.42}","{'tp': 1.1, 'fp': 0.0, 'tn': 511.0, 'fn': 0, 'n_windows': 1, 'weighted': 113.52}",True
nab,realTraffic,realTraffic/speed_6005.csv,IsolationForest,True,750,1750,64,80,1,3.0,-0.0,8,1,-7.8571428571431765,"{'tp': 0.0, 'fp': 1.5, 'tn': 511.0, 'fn': 1, 'n_windows': 1, 'weighted': 111.255}","{'tp': 0.0, 'fp': 0.0, 'tn': 511.0, 'fn': 1, 'n_windows': 1, 'weighted': 111.42}","{'tp': 1.1, 'fp': 0.0, 'tn': 511.0, 'fn': 0, 'n_windows': 1, 'weighted': 113.52}",True
nab,realTraffic,realTraffic/TravelTime_451.csv,Transformer,False,649,1513,64,10,1,3.0,-0.75,0,0,0.0,"{'tp': 0.0, 'fp': 0.0, 'tn': 649.0, 'fn': 0, 'n_windows': 0, 'weighted': 142.78}","{'tp': 0.0, 'fp': 0.0, 'tn': 649.0, 'fn': 0, 'n_windows': 0, 'weighted': 142.78}","{'tp': 0.0, 'fp': 0.0, 'tn': 649.0, 'fn': 0, 'n_windows': 0, 'weighted': 142.78}",True
nab,realTraffic,realTraffic/TravelTime_451.csv,TSMixer,False,649,1513,64,10,1,3.0,-0.75,0,0,0.0,"{'tp': 0.0, 'fp': 0.0, 'tn': 649.0, 'fn': 0, 'n_windows': 0, 'weighted': 142.78}","{'tp': 0.0, 'fp': 0.0, 'tn': 649.0, 'fn': 0, 'n_windows': 0, 'weighted': 142.78}","{'tp': 0.0, 'fp': 0.0, 'tn': 649.0, 'fn': 0, 'n_windows': 0, 'weighted': 142.78}",True
nab,realTraffic,realTraffic/speed_6005.csv,TCN,True,750,1750,64,20,3,3.5,-0.25,11,1,81.82472989195712,"{'tp': 1.0483193277310925, 'fp': 3.0, 'tn': 511.0, 'fn': 0, 'n_windows': 1, 'weighted': 113.1383193277311}","{'tp': 0.0, 'fp': 0.0, 'tn': 511.0, 'fn': 1, 'n_windows': 1, 'weighted': 111.42}","{'tp': 1.1, 'fp': 0.0, 'tn': 511.0, 'fn': 0, 'n_windows': 1, 'weighted': 113.52}",True
nab,realTraffic,realTraffic/speed_6005.csv,Transformer,True,750,1750,64,10,1,3.0,-0.75,0,1,0.0,"{'tp': 0.0, 'fp': 0.0, 'tn': 511.0, 'fn': 1, 'n_windows': 1, 'weighted': 111.42}","{'tp': 0.0, 'fp': 0.0, 'tn': 511.0, 'fn': 1, 'n_windows': 1, 'weighted': 111.42}","{'tp': 1.1, 'fp': 0.0, 'tn': 511.0, 'fn': 0, 'n_windows': 1, 'weighted': 113.52}",True
nab,realTweets,realTweets/Twitter_volume_AAPL.csv,IsolationForest,False,4771,11131,64,47,3,4.0,-5.0,39,0,0.0,"{'tp': 0.0, 'fp': 11.0, 'tn': 4771.0, 'fn': 0, 'n_windows': 0, 'weighted': 1048.41}","{'tp': 0.0, 'fp': 0.0, 'tn': 4771.0, 'fn': 0, 'n_windows': 0, 'weighted': 1049.6200000000001}","{'tp': 0.0, 'fp': 0.0, 'tn': 4771.0, 'fn': 0, 'n_windows': 0, 'weighted': 1049.6200000000001}",True
nab,realTweets,realTweets/Twitter_volume_AMZN.csv,GRU,True,4749,11082,64,94,1,4.0,-15.0,53,1,43.10130683659018,"{'tp': 1.0928934010152285, 'fp': 10.797872340425531, 'tn': 4354.0, 'fn': 0, 'n_windows': 1, 'weighted': 957.7851274435684}","{'tp': 0.0, 'fp': 0.0, 'tn': 4354.0, 'fn': 1, 'n_windows': 1, 'weighted': 956.88}","{'tp': 1.1, 'fp': 0.0, 'tn': 4354.0, 'fn': 0, 'n_windows': 1, 'weighted': 958.98}",True
nab,realTweets,realTweets/Twitter_volume_AAPL.csv,GRU,False,4771,11131,64,95,1,4.0,-10.0,74,0,0.0,"{'tp': 0.0, 'fp': 22.0, 'tn': 4771.0, 'fn': 0, 'n_windows': 0, 'weighted': 1047.2}","{'tp': 0.0, 'fp': 0.0, 'tn': 4771.0, 'fn': 0, 'n_windows': 0, 'weighted': 1049.6200000000001}","{'tp': 0.0, 'fp': 0.0, 'tn': 4771.0, 'fn': 0, 'n_windows': 0, 'weighted': 1049.6200000000001}",True
nab,realTweets,realTweets/Twitter_volume_AAPL.csv,TCN,False,4771,11131,64,95,1,4.0,-10.0,86,0,0.0,"{'tp': 0.0, 'fp': 22.0, 'tn': 4771.0, 'fn': 0, 'n_windows': 0, 'weighted': 1047.2}","{'tp': 0.0, 'fp': 0.0, 'tn': 4771.0, 'fn': 0, 'n_windows': 0, 'weighted': 1049.6200000000001}","{'tp': 0.0, 'fp': 0.0, 'tn': 4771.0, 'fn': 0, 'n_windows': 0, 'weighted': 1049.6200000000001}",True
nab,realTraffic,realTraffic/speed_7578.csv,Transformer,True,338,789,64,10,1,3.0,-0.75,0,2,0.0,"{'tp': 0.0, 'fp': 0.0, 'tn': 280.0, 'fn': 2, 'n_windows': 2, 'weighted': 59.6}","{'tp': 0.0, 'fp': 0.0, 'tn': 280.0, 'fn': 2, 'n_windows': 2, 'weighted': 59.6}","{'tp': 2.2, 'fp': 0.0, 'tn': 280.0, 'fn': 0, 'n_windows': 2, 'weighted': 63.800000000000004}",True
nab,realTraffic,realTraffic/speed_7578.csv,TSMixer,True,338,789,64,10,1,3.0,-0.75,0,2,0.0,"{'tp': 0.0, 'fp': 0.0, 'tn': 280.0, 'fn': 2, 'n_windows': 2, 'weighted': 59.6}","{'tp': 0.0, 'fp': 0.0, 'tn': 280.0, 'fn': 2, 'n_windows': 2, 'weighted': 59.6}","{'tp': 2.2, 'fp': 0.0, 'tn': 280.0, 'fn': 0, 'n_windows': 2, 'weighted': 63.800000000000004}",True
nab,realTraffic,realTraffic/speed_t4013.csv,TSMixer,True,749,1746,64,10,1,3.0,-0.75,0,2,0.0,"{'tp': 0.0, 'fp': 0.0, 'tn': 499.0, 'fn': 2, 'n_windows': 2, 'weighted': 107.78}","{'tp': 0.0, 'fp': 0.0, 'tn': 499.0, 'fn': 2, 'n_windows': 2, 'weighted': 107.78}","{'tp': 2.2, 'fp': 0.0, 'tn': 499.0, 'fn': 0, 'n_windows': 2, 'weighted': 111.98}",True
nab,realTraffic,realTraffic/speed_t4013.csv,IsolationForest,True,749,1746,64,80,1,3.5,-0.0,11,2,96.01766513056826,"{'tp': 2.142741935483871, 'fp': 1.0, 'tn': 499.0, 'fn': 0, 'n_windows': 2, 'weighted': 111.81274193548387}","{'tp': 0.0, 'fp': 0.0, 'tn': 499.0, 'fn': 2, 'n_windows': 2, 'weighted': 107.78}","{'tp': 2.2, 'fp': 0.0, 'tn': 499.0, 'fn': 0, 'n_windows': 2, 'weighted': 111.98}",True
nab,realTweets,realTweets/Twitter_volume_CRM.csv,IsolationForest,False,4771,11131,64,47,1,4.0,-0.0,4,0,0.0,"{'tp': 0.0, 'fp': 4.0, 'tn': 4771.0, 'fn': 0, 'n_windows': 0, 'weighted': 1049.18}","{'tp': 0.0, 'fp': 0.0, 'tn': 4771.0, 'fn': 0, 'n_windows': 0, 'weighted': 1049.6200000000001}","{'tp': 0.0, 'fp': 0.0, 'tn': 4771.0, 'fn': 0, 'n_windows': 0, 'weighted': 1049.6200000000001}",True
nab,realTweets,realTweets/Twitter_volume_CVS.csv,GRU,True,4756,11097,64,190,1,4.0,-24.0,80,1,40.39682539682612,"{'tp': 1.0583333333333333, 'fp': 11.0, 'tn': 4359.0, 'fn': 0, 'n_windows': 1, 'weighted': 958.8283333333334}","{'tp': 0.0, 'fp': 0.0, 'tn': 4359.0, 'fn': 1, 'n_windows': 1, 'weighted': 957.98}","{'tp': 1.1, 'fp': 0.0, 'tn': 4359.0, 'fn': 0, 'n_windows': 1, 'weighted': 960.08}",True
nab,realTweets,realTweets/Twitter_volume_CRM.csv,GRU,False,4771,11131,64,47,3,4.0,-8.0,58,0,0.0,"{'tp': 0.0, 'fp': 17.0, 'tn': 4771.0, 'fn': 0, 'n_windows': 0, 'weighted': 1047.7500000000002}","{'tp': 0.0, 'fp': 0.0, 'tn': 4771.0, 'fn': 0, 'n_windows': 0, 'weighted': 1049.6200000000001}","{'tp': 0.0, 'fp': 0.0, 'tn': 4771.0, 'fn': 0, 'n_windows': 0, 'weighted': 1049.6200000000001}",True
nab,realTweets,realTweets/Twitter_volume_CRM.csv,TCN,False,4771,11131,64,190,1,4.0,-12.0,86,0,0.0,"{'tp': 0.0, 'fp': 19.0, 'tn': 4771.0, 'fn': 0, 'n_windows': 0, 'weighted': 1047.5300000000002}","{'tp': 0.0, 'fp': 0.0, 'tn': 4771.0, 'fn': 0, 'n_windows': 0, 'weighted': 1049.6200000000001}","{'tp': 0.0, 'fp': 0.0, 'tn': 4771.0, 'fn': 0, 'n_windows': 0, 'weighted': 1049.6200000000001}",True
nab,realTraffic,realTraffic/occupancy_t4013.csv,Transformer,True,750,1750,64,10,1,3.0,-0.75,0,2,0.0,"{'tp': 0.0, 'fp': 0.0, 'tn': 500.0, 'fn': 2, 'n_windows': 2, 'weighted': 108.0}","{'tp': 0.0, 'fp': 0.0, 'tn': 500.0, 'fn': 2, 'n_windows': 2, 'weighted': 108.0}","{'tp': 2.2, 'fp': 0.0, 'tn': 500.0, 'fn': 0, 'n_windows': 2, 'weighted': 112.2}",True
nab,realTraffic,realTraffic/occupancy_t4013.csv,TSMixer,True,750,1750,64,10,1,3.0,-0.75,0,2,0.0,"{'tp': 0.0, 'fp': 0.0, 'tn': 500.0, 'fn': 2, 'n_windows': 2, 'weighted': 108.0}","{'tp': 0.0, 'fp': 0.0, 'tn': 500.0, 'fn': 2, 'n_windows': 2, 'weighted': 108.0}","{'tp': 2.2, 'fp': 0.0, 'tn': 500.0, 'fn': 0, 'n_windows': 2, 'weighted': 112.2}",True
nab,realTraffic,realTraffic/speed_t4013.csv,TCN,True,749,1746,64,10,1,3.0,-0.75,0,2,0.0,"{'tp': 0.0, 'fp': 0.0, 'tn': 499.0, 'fn': 2, 'n_windows': 2, 'weighted': 107.78}","{'tp': 0.0, 'fp': 0.0, 'tn': 499.0, 'fn': 2, 'n_windows': 2, 'weighted': 107.78}","{'tp': 2.2, 'fp': 0.0, 'tn': 499.0, 'fn': 0, 'n_windows': 2, 'weighted': 111.98}",True
nab,realTraffic,realTraffic/speed_t4013.csv,Transformer,True,749,1746,64,10,1,3.0,-0.75,0,2,0.0,"{'tp': 0.0, 'fp': 0.0, 'tn': 499.0, 'fn': 2, 'n_windows': 2, 'weighted': 107.78}","{'tp': 0.0, 'fp': 0.0, 'tn': 499.0, 'fn': 2, 'n_windows': 2, 'weighted': 107.78}","{'tp': 2.2, 'fp': 0.0, 'tn': 499.0, 'fn': 0, 'n_windows': 2, 'weighted': 111.98}",True
nab,realTweets,realTweets/Twitter_volume_FB.csv,IsolationForest,False,4750,11083,64,47,1,4.0,-6.0,5,0,0.0,"{'tp': 0.0, 'fp': 4.0, 'tn': 4750.0, 'fn': 0, 'n_windows': 0, 'weighted': 1044.56}","{'tp': 0.0, 'fp': 0.0, 'tn': 4750.0, 'fn': 0, 'n_windows': 0, 'weighted': 1045.0}","{'tp': 0.0, 'fp': 0.0, 'tn': 4750.0, 'fn': 0, 'n_windows': 0, 'weighted': 1045.0}",True
nab,realTweets,realTweets/Twitter_volume_GOOG.csv,GRU,False,4753,11089,64,190,1,4.0,-6.0,68,0,0.0,"{'tp': 0.0, 'fp': 14.0, 'tn': 4753.0, 'fn': 0, 'n_windows': 0, 'weighted': 1044.1200000000001}","{'tp': 0.0, 'fp': 0.0, 'tn': 4753.0, 'fn': 0, 'n_windows': 0, 'weighted': 1045.66}","{'tp': 0.0, 'fp': 0.0, 'tn': 4753.0, 'fn': 0, 'n_windows': 0, 'weighted': 1045.66}",True
nab,realTweets,realTweets/Twitter_volume_AMZN.csv,TSMixer,True,4749,11082,64,47,1,4.0,-13.0,50,1,35.01554472096603,"{'tp': 1.0898477157360407, 'fp': 12.313829787234042, 'tn': 4354.0, 'fn': 0, 'n_windows': 1, 'weighted': 957.6153264391403}","{'tp': 0.0, 'fp': 0.0, 'tn': 4354.0, 'fn': 1, 'n_windows': 1, 'weighted': 956.88}","{'tp': 1.1, 'fp': 0.0, 'tn': 4354.0, 'fn': 0, 'n_windows': 1, 'weighted': 958.98}",True
nab,realTweets,realTweets/Twitter_volume_AMZN.csv,IsolationForest,True,4749,11082,64,47,1,4.0,-0.0,4,1,95.94271211022567,"{'tp': 1.0697969543147208, 'fp': 0.5, 'tn': 4354.0, 'fn': 0, 'n_windows': 1, 'weighted': 958.8947969543148}","{'tp': 0.0, 'fp': 0.0, 'tn': 4354.0, 'fn': 1, 'n_windows': 1, 'weighted': 956.88}","{'tp': 1.1, 'fp': 0.0, 'tn': 4354.0, 'fn': 0, 'n_windows': 1, 'weighted': 958.98}",True
nab,realTweets,realTweets/Twitter_volume_AMZN.csv,TCN,True,4749,11082,64,189,1,4.0,-21.0,69,1,44.644695765765945,"{'tp': 1.0703045685279189, 'fp': 10.297872340425531, 'tn': 4354.0, 'fn': 0, 'n_windows': 1, 'weighted': 957.8175386110811}","{'tp': 0.0, 'fp': 0.0, 'tn': 4354.0, 'fn': 1, 'n_windows': 1, 'weighted': 956.88}","{'tp': 1.1, 'fp': 0.0, 'tn': 4354.0, 'fn': 0, 'n_windows': 1, 'weighted': 958.98}",True
nab,realTweets,realTweets/Twitter_volume_AMZN.csv,Transformer,True,4749,11082,64,189,1,4.0,-17.0,65,1,44.78972839810765,"{'tp': 1.0733502538071067, 'fp': 10.297872340425531, 'tn': 4354.0, 'fn': 0, 'n_windows': 1, 'weighted': 957.8205842963603}","{'tp': 0.0, 'fp': 0.0, 'tn': 4354.0, 'fn': 1, 'n_windows': 1, 'weighted': 956.88}","{'tp': 1.1, 'fp': 0.0, 'tn': 4354.0, 'fn': 0, 'n_windows': 1, 'weighted': 958.98}",True
nab,realTweets,realTweets/Twitter_volume_FB.csv,GRU,False,4750,11083,64,190,1,4.0,-8.0,63,0,0.0,"{'tp': 0.0, 'fp': 21.0, 'tn': 4750.0, 'fn': 0, 'n_windows': 0, 'weighted': 1042.69}","{'tp': 0.0, 'fp': 0.0, 'tn': 4750.0, 'fn': 0, 'n_windows': 0, 'weighted': 1045.0}","{'tp': 0.0, 'fp': 0.0, 'tn': 4750.0, 'fn': 0, 'n_windows': 0, 'weighted': 1045.0}",True
nab,realTweets,realTweets/Twitter_volume_FB.csv,TCN,False,4750,11083,64,190,1,4.0,-12.0,62,0,0.0,"{'tp': 0.0, 'fp': 23.0, 'tn': 4750.0, 'fn': 0, 'n_windows': 0, 'weighted': 1042.47}","{'tp': 0.0, 'fp': 0.0, 'tn': 4750.0, 'fn': 0, 'n_windows': 0, 'weighted': 1045.0}","{'tp': 0.0, 'fp': 0.0, 'tn': 4750.0, 'fn': 0, 'n_windows': 0, 'weighted': 1045.0}",True
nab,realTweets,realTweets/Twitter_volume_CVS.csv,TSMixer,True,4756,11097,64,190,1,3.5,-17.0,61,1,48.25396825396715,"{'tp': 1.0583333333333333, 'fp': 9.5, 'tn': 4359.0, 'fn': 0, 'n_windows': 1, 'weighted': 958.9933333333333}","{'tp': 0.0, 'fp': 0.0, 'tn': 4359.0, 'fn': 1, 'n_windows': 1, 'weighted': 957.98}","{'tp': 1.1, 'fp': 0.0, 'tn': 4359.0, 'fn': 0, 'n_windows': 1, 'weighted': 960.08}",True
nab,realTweets,realTweets/Twitter_volume_CVS.csv,IsolationForest,True,4756,11097,64,47,1,4.0,-0.0,9,1,-18.333333333332703,"{'tp': 0.0, 'fp': 3.5, 'tn': 4359.0, 'fn': 1, 'n_windows': 1, 'weighted': 957.595}","{'tp': 0.0, 'fp': 0.0, 'tn': 4359.0, 'fn': 1, 'n_windows': 1, 'weighted': 957.98}","{'tp': 1.1, 'fp': 0.0, 'tn': 4359.0, 'fn': 0, 'n_windows': 1, 'weighted': 960.08}",True
nab,realTweets,realTweets/Twitter_volume_IBM.csv,IsolationForest,True,4768,11125,64,190,1,4.0,-3.0,17,1,95.62972292191418,"{'tp': 1.0632241813602015, 'fp': 0.5, 'tn': 3973.0, 'fn': 0, 'n_windows': 1, 'weighted': 875.0682241813603}","{'tp': 0.0, 'fp': 0.0, 'tn': 3973.0, 'fn': 1, 'n_windows': 1, 'weighted': 873.0600000000001}","{'tp': 1.1, 'fp': 0.0, 'tn': 3973.0, 'fn': 0, 'n_windows': 1, 'weighted': 875.1600000000001}",True
nab,realTweets,realTweets/Twitter_volume_KO.csv,GRU,True,4755,11096,64,190,1,4.0,-10.0,74,2,80.30247968405828,"{'tp': 2.1276515151515154, 'fp': 6.863157894736842, 'tn': 3697.0, 'fn': 0, 'n_windows': 2, 'weighted': 814.7127041467305}","{'tp': 0.0, 'fp': 0.0, 'tn': 3697.0, 'fn': 2, 'n_windows': 2, 'weighted': 811.34}","{'tp': 2.2, 'fp': 0.0, 'tn': 3697.0, 'fn': 0, 'n_windows': 2, 'weighted': 815.5400000000001}",True
nab,realTweets,realTweets/Twitter_volume_CVS.csv,TCN,True,4756,11097,64,190,1,4.0,-20.0,80,1,46.62097162096841,"{'tp': 1.079040404040404, 'fp': 10.0, 'tn': 4359.0, 'fn': 0, 'n_windows': 1, 'weighted': 958.9590404040404}","{'tp': 0.0, 'fp': 0.0, 'tn': 4359.0, 'fn': 1, 'n_windows': 1, 'weighted': 957.98}","{'tp': 1.1, 'fp': 0.0, 'tn': 4359.0, 'fn': 0, 'n_windows': 1, 'weighted': 960.08}",True
nab,realTweets,realTweets/Twitter_volume_CVS.csv,Transformer,True,4756,11097,64,190,1,4.0,-15.0,60,1,48.25396825396715,"{'tp': 1.0583333333333333, 'fp': 9.5, 'tn': 4359.0, 'fn': 0, 'n_windows': 1, 'weighted': 958.9933333333333}","{'tp': 0.0, 'fp': 0.0, 'tn': 4359.0, 'fn': 1, 'n_windows': 1, 'weighted': 957.98}","{'tp': 1.1, 'fp': 0.0, 'tn': 4359.0, 'fn': 0, 'n_windows': 1, 'weighted': 960.08}",True
nab,realTweets,realTweets/Twitter_volume_AAPL.csv,Transformer,False,4771,11131,64,80,1,4.0,-9.0,238,0,0.0,"{'tp': 0.0, 'fp': 25.0, 'tn': 4771.0, 'fn': 0, 'n_windows': 0, 'weighted': 1046.8700000000001}","{'tp': 0.0, 'fp': 0.0, 'tn': 4771.0, 'fn': 0, 'n_windows': 0, 'weighted': 1049.6200000000001}","{'tp': 0.0, 'fp': 0.0, 'tn': 4771.0, 'fn': 0, 'n_windows': 0, 'weighted': 1049.6200000000001}",True
nab,realTweets,realTweets/Twitter_volume_AAPL.csv,TSMixer,False,4771,11131,64,80,1,4.0,-11.0,71,0,0.0,"{'tp': 0.0, 'fp': 23.0, 'tn': 4771.0, 'fn': 0, 'n_windows': 0, 'weighted': 1047.0900000000001}","{'tp': 0.0, 'fp': 0.0, 'tn': 4771.0, 'fn': 0, 'n_windows': 0, 'weighted': 1049.6200000000001}","{'tp': 0.0, 'fp': 0.0, 'tn': 4771.0, 'fn': 0, 'n_windows': 0, 'weighted': 1049.6200000000001}",True
nab,realTweets,realTweets/Twitter_volume_GOOG.csv,TSMixer,False,4753,11089,64,47,1,4.0,-8.0,41,0,0.0,"{'tp': 0.0, 'fp': 20.0, 'tn': 4753.0, 'fn': 0, 'n_windows': 0, 'weighted': 1043.46}","{'tp': 0.0, 'fp': 0.0, 'tn': 4753.0, 'fn': 0, 'n_windows': 0, 'weighted': 1045.66}","{'tp': 0.0, 'fp': 0.0, 'tn': 4753.0, 'fn': 0, 'n_windows': 0, 'weighted': 1045.66}",True
nab,realTweets,realTweets/Twitter_volume_GOOG.csv,IsolationForest,False,4753,11089,64,47,1,4.0,-3.0,7,0,0.0,"{'tp': 0.0, 'fp': 4.0, 'tn': 4753.0, 'fn': 0, 'n_windows': 0, 'weighted': 1045.22}","{'tp': 0.0, 'fp': 0.0, 'tn': 4753.0, 'fn': 0, 'n_windows': 0, 'weighted': 1045.66}","{'tp': 0.0, 'fp': 0.0, 'tn': 4753.0, 'fn': 0, 'n_windows': 0, 'weighted': 1045.66}",True
nab,realTweets,realTweets/Twitter_volume_CRM.csv,Transformer,False,4771,11131,64,190,1,3.5,-17.0,92,0,0.0,"{'tp': 0.0, 'fp': 23.0, 'tn': 4771.0, 'fn': 0, 'n_windows': 0, 'weighted': 1047.0900000000001}","{'tp': 0.0, 'fp': 0.0, 'tn': 4771.0, 'fn': 0, 'n_windows': 0, 'weighted': 1049.6200000000001}","{'tp': 0.0, 'fp': 0.0, 'tn': 4771.0, 'fn': 0, 'n_windows': 0, 'weighted': 1049.6200000000001}",True
nab,realTweets,realTweets/Twitter_volume_CRM.csv,TSMixer,False,4771,11131,64,47,3,4.0,-7.0,51,0,0.0,"{'tp': 0.0, 'fp': 16.0, 'tn': 4771.0, 'fn': 0, 'n_windows': 0, 'weighted': 1047.8600000000001}","{'tp': 0.0, 'fp': 0.0, 'tn': 4771.0, 'fn': 0, 'n_windows': 0, 'weighted': 1049.6200000000001}","{'tp': 0.0, 'fp': 0.0, 'tn': 4771.0, 'fn': 0, 'n_windows': 0, 'weighted': 1049.6200000000001}",True
nab,realTweets,realTweets/Twitter_volume_IBM.csv,GRU,True,4768,11125,64,80,1,4.0,-18.0,84,1,30.330441973952535,"{'tp': 1.0848866498740555, 'fp': 13.163157894736843, 'tn': 3973.0, 'fn': 0, 'n_windows': 1, 'weighted': 873.6969392814531}","{'tp': 0.0, 'fp': 0.0, 'tn': 3973.0, 'fn': 1, 'n_windows': 1, 'weighted': 873.0600000000001}","{'tp': 1.1, 'fp': 0.0, 'tn': 3973.0, 'fn': 0, 'n_windows': 1, 'weighted': 875.1600000000001}",True
nab,realTweets,realTweets/Twitter_volume_IBM.csv,TCN,True,4768,11125,64,190,1,4.0,-17.0,68,1,60.319905557342366,"{'tp': 1.099244332493703, 'fp': 7.568421052631579, 'tn': 3973.0, 'fn': 0, 'n_windows': 1, 'weighted': 874.3267180167043}","{'tp': 0.0, 'fp': 0.0, 'tn': 3973.0, 'fn': 1, 'n_windows': 1, 'weighted': 873.0600000000001}","{'tp': 1.1, 'fp': 0.0, 'tn': 3973.0, 'fn': 0, 'n_windows': 1, 'weighted': 875.1600000000001}",True
nab,realTweets,realTweets/Twitter_volume_GOOG.csv,TCN,False,4753,11089,64,47,3,4.0,-11.0,44,0,0.0,"{'tp': 0.0, 'fp': 20.0, 'tn': 4753.0, 'fn': 0, 'n_windows': 0, 'weighted': 1043.46}","{'tp': 0.0, 'fp': 0.0, 'tn': 4753.0, 'fn': 0, 'n_windows': 0, 'weighted': 1045.66}","{'tp': 0.0, 'fp': 0.0, 'tn': 4753.0, 'fn': 0, 'n_windows': 0, 'weighted': 1045.66}",True
nab,realTweets,realTweets/Twitter_volume_GOOG.csv,Transformer,False,4753,11089,64,190,1,4.0,-14.0,98,0,0.0,"{'tp': 0.0, 'fp': 19.0, 'tn': 4753.0, 'fn': 0, 'n_windows': 0, 'weighted': 1043.5700000000002}","{'tp': 0.0, 'fp': 0.0, 'tn': 4753.0, 'fn': 0, 'n_windows': 0, 'weighted': 1045.66}","{'tp': 0.0, 'fp': 0.0, 'tn': 4753.0, 'fn': 0, 'n_windows': 0, 'weighted': 1045.66}",True
nab,realTweets,realTweets/Twitter_volume_PFE.csv,IsolationForest,True,4757,11101,64,47,3,4.0,-3.0,12,1,-13.095238095236871,"{'tp': 0.0, 'fp': 2.5, 'tn': 4360.0, 'fn': 1, 'n_windows': 1, 'weighted': 957.9250000000001}","{'tp': 0.0, 'fp': 0.0, 'tn': 4360.0, 'fn': 1, 'n_windows': 1, 'weighted': 958.2}","{'tp': 1.1, 'fp': 0.0, 'tn': 4360.0, 'fn': 0, 'n_windows': 1, 'weighted': 960.3000000000001}",True
nab,realTweets,realTweets/Twitter_volume_UPS.csv,GRU,False,4760,11106,64,190,1,4.0,-9.0,47,0,0.0,"{'tp': 0.0, 'fp': 13.0, 'tn': 4760.0, 'fn': 0, 'n_windows': 0, 'weighted': 1045.77}","{'tp': 0.0, 'fp': 0.0, 'tn': 4760.0, 'fn': 0, 'n_windows': 0, 'weighted': 1047.2}","{'tp': 0.0, 'fp': 0.0, 'tn': 4760.0, 'fn': 0, 'n_windows': 0, 'weighted': 1047.2}",True
nab,realTweets,realTweets/Twitter_volume_PFE.csv,GRU,True,4757,11101,64,190,1,4.0,-9.0,86,1,47.101972101970254,"{'tp': 1.0891414141414142, 'fp': 10.0, 'tn': 4360.0, 'fn': 0, 'n_windows': 1, 'weighted': 959.1891414141414}","{'tp': 0.0, 'fp': 0.0, 'tn': 4360.0, 'fn': 1, 'n_windows': 1, 'weighted': 958.2}","{'tp': 1.1, 'fp': 0.0, 'tn': 4360.0, 'fn': 0, 'n_windows': 1, 'weighted': 960.3000000000001}",True
nab,realTweets,realTweets/Twitter_volume_PFE.csv,TCN,True,4757,11101,64,190,3,4.0,-12.0,150,1,49.72101972102088,"{'tp': 1.0891414141414142, 'fp': 9.5, 'tn': 4360.0, 'fn': 0, 'n_windows': 1, 'weighted': 959.2441414141415}","{'tp': 0.0, 'fp': 0.0, 'tn': 4360.0, 'fn': 1, 'n_windows': 1, 'weighted': 958.2}","{'tp': 1.1, 'fp': 0.0, 'tn': 4360.0, 'fn': 0, 'n_windows': 1, 'weighted': 960.3000000000001}",True
microsoft,application-crash-rate-1,application-crash-rate-1/app1-01.csv,GRU,True,107,251,25,10,1,3.0,-0.75,0,4,0.0,"{'tp': 0.0, 'fp': 0.0, 'tn': 79.0, 'fn': 4, 'n_windows': 4, 'weighted': 13.379999999999999}","{'tp': 0.0, 'fp': 0.0, 'tn': 79.0, 'fn': 4, 'n_windows': 4, 'weighted': 13.379999999999999}","{'tp': 4.4, 'fp': 0.0, 'tn': 79.0, 'fn': 0, 'n_windows': 4, 'weighted': 21.78}",True
microsoft,application-crash-rate-1,application-crash-rate-1/app1-01.csv,TCN,True,107,251,25,10,1,3.0,-0.75,0,4,0.0,"{'tp': 0.0, 'fp': 0.0, 'tn': 79.0, 'fn': 4, 'n_windows': 4, 'weighted': 13.379999999999999}","{'tp': 0.0, 'fp': 0.0, 'tn': 79.0, 'fn': 4, 'n_windows': 4, 'weighted': 13.379999999999999}","{'tp': 4.4, 'fp': 0.0, 'tn': 79.0, 'fn': 0, 'n_windows': 4, 'weighted': 21.78}",True
microsoft,application-crash-rate-1,application-crash-rate-1/app1-01.csv,IsolationForest,True,107,251,25,20,1,4.0,-0.25,0,4,0.0,"{'tp': 0.0, 'fp': 0.0, 'tn': 79.0, 'fn': 4, 'n_windows': 4, 'weighted': 13.379999999999999}","{'tp': 0.0, 'fp': 0.0, 'tn': 79.0, 'fn': 4, 'n_windows': 4, 'weighted': 13.379999999999999}","{'tp': 4.4, 'fp': 0.0, 'tn': 79.0, 'fn': 0, 'n_windows': 4, 'weighted': 21.78}",True
microsoft,application-crash-rate-1,application-crash-rate-1/app1-02.csv,GRU,True,213,497,50,80,1,4.0,-0.0,14,4,98.67063492063494,"{'tp': 4.288333333333333, 'fp': 0.0, 'tn': 119.0, 'fn': 0, 'n_windows': 4, 'weighted': 30.468333333333334}","{'tp': 0.0, 'fp': 0.0, 'tn': 119.0, 'fn': 4, 'n_windows': 4, 'weighted': 22.18}","{'tp': 4.4, 'fp': 0.0, 'tn': 119.0, 'fn': 0, 'n_windows': 4, 'weighted': 30.58}",True
microsoft,application-crash-rate-1,application-crash-rate-1/app1-01.csv,Transformer,True,107,251,25,10,1,3.0,-0.75,0,4,0.0,"{'tp': 0.0, 'fp': 0.0, 'tn': 79.0, 'fn': 4, 'n_windows': 4, 'weighted': 13.379999999999999}","{'tp': 0.0, 'fp': 0.0, 'tn': 79.0, 'fn': 4, 'n_windows': 4, 'weighted': 13.379999999999999}","{'tp': 4.4, 'fp': 0.0, 'tn': 79.0, 'fn': 0, 'n_windows': 4, 'weighted': 21.78}",True
microsoft,application-crash-rate-1,application-crash-rate-1/app1-01.csv,TSMixer,True,107,251,25,10,1,3.0,-0.75,0,4,0.0,"{'tp': 0.0, 'fp': 0.0, 'tn': 79.0, 'fn': 4, 'n_windows': 4, 'weighted': 13.379999999999999}","{'tp': 0.0, 'fp': 0.0, 'tn': 79.0, 'fn': 4, 'n_windows': 4, 'weighted': 13.379999999999999}","{'tp': 4.4, 'fp': 0.0, 'tn': 79.0, 'fn': 0, 'n_windows': 4, 'weighted': 21.78}",True
nab,realTweets,realTweets/Twitter_volume_FB.csv,Transformer,False,4750,11083,64,190,1,3.5,-7.0,56,0,0.0,"{'tp': 0.0, 'fp': 23.0, 'tn': 4750.0, 'fn': 0, 'n_windows': 0, 'weighted': 1042.47}","{'tp': 0.0, 'fp': 0.0, 'tn': 4750.0, 'fn': 0, 'n_windows': 0, 'weighted': 1045.0}","{'tp': 0.0, 'fp': 0.0, 'tn': 4750.0, 'fn': 0, 'n_windows': 0, 'weighted': 1045.0}",True
nab,realTweets,realTweets/Twitter_volume_FB.csv,TSMixer,False,4750,11083,64,190,1,4.0,-6.0,46,0,0.0,"{'tp': 0.0, 'fp': 22.0, 'tn': 4750.0, 'fn': 0, 'n_windows': 0, 'weighted': 1042.58}","{'tp': 0.0, 'fp': 0.0, 'tn': 4750.0, 'fn': 0, 'n_windows': 0, 'weighted': 1045.0}","{'tp': 0.0, 'fp': 0.0, 'tn': 4750.0, 'fn': 0, 'n_windows': 0, 'weighted': 1045.0}",True
nab,realTweets,realTweets/Twitter_volume_KO.csv,TSMixer,True,4755,11096,64,190,1,4.0,-7.0,51,2,78.97942773600552,"{'tp': 2.127083333333333, 'fp': 7.363157894736842, 'tn': 3697.0, 'fn': 0, 'n_windows': 2, 'weighted': 814.6571359649123}","{'tp': 0.0, 'fp': 0.0, 'tn': 3697.0, 'fn': 2, 'n_windows': 2, 'weighted': 811.34}","{'tp': 2.2, 'fp': 0.0, 'tn': 3697.0, 'fn': 0, 'n_windows': 2, 'weighted': 815.5400000000001}",True
nab,realTweets,realTweets/Twitter_volume_KO.csv,IsolationForest,True,4755,11096,64,47,1,4.0,-0.0,30,2,90.40674603174607,"{'tp': 2.127083333333333, 'fp': 3.0, 'tn': 3697.0, 'fn': 0, 'n_windows': 2, 'weighted': 815.1370833333334}","{'tp': 0.0, 'fp': 0.0, 'tn': 3697.0, 'fn': 2, 'n_windows': 2, 'weighted': 811.34}","{'tp': 2.2, 'fp': 0.0, 'tn': 3697.0, 'fn': 0, 'n_windows': 2, 'weighted': 815.5400000000001}",True
microsoft,application-crash-rate-1,application-crash-rate-1/app1-03.csv,GRU,True,213,497,50,80,1,2.5,-0.0,2,1,98.57142857142851,"{'tp': 1.07, 'fp': 0.0, 'tn': 192.0, 'fn': 0, 'n_windows': 1, 'weighted': 43.31}","{'tp': 0.0, 'fp': 0.0, 'tn': 192.0, 'fn': 1, 'n_windows': 1, 'weighted': 41.24}","{'tp': 1.1, 'fp': 0.0, 'tn': 192.0, 'fn': 0, 'n_windows': 1, 'weighted': 43.34}",True
microsoft,application-crash-rate-1,application-crash-rate-1/app1-03.csv,TCN,True,213,497,50,80,1,3.0,-0.0,3,1,92.85714285714293,"{'tp': 1.06, 'fp': 1.0, 'tn': 192.0, 'fn': 0, 'n_windows': 1, 'weighted': 43.190000000000005}","{'tp': 0.0, 'fp': 0.0, 'tn': 192.0, 'fn': 1, 'n_windows': 1, 'weighted': 41.24}","{'tp': 1.1, 'fp': 0.0, 'tn': 192.0, 'fn': 0, 'n_windows': 1, 'weighted': 43.34}",True
microsoft,application-crash-rate-1,application-crash-rate-1/app1-02.csv,TCN,True,213,497,50,80,1,3.5,-0.0,14,4,98.96825396825398,"{'tp': 4.313333333333333, 'fp': 0.0, 'tn': 119.0, 'fn': 0, 'n_windows': 4, 'weighted': 30.493333333333332}","{'tp': 0.0, 'fp': 0.0, 'tn': 119.0, 'fn': 4, 'n_windows': 4, 'weighted': 22.18}","{'tp': 4.4, 'fp': 0.0, 'tn': 119.0, 'fn': 0, 'n_windows': 4, 'weighted': 30.58}",True
microsoft,application-crash-rate-1,application-crash-rate-1/app1-02.csv,Transformer,True,213,497,50,80,1,4.0,-0.0,14,4,98.67063492063494,"{'tp': 4.288333333333333, 'fp': 0.0, 'tn': 119.0, 'fn': 0, 'n_windows': 4, 'weighted': 30.468333333333334}","{'tp': 0.0, 'fp': 0.0, 'tn': 119.0, 'fn': 4, 'n_windows': 4, 'weighted': 22.18}","{'tp': 4.4, 'fp': 0.0, 'tn': 119.0, 'fn': 0, 'n_windows': 4, 'weighted': 30.58}",True
microsoft,application-crash-rate-1,application-crash-rate-1/app1-03.csv,IsolationForest,True,213,497,50,80,1,3.0,-0.0,15,1,95.47619047619054,"{'tp': 1.06, 'fp': 0.5, 'tn': 192.0, 'fn': 0, 'n_windows': 1, 'weighted': 43.245000000000005}","{'tp': 0.0, 'fp': 0.0, 'tn': 192.0, 'fn': 1, 'n_windows': 1, 'weighted': 41.24}","{'tp': 1.1, 'fp': 0.0, 'tn': 192.0, 'fn': 0, 'n_windows': 1, 'weighted': 43.34}",True
microsoft,application-crash-rate-1,application-crash-rate-1/app1-04.csv,GRU,True,213,497,50,80,1,2.5,-0.0,0,6,0.0,"{'tp': 0.0, 'fp': 0.0, 'tn': 165.0, 'fn': 6, 'n_windows': 6, 'weighted': 30.299999999999997}","{'tp': 0.0, 'fp': 0.0, 'tn': 165.0, 'fn': 6, 'n_windows': 6, 'weighted': 30.299999999999997}","{'tp': 6.6000000000000005, 'fp': 0.0, 'tn': 165.0, 'fn': 0, 'n_windows': 6, 'weighted': 42.9}",True
nab,realTweets,realTweets/Twitter_volume_KO.csv,TCN,True,4755,11096,64,47,3,4.0,-16.0,89,2,73.76735399103637,"{'tp': 2.181439393939394, 'fp': 9.847368421052632, 'tn': 3697.0, 'fn': 0, 'n_windows': 2, 'weighted': 814.4382288676236}","{'tp': 0.0, 'fp': 0.0, 'tn': 3697.0, 'fn': 2, 'n_windows': 2, 'weighted': 811.34}","{'tp': 2.2, 'fp': 0.0, 'tn': 3697.0, 'fn': 0, 'n_windows': 2, 'weighted': 815.5400000000001}",True
nab,realTweets,realTweets/Twitter_volume_KO.csv,Transformer,True,4755,11096,64,190,1,3.5,-9.0,54,2,80.30247968405828,"{'tp': 2.1276515151515154, 'fp': 6.863157894736842, 'tn': 3697.0, 'fn': 0, 'n_windows': 2, 'weighted': 814.7127041467305}","{'tp': 0.0, 'fp': 0.0, 'tn': 3697.0, 'fn': 2, 'n_windows': 2, 'weighted': 811.34}","{'tp': 2.2, 'fp': 0.0, 'tn': 3697.0, 'fn': 0, 'n_windows': 2, 'weighted': 815.5400000000001}",True
microsoft,application-crash-rate-1,application-crash-rate-1/app1-02.csv,TSMixer,True,213,497,50,80,1,4.0,-0.0,16,4,98.01587301587305,"{'tp': 4.288333333333333, 'fp': 0.5, 'tn': 119.0, 'fn': 0, 'n_windows': 4, 'weighted': 30.413333333333334}","{'tp': 0.0, 'fp': 0.0, 'tn': 119.0, 'fn': 4, 'n_windows': 4, 'weighted': 22.18}","{'tp': 4.4, 'fp': 0.0, 'tn': 119.0, 'fn': 0, 'n_windows': 4, 'weighted': 30.58}",True
microsoft,application-crash-rate-1,application-crash-rate-1/app1-02.csv,IsolationForest,True,213,497,50,80,1,2.5,-0.0,11,4,24.444444444444464,"{'tp': 1.0533333333333332, 'fp': 0.0, 'tn': 119.0, 'fn': 3, 'n_windows': 4, 'weighted': 24.233333333333334}","{'tp': 0.0, 'fp': 0.0, 'tn': 119.0, 'fn': 4, 'n_windows': 4, 'weighted': 22.18}","{'tp': 4.4, 'fp': 0.0, 'tn': 119.0, 'fn': 0, 'n_windows': 4, 'weighted': 30.58}",True
microsoft,application-crash-rate-1,application-crash-rate-1/app1-04.csv,TSMixer,True,213,497,50,80,1,2.5,-0.0,0,6,0.0,"{'tp': 0.0, 'fp': 0.0, 'tn': 165.0, 'fn': 6, 'n_windows': 6, 'weighted': 30.299999999999997}","{'tp': 0.0, 'fp': 0.0, 'tn': 165.0, 'fn': 6, 'n_windows': 6, 'weighted': 30.299999999999997}","{'tp': 6.6000000000000005, 'fp': 0.0, 'tn': 165.0, 'fn': 0, 'n_windows': 6, 'weighted': 42.9}",True
microsoft,application-crash-rate-1,application-crash-rate-1/app1-04.csv,IsolationForest,True,213,497,50,80,1,2.5,-0.0,20,6,49.04609279609278,"{'tp': 3.1798076923076923, 'fp': 0.0, 'tn': 165.0, 'fn': 3, 'n_windows': 6, 'weighted': 36.47980769230769}","{'tp': 0.0, 'fp': 0.0, 'tn': 165.0, 'fn': 6, 'n_windows': 6, 'weighted': 30.299999999999997}","{'tp': 6.6000000000000005, 'fp': 0.0, 'tn': 165.0, 'fn': 0, 'n_windows': 6, 'weighted': 42.9}",True
microsoft,application-crash-rate-1,application-crash-rate-1/app1-04.csv,TCN,True,213,497,50,80,1,2.5,-0.0,0,6,0.0,"{'tp': 0.0, 'fp': 0.0, 'tn': 165.0, 'fn': 6, 'n_windows': 6, 'weighted': 30.299999999999997}","{'tp': 0.0, 'fp': 0.0, 'tn': 165.0, 'fn': 6, 'n_windows': 6, 'weighted': 30.299999999999997}","{'tp': 6.6000000000000005, 'fp': 0.0, 'tn': 165.0, 'fn': 0, 'n_windows': 6, 'weighted': 42.9}",True
microsoft,application-crash-rate-1,application-crash-rate-1/app1-04.csv,Transformer,True,213,497,50,80,1,2.5,-0.0,0,6,0.0,"{'tp': 0.0, 'fp': 0.0, 'tn': 165.0, 'fn': 6, 'n_windows': 6, 'weighted': 30.299999999999997}","{'tp': 0.0, 'fp': 0.0, 'tn': 165.0, 'fn': 6, 'n_windows': 6, 'weighted': 30.299999999999997}","{'tp': 6.6000000000000005, 'fp': 0.0, 'tn': 165.0, 'fn': 0, 'n_windows': 6, 'weighted': 42.9}",True
microsoft,application-crash-rate-1,application-crash-rate-1/app1-05.csv,GRU,True,213,497,50,80,1,2.5,-0.0,0,7,0.0,"{'tp': 0.0, 'fp': 0.0, 'tn': 187.0, 'fn': 7, 'n_windows': 7, 'weighted': 34.14}","{'tp': 0.0, 'fp': 0.0, 'tn': 187.0, 'fn': 7, 'n_windows': 7, 'weighted': 34.14}","{'tp': 7.700000000000001, 'fp': 0.0, 'tn': 187.0, 'fn': 0, 'n_windows': 7, 'weighted': 48.84}",True
microsoft,application-crash-rate-1,application-crash-rate-1/app1-05.csv,TCN,True,213,497,50,80,1,2.5,-0.0,0,7,0.0,"{'tp': 0.0, 'fp': 0.0, 'tn': 187.0, 'fn': 7, 'n_windows': 7, 'weighted': 34.14}","{'tp': 0.0, 'fp': 0.0, 'tn': 187.0, 'fn': 7, 'n_windows': 7, 'weighted': 34.14}","{'tp': 7.700000000000001, 'fp': 0.0, 'tn': 187.0, 'fn': 0, 'n_windows': 7, 'weighted': 48.84}",True
microsoft,application-crash-rate-1,application-crash-rate-1/app1-05.csv,Transformer,True,213,497,50,80,1,2.5,-0.0,0,7,0.0,"{'tp': 0.0, 'fp': 0.0, 'tn': 187.0, 'fn': 7, 'n_windows': 7, 'weighted': 34.14}","{'tp': 0.0, 'fp': 0.0, 'tn': 187.0, 'fn': 7, 'n_windows': 7, 'weighted': 34.14}","{'tp': 7.700000000000001, 'fp': 0.0, 'tn': 187.0, 'fn': 0, 'n_windows': 7, 'weighted': 48.84}",True
microsoft,application-crash-rate-1,application-crash-rate-1/app1-05.csv,TSMixer,True,213,497,50,80,1,2.5,-0.0,0,7,0.0,"{'tp': 0.0, 'fp': 0.0, 'tn': 187.0, 'fn': 7, 'n_windows': 7, 'weighted': 34.14}","{'tp': 0.0, 'fp': 0.0, 'tn': 187.0, 'fn': 7, 'n_windows': 7, 'weighted': 34.14}","{'tp': 7.700000000000001, 'fp': 0.0, 'tn': 187.0, 'fn': 0, 'n_windows': 7, 'weighted': 48.84}",True
microsoft,application-crash-rate-1,application-crash-rate-1/app1-05.csv,IsolationForest,True,213,497,50,80,1,2.5,-0.0,8,7,13.63945578231294,"{'tp': 1.06, 'fp': 0.5, 'tn': 187.0, 'fn': 6, 'n_windows': 7, 'weighted': 36.145}","{'tp': 0.0, 'fp': 0.0, 'tn': 187.0, 'fn': 7, 'n_windows': 7, 'weighted': 34.14}","{'tp': 7.700000000000001, 'fp': 0.0, 'tn': 187.0, 'fn': 0, 'n_windows': 7, 'weighted': 48.84}",True
microsoft,application-crash-rate-1,application-crash-rate-1/app1-06.csv,GRU,True,213,497,50,80,1,2.5,-0.0,0,2,0.0,"{'tp': 0.0, 'fp': 0.0, 'tn': 197.0, 'fn': 2, 'n_windows': 2, 'weighted': 41.34}","{'tp': 0.0, 'fp': 0.0, 'tn': 197.0, 'fn': 2, 'n_windows': 2, 'weighted': 41.34}","{'tp': 2.2, 'fp': 0.0, 'tn': 197.0, 'fn': 0, 'n_windows': 2, 'weighted': 45.540000000000006}",True
microsoft,application-crash-rate-1,application-crash-rate-1/app1-06.csv,TCN,True,213,497,50,80,1,2.5,-0.0,0,2,0.0,"{'tp': 0.0, 'fp': 0.0, 'tn': 197.0, 'fn': 2, 'n_windows': 2, 'weighted': 41.34}","{'tp': 0.0, 'fp': 0.0, 'tn': 197.0, 'fn': 2, 'n_windows': 2, 'weighted': 41.34}","{'tp': 2.2, 'fp': 0.0, 'tn': 197.0, 'fn': 0, 'n_windows': 2, 'weighted': 45.540000000000006}",True
microsoft,application-crash-rate-1,application-crash-rate-1/app1-06.csv,Transformer,True,213,497,50,80,1,2.5,-0.0,0,2,0.0,"{'tp': 0.0, 'fp': 0.0, 'tn': 197.0, 'fn': 2, 'n_windows': 2, 'weighted': 41.34}","{'tp': 0.0, 'fp': 0.0, 'tn': 197.0, 'fn': 2, 'n_windows': 2, 'weighted': 41.34}","{'tp': 2.2, 'fp': 0.0, 'tn': 197.0, 'fn': 0, 'n_windows': 2, 'weighted': 45.540000000000006}",True
microsoft,application-crash-rate-1,application-crash-rate-1/app1-06.csv,TSMixer,True,213,497,50,80,1,2.5,-0.0,0,2,0.0,"{'tp': 0.0, 'fp': 0.0, 'tn': 197.0, 'fn': 2, 'n_windows': 2, 'weighted': 41.34}","{'tp': 0.0, 'fp': 0.0, 'tn': 197.0, 'fn': 2, 'n_windows': 2, 'weighted': 41.34}","{'tp': 2.2, 'fp': 0.0, 'tn': 197.0, 'fn': 0, 'n_windows': 2, 'weighted': 45.540000000000006}",True
microsoft,application-crash-rate-1,application-crash-rate-1/app1-06.csv,IsolationForest,True,213,497,50,20,1,3.5,-0.25,1,2,48.80952380952371,"{'tp': 1.05, 'fp': 0.0, 'tn': 197.0, 'fn': 1, 'n_windows': 2, 'weighted': 43.39}","{'tp': 0.0, 'fp': 0.0, 'tn': 197.0, 'fn': 2, 'n_windows': 2, 'weighted': 41.34}","{'tp': 2.2, 'fp': 0.0, 'tn': 197.0, 'fn': 0, 'n_windows': 2, 'weighted': 45.540000000000006}",True
microsoft,application-crash-rate-1,application-crash-rate-1/app1-03.csv,Transformer,True,213,497,50,80,1,2.5,-0.0,3,1,95.95238095238092,"{'tp': 1.07, 'fp': 0.5, 'tn': 192.0, 'fn': 0, 'n_windows': 1, 'weighted': 43.255}","{'tp': 0.0, 'fp': 0.0, 'tn': 192.0, 'fn': 1, 'n_windows': 1, 'weighted': 41.24}","{'tp': 1.1, 'fp': 0.0, 'tn': 192.0, 'fn': 0, 'n_windows': 1, 'weighted': 43.34}",True
microsoft,application-crash-rate-1,application-crash-rate-1/app1-03.csv,TSMixer,True,213,497,50,80,1,3.5,-0.0,5,1,90.71428571428571,"{'tp': 1.07, 'fp': 1.5, 'tn': 192.0, 'fn': 0, 'n_windows': 1, 'weighted': 43.145}","{'tp': 0.0, 'fp': 0.0, 'tn': 192.0, 'fn': 1, 'n_windows': 1, 'weighted': 41.24}","{'tp': 1.1, 'fp': 0.0, 'tn': 192.0, 'fn': 0, 'n_windows': 1, 'weighted': 43.34}",True
microsoft,application-crash-rate-1,application-crash-rate-1/app1-07.csv,GRU,True,213,497,50,80,1,3.5,-0.0,3,1,99.0476190476189,"{'tp': 1.08, 'fp': 0.0, 'tn': 207.0, 'fn': 0, 'n_windows': 1, 'weighted': 46.62}","{'tp': 0.0, 'fp': 0.0, 'tn': 207.0, 'fn': 1, 'n_windows': 1, 'weighted': 44.54}","{'tp': 1.1, 'fp': 0.0, 'tn': 207.0, 'fn': 0, 'n_windows': 1, 'weighted': 46.64}",True
microsoft,application-crash-rate-1,application-crash-rate-1/app1-07.csv,TCN,True,213,497,50,80,1,3.0,-0.0,11,1,83.98809523809527,"{'tp': 1.08, 'fp': 2.875, 'tn': 207.0, 'fn': 0, 'n_windows': 1, 'weighted': 46.30375}","{'tp': 0.0, 'fp': 0.0, 'tn': 207.0, 'fn': 1, 'n_windows': 1, 'weighted': 44.54}","{'tp': 1.1, 'fp': 0.0, 'tn': 207.0, 'fn': 0, 'n_windows': 1, 'weighted': 46.64}",True
microsoft,application-crash-rate-1,application-crash-rate-1/app1-07.csv,IsolationForest,True,213,497,50,80,1,2.5,-0.0,15,1,86.60714285714286,"{'tp': 1.08, 'fp': 2.375, 'tn': 207.0, 'fn': 0, 'n_windows': 1, 'weighted': 46.35875}","{'tp': 0.0, 'fp': 0.0, 'tn': 207.0, 'fn': 1, 'n_windows': 1, 'weighted': 44.54}","{'tp': 1.1, 'fp': 0.0, 'tn': 207.0, 'fn': 0, 'n_windows': 1, 'weighted': 46.64}",True
microsoft,application-crash-rate-1,application-crash-rate-1/app1-08.csv,GRU,True,213,497,50,20,1,4.0,-0.25,3,6,49.14021164021166,"{'tp': 3.1916666666666664, 'fp': 0.0, 'tn': 180.0, 'fn': 3, 'n_windows': 6, 'weighted': 39.79166666666667}","{'tp': 0.0, 'fp': 0.0, 'tn': 180.0, 'fn': 6, 'n_windows': 6, 'weighted': 33.6}","{'tp': 6.6000000000000005, 'fp': 0.0, 'tn': 180.0, 'fn': 0, 'n_windows': 6, 'weighted': 46.2}",True
microsoft,application-crash-rate-1,application-crash-rate-1/app1-09.csv,GRU,True,53,123,16,20,1,2.5,-0.25,4,1,96.58730158730165,"{'tp': 1.0833333333333333, 'fp': 0.5, 'tn': 46.0, 'fn': 0, 'n_windows': 1, 'weighted': 11.148333333333333}","{'tp': 0.0, 'fp': 0.0, 'tn': 46.0, 'fn': 1, 'n_windows': 1, 'weighted': 9.12}","{'tp': 1.1, 'fp': 0.0, 'tn': 46.0, 'fn': 0, 'n_windows': 1, 'weighted': 11.219999999999999}",True
microsoft,application-crash-rate-1,application-crash-rate-1/app1-09.csv,TCN,True,53,123,16,20,1,2.5,-0.25,2,1,96.58730158730165,"{'tp': 1.0833333333333333, 'fp': 0.5, 'tn': 46.0, 'fn': 0, 'n_windows': 1, 'weighted': 11.148333333333333}","{'tp': 0.0, 'fp': 0.0, 'tn': 46.0, 'fn': 1, 'n_windows': 1, 'weighted': 9.12}","{'tp': 1.1, 'fp': 0.0, 'tn': 46.0, 'fn': 0, 'n_windows': 1, 'weighted': 11.219999999999999}",True
microsoft,application-crash-rate-1,application-crash-rate-1/app1-09.csv,Transformer,True,53,123,16,20,1,2.5,-0.25,5,1,93.96825396825395,"{'tp': 1.0833333333333333, 'fp': 1.0, 'tn': 46.0, 'fn': 0, 'n_windows': 1, 'weighted': 11.093333333333332}","{'tp': 0.0, 'fp': 0.0, 'tn': 46.0, 'fn': 1, 'n_windows': 1, 'weighted': 9.12}","{'tp': 1.1, 'fp': 0.0, 'tn': 46.0, 'fn': 0, 'n_windows': 1, 'weighted': 11.219999999999999}",True
microsoft,application-crash-rate-1,application-crash-rate-1/app1-09.csv,TSMixer,True,53,123,16,20,1,2.5,-0.25,5,1,93.96825396825395,"{'tp': 1.0833333333333333, 'fp': 1.0, 'tn': 46.0, 'fn': 0, 'n_windows': 1, 'weighted': 11.093333333333332}","{'tp': 0.0, 'fp': 0.0, 'tn': 46.0, 'fn': 1, 'n_windows': 1, 'weighted': 9.12}","{'tp': 1.1, 'fp': 0.0, 'tn': 46.0, 'fn': 0, 'n_windows': 1, 'weighted': 11.219999999999999}",True
nab,realTweets,realTweets/Twitter_volume_IBM.csv,Transformer,True,4768,11125,64,80,1,3.5,-16.0,69,1,44.578050920752325,"{'tp': 1.099244332493703, 'fp': 10.573684210526316, 'tn': 3973.0, 'fn': 0, 'n_windows': 1, 'weighted': 873.9961390693359}","{'tp': 0.0, 'fp': 0.0, 'tn': 3973.0, 'fn': 1, 'n_windows': 1, 'weighted': 873.0600000000001}","{'tp': 1.1, 'fp': 0.0, 'tn': 3973.0, 'fn': 0, 'n_windows': 1, 'weighted': 875.1600000000001}",True
nab,realTweets,realTweets/Twitter_volume_IBM.csv,TSMixer,True,4768,11125,64,47,1,4.0,-16.0,62,1,44.60561984306028,"{'tp': 1.099244332493703, 'fp': 10.568421052631578, 'tn': 3973.0, 'fn': 0, 'n_windows': 1, 'weighted': 873.9967180167043}","{'tp': 0.0, 'fp': 0.0, 'tn': 3973.0, 'fn': 1, 'n_windows': 1, 'weighted': 873.0600000000001}","{'tp': 1.1, 'fp': 0.0, 'tn': 3973.0, 'fn': 0, 'n_windows': 1, 'weighted': 875.1600000000001}",True
microsoft,application-crash-rate-1,application-crash-rate-1/app1-08.csv,TCN,True,213,497,50,10,1,3.0,-0.75,0,6,0.0,"{'tp': 0.0, 'fp': 0.0, 'tn': 180.0, 'fn': 6, 'n_windows': 6, 'weighted': 33.6}","{'tp': 0.0, 'fp': 0.0, 'tn': 180.0, 'fn': 6, 'n_windows': 6, 'weighted': 33.6}","{'tp': 6.6000000000000005, 'fp': 0.0, 'tn': 180.0, 'fn': 0, 'n_windows': 6, 'weighted': 46.2}",True
microsoft,application-crash-rate-1,application-crash-rate-1/app1-08.csv,Transformer,True,213,497,50,10,1,3.0,-0.75,0,6,0.0,"{'tp': 0.0, 'fp': 0.0, 'tn': 180.0, 'fn': 6, 'n_windows': 6, 'weighted': 33.6}","{'tp': 0.0, 'fp': 0.0, 'tn': 180.0, 'fn': 6, 'n_windows': 6, 'weighted': 33.6}","{'tp': 6.6000000000000005, 'fp': 0.0, 'tn': 180.0, 'fn': 0, 'n_windows': 6, 'weighted': 46.2}",True
microsoft,application-crash-rate-1,application-crash-rate-1/app1-09.csv,IsolationForest,True,53,123,16,20,1,2.5,-0.25,2,1,97.3809523809524,"{'tp': 1.1, 'fp': 0.5, 'tn': 46.0, 'fn': 0, 'n_windows': 1, 'weighted': 11.165}","{'tp': 0.0, 'fp': 0.0, 'tn': 46.0, 'fn': 1, 'n_windows': 1, 'weighted': 9.12}","{'tp': 1.1, 'fp': 0.0, 'tn': 46.0, 'fn': 0, 'n_windows': 1, 'weighted': 11.219999999999999}",True
microsoft,application-crash-rate-2,application-crash-rate-2/app2-01.csv,GRU,True,334,780,64,80,3,3.0,-0.0,26,2,92.20521541950122,"{'tp': 2.1476190476190475, 'fp': 2.5, 'tn': 312.0, 'fn': 0, 'n_windows': 2, 'weighted': 70.51261904761905}","{'tp': 0.0, 'fp': 0.0, 'tn': 312.0, 'fn': 2, 'n_windows': 2, 'weighted': 66.64}","{'tp': 2.2, 'fp': 0.0, 'tn': 312.0, 'fn': 0, 'n_windows': 2, 'weighted': 70.84}",True
microsoft,application-crash-rate-1,application-crash-rate-1/app1-08.csv,TSMixer,True,213,497,50,10,1,3.0,-0.75,0,6,0.0,"{'tp': 0.0, 'fp': 0.0, 'tn': 180.0, 'fn': 6, 'n_windows': 6, 'weighted': 33.6}","{'tp': 0.0, 'fp': 0.0, 'tn': 180.0, 'fn': 6, 'n_windows': 6, 'weighted': 33.6}","{'tp': 6.6000000000000005, 'fp': 0.0, 'tn': 180.0, 'fn': 0, 'n_windows': 6, 'weighted': 46.2}",True
microsoft,application-crash-rate-1,application-crash-rate-1/app1-08.csv,IsolationForest,True,213,497,50,80,1,3.5,-0.0,7,6,48.08531746031748,"{'tp': 3.1550000000000002, 'fp': 0.875, 'tn': 180.0, 'fn': 3, 'n_windows': 6, 'weighted': 39.658750000000005}","{'tp': 0.0, 'fp': 0.0, 'tn': 180.0, 'fn': 6, 'n_windows': 6, 'weighted': 33.6}","{'tp': 6.6000000000000005, 'fp': 0.0, 'tn': 180.0, 'fn': 0, 'n_windows': 6, 'weighted': 46.2}",True
nab,realTweets,realTweets/Twitter_volume_UPS.csv,TSMixer,False,4760,11106,64,190,1,4.0,-9.0,56,0,0.0,"{'tp': 0.0, 'fp': 19.0, 'tn': 4760.0, 'fn': 0, 'n_windows': 0, 'weighted': 1045.1100000000001}","{'tp': 0.0, 'fp': 0.0, 'tn': 4760.0, 'fn': 0, 'n_windows': 0, 'weighted': 1047.2}","{'tp': 0.0, 'fp': 0.0, 'tn': 4760.0, 'fn': 0, 'n_windows': 0, 'weighted': 1047.2}",True
nab,realTweets,realTweets/Twitter_volume_UPS.csv,IsolationForest,False,4760,11106,64,95,1,4.0,-0.0,92,0,0.0,"{'tp': 0.0, 'fp': 14.0, 'tn': 4760.0, 'fn': 0, 'n_windows': 0, 'weighted': 1045.66}","{'tp': 0.0, 'fp': 0.0, 'tn': 4760.0, 'fn': 0, 'n_windows': 0, 'weighted': 1047.2}","{'tp': 0.0, 'fp': 0.0, 'tn': 4760.0, 'fn': 0, 'n_windows': 0, 'weighted': 1047.2}",True
nab,realTweets,realTweets/Twitter_volume_UPS.csv,TCN,False,4760,11106,64,190,3,4.0,-9.0,108,0,0.0,"{'tp': 0.0, 'fp': 15.0, 'tn': 4760.0, 'fn': 0, 'n_windows': 0, 'weighted': 1045.55}","{'tp': 0.0, 'fp': 0.0, 'tn': 4760.0, 'fn': 0, 'n_windows': 0, 'weighted': 1047.2}","{'tp': 0.0, 'fp': 0.0, 'tn': 4760.0, 'fn': 0, 'n_windows': 0, 'weighted': 1047.2}",True
nab,realTweets,realTweets/Twitter_volume_UPS.csv,Transformer,False,4760,11106,64,190,1,3.5,-8.0,95,0,0.0,"{'tp': 0.0, 'fp': 20.0, 'tn': 4760.0, 'fn': 0, 'n_windows': 0, 'weighted': 1045.0}","{'tp': 0.0, 'fp': 0.0, 'tn': 4760.0, 'fn': 0, 'n_windows': 0, 'weighted': 1047.2}","{'tp': 0.0, 'fp': 0.0, 'tn': 4760.0, 'fn': 0, 'n_windows': 0, 'weighted': 1047.2}",True
microsoft,application-crash-rate-1,application-crash-rate-1/app1-07.csv,Transformer,True,213,497,50,80,1,3.5,-0.0,3,1,99.0476190476189,"{'tp': 1.08, 'fp': 0.0, 'tn': 207.0, 'fn': 0, 'n_windows': 1, 'weighted': 46.62}","{'tp': 0.0, 'fp': 0.0, 'tn': 207.0, 'fn': 1, 'n_windows': 1, 'weighted': 44.54}","{'tp': 1.1, 'fp': 0.0, 'tn': 207.0, 'fn': 0, 'n_windows': 1, 'weighted': 46.64}",True
microsoft,application-crash-rate-1,application-crash-rate-1/app1-07.csv,TSMixer,True,213,497,50,80,1,3.5,-0.0,6,1,91.19047619047609,"{'tp': 1.08, 'fp': 1.5, 'tn': 207.0, 'fn': 0, 'n_windows': 1, 'weighted': 46.455}","{'tp': 0.0, 'fp': 0.0, 'tn': 207.0, 'fn': 1, 'n_windows': 1, 'weighted': 44.54}","{'tp': 1.1, 'fp': 0.0, 'tn': 207.0, 'fn': 0, 'n_windows': 1, 'weighted': 46.64}",True
microsoft,application-crash-rate-2,application-crash-rate-2/app2-02.csv,IsolationForest,True,335,782,64,20,1,4.0,-0.25,0,2,0.0,"{'tp': 0.0, 'fp': 0.0, 'tn': 307.0, 'fn': 2, 'n_windows': 2, 'weighted': 65.54}","{'tp': 0.0, 'fp': 0.0, 'tn': 307.0, 'fn': 2, 'n_windows': 2, 'weighted': 65.54}","{'tp': 2.2, 'fp': 0.0, 'tn': 307.0, 'fn': 0, 'n_windows': 2, 'weighted': 69.74000000000001}",True
microsoft,application-crash-rate-2,application-crash-rate-2/app2-03.csv,GRU,True,335,783,64,10,1,3.0,-0.75,0,1,0.0,"{'tp': 0.0, 'fp': 0.0, 'tn': 328.0, 'fn': 1, 'n_windows': 1, 'weighted': 71.16}","{'tp': 0.0, 'fp': 0.0, 'tn': 328.0, 'fn': 1, 'n_windows': 1, 'weighted': 71.16}","{'tp': 1.1, 'fp': 0.0, 'tn': 328.0, 'fn': 0, 'n_windows': 1, 'weighted': 73.25999999999999}",True
microsoft,application-crash-rate-2,application-crash-rate-2/app2-01.csv,TSMixer,True,334,780,64,80,1,4.0,-0.0,10,2,94.82426303854882,"{'tp': 2.1476190476190475, 'fp': 1.5, 'tn': 312.0, 'fn': 0, 'n_windows': 2, 'weighted': 70.62261904761905}","{'tp': 0.0, 'fp': 0.0, 'tn': 312.0, 'fn': 2, 'n_windows': 2, 'weighted': 66.64}","{'tp': 2.2, 'fp': 0.0, 'tn': 312.0, 'fn': 0, 'n_windows': 2, 'weighted': 70.84}",True
microsoft,application-crash-rate-2,application-crash-rate-2/app2-01.csv,IsolationForest,True,334,780,64,80,1,2.5,-0.0,33,2,89.33390022675722,"{'tp': 2.1095238095238096, 'fp': 3.25, 'tn': 312.0, 'fn': 0, 'n_windows': 2, 'weighted': 70.3920238095238}","{'tp': 0.0, 'fp': 0.0, 'tn': 312.0, 'fn': 2, 'n_windows': 2, 'weighted': 66.64}","{'tp': 2.2, 'fp': 0.0, 'tn': 312.0, 'fn': 0, 'n_windows': 2, 'weighted': 70.84}",True
microsoft,application-crash-rate-2,application-crash-rate-2/app2-02.csv,GRU,True,335,782,64,10,1,3.0,-0.75,0,2,0.0,"{'tp': 0.0, 'fp': 0.0, 'tn': 307.0, 'fn': 2, 'n_windows': 2, 'weighted': 65.54}","{'tp': 0.0, 'fp': 0.0, 'tn': 307.0, 'fn': 2, 'n_windows': 2, 'weighted': 65.54}","{'tp': 2.2, 'fp': 0.0, 'tn': 307.0, 'fn': 0, 'n_windows': 2, 'weighted': 69.74000000000001}",True
microsoft,application-crash-rate-2,application-crash-rate-2/app2-02.csv,TCN,True,335,782,64,10,1,3.0,-0.75,0,2,0.0,"{'tp': 0.0, 'fp': 0.0, 'tn': 307.0, 'fn': 2, 'n_windows': 2, 'weighted': 65.54}","{'tp': 0.0, 'fp': 0.0, 'tn': 307.0, 'fn': 2, 'n_windows': 2, 'weighted': 65.54}","{'tp': 2.2, 'fp': 0.0, 'tn': 307.0, 'fn': 0, 'n_windows': 2, 'weighted': 69.74000000000001}",True
microsoft,application-crash-rate-2,application-crash-rate-2/app2-04.csv,IsolationForest,True,335,783,64,80,1,2.5,-0.0,12,2,92.69841269841258,"{'tp': 2.0583333333333336, 'fp': 1.5, 'tn': 326.0, 'fn': 0, 'n_windows': 2, 'weighted': 73.61333333333333}","{'tp': 0.0, 'fp': 0.0, 'tn': 326.0, 'fn': 2, 'n_windows': 2, 'weighted': 69.72}","{'tp': 2.2, 'fp': 0.0, 'tn': 326.0, 'fn': 0, 'n_windows': 2, 'weighted': 73.92}",True
microsoft,application-crash-rate-2,application-crash-rate-2/app2-05.csv,GRU,True,335,783,64,80,3,4.0,-0.0,11,8,48.926536426536416,"{'tp': 4.219658119658119, 'fp': 0.0, 'tn': 268.0, 'fn': 4, 'n_windows': 8, 'weighted': 59.17965811965812}","{'tp': 0.0, 'fp': 0.0, 'tn': 268.0, 'fn': 8, 'n_windows': 8, 'weighted': 50.96}","{'tp': 8.8, 'fp': 0.0, 'tn': 268.0, 'fn': 0, 'n_windows': 8, 'weighted': 67.76}",True
microsoft,application-crash-rate-2,application-crash-rate-2/app2-01.csv,TCN,True,334,780,64,30,3,4.0,-0.25,4,2,45.07369614512478,"{'tp': 1.0214285714285714, 'fp': 1.1666666666666667, 'tn': 312.0, 'fn': 1, 'n_windows': 2, 'weighted': 68.53309523809524}","{'tp': 0.0, 'fp': 0.0, 'tn': 312.0, 'fn': 2, 'n_windows': 2, 'weighted': 66.64}","{'tp': 2.2, 'fp': 0.0, 'tn': 312.0, 'fn': 0, 'n_windows': 2, 'weighted': 70.84}",True
microsoft,application-crash-rate-2,application-crash-rate-2/app2-01.csv,Transformer,True,334,780,64,10,1,3.0,-0.75,0,2,0.0,"{'tp': 0.0, 'fp': 0.0, 'tn': 312.0, 'fn': 2, 'n_windows': 2, 'weighted': 66.64}","{'tp': 0.0, 'fp': 0.0, 'tn': 312.0, 'fn': 2, 'n_windows': 2, 'weighted': 66.64}","{'tp': 2.2, 'fp': 0.0, 'tn': 312.0, 'fn': 0, 'n_windows': 2, 'weighted': 70.84}",True
microsoft,application-crash-rate-2,application-crash-rate-2/app2-04.csv,GRU,True,335,783,64,80,1,2.5,-0.0,9,2,93.37301587301582,"{'tp': 2.1416666666666666, 'fp': 2.0, 'tn': 326.0, 'fn': 0, 'n_windows': 2, 'weighted': 73.64166666666667}","{'tp': 0.0, 'fp': 0.0, 'tn': 326.0, 'fn': 2, 'n_windows': 2, 'weighted': 69.72}","{'tp': 2.2, 'fp': 0.0, 'tn': 326.0, 'fn': 0, 'n_windows': 2, 'weighted': 73.92}",True
microsoft,application-crash-rate-2,application-crash-rate-2/app2-04.csv,TCN,True,335,783,64,80,1,2.5,-0.0,15,2,88.84920634920634,"{'tp': 2.1166666666666667, 'fp': 3.5, 'tn': 326.0, 'fn': 0, 'n_windows': 2, 'weighted': 73.45166666666667}","{'tp': 0.0, 'fp': 0.0, 'tn': 326.0, 'fn': 2, 'n_windows': 2, 'weighted': 69.72}","{'tp': 2.2, 'fp': 0.0, 'tn': 326.0, 'fn': 0, 'n_windows': 2, 'weighted': 73.92}",True
microsoft,application-crash-rate-2,application-crash-rate-2/app2-03.csv,TCN,True,335,783,64,10,1,3.0,-0.75,0,1,0.0,"{'tp': 0.0, 'fp': 0.0, 'tn': 328.0, 'fn': 1, 'n_windows': 1, 'weighted': 71.16}","{'tp': 0.0, 'fp': 0.0, 'tn': 328.0, 'fn': 1, 'n_windows': 1, 'weighted': 71.16}","{'tp': 1.1, 'fp': 0.0, 'tn': 328.0, 'fn': 0, 'n_windows': 1, 'weighted': 73.25999999999999}",True
microsoft,application-crash-rate-2,application-crash-rate-2/app2-03.csv,Transformer,True,335,783,64,10,1,3.0,-0.75,0,1,0.0,"{'tp': 0.0, 'fp': 0.0, 'tn': 328.0, 'fn': 1, 'n_windows': 1, 'weighted': 71.16}","{'tp': 0.0, 'fp': 0.0, 'tn': 328.0, 'fn': 1, 'n_windows': 1, 'weighted': 71.16}","{'tp': 1.1, 'fp': 0.0, 'tn': 328.0, 'fn': 0, 'n_windows': 1, 'weighted': 73.25999999999999}",True
nab,realTweets,realTweets/Twitter_volume_PFE.csv,Transformer,True,4757,11101,64,190,1,4.0,-17.0,66,1,49.72101972102088,"{'tp': 1.0891414141414142, 'fp': 9.5, 'tn': 4360.0, 'fn': 0, 'n_windows': 1, 'weighted': 959.2441414141415}","{'tp': 0.0, 'fp': 0.0, 'tn': 4360.0, 'fn': 1, 'n_windows': 1, 'weighted': 958.2}","{'tp': 1.1, 'fp': 0.0, 'tn': 4360.0, 'fn': 0, 'n_windows': 1, 'weighted': 960.3000000000001}",True
nab,realTweets,realTweets/Twitter_volume_PFE.csv,TSMixer,True,4757,11101,64,95,1,4.0,-9.0,62,1,41.9729627098026,"{'tp': 1.0734848484848485, 'fp': 10.836842105263159, 'tn': 4360.0, 'fn': 0, 'n_windows': 1, 'weighted': 959.0814322169059}","{'tp': 0.0, 'fp': 0.0, 'tn': 4360.0, 'fn': 1, 'n_windows': 1, 'weighted': 958.2}","{'tp': 1.1, 'fp': 0.0, 'tn': 4360.0, 'fn': 0, 'n_windows': 1, 'weighted': 960.3000000000001}",True
microsoft,application-crash-rate-2,application-crash-rate-2/app2-03.csv,TSMixer,True,335,783,64,10,1,3.0,-0.75,0,1,0.0,"{'tp': 0.0, 'fp': 0.0, 'tn': 328.0, 'fn': 1, 'n_windows': 1, 'weighted': 71.16}","{'tp': 0.0, 'fp': 0.0, 'tn': 328.0, 'fn': 1, 'n_windows': 1, 'weighted': 71.16}","{'tp': 1.1, 'fp': 0.0, 'tn': 328.0, 'fn': 0, 'n_windows': 1, 'weighted': 73.25999999999999}",True
microsoft,application-crash-rate-2,application-crash-rate-2/app2-03.csv,IsolationForest,True,335,783,64,80,1,2.5,-0.0,35,1,70.55555555555587,"{'tp': 1.05, 'fp': 5.166666666666667, 'tn': 328.0, 'fn': 0, 'n_windows': 1, 'weighted': 72.64166666666667}","{'tp': 0.0, 'fp': 0.0, 'tn': 328.0, 'fn': 1, 'n_windows': 1, 'weighted': 71.16}","{'tp': 1.1, 'fp': 0.0, 'tn': 328.0, 'fn': 0, 'n_windows': 1, 'weighted': 73.25999999999999}",True
microsoft,application-crash-rate-2,application-crash-rate-2/app2-06.csv,GRU,True,335,781,64,80,1,4.0,-0.0,16,2,96.68831168831166,"{'tp': 2.170909090909091, 'fp': 1.0, 'tn': 301.0, 'fn': 0, 'n_windows': 2, 'weighted': 68.28090909090909}","{'tp': 0.0, 'fp': 0.0, 'tn': 301.0, 'fn': 2, 'n_windows': 2, 'weighted': 64.22}","{'tp': 2.2, 'fp': 0.0, 'tn': 301.0, 'fn': 0, 'n_windows': 2, 'weighted': 68.42}",True
microsoft,application-crash-rate-2,application-crash-rate-2/app2-06.csv,TCN,True,335,781,64,80,1,4.0,-0.0,14,2,96.68831168831166,"{'tp': 2.170909090909091, 'fp': 1.0, 'tn': 301.0, 'fn': 0, 'n_windows': 2, 'weighted': 68.28090909090909}","{'tp': 0.0, 'fp': 0.0, 'tn': 301.0, 'fn': 2, 'n_windows': 2, 'weighted': 64.22}","{'tp': 2.2, 'fp': 0.0, 'tn': 301.0, 'fn': 0, 'n_windows': 2, 'weighted': 68.42}",True
microsoft,application-crash-rate-2,application-crash-rate-2/app2-06.csv,IsolationForest,True,335,781,64,80,1,3.5,-0.0,21,2,96.10389610389593,"{'tp': 2.1463636363636365, 'fp': 1.0, 'tn': 301.0, 'fn': 0, 'n_windows': 2, 'weighted': 68.25636363636363}","{'tp': 0.0, 'fp': 0.0, 'tn': 301.0, 'fn': 2, 'n_windows': 2, 'weighted': 64.22}","{'tp': 2.2, 'fp': 0.0, 'tn': 301.0, 'fn': 0, 'n_windows': 2, 'weighted': 68.42}",True
microsoft,application-crash-rate-2,application-crash-rate-2/app2-07.csv,GRU,True,333,776,64,80,1,2.5,-0.0,7,4,73.76700680272101,"{'tp': 3.196428571428571, 'fp': 0.0, 'tn': 311.0, 'fn': 1, 'n_windows': 4, 'weighted': 70.61642857142857}","{'tp': 0.0, 'fp': 0.0, 'tn': 311.0, 'fn': 4, 'n_windows': 4, 'weighted': 64.42}","{'tp': 4.4, 'fp': 0.0, 'tn': 311.0, 'fn': 0, 'n_windows': 4, 'weighted': 72.82000000000001}",True
microsoft,application-crash-rate-2,application-crash-rate-2/app2-05.csv,TCN,True,335,783,64,80,1,3.5,-0.0,15,8,35.60350529100527,"{'tp': 3.155555555555555, 'fp': 1.5833333333333335, 'tn': 268.0, 'fn': 5, 'n_windows': 8, 'weighted': 56.94138888888889}","{'tp': 0.0, 'fp': 0.0, 'tn': 268.0, 'fn': 8, 'n_windows': 8, 'weighted': 50.96}","{'tp': 8.8, 'fp': 0.0, 'tn': 268.0, 'fn': 0, 'n_windows': 8, 'weighted': 67.76}",True
microsoft,application-crash-rate-2,application-crash-rate-2/app2-05.csv,Transformer,True,335,783,64,10,1,3.0,-0.75,0,8,0.0,"{'tp': 0.0, 'fp': 0.0, 'tn': 268.0, 'fn': 8, 'n_windows': 8, 'weighted': 50.96}","{'tp': 0.0, 'fp': 0.0, 'tn': 268.0, 'fn': 8, 'n_windows': 8, 'weighted': 50.96}","{'tp': 8.8, 'fp': 0.0, 'tn': 268.0, 'fn': 0, 'n_windows': 8, 'weighted': 67.76}",True
microsoft,application-crash-rate-2,application-crash-rate-2/app2-05.csv,TSMixer,True,335,783,64,80,1,3.5,-0.0,6,8,49.22987891737889,"{'tp': 4.270619658119658, 'fp': 0.0, 'tn': 268.0, 'fn': 4, 'n_windows': 8, 'weighted': 59.23061965811966}","{'tp': 0.0, 'fp': 0.0, 'tn': 268.0, 'fn': 8, 'n_windows': 8, 'weighted': 50.96}","{'tp': 8.8, 'fp': 0.0, 'tn': 268.0, 'fn': 0, 'n_windows': 8, 'weighted': 67.76}",True
microsoft,application-crash-rate-2,application-crash-rate-2/app2-05.csv,IsolationForest,True,335,783,64,80,1,3.5,-0.0,13,8,35.60248778998778,"{'tp': 3.0820512820512818, 'fp': 0.9166666666666666, 'tn': 268.0, 'fn': 5, 'n_windows': 8, 'weighted': 56.94121794871795}","{'tp': 0.0, 'fp': 0.0, 'tn': 268.0, 'fn': 8, 'n_windows': 8, 'weighted': 50.96}","{'tp': 8.8, 'fp': 0.0, 'tn': 268.0, 'fn': 0, 'n_windows': 8, 'weighted': 67.76}",True
microsoft,application-crash-rate-2,application-crash-rate-2/app2-08.csv,GRU,True,335,783,64,80,1,3.0,-0.0,7,1,88.33333333333375,"{'tp': 1.075, 'fp': 2.0, 'tn': 330.0, 'fn': 0, 'n_windows': 1, 'weighted': 73.455}","{'tp': 0.0, 'fp': 0.0, 'tn': 330.0, 'fn': 1, 'n_windows': 1, 'weighted': 71.6}","{'tp': 1.1, 'fp': 0.0, 'tn': 330.0, 'fn': 0, 'n_windows': 1, 'weighted': 73.69999999999999}",True
microsoft,application-crash-rate-2,application-crash-rate-2/app2-08.csv,TCN,True,335,783,64,80,1,4.0,-0.0,8,1,85.71428571428581,"{'tp': 1.075, 'fp': 2.5, 'tn': 330.0, 'fn': 0, 'n_windows': 1, 'weighted': 73.39999999999999}","{'tp': 0.0, 'fp': 0.0, 'tn': 330.0, 'fn': 1, 'n_windows': 1, 'weighted': 71.6}","{'tp': 1.1, 'fp': 0.0, 'tn': 330.0, 'fn': 0, 'n_windows': 1, 'weighted': 73.69999999999999}",True
microsoft,application-crash-rate-2,application-crash-rate-2/app2-02.csv,Transformer,True,335,782,64,10,1,3.0,-0.75,17,2,-7.8571428571428115,"{'tp': 0.0, 'fp': 3.0, 'tn': 307.0, 'fn': 2, 'n_windows': 2, 'weighted': 65.21000000000001}","{'tp': 0.0, 'fp': 0.0, 'tn': 307.0, 'fn': 2, 'n_windows': 2, 'weighted': 65.54}","{'tp': 2.2, 'fp': 0.0, 'tn': 307.0, 'fn': 0, 'n_windows': 2, 'weighted': 69.74000000000001}",True
microsoft,application-crash-rate-2,application-crash-rate-2/app2-02.csv,TSMixer,True,335,782,64,10,1,3.0,-0.75,0,2,0.0,"{'tp': 0.0, 'fp': 0.0, 'tn': 307.0, 'fn': 2, 'n_windows': 2, 'weighted': 65.54}","{'tp': 0.0, 'fp': 0.0, 'tn': 307.0, 'fn': 2, 'n_windows': 2, 'weighted': 65.54}","{'tp': 2.2, 'fp': 0.0, 'tn': 307.0, 'fn': 0, 'n_windows': 2, 'weighted': 69.74000000000001}",True
microsoft,application-crash-rate-2,application-crash-rate-2/app2-06.csv,Transformer,True,335,781,64,80,1,3.0,-0.0,9,2,97.11038961038953,"{'tp': 2.1336363636363638, 'fp': 0.5, 'tn': 301.0, 'fn': 0, 'n_windows': 2, 'weighted': 68.29863636363636}","{'tp': 0.0, 'fp': 0.0, 'tn': 301.0, 'fn': 2, 'n_windows': 2, 'weighted': 64.22}","{'tp': 2.2, 'fp': 0.0, 'tn': 301.0, 'fn': 0, 'n_windows': 2, 'weighted': 68.42}",True
microsoft,application-crash-rate-2,application-crash-rate-2/app2-06.csv,TSMixer,True,335,781,64,80,1,4.0,-0.0,16,2,96.68831168831166,"{'tp': 2.170909090909091, 'fp': 1.0, 'tn': 301.0, 'fn': 0, 'n_windows': 2, 'weighted': 68.28090909090909}","{'tp': 0.0, 'fp': 0.0, 'tn': 301.0, 'fn': 2, 'n_windows': 2, 'weighted': 64.22}","{'tp': 2.2, 'fp': 0.0, 'tn': 301.0, 'fn': 0, 'n_windows': 2, 'weighted': 68.42}",True
microsoft,application-crash-rate-2,application-crash-rate-2/app2-08.csv,IsolationForest,True,335,783,64,80,1,3.0,-0.0,1,1,-2.619047619047951,"{'tp': 0.0, 'fp': 0.5, 'tn': 330.0, 'fn': 1, 'n_windows': 1, 'weighted': 71.54499999999999}","{'tp': 0.0, 'fp': 0.0, 'tn': 330.0, 'fn': 1, 'n_windows': 1, 'weighted': 71.6}","{'tp': 1.1, 'fp': 0.0, 'tn': 330.0, 'fn': 0, 'n_windows': 1, 'weighted': 73.69999999999999}",True
microsoft,application-crash-rate-2,application-crash-rate-2/app2-09.csv,GRU,True,335,783,64,80,1,3.5,-0.0,8,1,83.73015873015927,"{'tp': 1.0333333333333334, 'fp': 2.5, 'tn': 331.0, 'fn': 0, 'n_windows': 1, 'weighted': 73.57833333333335}","{'tp': 0.0, 'fp': 0.0, 'tn': 331.0, 'fn': 1, 'n_windows': 1, 'weighted': 71.82000000000001}","{'tp': 1.1, 'fp': 0.0, 'tn': 331.0, 'fn': 0, 'n_windows': 1, 'weighted': 73.92}",True
microsoft,application-crash-rate-2,application-crash-rate-2/app2-04.csv,Transformer,True,335,783,64,80,1,2.5,-0.0,8,2,93.37301587301582,"{'tp': 2.1416666666666666, 'fp': 2.0, 'tn': 326.0, 'fn': 0, 'n_windows': 2, 'weighted': 73.64166666666667}","{'tp': 0.0, 'fp': 0.0, 'tn': 326.0, 'fn': 2, 'n_windows': 2, 'weighted': 69.72}","{'tp': 2.2, 'fp': 0.0, 'tn': 326.0, 'fn': 0, 'n_windows': 2, 'weighted': 73.92}",True
microsoft,application-crash-rate-2,application-crash-rate-2/app2-04.csv,TSMixer,True,335,783,64,80,1,2.5,-0.0,9,2,93.37301587301582,"{'tp': 2.1416666666666666, 'fp': 2.0, 'tn': 326.0, 'fn': 0, 'n_windows': 2, 'weighted': 73.64166666666667}","{'tp': 0.0, 'fp': 0.0, 'tn': 326.0, 'fn': 2, 'n_windows': 2, 'weighted': 69.72}","{'tp': 2.2, 'fp': 0.0, 'tn': 326.0, 'fn': 0, 'n_windows': 2, 'weighted': 73.92}",True
microsoft,application-crash-rate-2,application-crash-rate-2/app2-10.csv,IsolationForest,True,329,766,64,80,1,4.0,-0.0,3,2,49.20634920634908,"{'tp': 1.0666666666666667, 'fp': 0.0, 'tn': 322.0, 'fn': 1, 'n_windows': 2, 'weighted': 70.90666666666667}","{'tp': 0.0, 'fp': 0.0, 'tn': 322.0, 'fn': 2, 'n_windows': 2, 'weighted': 68.84}","{'tp': 2.2, 'fp': 0.0, 'tn': 322.0, 'fn': 0, 'n_windows': 2, 'weighted': 73.04}",True
microsoft,consumer-purchase-rate,consumer-purchase-rate/purchase-01.csv,GRU,False,374,874,64,10,1,3.0,-0.75,0,0,0.0,"{'tp': 0.0, 'fp': 0.0, 'tn': 374.0, 'fn': 0, 'n_windows': 0, 'weighted': 82.28}","{'tp': 0.0, 'fp': 0.0, 'tn': 374.0, 'fn': 0, 'n_windows': 0, 'weighted': 82.28}","{'tp': 0.0, 'fp': 0.0, 'tn': 374.0, 'fn': 0, 'n_windows': 0, 'weighted': 82.28}",True
microsoft,application-crash-rate-2,application-crash-rate-2/app2-07.csv,TSMixer,True,333,776,64,80,1,4.0,-0.0,5,4,73.4268707482993,"{'tp': 3.1678571428571427, 'fp': 0.0, 'tn': 311.0, 'fn': 1, 'n_windows': 4, 'weighted': 70.58785714285715}","{'tp': 0.0, 'fp': 0.0, 'tn': 311.0, 'fn': 4, 'n_windows': 4, 'weighted': 64.42}","{'tp': 4.4, 'fp': 0.0, 'tn': 311.0, 'fn': 0, 'n_windows': 4, 'weighted': 72.82000000000001}",True
microsoft,application-crash-rate-2,application-crash-rate-2/app2-07.csv,IsolationForest,True,333,776,64,80,1,2.5,-0.0,13,4,72.43480725623586,"{'tp': 3.157857142857143, 'fp': 0.6666666666666667, 'tn': 311.0, 'fn': 1, 'n_windows': 4, 'weighted': 70.50452380952382}","{'tp': 0.0, 'fp': 0.0, 'tn': 311.0, 'fn': 4, 'n_windows': 4, 'weighted': 64.42}","{'tp': 4.4, 'fp': 0.0, 'tn': 311.0, 'fn': 0, 'n_windows': 4, 'weighted': 72.82000000000001}",True
microsoft,application-crash-rate-2,application-crash-rate-2/app2-10.csv,GRU,True,329,766,64,10,1,3.0,-0.75,0,2,0.0,"{'tp': 0.0, 'fp': 0.0, 'tn': 322.0, 'fn': 2, 'n_windows': 2, 'weighted': 68.84}","{'tp': 0.0, 'fp': 0.0, 'tn': 322.0, 'fn': 2, 'n_windows': 2, 'weighted': 68.84}","{'tp': 2.2, 'fp': 0.0, 'tn': 322.0, 'fn': 0, 'n_windows': 2, 'weighted': 73.04}",True
microsoft,application-crash-rate-2,application-crash-rate-2/app2-10.csv,TCN,True,329,766,64,30,3,4.0,-0.25,12,2,42.480158730158635,"{'tp': 1.05, 'fp': 2.4166666666666665, 'tn': 322.0, 'fn': 1, 'n_windows': 2, 'weighted': 70.62416666666667}","{'tp': 0.0, 'fp': 0.0, 'tn': 322.0, 'fn': 2, 'n_windows': 2, 'weighted': 68.84}","{'tp': 2.2, 'fp': 0.0, 'tn': 322.0, 'fn': 0, 'n_windows': 2, 'weighted': 73.04}",True
microsoft,application-crash-rate-2,application-crash-rate-2/app2-07.csv,TCN,True,333,776,64,20,1,4.0,-0.25,8,4,70.17006802721085,"{'tp': 3.1142857142857143, 'fp': 2.0, 'tn': 311.0, 'fn': 1, 'n_windows': 4, 'weighted': 70.31428571428572}","{'tp': 0.0, 'fp': 0.0, 'tn': 311.0, 'fn': 4, 'n_windows': 4, 'weighted': 64.42}","{'tp': 4.4, 'fp': 0.0, 'tn': 311.0, 'fn': 0, 'n_windows': 4, 'weighted': 72.82000000000001}",True
microsoft,application-crash-rate-2,application-crash-rate-2/app2-07.csv,Transformer,True,333,776,64,80,1,3.5,-0.0,9,4,73.1122448979592,"{'tp': 3.196428571428571, 'fp': 0.5, 'tn': 311.0, 'fn': 1, 'n_windows': 4, 'weighted': 70.56142857142858}","{'tp': 0.0, 'fp': 0.0, 'tn': 311.0, 'fn': 4, 'n_windows': 4, 'weighted': 64.42}","{'tp': 4.4, 'fp': 0.0, 'tn': 311.0, 'fn': 0, 'n_windows': 4, 'weighted': 72.82000000000001}",True
microsoft,consumer-purchase-rate,consumer-purchase-rate/purchase-02.csv,IsolationForest,True,374,874,64,80,1,2.5,-0.0,11,4,46.40306122448983,"{'tp': 2.062857142857143, 'fp': 1.5, 'tn': 345.0, 'fn': 2, 'n_windows': 4, 'weighted': 75.79785714285715}","{'tp': 0.0, 'fp': 0.0, 'tn': 345.0, 'fn': 4, 'n_windows': 4, 'weighted': 71.9}","{'tp': 4.4, 'fp': 0.0, 'tn': 345.0, 'fn': 0, 'n_windows': 4, 'weighted': 80.30000000000001}",True
microsoft,consumer-purchase-rate,consumer-purchase-rate/purchase-03.csv,GRU,False,374,874,64,80,1,3.0,-0.0,4,0,0.0,"{'tp': 0.0, 'fp': 2.0, 'tn': 374.0, 'fn': 0, 'n_windows': 0, 'weighted': 82.06}","{'tp': 0.0, 'fp': 0.0, 'tn': 374.0, 'fn': 0, 'n_windows': 0, 'weighted': 82.28}","{'tp': 0.0, 'fp': 0.0, 'tn': 374.0, 'fn': 0, 'n_windows': 0, 'weighted': 82.28}",True
microsoft,application-crash-rate-2,application-crash-rate-2/app2-09.csv,TSMixer,True,335,783,64,80,3,2.5,-0.0,17,1,81.11111111111133,"{'tp': 1.0333333333333334, 'fp': 3.0, 'tn': 331.0, 'fn': 0, 'n_windows': 1, 'weighted': 73.52333333333334}","{'tp': 0.0, 'fp': 0.0, 'tn': 331.0, 'fn': 1, 'n_windows': 1, 'weighted': 71.82000000000001}","{'tp': 1.1, 'fp': 0.0, 'tn': 331.0, 'fn': 0, 'n_windows': 1, 'weighted': 73.92}",True
microsoft,application-crash-rate-2,application-crash-rate-2/app2-09.csv,IsolationForest,True,335,783,64,80,1,2.5,-0.0,10,1,-15.714285714285676,"{'tp': 0.0, 'fp': 3.0, 'tn': 331.0, 'fn': 1, 'n_windows': 1, 'weighted': 71.49000000000001}","{'tp': 0.0, 'fp': 0.0, 'tn': 331.0, 'fn': 1, 'n_windows': 1, 'weighted': 71.82000000000001}","{'tp': 1.1, 'fp': 0.0, 'tn': 331.0, 'fn': 0, 'n_windows': 1, 'weighted': 73.92}",True
microsoft,application-crash-rate-2,application-crash-rate-2/app2-09.csv,TCN,True,335,783,64,80,3,3.5,-0.0,5,1,-7.8571428571431765,"{'tp': 0.0, 'fp': 1.5, 'tn': 331.0, 'fn': 1, 'n_windows': 1, 'weighted': 71.655}","{'tp': 0.0, 'fp': 0.0, 'tn': 331.0, 'fn': 1, 'n_windows': 1, 'weighted': 71.82000000000001}","{'tp': 1.1, 'fp': 0.0, 'tn': 331.0, 'fn': 0, 'n_windows': 1, 'weighted': 73.92}",True
microsoft,application-crash-rate-2,application-crash-rate-2/app2-09.csv,Transformer,True,335,783,64,80,1,2.5,-0.0,6,1,86.34920634920654,"{'tp': 1.0333333333333334, 'fp': 2.0, 'tn': 331.0, 'fn': 0, 'n_windows': 1, 'weighted': 73.63333333333334}","{'tp': 0.0, 'fp': 0.0, 'tn': 331.0, 'fn': 1, 'n_windows': 1, 'weighted': 71.82000000000001}","{'tp': 1.1, 'fp': 0.0, 'tn': 331.0, 'fn': 0, 'n_windows': 1, 'weighted': 73.92}",True
microsoft,application-crash-rate-2,application-crash-rate-2/app2-08.csv,Transformer,True,335,783,64,10,1,3.0,-0.75,0,1,0.0,"{'tp': 0.0, 'fp': 0.0, 'tn': 330.0, 'fn': 1, 'n_windows': 1, 'weighted': 71.6}","{'tp': 0.0, 'fp': 0.0, 'tn': 330.0, 'fn': 1, 'n_windows': 1, 'weighted': 71.6}","{'tp': 1.1, 'fp': 0.0, 'tn': 330.0, 'fn': 0, 'n_windows': 1, 'weighted': 73.69999999999999}",True
microsoft,application-crash-rate-2,application-crash-rate-2/app2-08.csv,TSMixer,True,335,783,64,80,3,4.0,-0.0,6,1,93.57142857142898,"{'tp': 1.075, 'fp': 1.0, 'tn': 330.0, 'fn': 0, 'n_windows': 1, 'weighted': 73.565}","{'tp': 0.0, 'fp': 0.0, 'tn': 330.0, 'fn': 1, 'n_windows': 1, 'weighted': 71.6}","{'tp': 1.1, 'fp': 0.0, 'tn': 330.0, 'fn': 0, 'n_windows': 1, 'weighted': 73.69999999999999}",True
microsoft,consumer-purchase-rate,consumer-purchase-rate/purchase-01.csv,TSMixer,False,374,874,64,10,1,3.0,-0.75,0,0,0.0,"{'tp': 0.0, 'fp': 0.0, 'tn': 374.0, 'fn': 0, 'n_windows': 0, 'weighted': 82.28}","{'tp': 0.0, 'fp': 0.0, 'tn': 374.0, 'fn': 0, 'n_windows': 0, 'weighted': 82.28}","{'tp': 0.0, 'fp': 0.0, 'tn': 374.0, 'fn': 0, 'n_windows': 0, 'weighted': 82.28}",True
microsoft,consumer-purchase-rate,consumer-purchase-rate/purchase-01.csv,IsolationForest,False,374,874,64,10,1,3.5,-0.75,0,0,0.0,"{'tp': 0.0, 'fp': 0.0, 'tn': 374.0, 'fn': 0, 'n_windows': 0, 'weighted': 82.28}","{'tp': 0.0, 'fp': 0.0, 'tn': 374.0, 'fn': 0, 'n_windows': 0, 'weighted': 82.28}","{'tp': 0.0, 'fp': 0.0, 'tn': 374.0, 'fn': 0, 'n_windows': 0, 'weighted': 82.28}",True
microsoft,consumer-purchase-rate,consumer-purchase-rate/purchase-02.csv,GRU,True,374,874,64,80,1,3.5,-0.0,10,4,97.52834467120182,"{'tp': 4.302380952380952, 'fp': 1.0, 'tn': 345.0, 'fn': 0, 'n_windows': 4, 'weighted': 80.09238095238096}","{'tp': 0.0, 'fp': 0.0, 'tn': 345.0, 'fn': 4, 'n_windows': 4, 'weighted': 71.9}","{'tp': 4.4, 'fp': 0.0, 'tn': 345.0, 'fn': 0, 'n_windows': 4, 'weighted': 80.30000000000001}",True
microsoft,consumer-purchase-rate,consumer-purchase-rate/purchase-02.csv,TCN,True,374,874,64,80,1,3.0,-0.0,11,4,70.94104308390024,"{'tp': 3.179047619047619, 'fp': 2.0, 'tn': 345.0, 'fn': 1, 'n_windows': 4, 'weighted': 77.85904761904763}","{'tp': 0.0, 'fp': 0.0, 'tn': 345.0, 'fn': 4, 'n_windows': 4, 'weighted': 71.9}","{'tp': 4.4, 'fp': 0.0, 'tn': 345.0, 'fn': 0, 'n_windows': 4, 'weighted': 80.30000000000001}",True
microsoft,consumer-purchase-rate,consumer-purchase-rate/purchase-01.csv,TCN,False,374,874,64,10,1,3.0,-0.75,0,0,0.0,"{'tp': 0.0, 'fp': 0.0, 'tn': 374.0, 'fn': 0, 'n_windows': 0, 'weighted': 82.28}","{'tp': 0.0, 'fp': 0.0, 'tn': 374.0, 'fn': 0, 'n_windows': 0, 'weighted': 82.28}","{'tp': 0.0, 'fp': 0.0, 'tn': 374.0, 'fn': 0, 'n_windows': 0, 'weighted': 82.28}",True
microsoft,consumer-purchase-rate,consumer-purchase-rate/purchase-01.csv,Transformer,False,374,874,64,10,1,3.0,-0.75,0,0,0.0,"{'tp': 0.0, 'fp': 0.0, 'tn': 374.0, 'fn': 0, 'n_windows': 0, 'weighted': 82.28}","{'tp': 0.0, 'fp': 0.0, 'tn': 374.0, 'fn': 0, 'n_windows': 0, 'weighted': 82.28}","{'tp': 0.0, 'fp': 0.0, 'tn': 374.0, 'fn': 0, 'n_windows': 0, 'weighted': 82.28}",True
microsoft,consumer-purchase-rate,consumer-purchase-rate/purchase-04.csv,GRU,False,374,874,64,80,1,3.0,-0.0,5,0,0.0,"{'tp': 0.0, 'fp': 3.0, 'tn': 374.0, 'fn': 0, 'n_windows': 0, 'weighted': 81.95}","{'tp': 0.0, 'fp': 0.0, 'tn': 374.0, 'fn': 0, 'n_windows': 0, 'weighted': 82.28}","{'tp': 0.0, 'fp': 0.0, 'tn': 374.0, 'fn': 0, 'n_windows': 0, 'weighted': 82.28}",True
microsoft,consumer-purchase-rate,consumer-purchase-rate/purchase-04.csv,TCN,False,374,874,64,80,1,3.5,-0.0,8,0,0.0,"{'tp': 0.0, 'fp': 6.0, 'tn': 374.0, 'fn': 0, 'n_windows': 0, 'weighted': 81.62}","{'tp': 0.0, 'fp': 0.0, 'tn': 374.0, 'fn': 0, 'n_windows': 0, 'weighted': 82.28}","{'tp': 0.0, 'fp': 0.0, 'tn': 374.0, 'fn': 0, 'n_windows': 0, 'weighted': 82.28}",True
microsoft,consumer-purchase-rate,consumer-purchase-rate/purchase-04.csv,IsolationForest,False,374,874,64,80,1,2.5,-0.0,8,0,0.0,"{'tp': 0.0, 'fp': 4.0, 'tn': 374.0, 'fn': 0, 'n_windows': 0, 'weighted': 81.84}","{'tp': 0.0, 'fp': 0.0, 'tn': 374.0, 'fn': 0, 'n_windows': 0, 'weighted': 82.28}","{'tp': 0.0, 'fp': 0.0, 'tn': 374.0, 'fn': 0, 'n_windows': 0, 'weighted': 82.28}",True
microsoft,consumer-purchase-rate,consumer-purchase-rate/purchase-05.csv,GRU,False,374,874,64,80,1,3.0,-0.0,0,0,0.0,"{'tp': 0.0, 'fp': 0.0, 'tn': 374.0, 'fn': 0, 'n_windows': 0, 'weighted': 82.28}","{'tp': 0.0, 'fp': 0.0, 'tn': 374.0, 'fn': 0, 'n_windows': 0, 'weighted': 82.28}","{'tp': 0.0, 'fp': 0.0, 'tn': 374.0, 'fn': 0, 'n_windows': 0, 'weighted': 82.28}",True
microsoft,application-crash-rate-2,application-crash-rate-2/app2-10.csv,Transformer,True,329,766,64,10,1,3.0,-0.75,0,2,0.0,"{'tp': 0.0, 'fp': 0.0, 'tn': 322.0, 'fn': 2, 'n_windows': 2, 'weighted': 68.84}","{'tp': 0.0, 'fp': 0.0, 'tn': 322.0, 'fn': 2, 'n_windows': 2, 'weighted': 68.84}","{'tp': 2.2, 'fp': 0.0, 'tn': 322.0, 'fn': 0, 'n_windows': 2, 'weighted': 73.04}",True
microsoft,application-crash-rate-2,application-crash-rate-2/app2-10.csv,TSMixer,True,329,766,64,10,1,3.0,-0.75,0,2,0.0,"{'tp': 0.0, 'fp': 0.0, 'tn': 322.0, 'fn': 2, 'n_windows': 2, 'weighted': 68.84}","{'tp': 0.0, 'fp': 0.0, 'tn': 322.0, 'fn': 2, 'n_windows': 2, 'weighted': 68.84}","{'tp': 2.2, 'fp': 0.0, 'tn': 322.0, 'fn': 0, 'n_windows': 2, 'weighted': 73.04}",True
microsoft,consumer-purchase-rate,consumer-purchase-rate/purchase-03.csv,TCN,False,374,874,64,20,3,3.5,-0.25,1,0,0.0,"{'tp': 0.0, 'fp': 1.0, 'tn': 374.0, 'fn': 0, 'n_windows': 0, 'weighted': 82.17}","{'tp': 0.0, 'fp': 0.0, 'tn': 374.0, 'fn': 0, 'n_windows': 0, 'weighted': 82.28}","{'tp': 0.0, 'fp': 0.0, 'tn': 374.0, 'fn': 0, 'n_windows': 0, 'weighted': 82.28}",True
microsoft,consumer-purchase-rate,consumer-purchase-rate/purchase-03.csv,Transformer,False,374,874,64,80,1,3.0,-0.0,6,0,0.0,"{'tp': 0.0, 'fp': 3.0, 'tn': 374.0, 'fn': 0, 'n_windows': 0, 'weighted': 81.95}","{'tp': 0.0, 'fp': 0.0, 'tn': 374.0, 'fn': 0, 'n_windows': 0, 'weighted': 82.28}","{'tp': 0.0, 'fp': 0.0, 'tn': 374.0, 'fn': 0, 'n_windows': 0, 'weighted': 82.28}",True
microsoft,consumer-purchase-rate,consumer-purchase-rate/purchase-06.csv,GRU,False,374,874,64,10,1,3.0,-0.75,2,0,0.0,"{'tp': 0.0, 'fp': 2.0, 'tn': 374.0, 'fn': 0, 'n_windows': 0, 'weighted': 82.06}","{'tp': 0.0, 'fp': 0.0, 'tn': 374.0, 'fn': 0, 'n_windows': 0, 'weighted': 82.28}","{'tp': 0.0, 'fp': 0.0, 'tn': 374.0, 'fn': 0, 'n_windows': 0, 'weighted': 82.28}",True
microsoft,consumer-purchase-rate,consumer-purchase-rate/purchase-06.csv,TCN,False,374,874,64,20,3,4.0,-0.25,0,0,0.0,"{'tp': 0.0, 'fp': 0.0, 'tn': 374.0, 'fn': 0, 'n_windows': 0, 'weighted': 82.28}","{'tp': 0.0, 'fp': 0.0, 'tn': 374.0, 'fn': 0, 'n_windows': 0, 'weighted': 82.28}","{'tp': 0.0, 'fp': 0.0, 'tn': 374.0, 'fn': 0, 'n_windows': 0, 'weighted': 82.28}",True
microsoft,consumer-purchase-rate,consumer-purchase-rate/purchase-03.csv,TSMixer,False,374,874,64,20,1,4.0,-0.25,0,0,0.0,"{'tp': 0.0, 'fp': 0.0, 'tn': 374.0, 'fn': 0, 'n_windows': 0, 'weighted': 82.28}","{'tp': 0.0, 'fp': 0.0, 'tn': 374.0, 'fn': 0, 'n_windows': 0, 'weighted': 82.28}","{'tp': 0.0, 'fp': 0.0, 'tn': 374.0, 'fn': 0, 'n_windows': 0, 'weighted': 82.28}",True
microsoft,consumer-purchase-rate,consumer-purchase-rate/purchase-03.csv,IsolationForest,False,374,874,64,80,1,2.5,-0.0,5,0,0.0,"{'tp': 0.0, 'fp': 2.0, 'tn': 374.0, 'fn': 0, 'n_windows': 0, 'weighted': 82.06}","{'tp': 0.0, 'fp': 0.0, 'tn': 374.0, 'fn': 0, 'n_windows': 0, 'weighted': 82.28}","{'tp': 0.0, 'fp': 0.0, 'tn': 374.0, 'fn': 0, 'n_windows': 0, 'weighted': 82.28}",True
microsoft,consumer-purchase-rate,consumer-purchase-rate/purchase-02.csv,Transformer,True,374,874,64,10,1,3.0,-0.75,0,4,0.0,"{'tp': 0.0, 'fp': 0.0, 'tn': 345.0, 'fn': 4, 'n_windows': 4, 'weighted': 71.9}","{'tp': 0.0, 'fp': 0.0, 'tn': 345.0, 'fn': 4, 'n_windows': 4, 'weighted': 71.9}","{'tp': 4.4, 'fp': 0.0, 'tn': 345.0, 'fn': 0, 'n_windows': 4, 'weighted': 80.30000000000001}",True
microsoft,consumer-purchase-rate,consumer-purchase-rate/purchase-02.csv,TSMixer,True,374,874,64,80,3,3.5,-0.0,15,4,72.25056689342405,"{'tp': 3.179047619047619, 'fp': 1.0, 'tn': 345.0, 'fn': 1, 'n_windows': 4, 'weighted': 77.96904761904763}","{'tp': 0.0, 'fp': 0.0, 'tn': 345.0, 'fn': 4, 'n_windows': 4, 'weighted': 71.9}","{'tp': 4.4, 'fp': 0.0, 'tn': 345.0, 'fn': 0, 'n_windows': 4, 'weighted': 80.30000000000001}",True
microsoft,consumer-purchase-rate,consumer-purchase-rate/purchase-05.csv,TCN,False,374,874,64,80,1,3.5,-0.0,2,0,0.0,"{'tp': 0.0, 'fp': 2.0, 'tn': 374.0, 'fn': 0, 'n_windows': 0, 'weighted': 82.06}","{'tp': 0.0, 'fp': 0.0, 'tn': 374.0, 'fn': 0, 'n_windows': 0, 'weighted': 82.28}","{'tp': 0.0, 'fp': 0.0, 'tn': 374.0, 'fn': 0, 'n_windows': 0, 'weighted': 82.28}",True
microsoft,consumer-purchase-rate,consumer-purchase-rate/purchase-05.csv,Transformer,False,374,874,64,80,1,2.5,-0.0,0,0,0.0,"{'tp': 0.0, 'fp': 0.0, 'tn': 374.0, 'fn': 0, 'n_windows': 0, 'weighted': 82.28}","{'tp': 0.0, 'fp': 0.0, 'tn': 374.0, 'fn': 0, 'n_windows': 0, 'weighted': 82.28}","{'tp': 0.0, 'fp': 0.0, 'tn': 374.0, 'fn': 0, 'n_windows': 0, 'weighted': 82.28}",True
microsoft,consumer-purchase-rate,consumer-purchase-rate/purchase-05.csv,TSMixer,False,374,874,64,80,1,4.0,-0.0,1,0,0.0,"{'tp': 0.0, 'fp': 1.0, 'tn': 374.0, 'fn': 0, 'n_windows': 0, 'weighted': 82.17}","{'tp': 0.0, 'fp': 0.0, 'tn': 374.0, 'fn': 0, 'n_windows': 0, 'weighted': 82.28}","{'tp': 0.0, 'fp': 0.0, 'tn': 374.0, 'fn': 0, 'n_windows': 0, 'weighted': 82.28}",True
microsoft,consumer-purchase-rate,consumer-purchase-rate/purchase-05.csv,IsolationForest,False,374,874,64,80,1,2.5,-0.0,3,0,0.0,"{'tp': 0.0, 'fp': 2.0, 'tn': 374.0, 'fn': 0, 'n_windows': 0, 'weighted': 82.06}","{'tp': 0.0, 'fp': 0.0, 'tn': 374.0, 'fn': 0, 'n_windows': 0, 'weighted': 82.28}","{'tp': 0.0, 'fp': 0.0, 'tn': 374.0, 'fn': 0, 'n_windows': 0, 'weighted': 82.28}",True
microsoft,consumer-purchase-rate,consumer-purchase-rate/purchase-06.csv,IsolationForest,False,374,874,64,80,1,2.5,-0.0,14,0,0.0,"{'tp': 0.0, 'fp': 8.0, 'tn': 374.0, 'fn': 0, 'n_windows': 0, 'weighted': 81.4}","{'tp': 0.0, 'fp': 0.0, 'tn': 374.0, 'fn': 0, 'n_windows': 0, 'weighted': 82.28}","{'tp': 0.0, 'fp': 0.0, 'tn': 374.0, 'fn': 0, 'n_windows': 0, 'weighted': 82.28}",True
microsoft,data-ingress-rate,data-ingress-rate/ingress-01.csv,GRU,False,4752,11088,64,80,1,4.0,-14.0,52,0,0.0,"{'tp': 0.0, 'fp': 26.0, 'tn': 4752.0, 'fn': 0, 'n_windows': 0, 'weighted': 1042.5800000000002}","{'tp': 0.0, 'fp': 0.0, 'tn': 4752.0, 'fn': 0, 'n_windows': 0, 'weighted': 1045.44}","{'tp': 0.0, 'fp': 0.0, 'tn': 4752.0, 'fn': 0, 'n_windows': 0, 'weighted': 1045.44}",True
microsoft,data-ingress-rate,data-ingress-rate/ingress-02.csv,GRU,True,4752,11088,64,47,1,4.0,-10.0,3,1,-7.857142857141465,"{'tp': 0.0, 'fp': 1.5, 'tn': 4703.0, 'fn': 1, 'n_windows': 1, 'weighted': 1033.4950000000001}","{'tp': 0.0, 'fp': 0.0, 'tn': 4703.0, 'fn': 1, 'n_windows': 1, 'weighted': 1033.66}","{'tp': 1.1, 'fp': 0.0, 'tn': 4703.0, 'fn': 0, 'n_windows': 1, 'weighted': 1035.76}",True
microsoft,data-ingress-rate,data-ingress-rate/ingress-02.csv,TCN,True,4752,11088,64,47,3,4.0,-16.0,15,1,-28.809523809525924,"{'tp': 0.0, 'fp': 5.5, 'tn': 4703.0, 'fn': 1, 'n_windows': 1, 'weighted': 1033.055}","{'tp': 0.0, 'fp': 0.0, 'tn': 4703.0, 'fn': 1, 'n_windows': 1, 'weighted': 1033.66}","{'tp': 1.1, 'fp': 0.0, 'tn': 4703.0, 'fn': 0, 'n_windows': 1, 'weighted': 1035.76}",True
microsoft,consumer-purchase-rate,consumer-purchase-rate/purchase-06.csv,Transformer,False,374,874,64,80,1,3.0,-0.0,2,0,0.0,"{'tp': 0.0, 'fp': 2.0, 'tn': 374.0, 'fn': 0, 'n_windows': 0, 'weighted': 82.06}","{'tp': 0.0, 'fp': 0.0, 'tn': 374.0, 'fn': 0, 'n_windows': 0, 'weighted': 82.28}","{'tp': 0.0, 'fp': 0.0, 'tn': 374.0, 'fn': 0, 'n_windows': 0, 'weighted': 82.28}",True
microsoft,consumer-purchase-rate,consumer-purchase-rate/purchase-06.csv,TSMixer,False,374,874,64,80,1,3.5,-0.0,9,0,0.0,"{'tp': 0.0, 'fp': 8.0, 'tn': 374.0, 'fn': 0, 'n_windows': 0, 'weighted': 81.4}","{'tp': 0.0, 'fp': 0.0, 'tn': 374.0, 'fn': 0, 'n_windows': 0, 'weighted': 82.28}","{'tp': 0.0, 'fp': 0.0, 'tn': 374.0, 'fn': 0, 'n_windows': 0, 'weighted': 82.28}",True
microsoft,data-ingress-rate,data-ingress-rate/ingress-01.csv,TSMixer,False,4752,11088,64,47,1,4.0,-12.0,40,0,0.0,"{'tp': 0.0, 'fp': 24.0, 'tn': 4752.0, 'fn': 0, 'n_windows': 0, 'weighted': 1042.8}","{'tp': 0.0, 'fp': 0.0, 'tn': 4752.0, 'fn': 0, 'n_windows': 0, 'weighted': 1045.44}","{'tp': 0.0, 'fp': 0.0, 'tn': 4752.0, 'fn': 0, 'n_windows': 0, 'weighted': 1045.44}",True
microsoft,data-ingress-rate,data-ingress-rate/ingress-01.csv,IsolationForest,False,4752,11088,64,47,1,4.0,-0.0,0,0,0.0,"{'tp': 0.0, 'fp': 0.0, 'tn': 4752.0, 'fn': 0, 'n_windows': 0, 'weighted': 1045.44}","{'tp': 0.0, 'fp': 0.0, 'tn': 4752.0, 'fn': 0, 'n_windows': 0, 'weighted': 1045.44}","{'tp': 0.0, 'fp': 0.0, 'tn': 4752.0, 'fn': 0, 'n_windows': 0, 'weighted': 1045.44}",True
microsoft,consumer-purchase-rate,consumer-purchase-rate/purchase-04.csv,Transformer,False,374,874,64,80,1,3.5,-0.0,2,0,0.0,"{'tp': 0.0, 'fp': 2.0, 'tn': 374.0, 'fn': 0, 'n_windows': 0, 'weighted': 82.06}","{'tp': 0.0, 'fp': 0.0, 'tn': 374.0, 'fn': 0, 'n_windows': 0, 'weighted': 82.28}","{'tp': 0.0, 'fp': 0.0, 'tn': 374.0, 'fn': 0, 'n_windows': 0, 'weighted': 82.28}",True
microsoft,consumer-purchase-rate,consumer-purchase-rate/purchase-04.csv,TSMixer,False,374,874,64,80,3,3.5,-0.0,4,0,0.0,"{'tp': 0.0, 'fp': 3.0, 'tn': 374.0, 'fn': 0, 'n_windows': 0, 'weighted': 81.95}","{'tp': 0.0, 'fp': 0.0, 'tn': 374.0, 'fn': 0, 'n_windows': 0, 'weighted': 82.28}","{'tp': 0.0, 'fp': 0.0, 'tn': 374.0, 'fn': 0, 'n_windows': 0, 'weighted': 82.28}",True
microsoft,data-ingress-rate,data-ingress-rate/ingress-02.csv,IsolationForest,True,4752,11088,64,47,1,4.0,-8.0,0,1,0.0,"{'tp': 0.0, 'fp': 0.0, 'tn': 4703.0, 'fn': 1, 'n_windows': 1, 'weighted': 1033.66}","{'tp': 0.0, 'fp': 0.0, 'tn': 4703.0, 'fn': 1, 'n_windows': 1, 'weighted': 1033.66}","{'tp': 1.1, 'fp': 0.0, 'tn': 4703.0, 'fn': 0, 'n_windows': 1, 'weighted': 1035.76}",True
microsoft,data-ingress-rate,data-ingress-rate/ingress-03.csv,GRU,False,4752,11088,64,47,3,4.0,-8.0,23,0,0.0,"{'tp': 0.0, 'fp': 12.0, 'tn': 4752.0, 'fn': 0, 'n_windows': 0, 'weighted': 1044.1200000000001}","{'tp': 0.0, 'fp': 0.0, 'tn': 4752.0, 'fn': 0, 'n_windows': 0, 'weighted': 1045.44}","{'tp': 0.0, 'fp': 0.0, 'tn': 4752.0, 'fn': 0, 'n_windows': 0, 'weighted': 1045.44}",True
microsoft,data-ingress-rate,data-ingress-rate/ingress-04.csv,IsolationForest,False,4752,11088,64,47,1,3.5,-0.0,23,0,0.0,"{'tp': 0.0, 'fp': 10.0, 'tn': 4752.0, 'fn': 0, 'n_windows': 0, 'weighted': 1044.3400000000001}","{'tp': 0.0, 'fp': 0.0, 'tn': 4752.0, 'fn': 0, 'n_windows': 0, 'weighted': 1045.44}","{'tp': 0.0, 'fp': 0.0, 'tn': 4752.0, 'fn': 0, 'n_windows': 0, 'weighted': 1045.44}",True
microsoft,data-ingress-rate,data-ingress-rate/ingress-05.csv,GRU,True,4752,11088,64,190,1,4.0,-10.0,42,1,52.85714285714038,"{'tp': 1.1, 'fp': 9.0, 'tn': 4749.0, 'fn': 0, 'n_windows': 1, 'weighted': 1044.8899999999999}","{'tp': 0.0, 'fp': 0.0, 'tn': 4749.0, 'fn': 1, 'n_windows': 1, 'weighted': 1043.78}","{'tp': 1.1, 'fp': 0.0, 'tn': 4749.0, 'fn': 0, 'n_windows': 1, 'weighted': 1045.8799999999999}",True
microsoft,data-ingress-rate,data-ingress-rate/ingress-01.csv,TCN,False,4752,11088,64,190,1,4.0,-19.0,60,0,0.0,"{'tp': 0.0, 'fp': 21.0, 'tn': 4752.0, 'fn': 0, 'n_windows': 0, 'weighted': 1043.13}","{'tp': 0.0, 'fp': 0.0, 'tn': 4752.0, 'fn': 0, 'n_windows': 0, 'weighted': 1045.44}","{'tp': 0.0, 'fp': 0.0, 'tn': 4752.0, 'fn': 0, 'n_windows': 0, 'weighted': 1045.44}",True
microsoft,data-ingress-rate,data-ingress-rate/ingress-01.csv,Transformer,False,4752,11088,64,47,1,4.0,-19.0,24,0,0.0,"{'tp': 0.0, 'fp': 11.0, 'tn': 4752.0, 'fn': 0, 'n_windows': 0, 'weighted': 1044.23}","{'tp': 0.0, 'fp': 0.0, 'tn': 4752.0, 'fn': 0, 'n_windows': 0, 'weighted': 1045.44}","{'tp': 0.0, 'fp': 0.0, 'tn': 4752.0, 'fn': 0, 'n_windows': 0, 'weighted': 1045.44}",True
microsoft,data-ingress-rate,data-ingress-rate/ingress-04.csv,GRU,False,4752,11088,64,80,3,4.0,-9.0,89,0,0.0,"{'tp': 0.0, 'fp': 21.0, 'tn': 4752.0, 'fn': 0, 'n_windows': 0, 'weighted': 1043.13}","{'tp': 0.0, 'fp': 0.0, 'tn': 4752.0, 'fn': 0, 'n_windows': 0, 'weighted': 1045.44}","{'tp': 0.0, 'fp': 0.0, 'tn': 4752.0, 'fn': 0, 'n_windows': 0, 'weighted': 1045.44}",True
microsoft,data-ingress-rate,data-ingress-rate/ingress-04.csv,TCN,False,4752,11088,64,190,1,4.0,-16.0,49,0,0.0,"{'tp': 0.0, 'fp': 20.0, 'tn': 4752.0, 'fn': 0, 'n_windows': 0, 'weighted': 1043.24}","{'tp': 0.0, 'fp': 0.0, 'tn': 4752.0, 'fn': 0, 'n_windows': 0, 'weighted': 1045.44}","{'tp': 0.0, 'fp': 0.0, 'tn': 4752.0, 'fn': 0, 'n_windows': 0, 'weighted': 1045.44}",True
microsoft,ecommerce-api-incoming-rps,ecommerce-api-incoming-rps/api-01.csv,IsolationForest,True,1858,4334,64,74,1,3.5,-0.0,13,5,16.975546975546813,"{'tp': 1.05, 'fp': 2.4324324324324325, 'tn': 1820.0, 'fn': 4, 'n_windows': 5, 'weighted': 397.1824324324324}","{'tp': 0.0, 'fp': 0.0, 'tn': 1820.0, 'fn': 5, 'n_windows': 5, 'weighted': 395.4}","{'tp': 5.5, 'fp': 0.0, 'tn': 1820.0, 'fn': 0, 'n_windows': 5, 'weighted': 405.9}",True
microsoft,middle-tier-api-dependency-latency,middle-tier-api-dependency-latency/outbound-01.csv,GRU,False,216,504,50,80,1,2.5,-0.0,0,0,0.0,"{'tp': 0.0, 'fp': 0.0, 'tn': 216.0, 'fn': 0, 'n_windows': 0, 'weighted': 47.52}","{'tp': 0.0, 'fp': 0.0, 'tn': 216.0, 'fn': 0, 'n_windows': 0, 'weighted': 47.52}","{'tp': 0.0, 'fp': 0.0, 'tn': 216.0, 'fn': 0, 'n_windows': 0, 'weighted': 47.52}",True
microsoft,data-ingress-rate,data-ingress-rate/ingress-03.csv,TCN,False,4752,11088,64,47,1,4.0,-3.0,34,0,0.0,"{'tp': 0.0, 'fp': 19.0, 'tn': 4752.0, 'fn': 0, 'n_windows': 0, 'weighted': 1043.3500000000001}","{'tp': 0.0, 'fp': 0.0, 'tn': 4752.0, 'fn': 0, 'n_windows': 0, 'weighted': 1045.44}","{'tp': 0.0, 'fp': 0.0, 'tn': 4752.0, 'fn': 0, 'n_windows': 0, 'weighted': 1045.44}",True
microsoft,data-ingress-rate,data-ingress-rate/ingress-03.csv,Transformer,False,4752,11088,64,47,1,4.0,-10.0,17,0,0.0,"{'tp': 0.0, 'fp': 7.0, 'tn': 4752.0, 'fn': 0, 'n_windows': 0, 'weighted': 1044.67}","{'tp': 0.0, 'fp': 0.0, 'tn': 4752.0, 'fn': 0, 'n_windows': 0, 'weighted': 1045.44}","{'tp': 0.0, 'fp': 0.0, 'tn': 4752.0, 'fn': 0, 'n_windows': 0, 'weighted': 1045.44}",True
microsoft,data-ingress-rate,data-ingress-rate/ingress-03.csv,TSMixer,False,4752,11088,64,47,3,4.0,-1.0,2,0,0.0,"{'tp': 0.0, 'fp': 2.0, 'tn': 4752.0, 'fn': 0, 'n_windows': 0, 'weighted': 1045.22}","{'tp': 0.0, 'fp': 0.0, 'tn': 4752.0, 'fn': 0, 'n_windows': 0, 'weighted': 1045.44}","{'tp': 0.0, 'fp': 0.0, 'tn': 4752.0, 'fn': 0, 'n_windows': 0, 'weighted': 1045.44}",True
microsoft,data-ingress-rate,data-ingress-rate/ingress-03.csv,IsolationForest,False,4752,11088,64,47,1,4.0,-0.0,0,0,0.0,"{'tp': 0.0, 'fp': 0.0, 'tn': 4752.0, 'fn': 0, 'n_windows': 0, 'weighted': 1045.44}","{'tp': 0.0, 'fp': 0.0, 'tn': 4752.0, 'fn': 0, 'n_windows': 0, 'weighted': 1045.44}","{'tp': 0.0, 'fp': 0.0, 'tn': 4752.0, 'fn': 0, 'n_windows': 0, 'weighted': 1045.44}",True
microsoft,middle-tier-api-dependency-latency,middle-tier-api-dependency-latency/outbound-01.csv,TCN,False,216,504,50,80,1,2.5,-0.0,1,0,0.0,"{'tp': 0.0, 'fp': 1.0, 'tn': 216.0, 'fn': 0, 'n_windows': 0, 'weighted': 47.410000000000004}","{'tp': 0.0, 'fp': 0.0, 'tn': 216.0, 'fn': 0, 'n_windows': 0, 'weighted': 47.52}","{'tp': 0.0, 'fp': 0.0, 'tn': 216.0, 'fn': 0, 'n_windows': 0, 'weighted': 47.52}",True
microsoft,middle-tier-api-dependency-latency,middle-tier-api-dependency-latency/outbound-01.csv,Transformer,False,216,504,50,80,1,2.5,-0.0,8,0,0.0,"{'tp': 0.0, 'fp': 5.0, 'tn': 216.0, 'fn': 0, 'n_windows': 0, 'weighted': 46.970000000000006}","{'tp': 0.0, 'fp': 0.0, 'tn': 216.0, 'fn': 0, 'n_windows': 0, 'weighted': 47.52}","{'tp': 0.0, 'fp': 0.0, 'tn': 216.0, 'fn': 0, 'n_windows': 0, 'weighted': 47.52}",True
microsoft,middle-tier-api-dependency-latency,middle-tier-api-dependency-latency/outbound-01.csv,TSMixer,False,216,504,50,80,1,4.0,-0.0,2,0,0.0,"{'tp': 0.0, 'fp': 2.0, 'tn': 216.0, 'fn': 0, 'n_windows': 0, 'weighted': 47.300000000000004}","{'tp': 0.0, 'fp': 0.0, 'tn': 216.0, 'fn': 0, 'n_windows': 0, 'weighted': 47.52}","{'tp': 0.0, 'fp': 0.0, 'tn': 216.0, 'fn': 0, 'n_windows': 0, 'weighted': 47.52}",True
microsoft,middle-tier-api-dependency-latency,middle-tier-api-dependency-latency/outbound-01.csv,IsolationForest,False,216,504,50,80,1,3.0,-0.0,1,0,0.0,"{'tp': 0.0, 'fp': 1.0, 'tn': 216.0, 'fn': 0, 'n_windows': 0, 'weighted': 47.410000000000004}","{'tp': 0.0, 'fp': 0.0, 'tn': 216.0, 'fn': 0, 'n_windows': 0, 'weighted': 47.52}","{'tp': 0.0, 'fp': 0.0, 'tn': 216.0, 'fn': 0, 'n_windows': 0, 'weighted': 47.52}",True
microsoft,middle-tier-api-dependency-latency,middle-tier-api-dependency-latency/outbound-02.csv,GRU,True,216,504,50,80,1,2.5,-0.0,6,1,88.96825396825386,"{'tp': 1.0333333333333334, 'fp': 1.5, 'tn': 212.0, 'fn': 0, 'n_windows': 1, 'weighted': 47.50833333333333}","{'tp': 0.0, 'fp': 0.0, 'tn': 212.0, 'fn': 1, 'n_windows': 1, 'weighted': 45.64}","{'tp': 1.1, 'fp': 0.0, 'tn': 212.0, 'fn': 0, 'n_windows': 1, 'weighted': 47.74}",True
microsoft,middle-tier-api-dependency-latency,middle-tier-api-dependency-latency/outbound-02.csv,TCN,True,216,504,50,80,1,2.5,-0.0,6,1,88.96825396825386,"{'tp': 1.0333333333333334, 'fp': 1.5, 'tn': 212.0, 'fn': 0, 'n_windows': 1, 'weighted': 47.50833333333333}","{'tp': 0.0, 'fp': 0.0, 'tn': 212.0, 'fn': 1, 'n_windows': 1, 'weighted': 45.64}","{'tp': 1.1, 'fp': 0.0, 'tn': 212.0, 'fn': 0, 'n_windows': 1, 'weighted': 47.74}",True
microsoft,middle-tier-api-dependency-latency,middle-tier-api-dependency-latency/outbound-02.csv,IsolationForest,True,216,504,50,80,1,2.5,-0.0,6,1,91.58730158730147,"{'tp': 1.0333333333333334, 'fp': 1.0, 'tn': 212.0, 'fn': 0, 'n_windows': 1, 'weighted': 47.56333333333333}","{'tp': 0.0, 'fp': 0.0, 'tn': 212.0, 'fn': 1, 'n_windows': 1, 'weighted': 45.64}","{'tp': 1.1, 'fp': 0.0, 'tn': 212.0, 'fn': 0, 'n_windows': 1, 'weighted': 47.74}",True
microsoft,middle-tier-api-dependency-latency,middle-tier-api-dependency-latency/outbound-03.csv,GRU,False,216,504,50,80,1,2.5,-0.0,21,0,0.0,"{'tp': 0.0, 'fp': 8.0, 'tn': 216.0, 'fn': 0, 'n_windows': 0, 'weighted': 46.64}","{'tp': 0.0, 'fp': 0.0, 'tn': 216.0, 'fn': 0, 'n_windows': 0, 'weighted': 47.52}","{'tp': 0.0, 'fp': 0.0, 'tn': 216.0, 'fn': 0, 'n_windows': 0, 'weighted': 47.52}",True
microsoft,data-ingress-rate,data-ingress-rate/ingress-02.csv,Transformer,True,4752,11088,64,47,3,4.0,-22.0,11,1,-13.095238095242994,"{'tp': 0.0, 'fp': 2.5, 'tn': 4703.0, 'fn': 1, 'n_windows': 1, 'weighted': 1033.385}","{'tp': 0.0, 'fp': 0.0, 'tn': 4703.0, 'fn': 1, 'n_windows': 1, 'weighted': 1033.66}","{'tp': 1.1, 'fp': 0.0, 'tn': 4703.0, 'fn': 0, 'n_windows': 1, 'weighted': 1035.76}",True
microsoft,data-ingress-rate,data-ingress-rate/ingress-02.csv,TSMixer,True,4752,11088,64,47,1,4.0,-15.0,6,1,-15.71428571428293,"{'tp': 0.0, 'fp': 3.0, 'tn': 4703.0, 'fn': 1, 'n_windows': 1, 'weighted': 1033.3300000000002}","{'tp': 0.0, 'fp': 0.0, 'tn': 4703.0, 'fn': 1, 'n_windows': 1, 'weighted': 1033.66}","{'tp': 1.1, 'fp': 0.0, 'tn': 4703.0, 'fn': 0, 'n_windows': 1, 'weighted': 1035.76}",True
microsoft,data-ingress-rate,data-ingress-rate/ingress-05.csv,TCN,True,4752,11088,64,80,1,4.0,-14.0,63,1,24.047619047625286,"{'tp': 1.1, 'fp': 14.5, 'tn': 4749.0, 'fn': 0, 'n_windows': 1, 'weighted': 1044.285}","{'tp': 0.0, 'fp': 0.0, 'tn': 4749.0, 'fn': 1, 'n_windows': 1, 'weighted': 1043.78}","{'tp': 1.1, 'fp': 0.0, 'tn': 4749.0, 'fn': 0, 'n_windows': 1, 'weighted': 1045.8799999999999}",True
microsoft,data-ingress-rate,data-ingress-rate/ingress-05.csv,Transformer,True,4752,11088,64,47,1,4.0,-17.0,80,1,-70.43859649122604,"{'tp': 0.0, 'fp': 13.447368421052632, 'tn': 4749.0, 'fn': 1, 'n_windows': 1, 'weighted': 1042.3007894736843}","{'tp': 0.0, 'fp': 0.0, 'tn': 4749.0, 'fn': 1, 'n_windows': 1, 'weighted': 1043.78}","{'tp': 1.1, 'fp': 0.0, 'tn': 4749.0, 'fn': 0, 'n_windows': 1, 'weighted': 1045.8799999999999}",True
microsoft,middle-tier-api-dependency-latency,middle-tier-api-dependency-latency/outbound-03.csv,TSMixer,False,216,504,50,80,1,2.5,-0.0,17,0,0.0,"{'tp': 0.0, 'fp': 4.0, 'tn': 216.0, 'fn': 0, 'n_windows': 0, 'weighted': 47.080000000000005}","{'tp': 0.0, 'fp': 0.0, 'tn': 216.0, 'fn': 0, 'n_windows': 0, 'weighted': 47.52}","{'tp': 0.0, 'fp': 0.0, 'tn': 216.0, 'fn': 0, 'n_windows': 0, 'weighted': 47.52}",True
microsoft,middle-tier-api-dependency-latency,middle-tier-api-dependency-latency/outbound-03.csv,IsolationForest,False,216,504,50,80,1,2.5,-0.0,20,0,0.0,"{'tp': 0.0, 'fp': 6.0, 'tn': 216.0, 'fn': 0, 'n_windows': 0, 'weighted': 46.86000000000001}","{'tp': 0.0, 'fp': 0.0, 'tn': 216.0, 'fn': 0, 'n_windows': 0, 'weighted': 47.52}","{'tp': 0.0, 'fp': 0.0, 'tn': 216.0, 'fn': 0, 'n_windows': 0, 'weighted': 47.52}",True
microsoft,middle-tier-api-dependency-latency,middle-tier-api-dependency-latency/outbound-04.csv,GRU,True,216,504,50,80,1,3.0,-0.0,0,1,0.0,"{'tp': 0.0, 'fp': 0.0, 'tn': 193.0, 'fn': 1, 'n_windows': 1, 'weighted': 41.46}","{'tp': 0.0, 'fp': 0.0, 'tn': 193.0, 'fn': 1, 'n_windows': 1, 'weighted': 41.46}","{'tp': 1.1, 'fp': 0.0, 'tn': 193.0, 'fn': 0, 'n_windows': 1, 'weighted': 43.56}",True
microsoft,middle-tier-api-dependency-latency,middle-tier-api-dependency-latency/outbound-04.csv,TCN,True,216,504,50,80,1,3.5,-0.0,17,1,97.16450216450204,"{'tp': 1.0954545454545455, 'fp': 0.5, 'tn': 193.0, 'fn': 0, 'n_windows': 1, 'weighted': 43.500454545454545}","{'tp': 0.0, 'fp': 0.0, 'tn': 193.0, 'fn': 1, 'n_windows': 1, 'weighted': 41.46}","{'tp': 1.1, 'fp': 0.0, 'tn': 193.0, 'fn': 0, 'n_windows': 1, 'weighted': 43.56}",True
microsoft,middle-tier-api-dependency-latency,middle-tier-api-dependency-latency/outbound-03.csv,TCN,False,216,504,50,80,1,2.5,-0.0,11,0,0.0,"{'tp': 0.0, 'fp': 4.0, 'tn': 216.0, 'fn': 0, 'n_windows': 0, 'weighted': 47.080000000000005}","{'tp': 0.0, 'fp': 0.0, 'tn': 216.0, 'fn': 0, 'n_windows': 0, 'weighted': 47.52}","{'tp': 0.0, 'fp': 0.0, 'tn': 216.0, 'fn': 0, 'n_windows': 0, 'weighted': 47.52}",True
microsoft,middle-tier-api-dependency-latency,middle-tier-api-dependency-latency/outbound-03.csv,Transformer,False,216,504,50,80,1,3.5,-0.0,1,0,0.0,"{'tp': 0.0, 'fp': 1.0, 'tn': 216.0, 'fn': 0, 'n_windows': 0, 'weighted': 47.410000000000004}","{'tp': 0.0, 'fp': 0.0, 'tn': 216.0, 'fn': 0, 'n_windows': 0, 'weighted': 47.52}","{'tp': 0.0, 'fp': 0.0, 'tn': 216.0, 'fn': 0, 'n_windows': 0, 'weighted': 47.52}",True
microsoft,middle-tier-api-dependency-latency,middle-tier-api-dependency-latency/outbound-04.csv,IsolationForest,True,216,504,50,80,1,2.5,-0.0,33,1,89.30735930735922,"{'tp': 1.0954545454545455, 'fp': 2.0, 'tn': 193.0, 'fn': 0, 'n_windows': 1, 'weighted': 43.335454545454546}","{'tp': 0.0, 'fp': 0.0, 'tn': 193.0, 'fn': 1, 'n_windows': 1, 'weighted': 41.46}","{'tp': 1.1, 'fp': 0.0, 'tn': 193.0, 'fn': 0, 'n_windows': 1, 'weighted': 43.56}",True
microsoft,middle-tier-api-dependency-latency,middle-tier-api-dependency-latency/outbound-05.csv,GRU,True,216,504,50,80,1,2.5,-0.0,17,1,96.94805194805203,"{'tp': 1.0909090909090908, 'fp': 0.5, 'tn': 193.0, 'fn': 0, 'n_windows': 1, 'weighted': 43.495909090909095}","{'tp': 0.0, 'fp': 0.0, 'tn': 193.0, 'fn': 1, 'n_windows': 1, 'weighted': 41.46}","{'tp': 1.1, 'fp': 0.0, 'tn': 193.0, 'fn': 0, 'n_windows': 1, 'weighted': 43.56}",True
microsoft,ecommerce-api-incoming-rps,ecommerce-api-incoming-rps/api-01.csv,GRU,True,1858,4334,64,18,1,4.0,-0.75,6,5,36.05760862903718,"{'tp': 2.095238095238095, 'fp': 2.8108108108108105, 'tn': 1820.0, 'fn': 3, 'n_windows': 5, 'weighted': 399.1860489060489}","{'tp': 0.0, 'fp': 0.0, 'tn': 1820.0, 'fn': 5, 'n_windows': 5, 'weighted': 395.4}","{'tp': 5.5, 'fp': 0.0, 'tn': 1820.0, 'fn': 0, 'n_windows': 5, 'weighted': 405.9}",True
microsoft,ecommerce-api-incoming-rps,ecommerce-api-incoming-rps/api-01.csv,TCN,True,1858,4334,64,18,1,4.0,-0.75,4,5,-2.5341055341056875,"{'tp': 0.0, 'fp': 2.418918918918919, 'tn': 1820.0, 'fn': 5, 'n_windows': 5, 'weighted': 395.1339189189189}","{'tp': 0.0, 'fp': 0.0, 'tn': 1820.0, 'fn': 5, 'n_windows': 5, 'weighted': 395.4}","{'tp': 5.5, 'fp': 0.0, 'tn': 1820.0, 'fn': 0, 'n_windows': 5, 'weighted': 405.9}",True
microsoft,data-ingress-rate,data-ingress-rate/ingress-05.csv,TSMixer,True,4752,11088,64,47,1,4.0,-9.0,47,1,39.76190476190822,"{'tp': 1.1, 'fp': 11.5, 'tn': 4749.0, 'fn': 0, 'n_windows': 1, 'weighted': 1044.615}","{'tp': 0.0, 'fp': 0.0, 'tn': 4749.0, 'fn': 1, 'n_windows': 1, 'weighted': 1043.78}","{'tp': 1.1, 'fp': 0.0, 'tn': 4749.0, 'fn': 0, 'n_windows': 1, 'weighted': 1045.8799999999999}",True
microsoft,data-ingress-rate,data-ingress-rate/ingress-05.csv,IsolationForest,True,4752,11088,64,47,3,4.0,-0.0,3,1,-2.619047619050764,"{'tp': 0.0, 'fp': 0.5, 'tn': 4749.0, 'fn': 1, 'n_windows': 1, 'weighted': 1043.725}","{'tp': 0.0, 'fp': 0.0, 'tn': 4749.0, 'fn': 1, 'n_windows': 1, 'weighted': 1043.78}","{'tp': 1.1, 'fp': 0.0, 'tn': 4749.0, 'fn': 0, 'n_windows': 1, 'weighted': 1045.8799999999999}",True
microsoft,middle-tier-api-dependency-latency,middle-tier-api-dependency-latency/outbound-06.csv,GRU,False,216,504,50,80,1,3.0,-0.0,0,0,0.0,"{'tp': 0.0, 'fp': 0.0, 'tn': 216.0, 'fn': 0, 'n_windows': 0, 'weighted': 47.52}","{'tp': 0.0, 'fp': 0.0, 'tn': 216.0, 'fn': 0, 'n_windows': 0, 'weighted': 47.52}","{'tp': 0.0, 'fp': 0.0, 'tn': 216.0, 'fn': 0, 'n_windows': 0, 'weighted': 47.52}",True
microsoft,middle-tier-api-dependency-latency,middle-tier-api-dependency-latency/outbound-06.csv,TCN,False,216,504,50,20,3,4.0,-0.25,0,0,0.0,"{'tp': 0.0, 'fp': 0.0, 'tn': 216.0, 'fn': 0, 'n_windows': 0, 'weighted': 47.52}","{'tp': 0.0, 'fp': 0.0, 'tn': 216.0, 'fn': 0, 'n_windows': 0, 'weighted': 47.52}","{'tp': 0.0, 'fp': 0.0, 'tn': 216.0, 'fn': 0, 'n_windows': 0, 'weighted': 47.52}",True
microsoft,middle-tier-api-dependency-latency,middle-tier-api-dependency-latency/outbound-04.csv,Transformer,True,216,504,50,80,1,3.5,-0.0,13,1,97.16450216450204,"{'tp': 1.0954545454545455, 'fp': 0.5, 'tn': 193.0, 'fn': 0, 'n_windows': 1, 'weighted': 43.500454545454545}","{'tp': 0.0, 'fp': 0.0, 'tn': 193.0, 'fn': 1, 'n_windows': 1, 'weighted': 41.46}","{'tp': 1.1, 'fp': 0.0, 'tn': 193.0, 'fn': 0, 'n_windows': 1, 'weighted': 43.56}",True
microsoft,middle-tier-api-dependency-latency,middle-tier-api-dependency-latency/outbound-04.csv,TSMixer,True,216,504,50,80,1,3.0,-0.0,16,1,99.56709956709962,"{'tp': 1.0909090909090908, 'fp': 0.0, 'tn': 193.0, 'fn': 0, 'n_windows': 1, 'weighted': 43.550909090909094}","{'tp': 0.0, 'fp': 0.0, 'tn': 193.0, 'fn': 1, 'n_windows': 1, 'weighted': 41.46}","{'tp': 1.1, 'fp': 0.0, 'tn': 193.0, 'fn': 0, 'n_windows': 1, 'weighted': 43.56}",True
microsoft,middle-tier-api-dependency-latency,middle-tier-api-dependency-latency/outbound-06.csv,IsolationForest,False,216,504,50,80,1,4.0,-0.0,0,0,0.0,"{'tp': 0.0, 'fp': 0.0, 'tn': 216.0, 'fn': 0, 'n_windows': 0, 'weighted': 47.52}","{'tp': 0.0, 'fp': 0.0, 'tn': 216.0, 'fn': 0, 'n_windows': 0, 'weighted': 47.52}","{'tp': 0.0, 'fp': 0.0, 'tn': 216.0, 'fn': 0, 'n_windows': 0, 'weighted': 47.52}",True
microsoft,middle-tier-api-dependency-latency,middle-tier-api-dependency-latency/outbound-07.csv,GRU,False,216,504,50,80,1,3.0,-0.0,0,0,0.0,"{'tp': 0.0, 'fp': 0.0, 'tn': 216.0, 'fn': 0, 'n_windows': 0, 'weighted': 47.52}","{'tp': 0.0, 'fp': 0.0, 'tn': 216.0, 'fn': 0, 'n_windows': 0, 'weighted': 47.52}","{'tp': 0.0, 'fp': 0.0, 'tn': 216.0, 'fn': 0, 'n_windows': 0, 'weighted': 47.52}",True
microsoft,middle-tier-api-dependency-latency,middle-tier-api-dependency-latency/outbound-02.csv,Transformer,True,216,504,50,80,1,2.5,-0.0,5,1,88.96825396825386,"{'tp': 1.0333333333333334, 'fp': 1.5, 'tn': 212.0, 'fn': 0, 'n_windows': 1, 'weighted': 47.50833333333333}","{'tp': 0.0, 'fp': 0.0, 'tn': 212.0, 'fn': 1, 'n_windows': 1, 'weighted': 45.64}","{'tp': 1.1, 'fp': 0.0, 'tn': 212.0, 'fn': 0, 'n_windows': 1, 'weighted': 47.74}",True
microsoft,middle-tier-api-dependency-latency,middle-tier-api-dependency-latency/outbound-02.csv,TSMixer,True,216,504,50,80,1,2.5,-0.0,2,1,94.20634920634906,"{'tp': 1.0333333333333334, 'fp': 0.5, 'tn': 212.0, 'fn': 0, 'n_windows': 1, 'weighted': 47.61833333333333}","{'tp': 0.0, 'fp': 0.0, 'tn': 212.0, 'fn': 1, 'n_windows': 1, 'weighted': 45.64}","{'tp': 1.1, 'fp': 0.0, 'tn': 212.0, 'fn': 0, 'n_windows': 1, 'weighted': 47.74}",True
microsoft,middle-tier-api-dependency-latency,middle-tier-api-dependency-latency/outbound-05.csv,TSMixer,True,216,504,50,80,1,2.5,-0.0,20,1,89.30735930735922,"{'tp': 1.0954545454545455, 'fp': 2.0, 'tn': 193.0, 'fn': 0, 'n_windows': 1, 'weighted': 43.335454545454546}","{'tp': 0.0, 'fp': 0.0, 'tn': 193.0, 'fn': 1, 'n_windows': 1, 'weighted': 41.46}","{'tp': 1.1, 'fp': 0.0, 'tn': 193.0, 'fn': 0, 'n_windows': 1, 'weighted': 43.56}",True
microsoft,middle-tier-api-dependency-latency,middle-tier-api-dependency-latency/outbound-05.csv,IsolationForest,True,216,504,50,80,1,2.5,-0.0,24,1,97.16450216450204,"{'tp': 1.0954545454545455, 'fp': 0.5, 'tn': 193.0, 'fn': 0, 'n_windows': 1, 'weighted': 43.500454545454545}","{'tp': 0.0, 'fp': 0.0, 'tn': 193.0, 'fn': 1, 'n_windows': 1, 'weighted': 41.46}","{'tp': 1.1, 'fp': 0.0, 'tn': 193.0, 'fn': 0, 'n_windows': 1, 'weighted': 43.56}",True
microsoft,middle-tier-api-dependency-latency,middle-tier-api-dependency-latency/outbound-05.csv,TCN,True,216,504,50,80,1,2.5,-0.0,20,1,89.30735930735922,"{'tp': 1.0954545454545455, 'fp': 2.0, 'tn': 193.0, 'fn': 0, 'n_windows': 1, 'weighted': 43.335454545454546}","{'tp': 0.0, 'fp': 0.0, 'tn': 193.0, 'fn': 1, 'n_windows': 1, 'weighted': 41.46}","{'tp': 1.1, 'fp': 0.0, 'tn': 193.0, 'fn': 0, 'n_windows': 1, 'weighted': 43.56}",True
microsoft,middle-tier-api-dependency-latency,middle-tier-api-dependency-latency/outbound-05.csv,Transformer,True,216,504,50,80,1,2.5,-0.0,20,1,94.54545454545443,"{'tp': 1.0954545454545455, 'fp': 1.0, 'tn': 193.0, 'fn': 0, 'n_windows': 1, 'weighted': 43.445454545454545}","{'tp': 0.0, 'fp': 0.0, 'tn': 193.0, 'fn': 1, 'n_windows': 1, 'weighted': 41.46}","{'tp': 1.1, 'fp': 0.0, 'tn': 193.0, 'fn': 0, 'n_windows': 1, 'weighted': 43.56}",True
microsoft,middle-tier-api-dependency-latency,middle-tier-api-dependency-latency/outbound-08.csv,IsolationForest,True,216,504,50,80,1,2.5,-0.0,23,1,96.29870129870129,"{'tp': 1.0772727272727274, 'fp': 0.5, 'tn': 193.0, 'fn': 0, 'n_windows': 1, 'weighted': 43.48227272727273}","{'tp': 0.0, 'fp': 0.0, 'tn': 193.0, 'fn': 1, 'n_windows': 1, 'weighted': 41.46}","{'tp': 1.1, 'fp': 0.0, 'tn': 193.0, 'fn': 0, 'n_windows': 1, 'weighted': 43.56}",True
microsoft,middle-tier-api-dependency-latency,middle-tier-api-dependency-latency/outbound-09.csv,GRU,True,216,504,50,80,1,3.0,-0.0,11,1,88.73015873015883,"{'tp': 1.0833333333333333, 'fp': 2.0, 'tn': 209.0, 'fn': 0, 'n_windows': 1, 'weighted': 46.843333333333334}","{'tp': 0.0, 'fp': 0.0, 'tn': 209.0, 'fn': 1, 'n_windows': 1, 'weighted': 44.98}","{'tp': 1.1, 'fp': 0.0, 'tn': 209.0, 'fn': 0, 'n_windows': 1, 'weighted': 47.08}",True
microsoft,middle-tier-api-dependency-latency,middle-tier-api-dependency-latency/outbound-08.csv,GRU,True,216,504,50,20,1,4.0,-0.25,1,1,99.78354978354965,"{'tp': 1.0954545454545455, 'fp': 0.0, 'tn': 193.0, 'fn': 0, 'n_windows': 1, 'weighted': 43.555454545454545}","{'tp': 0.0, 'fp': 0.0, 'tn': 193.0, 'fn': 1, 'n_windows': 1, 'weighted': 41.46}","{'tp': 1.1, 'fp': 0.0, 'tn': 193.0, 'fn': 0, 'n_windows': 1, 'weighted': 43.56}",True
microsoft,middle-tier-api-dependency-latency,middle-tier-api-dependency-latency/outbound-08.csv,TCN,True,216,504,50,80,1,2.5,-0.0,14,1,93.67424242424244,"{'tp': 1.0909090909090908, 'fp': 1.125, 'tn': 193.0, 'fn': 0, 'n_windows': 1, 'weighted': 43.42715909090909}","{'tp': 0.0, 'fp': 0.0, 'tn': 193.0, 'fn': 1, 'n_windows': 1, 'weighted': 41.46}","{'tp': 1.1, 'fp': 0.0, 'tn': 193.0, 'fn': 0, 'n_windows': 1, 'weighted': 43.56}",True
microsoft,middle-tier-api-dependency-latency,middle-tier-api-dependency-latency/outbound-07.csv,TCN,False,216,504,50,80,1,2.5,-0.0,7,0,0.0,"{'tp': 0.0, 'fp': 4.0, 'tn': 216.0, 'fn': 0, 'n_windows': 0, 'weighted': 47.080000000000005}","{'tp': 0.0, 'fp': 0.0, 'tn': 216.0, 'fn': 0, 'n_windows': 0, 'weighted': 47.52}","{'tp': 0.0, 'fp': 0.0, 'tn': 216.0, 'fn': 0, 'n_windows': 0, 'weighted': 47.52}",True
microsoft,middle-tier-api-dependency-latency,middle-tier-api-dependency-latency/outbound-07.csv,Transformer,False,216,504,50,80,1,3.0,-0.0,6,0,0.0,"{'tp': 0.0, 'fp': 4.0, 'tn': 216.0, 'fn': 0, 'n_windows': 0, 'weighted': 47.080000000000005}","{'tp': 0.0, 'fp': 0.0, 'tn': 216.0, 'fn': 0, 'n_windows': 0, 'weighted': 47.52}","{'tp': 0.0, 'fp': 0.0, 'tn': 216.0, 'fn': 0, 'n_windows': 0, 'weighted': 47.52}",True
microsoft,middle-tier-api-dependency-latency,middle-tier-api-dependency-latency/outbound-07.csv,TSMixer,False,216,504,50,80,1,3.0,-0.0,0,0,0.0,"{'tp': 0.0, 'fp': 0.0, 'tn': 216.0, 'fn': 0, 'n_windows': 0, 'weighted': 47.52}","{'tp': 0.0, 'fp': 0.0, 'tn': 216.0, 'fn': 0, 'n_windows': 0, 'weighted': 47.52}","{'tp': 0.0, 'fp': 0.0, 'tn': 216.0, 'fn': 0, 'n_windows': 0, 'weighted': 47.52}",True
microsoft,middle-tier-api-dependency-latency,middle-tier-api-dependency-latency/outbound-07.csv,IsolationForest,False,216,504,50,80,1,2.5,-0.0,3,0,0.0,"{'tp': 0.0, 'fp': 3.0, 'tn': 216.0, 'fn': 0, 'n_windows': 0, 'weighted': 47.190000000000005}","{'tp': 0.0, 'fp': 0.0, 'tn': 216.0, 'fn': 0, 'n_windows': 0, 'weighted': 47.52}","{'tp': 0.0, 'fp': 0.0, 'tn': 216.0, 'fn': 0, 'n_windows': 0, 'weighted': 47.52}",True
microsoft,middle-tier-api-dependency-latency,middle-tier-api-dependency-latency/outbound-06.csv,Transformer,False,216,504,50,10,1,3.0,-0.75,0,0,0.0,"{'tp': 0.0, 'fp': 0.0, 'tn': 216.0, 'fn': 0, 'n_windows': 0, 'weighted': 47.52}","{'tp': 0.0, 'fp': 0.0, 'tn': 216.0, 'fn': 0, 'n_windows': 0, 'weighted': 47.52}","{'tp': 0.0, 'fp': 0.0, 'tn': 216.0, 'fn': 0, 'n_windows': 0, 'weighted': 47.52}",True
microsoft,middle-tier-api-dependency-latency,middle-tier-api-dependency-latency/outbound-06.csv,TSMixer,False,216,504,50,80,1,2.5,-0.0,4,0,0.0,"{'tp': 0.0, 'fp': 4.0, 'tn': 216.0, 'fn': 0, 'n_windows': 0, 'weighted': 47.080000000000005}","{'tp': 0.0, 'fp': 0.0, 'tn': 216.0, 'fn': 0, 'n_windows': 0, 'weighted': 47.52}","{'tp': 0.0, 'fp': 0.0, 'tn': 216.0, 'fn': 0, 'n_windows': 0, 'weighted': 47.52}",True
microsoft,data-ingress-rate,data-ingress-rate/ingress-04.csv,Transformer,False,4752,11088,64,47,1,4.0,-23.0,90,0,0.0,"{'tp': 0.0, 'fp': 24.0, 'tn': 4752.0, 'fn': 0, 'n_windows': 0, 'weighted': 1042.8}","{'tp': 0.0, 'fp': 0.0, 'tn': 4752.0, 'fn': 0, 'n_windows': 0, 'weighted': 1045.44}","{'tp': 0.0, 'fp': 0.0, 'tn': 4752.0, 'fn': 0, 'n_windows': 0, 'weighted': 1045.44}",True
microsoft,data-ingress-rate,data-ingress-rate/ingress-04.csv,TSMixer,False,4752,11088,64,47,1,4.0,-8.0,23,0,0.0,"{'tp': 0.0, 'fp': 14.0, 'tn': 4752.0, 'fn': 0, 'n_windows': 0, 'weighted': 1043.9}","{'tp': 0.0, 'fp': 0.0, 'tn': 4752.0, 'fn': 0, 'n_windows': 0, 'weighted': 1045.44}","{'tp': 0.0, 'fp': 0.0, 'tn': 4752.0, 'fn': 0, 'n_windows': 0, 'weighted': 1045.44}",True
microsoft,middle-tier-api-dependency-latency,middle-tier-api-dependency-latency/outbound-10.csv,IsolationForest,True,216,504,50,80,1,2.5,-0.0,10,1,91.4625850340134,"{'tp': 1.0857142857142856, 'fp': 1.5, 'tn': 208.0, 'fn': 0, 'n_windows': 1, 'weighted': 46.68071428571428}","{'tp': 0.0, 'fp': 0.0, 'tn': 208.0, 'fn': 1, 'n_windows': 1, 'weighted': 44.76}","{'tp': 1.1, 'fp': 0.0, 'tn': 208.0, 'fn': 0, 'n_windows': 1, 'weighted': 46.86}",True
microsoft,middle-tier-api-dependency-latency,middle-tier-api-dependency-latency/outbound-11.csv,GRU,True,216,504,50,80,1,2.5,-0.0,8,1,92.91005291005283,"{'tp': 1.0611111111111111, 'fp': 1.0, 'tn': 197.0, 'fn': 0, 'n_windows': 1, 'weighted': 44.291111111111114}","{'tp': 0.0, 'fp': 0.0, 'tn': 197.0, 'fn': 1, 'n_windows': 1, 'weighted': 42.34}","{'tp': 1.1, 'fp': 0.0, 'tn': 197.0, 'fn': 0, 'n_windows': 1, 'weighted': 44.440000000000005}",True
microsoft,middle-tier-api-dependency-latency,middle-tier-api-dependency-latency/outbound-09.csv,TCN,True,216,504,50,80,1,3.0,-0.0,6,1,91.34920634920644,"{'tp': 1.0833333333333333, 'fp': 1.5, 'tn': 209.0, 'fn': 0, 'n_windows': 1, 'weighted': 46.89833333333333}","{'tp': 0.0, 'fp': 0.0, 'tn': 209.0, 'fn': 1, 'n_windows': 1, 'weighted': 44.98}","{'tp': 1.1, 'fp': 0.0, 'tn': 209.0, 'fn': 0, 'n_windows': 1, 'weighted': 47.08}",True
microsoft,middle-tier-api-dependency-latency,middle-tier-api-dependency-latency/outbound-09.csv,Transformer,True,216,504,50,80,1,3.0,-0.0,5,1,93.96825396825405,"{'tp': 1.0833333333333333, 'fp': 1.0, 'tn': 209.0, 'fn': 0, 'n_windows': 1, 'weighted': 46.95333333333333}","{'tp': 0.0, 'fp': 0.0, 'tn': 209.0, 'fn': 1, 'n_windows': 1, 'weighted': 44.98}","{'tp': 1.1, 'fp': 0.0, 'tn': 209.0, 'fn': 0, 'n_windows': 1, 'weighted': 47.08}",True
microsoft,middle-tier-api-dependency-latency,middle-tier-api-dependency-latency/outbound-08.csv,Transformer,True,216,504,50,20,1,4.0,-0.25,3,1,-5.892857142857193,"{'tp': 0.0, 'fp': 1.125, 'tn': 193.0, 'fn': 1, 'n_windows': 1, 'weighted': 41.33625}","{'tp': 0.0, 'fp': 0.0, 'tn': 193.0, 'fn': 1, 'n_windows': 1, 'weighted': 41.46}","{'tp': 1.1, 'fp': 0.0, 'tn': 193.0, 'fn': 0, 'n_windows': 1, 'weighted': 43.56}",True
microsoft,middle-tier-api-dependency-latency,middle-tier-api-dependency-latency/outbound-08.csv,TSMixer,True,216,504,50,80,1,4.0,-0.0,10,1,96.29329004329003,"{'tp': 1.0909090909090908, 'fp': 0.625, 'tn': 193.0, 'fn': 0, 'n_windows': 1, 'weighted': 43.48215909090909}","{'tp': 0.0, 'fp': 0.0, 'tn': 193.0, 'fn': 1, 'n_windows': 1, 'weighted': 41.46}","{'tp': 1.1, 'fp': 0.0, 'tn': 193.0, 'fn': 0, 'n_windows': 1, 'weighted': 43.56}",True
microsoft,middle-tier-api-dependency-latency,middle-tier-api-dependency-latency/outbound-09.csv,TSMixer,True,216,504,50,80,3,3.5,-0.0,10,1,93.96825396825405,"{'tp': 1.0833333333333333, 'fp': 1.0, 'tn': 209.0, 'fn': 0, 'n_windows': 1, 'weighted': 46.95333333333333}","{'tp': 0.0, 'fp': 0.0, 'tn': 209.0, 'fn': 1, 'n_windows': 1, 'weighted': 44.98}","{'tp': 1.1, 'fp': 0.0, 'tn': 209.0, 'fn': 0, 'n_windows': 1, 'weighted': 47.08}",True
microsoft,middle-tier-api-dependency-latency,middle-tier-api-dependency-latency/outbound-09.csv,IsolationForest,True,216,504,50,80,1,2.5,-0.0,7,1,91.58730158730147,"{'tp': 1.0333333333333334, 'fp': 1.0, 'tn': 209.0, 'fn': 0, 'n_windows': 1, 'weighted': 46.90333333333333}","{'tp': 0.0, 'fp': 0.0, 'tn': 209.0, 'fn': 1, 'n_windows': 1, 'weighted': 44.98}","{'tp': 1.1, 'fp': 0.0, 'tn': 209.0, 'fn': 0, 'n_windows': 1, 'weighted': 47.08}",True
microsoft,middle-tier-api-dependency-latency,middle-tier-api-dependency-latency/outbound-10.csv,GRU,True,216,504,50,80,1,3.0,-0.0,8,1,96.70068027210894,"{'tp': 1.0857142857142856, 'fp': 0.5, 'tn': 208.0, 'fn': 0, 'n_windows': 1, 'weighted': 46.79071428571429}","{'tp': 0.0, 'fp': 0.0, 'tn': 208.0, 'fn': 1, 'n_windows': 1, 'weighted': 44.76}","{'tp': 1.1, 'fp': 0.0, 'tn': 208.0, 'fn': 0, 'n_windows': 1, 'weighted': 46.86}",True
microsoft,middle-tier-api-dependency-latency,middle-tier-api-dependency-latency/outbound-10.csv,TCN,True,216,504,50,80,1,3.0,-0.0,2,1,99.31972789115655,"{'tp': 1.0857142857142856, 'fp': 0.0, 'tn': 208.0, 'fn': 0, 'n_windows': 1, 'weighted': 46.84571428571429}","{'tp': 0.0, 'fp': 0.0, 'tn': 208.0, 'fn': 1, 'n_windows': 1, 'weighted': 44.76}","{'tp': 1.1, 'fp': 0.0, 'tn': 208.0, 'fn': 0, 'n_windows': 1, 'weighted': 46.86}",True
microsoft,middle-tier-api-dependency-latency,middle-tier-api-dependency-latency/outbound-12.csv,GRU,False,216,504,50,80,1,2.5,-0.0,3,0,0.0,"{'tp': 0.0, 'fp': 2.0, 'tn': 216.0, 'fn': 0, 'n_windows': 0, 'weighted': 47.300000000000004}","{'tp': 0.0, 'fp': 0.0, 'tn': 216.0, 'fn': 0, 'n_windows': 0, 'weighted': 47.52}","{'tp': 0.0, 'fp': 0.0, 'tn': 216.0, 'fn': 0, 'n_windows': 0, 'weighted': 47.52}",True
microsoft,middle-tier-api-dependency-latency,middle-tier-api-dependency-latency/outbound-12.csv,TCN,False,216,504,50,80,1,3.0,-0.0,6,0,0.0,"{'tp': 0.0, 'fp': 5.0, 'tn': 216.0, 'fn': 0, 'n_windows': 0, 'weighted': 46.970000000000006}","{'tp': 0.0, 'fp': 0.0, 'tn': 216.0, 'fn': 0, 'n_windows': 0, 'weighted': 47.52}","{'tp': 0.0, 'fp': 0.0, 'tn': 216.0, 'fn': 0, 'n_windows': 0, 'weighted': 47.52}",True
microsoft,middle-tier-api-dependency-latency,middle-tier-api-dependency-latency/outbound-12.csv,IsolationForest,False,216,504,50,80,1,2.5,-0.0,3,0,0.0,"{'tp': 0.0, 'fp': 3.0, 'tn': 216.0, 'fn': 0, 'n_windows': 0, 'weighted': 47.190000000000005}","{'tp': 0.0, 'fp': 0.0, 'tn': 216.0, 'fn': 0, 'n_windows': 0, 'weighted': 47.52}","{'tp': 0.0, 'fp': 0.0, 'tn': 216.0, 'fn': 0, 'n_windows': 0, 'weighted': 47.52}",True
microsoft,middle-tier-api-dependency-latency,middle-tier-api-dependency-latency/outbound-13.csv,GRU,False,216,504,50,80,1,2.5,-0.0,0,0,0.0,"{'tp': 0.0, 'fp': 0.0, 'tn': 216.0, 'fn': 0, 'n_windows': 0, 'weighted': 47.52}","{'tp': 0.0, 'fp': 0.0, 'tn': 216.0, 'fn': 0, 'n_windows': 0, 'weighted': 47.52}","{'tp': 0.0, 'fp': 0.0, 'tn': 216.0, 'fn': 0, 'n_windows': 0, 'weighted': 47.52}",True
microsoft,middle-tier-api-dependency-latency,middle-tier-api-dependency-latency/outbound-10.csv,Transformer,True,216,504,50,80,1,3.5,-0.0,5,1,98.63945578231277,"{'tp': 1.0714285714285714, 'fp': 0.0, 'tn': 208.0, 'fn': 0, 'n_windows': 1, 'weighted': 46.83142857142857}","{'tp': 0.0, 'fp': 0.0, 'tn': 208.0, 'fn': 1, 'n_windows': 1, 'weighted': 44.76}","{'tp': 1.1, 'fp': 0.0, 'tn': 208.0, 'fn': 0, 'n_windows': 1, 'weighted': 46.86}",True
microsoft,middle-tier-api-dependency-latency,middle-tier-api-dependency-latency/outbound-10.csv,TSMixer,True,216,504,50,80,1,2.5,-0.0,5,1,88.74149659863926,"{'tp': 1.0285714285714285, 'fp': 1.5, 'tn': 208.0, 'fn': 0, 'n_windows': 1, 'weighted': 46.623571428571424}","{'tp': 0.0, 'fp': 0.0, 'tn': 208.0, 'fn': 1, 'n_windows': 1, 'weighted': 44.76}","{'tp': 1.1, 'fp': 0.0, 'tn': 208.0, 'fn': 0, 'n_windows': 1, 'weighted': 46.86}",True
microsoft,middle-tier-api-dependency-latency,middle-tier-api-dependency-latency/outbound-11.csv,TSMixer,True,216,504,50,80,1,2.5,-0.0,4,1,92.11640211640207,"{'tp': 1.0444444444444445, 'fp': 1.0, 'tn': 197.0, 'fn': 0, 'n_windows': 1, 'weighted': 44.27444444444445}","{'tp': 0.0, 'fp': 0.0, 'tn': 197.0, 'fn': 1, 'n_windows': 1, 'weighted': 42.34}","{'tp': 1.1, 'fp': 0.0, 'tn': 197.0, 'fn': 0, 'n_windows': 1, 'weighted': 44.440000000000005}",True
microsoft,middle-tier-api-dependency-latency,middle-tier-api-dependency-latency/outbound-11.csv,IsolationForest,True,216,504,50,80,1,2.5,-0.0,10,1,97.61904761904742,"{'tp': 1.05, 'fp': 0.0, 'tn': 197.0, 'fn': 0, 'n_windows': 1, 'weighted': 44.39}","{'tp': 0.0, 'fp': 0.0, 'tn': 197.0, 'fn': 1, 'n_windows': 1, 'weighted': 42.34}","{'tp': 1.1, 'fp': 0.0, 'tn': 197.0, 'fn': 0, 'n_windows': 1, 'weighted': 44.440000000000005}",True
microsoft,middle-tier-api-dependency-latency,middle-tier-api-dependency-latency/outbound-11.csv,TCN,True,216,504,50,80,1,2.5,-0.0,8,1,94.1071428571428,"{'tp': 1.1, 'fp': 1.125, 'tn': 197.0, 'fn': 0, 'n_windows': 1, 'weighted': 44.316250000000004}","{'tp': 0.0, 'fp': 0.0, 'tn': 197.0, 'fn': 1, 'n_windows': 1, 'weighted': 42.34}","{'tp': 1.1, 'fp': 0.0, 'tn': 197.0, 'fn': 0, 'n_windows': 1, 'weighted': 44.440000000000005}",True
microsoft,middle-tier-api-dependency-latency,middle-tier-api-dependency-latency/outbound-11.csv,Transformer,True,216,504,50,80,1,2.5,-0.0,9,1,95.7936507936509,"{'tp': 1.0666666666666667, 'fp': 0.5, 'tn': 197.0, 'fn': 0, 'n_windows': 1, 'weighted': 44.351666666666674}","{'tp': 0.0, 'fp': 0.0, 'tn': 197.0, 'fn': 1, 'n_windows': 1, 'weighted': 42.34}","{'tp': 1.1, 'fp': 0.0, 'tn': 197.0, 'fn': 0, 'n_windows': 1, 'weighted': 44.440000000000005}",True
microsoft,middle-tier-api-dependency-latency,middle-tier-api-dependency-latency/outbound-14.csv,GRU,False,216,504,50,80,1,2.5,-0.0,6,0,0.0,"{'tp': 0.0, 'fp': 3.0, 'tn': 216.0, 'fn': 0, 'n_windows': 0, 'weighted': 47.190000000000005}","{'tp': 0.0, 'fp': 0.0, 'tn': 216.0, 'fn': 0, 'n_windows': 0, 'weighted': 47.52}","{'tp': 0.0, 'fp': 0.0, 'tn': 216.0, 'fn': 0, 'n_windows': 0, 'weighted': 47.52}",True
microsoft,middle-tier-api-dependency-latency,middle-tier-api-dependency-latency/outbound-14.csv,TCN,False,216,504,50,80,1,4.0,-0.0,3,0,0.0,"{'tp': 0.0, 'fp': 3.0, 'tn': 216.0, 'fn': 0, 'n_windows': 0, 'weighted': 47.190000000000005}","{'tp': 0.0, 'fp': 0.0, 'tn': 216.0, 'fn': 0, 'n_windows': 0, 'weighted': 47.52}","{'tp': 0.0, 'fp': 0.0, 'tn': 216.0, 'fn': 0, 'n_windows': 0, 'weighted': 47.52}",True
microsoft,middle-tier-api-dependency-latency,middle-tier-api-dependency-latency/outbound-14.csv,IsolationForest,False,216,504,50,80,1,3.0,-0.0,2,0,0.0,"{'tp': 0.0, 'fp': 2.0, 'tn': 216.0, 'fn': 0, 'n_windows': 0, 'weighted': 47.300000000000004}","{'tp': 0.0, 'fp': 0.0, 'tn': 216.0, 'fn': 0, 'n_windows': 0, 'weighted': 47.52}","{'tp': 0.0, 'fp': 0.0, 'tn': 216.0, 'fn': 0, 'n_windows': 0, 'weighted': 47.52}",True
microsoft,middle-tier-api-dependency-latency,middle-tier-api-dependency-latency/outbound-15.csv,GRU,False,216,504,50,80,1,2.5,-0.0,10,0,0.0,"{'tp': 0.0, 'fp': 6.0, 'tn': 216.0, 'fn': 0, 'n_windows': 0, 'weighted': 46.86000000000001}","{'tp': 0.0, 'fp': 0.0, 'tn': 216.0, 'fn': 0, 'n_windows': 0, 'weighted': 47.52}","{'tp': 0.0, 'fp': 0.0, 'tn': 216.0, 'fn': 0, 'n_windows': 0, 'weighted': 47.52}",True
microsoft,middle-tier-api-dependency-latency,middle-tier-api-dependency-latency/outbound-13.csv,TCN,False,216,504,50,80,1,3.0,-0.0,4,0,0.0,"{'tp': 0.0, 'fp': 4.0, 'tn': 216.0, 'fn': 0, 'n_windows': 0, 'weighted': 47.080000000000005}","{'tp': 0.0, 'fp': 0.0, 'tn': 216.0, 'fn': 0, 'n_windows': 0, 'weighted': 47.52}","{'tp': 0.0, 'fp': 0.0, 'tn': 216.0, 'fn': 0, 'n_windows': 0, 'weighted': 47.52}",True
microsoft,middle-tier-api-dependency-latency,middle-tier-api-dependency-latency/outbound-13.csv,Transformer,False,216,504,50,80,1,3.0,-0.0,0,0,0.0,"{'tp': 0.0, 'fp': 0.0, 'tn': 216.0, 'fn': 0, 'n_windows': 0, 'weighted': 47.52}","{'tp': 0.0, 'fp': 0.0, 'tn': 216.0, 'fn': 0, 'n_windows': 0, 'weighted': 47.52}","{'tp': 0.0, 'fp': 0.0, 'tn': 216.0, 'fn': 0, 'n_windows': 0, 'weighted': 47.52}",True
microsoft,middle-tier-api-dependency-latency,middle-tier-api-dependency-latency/outbound-13.csv,TSMixer,False,216,504,50,80,1,3.0,-0.0,6,0,0.0,"{'tp': 0.0, 'fp': 5.0, 'tn': 216.0, 'fn': 0, 'n_windows': 0, 'weighted': 46.970000000000006}","{'tp': 0.0, 'fp': 0.0, 'tn': 216.0, 'fn': 0, 'n_windows': 0, 'weighted': 47.52}","{'tp': 0.0, 'fp': 0.0, 'tn': 216.0, 'fn': 0, 'n_windows': 0, 'weighted': 47.52}",True
microsoft,middle-tier-api-dependency-latency,middle-tier-api-dependency-latency/outbound-13.csv,IsolationForest,False,216,504,50,80,1,2.5,-0.0,7,0,0.0,"{'tp': 0.0, 'fp': 4.0, 'tn': 216.0, 'fn': 0, 'n_windows': 0, 'weighted': 47.080000000000005}","{'tp': 0.0, 'fp': 0.0, 'tn': 216.0, 'fn': 0, 'n_windows': 0, 'weighted': 47.52}","{'tp': 0.0, 'fp': 0.0, 'tn': 216.0, 'fn': 0, 'n_windows': 0, 'weighted': 47.52}",True
microsoft,middle-tier-api-dependency-latency,middle-tier-api-dependency-latency/outbound-12.csv,Transformer,False,216,504,50,80,1,2.5,-0.0,2,0,0.0,"{'tp': 0.0, 'fp': 1.0, 'tn': 216.0, 'fn': 0, 'n_windows': 0, 'weighted': 47.410000000000004}","{'tp': 0.0, 'fp': 0.0, 'tn': 216.0, 'fn': 0, 'n_windows': 0, 'weighted': 47.52}","{'tp': 0.0, 'fp': 0.0, 'tn': 216.0, 'fn': 0, 'n_windows': 0, 'weighted': 47.52}",True
microsoft,middle-tier-api-dependency-latency,middle-tier-api-dependency-latency/outbound-12.csv,TSMixer,False,216,504,50,80,3,3.5,-0.0,3,0,0.0,"{'tp': 0.0, 'fp': 2.0, 'tn': 216.0, 'fn': 0, 'n_windows': 0, 'weighted': 47.300000000000004}","{'tp': 0.0, 'fp': 0.0, 'tn': 216.0, 'fn': 0, 'n_windows': 0, 'weighted': 47.52}","{'tp': 0.0, 'fp': 0.0, 'tn': 216.0, 'fn': 0, 'n_windows': 0, 'weighted': 47.52}",True
microsoft,middle-tier-api-dependency-latency,middle-tier-api-dependency-latency/outbound-16.csv,IsolationForest,False,216,504,50,10,1,3.0,-0.75,0,0,0.0,"{'tp': 0.0, 'fp': 0.0, 'tn': 216.0, 'fn': 0, 'n_windows': 0, 'weighted': 47.52}","{'tp': 0.0, 'fp': 0.0, 'tn': 216.0, 'fn': 0, 'n_windows': 0, 'weighted': 47.52}","{'tp': 0.0, 'fp': 0.0, 'tn': 216.0, 'fn': 0, 'n_windows': 0, 'weighted': 47.52}",True
microsoft,middle-tier-api-dependency-latency,middle-tier-api-dependency-latency/outbound-17.csv,GRU,False,216,504,50,20,1,4.0,-0.25,1,0,0.0,"{'tp': 0.0, 'fp': 1.0, 'tn': 216.0, 'fn': 0, 'n_windows': 0, 'weighted': 47.410000000000004}","{'tp': 0.0, 'fp': 0.0, 'tn': 216.0, 'fn': 0, 'n_windows': 0, 'weighted': 47.52}","{'tp': 0.0, 'fp': 0.0, 'tn': 216.0, 'fn': 0, 'n_windows': 0, 'weighted': 47.52}",True
microsoft,middle-tier-api-dependency-latency,middle-tier-api-dependency-latency/outbound-16.csv,GRU,False,216,504,50,10,1,3.0,-0.75,0,0,0.0,"{'tp': 0.0, 'fp': 0.0, 'tn': 216.0, 'fn': 0, 'n_windows': 0, 'weighted': 47.52}","{'tp': 0.0, 'fp': 0.0, 'tn': 216.0, 'fn': 0, 'n_windows': 0, 'weighted': 47.52}","{'tp': 0.0, 'fp': 0.0, 'tn': 216.0, 'fn': 0, 'n_windows': 0, 'weighted': 47.52}",True
microsoft,middle-tier-api-dependency-latency,middle-tier-api-dependency-latency/outbound-16.csv,TCN,False,216,504,50,10,1,3.0,-0.75,1,0,0.0,"{'tp': 0.0, 'fp': 1.0, 'tn': 216.0, 'fn': 0, 'n_windows': 0, 'weighted': 47.410000000000004}","{'tp': 0.0, 'fp': 0.0, 'tn': 216.0, 'fn': 0, 'n_windows': 0, 'weighted': 47.52}","{'tp': 0.0, 'fp': 0.0, 'tn': 216.0, 'fn': 0, 'n_windows': 0, 'weighted': 47.52}",True
microsoft,middle-tier-api-dependency-latency,middle-tier-api-dependency-latency/outbound-15.csv,TCN,False,216,504,50,80,1,3.0,-0.0,6,0,0.0,"{'tp': 0.0, 'fp': 3.0, 'tn': 216.0, 'fn': 0, 'n_windows': 0, 'weighted': 47.190000000000005}","{'tp': 0.0, 'fp': 0.0, 'tn': 216.0, 'fn': 0, 'n_windows': 0, 'weighted': 47.52}","{'tp': 0.0, 'fp': 0.0, 'tn': 216.0, 'fn': 0, 'n_windows': 0, 'weighted': 47.52}",True
microsoft,middle-tier-api-dependency-latency,middle-tier-api-dependency-latency/outbound-15.csv,Transformer,False,216,504,50,80,1,2.5,-0.0,22,0,0.0,"{'tp': 0.0, 'fp': 12.0, 'tn': 216.0, 'fn': 0, 'n_windows': 0, 'weighted': 46.2}","{'tp': 0.0, 'fp': 0.0, 'tn': 216.0, 'fn': 0, 'n_windows': 0, 'weighted': 47.52}","{'tp': 0.0, 'fp': 0.0, 'tn': 216.0, 'fn': 0, 'n_windows': 0, 'weighted': 47.52}",True
microsoft,middle-tier-api-dependency-latency,middle-tier-api-dependency-latency/outbound-18.csv,GRU,False,216,504,50,80,1,2.5,-0.0,14,0,0.0,"{'tp': 0.0, 'fp': 5.0, 'tn': 216.0, 'fn': 0, 'n_windows': 0, 'weighted': 46.970000000000006}","{'tp': 0.0, 'fp': 0.0, 'tn': 216.0, 'fn': 0, 'n_windows': 0, 'weighted': 47.52}","{'tp': 0.0, 'fp': 0.0, 'tn': 216.0, 'fn': 0, 'n_windows': 0, 'weighted': 47.52}",True
microsoft,middle-tier-api-dependency-latency,middle-tier-api-dependency-latency/outbound-18.csv,TCN,False,216,504,50,80,1,3.5,-0.0,7,0,0.0,"{'tp': 0.0, 'fp': 4.0, 'tn': 216.0, 'fn': 0, 'n_windows': 0, 'weighted': 47.080000000000005}","{'tp': 0.0, 'fp': 0.0, 'tn': 216.0, 'fn': 0, 'n_windows': 0, 'weighted': 47.52}","{'tp': 0.0, 'fp': 0.0, 'tn': 216.0, 'fn': 0, 'n_windows': 0, 'weighted': 47.52}",True
microsoft,middle-tier-api-dependency-latency,middle-tier-api-dependency-latency/outbound-15.csv,TSMixer,False,216,504,50,80,1,3.0,-0.0,7,0,0.0,"{'tp': 0.0, 'fp': 6.0, 'tn': 216.0, 'fn': 0, 'n_windows': 0, 'weighted': 46.86000000000001}","{'tp': 0.0, 'fp': 0.0, 'tn': 216.0, 'fn': 0, 'n_windows': 0, 'weighted': 47.52}","{'tp': 0.0, 'fp': 0.0, 'tn': 216.0, 'fn': 0, 'n_windows': 0, 'weighted': 47.52}",True
microsoft,middle-tier-api-dependency-latency,middle-tier-api-dependency-latency/outbound-15.csv,IsolationForest,False,216,504,50,80,1,2.5,-0.0,31,0,0.0,"{'tp': 0.0, 'fp': 9.0, 'tn': 216.0, 'fn': 0, 'n_windows': 0, 'weighted': 46.53}","{'tp': 0.0, 'fp': 0.0, 'tn': 216.0, 'fn': 0, 'n_windows': 0, 'weighted': 47.52}","{'tp': 0.0, 'fp': 0.0, 'tn': 216.0, 'fn': 0, 'n_windows': 0, 'weighted': 47.52}",True
microsoft,middle-tier-api-dependency-latency,middle-tier-api-dependency-latency/outbound-14.csv,Transformer,False,216,504,50,80,1,3.0,-0.0,6,0,0.0,"{'tp': 0.0, 'fp': 3.0, 'tn': 216.0, 'fn': 0, 'n_windows': 0, 'weighted': 47.190000000000005}","{'tp': 0.0, 'fp': 0.0, 'tn': 216.0, 'fn': 0, 'n_windows': 0, 'weighted': 47.52}","{'tp': 0.0, 'fp': 0.0, 'tn': 216.0, 'fn': 0, 'n_windows': 0, 'weighted': 47.52}",True
microsoft,middle-tier-api-dependency-latency,middle-tier-api-dependency-latency/outbound-14.csv,TSMixer,False,216,504,50,80,1,2.5,-0.0,9,0,0.0,"{'tp': 0.0, 'fp': 8.0, 'tn': 216.0, 'fn': 0, 'n_windows': 0, 'weighted': 46.64}","{'tp': 0.0, 'fp': 0.0, 'tn': 216.0, 'fn': 0, 'n_windows': 0, 'weighted': 47.52}","{'tp': 0.0, 'fp': 0.0, 'tn': 216.0, 'fn': 0, 'n_windows': 0, 'weighted': 47.52}",True
microsoft,ecommerce-api-incoming-rps,ecommerce-api-incoming-rps/api-01.csv,Transformer,True,1858,4334,64,18,1,4.0,-0.75,11,5,35.24765581908447,"{'tp': 2.0785714285714283, 'fp': 3.4324324324324325, 'tn': 1820.0, 'fn': 3, 'n_windows': 5, 'weighted': 399.10100386100385}","{'tp': 0.0, 'fp': 0.0, 'tn': 1820.0, 'fn': 5, 'n_windows': 5, 'weighted': 395.4}","{'tp': 5.5, 'fp': 0.0, 'tn': 1820.0, 'fn': 0, 'n_windows': 5, 'weighted': 405.9}",True
microsoft,ecommerce-api-incoming-rps,ecommerce-api-incoming-rps/api-01.csv,TSMixer,True,1858,4334,64,18,3,4.0,-1.75,6,5,37.79077036219914,"{'tp': 2.1285714285714286, 'fp': 1.4594594594594594, 'tn': 1820.0, 'fn': 3, 'n_windows': 5, 'weighted': 399.3680308880309}","{'tp': 0.0, 'fp': 0.0, 'tn': 1820.0, 'fn': 5, 'n_windows': 5, 'weighted': 395.4}","{'tp': 5.5, 'fp': 0.0, 'tn': 1820.0, 'fn': 0, 'n_windows': 5, 'weighted': 405.9}",True
microsoft,middle-tier-api-dependency-latency,middle-tier-api-dependency-latency/outbound-17.csv,TCN,False,216,504,50,80,1,4.0,-0.0,4,0,0.0,"{'tp': 0.0, 'fp': 4.0, 'tn': 216.0, 'fn': 0, 'n_windows': 0, 'weighted': 47.080000000000005}","{'tp': 0.0, 'fp': 0.0, 'tn': 216.0, 'fn': 0, 'n_windows': 0, 'weighted': 47.52}","{'tp': 0.0, 'fp': 0.0, 'tn': 216.0, 'fn': 0, 'n_windows': 0, 'weighted': 47.52}",True
microsoft,middle-tier-api-dependency-latency,middle-tier-api-dependency-latency/outbound-17.csv,Transformer,False,216,504,50,10,1,3.0,-0.75,0,0,0.0,"{'tp': 0.0, 'fp': 0.0, 'tn': 216.0, 'fn': 0, 'n_windows': 0, 'weighted': 47.52}","{'tp': 0.0, 'fp': 0.0, 'tn': 216.0, 'fn': 0, 'n_windows': 0, 'weighted': 47.52}","{'tp': 0.0, 'fp': 0.0, 'tn': 216.0, 'fn': 0, 'n_windows': 0, 'weighted': 47.52}",True
microsoft,middle-tier-api-dependency-latency,middle-tier-api-dependency-latency/outbound-18.csv,IsolationForest,False,216,504,50,80,1,2.5,-0.0,29,0,0.0,"{'tp': 0.0, 'fp': 8.0, 'tn': 216.0, 'fn': 0, 'n_windows': 0, 'weighted': 46.64}","{'tp': 0.0, 'fp': 0.0, 'tn': 216.0, 'fn': 0, 'n_windows': 0, 'weighted': 47.52}","{'tp': 0.0, 'fp': 0.0, 'tn': 216.0, 'fn': 0, 'n_windows': 0, 'weighted': 47.52}",True
microsoft,middle-tier-api-dependency-latency,middle-tier-api-dependency-latency/outbound-19.csv,GRU,True,216,504,50,10,1,3.0,-0.75,0,1,0.0,"{'tp': 0.0, 'fp': 0.0, 'tn': 212.0, 'fn': 1, 'n_windows': 1, 'weighted': 45.64}","{'tp': 0.0, 'fp': 0.0, 'tn': 212.0, 'fn': 1, 'n_windows': 1, 'weighted': 45.64}","{'tp': 1.1, 'fp': 0.0, 'tn': 212.0, 'fn': 0, 'n_windows': 1, 'weighted': 47.74}",True
microsoft,middle-tier-api-dependency-latency,middle-tier-api-dependency-latency/outbound-16.csv,Transformer,False,216,504,50,10,1,3.0,-0.75,1,0,0.0,"{'tp': 0.0, 'fp': 1.0, 'tn': 216.0, 'fn': 0, 'n_windows': 0, 'weighted': 47.410000000000004}","{'tp': 0.0, 'fp': 0.0, 'tn': 216.0, 'fn': 0, 'n_windows': 0, 'weighted': 47.52}","{'tp': 0.0, 'fp': 0.0, 'tn': 216.0, 'fn': 0, 'n_windows': 0, 'weighted': 47.52}",True
microsoft,middle-tier-api-dependency-latency,middle-tier-api-dependency-latency/outbound-16.csv,TSMixer,False,216,504,50,10,1,3.0,-0.75,0,0,0.0,"{'tp': 0.0, 'fp': 0.0, 'tn': 216.0, 'fn': 0, 'n_windows': 0, 'weighted': 47.52}","{'tp': 0.0, 'fp': 0.0, 'tn': 216.0, 'fn': 0, 'n_windows': 0, 'weighted': 47.52}","{'tp': 0.0, 'fp': 0.0, 'tn': 216.0, 'fn': 0, 'n_windows': 0, 'weighted': 47.52}",True
microsoft,middle-tier-api-dependency-latency,middle-tier-api-dependency-latency/outbound-17.csv,TSMixer,False,216,504,50,80,1,3.5,-0.0,4,0,0.0,"{'tp': 0.0, 'fp': 4.0, 'tn': 216.0, 'fn': 0, 'n_windows': 0, 'weighted': 47.080000000000005}","{'tp': 0.0, 'fp': 0.0, 'tn': 216.0, 'fn': 0, 'n_windows': 0, 'weighted': 47.52}","{'tp': 0.0, 'fp': 0.0, 'tn': 216.0, 'fn': 0, 'n_windows': 0, 'weighted': 47.52}",True
microsoft,middle-tier-api-dependency-latency,middle-tier-api-dependency-latency/outbound-17.csv,IsolationForest,False,216,504,50,80,1,3.5,-0.0,6,0,0.0,"{'tp': 0.0, 'fp': 2.0, 'tn': 216.0, 'fn': 0, 'n_windows': 0, 'weighted': 47.300000000000004}","{'tp': 0.0, 'fp': 0.0, 'tn': 216.0, 'fn': 0, 'n_windows': 0, 'weighted': 47.52}","{'tp': 0.0, 'fp': 0.0, 'tn': 216.0, 'fn': 0, 'n_windows': 0, 'weighted': 47.52}",True
microsoft,middle-tier-api-dependency-latency,middle-tier-api-dependency-latency/outbound-20.csv,GRU,False,216,504,50,80,1,3.0,-0.0,0,0,0.0,"{'tp': 0.0, 'fp': 0.0, 'tn': 216.0, 'fn': 0, 'n_windows': 0, 'weighted': 47.52}","{'tp': 0.0, 'fp': 0.0, 'tn': 216.0, 'fn': 0, 'n_windows': 0, 'weighted': 47.52}","{'tp': 0.0, 'fp': 0.0, 'tn': 216.0, 'fn': 0, 'n_windows': 0, 'weighted': 47.52}",True
microsoft,middle-tier-api-dependency-latency,middle-tier-api-dependency-latency/outbound-20.csv,TCN,False,216,504,50,20,1,4.0,-0.25,0,0,0.0,"{'tp': 0.0, 'fp': 0.0, 'tn': 216.0, 'fn': 0, 'n_windows': 0, 'weighted': 47.52}","{'tp': 0.0, 'fp': 0.0, 'tn': 216.0, 'fn': 0, 'n_windows': 0, 'weighted': 47.52}","{'tp': 0.0, 'fp': 0.0, 'tn': 216.0, 'fn': 0, 'n_windows': 0, 'weighted': 47.52}",True
microsoft,middle-tier-api-dependency-latency,middle-tier-api-dependency-latency/outbound-18.csv,Transformer,False,216,504,50,80,1,2.5,-0.0,10,0,0.0,"{'tp': 0.0, 'fp': 5.0, 'tn': 216.0, 'fn': 0, 'n_windows': 0, 'weighted': 46.970000000000006}","{'tp': 0.0, 'fp': 0.0, 'tn': 216.0, 'fn': 0, 'n_windows': 0, 'weighted': 47.52}","{'tp': 0.0, 'fp': 0.0, 'tn': 216.0, 'fn': 0, 'n_windows': 0, 'weighted': 47.52}",True
microsoft,middle-tier-api-dependency-latency,middle-tier-api-dependency-latency/outbound-18.csv,TSMixer,False,216,504,50,80,1,4.0,-0.0,9,0,0.0,"{'tp': 0.0, 'fp': 5.0, 'tn': 216.0, 'fn': 0, 'n_windows': 0, 'weighted': 46.970000000000006}","{'tp': 0.0, 'fp': 0.0, 'tn': 216.0, 'fn': 0, 'n_windows': 0, 'weighted': 47.52}","{'tp': 0.0, 'fp': 0.0, 'tn': 216.0, 'fn': 0, 'n_windows': 0, 'weighted': 47.52}",True
microsoft,middle-tier-api-dependency-latency,middle-tier-api-dependency-latency/outbound-20.csv,IsolationForest,False,216,504,50,80,1,2.5,-0.0,5,0,0.0,"{'tp': 0.0, 'fp': 2.0, 'tn': 216.0, 'fn': 0, 'n_windows': 0, 'weighted': 47.300000000000004}","{'tp': 0.0, 'fp': 0.0, 'tn': 216.0, 'fn': 0, 'n_windows': 0, 'weighted': 47.52}","{'tp': 0.0, 'fp': 0.0, 'tn': 216.0, 'fn': 0, 'n_windows': 0, 'weighted': 47.52}",True
microsoft,middle-tier-api-dependency-latency,middle-tier-api-dependency-latency/outbound-21.csv,GRU,False,216,504,50,80,1,2.5,-0.0,1,0,0.0,"{'tp': 0.0, 'fp': 1.0, 'tn': 216.0, 'fn': 0, 'n_windows': 0, 'weighted': 47.410000000000004}","{'tp': 0.0, 'fp': 0.0, 'tn': 216.0, 'fn': 0, 'n_windows': 0, 'weighted': 47.52}","{'tp': 0.0, 'fp': 0.0, 'tn': 216.0, 'fn': 0, 'n_windows': 0, 'weighted': 47.52}",True
microsoft,middle-tier-api-dependency-latency,middle-tier-api-dependency-latency/outbound-21.csv,TSMixer,False,216,504,50,80,1,2.5,-0.0,8,0,0.0,"{'tp': 0.0, 'fp': 4.0, 'tn': 216.0, 'fn': 0, 'n_windows': 0, 'weighted': 47.080000000000005}","{'tp': 0.0, 'fp': 0.0, 'tn': 216.0, 'fn': 0, 'n_windows': 0, 'weighted': 47.52}","{'tp': 0.0, 'fp': 0.0, 'tn': 216.0, 'fn': 0, 'n_windows': 0, 'weighted': 47.52}",True
microsoft,middle-tier-api-dependency-latency,middle-tier-api-dependency-latency/outbound-21.csv,IsolationForest,False,216,504,50,80,1,2.5,-0.0,5,0,0.0,"{'tp': 0.0, 'fp': 3.0, 'tn': 216.0, 'fn': 0, 'n_windows': 0, 'weighted': 47.190000000000005}","{'tp': 0.0, 'fp': 0.0, 'tn': 216.0, 'fn': 0, 'n_windows': 0, 'weighted': 47.52}","{'tp': 0.0, 'fp': 0.0, 'tn': 216.0, 'fn': 0, 'n_windows': 0, 'weighted': 47.52}",True
microsoft,middle-tier-api-dependency-latency,middle-tier-api-dependency-latency/outbound-22.csv,IsolationForest,True,216,504,50,80,1,3.0,-0.0,7,1,99.31972789115655,"{'tp': 1.0857142857142856, 'fp': 0.0, 'tn': 208.0, 'fn': 0, 'n_windows': 1, 'weighted': 46.84571428571429}","{'tp': 0.0, 'fp': 0.0, 'tn': 208.0, 'fn': 1, 'n_windows': 1, 'weighted': 44.76}","{'tp': 1.1, 'fp': 0.0, 'tn': 208.0, 'fn': 0, 'n_windows': 1, 'weighted': 46.86}",True
microsoft,middle-tier-api-dependency-latency,middle-tier-api-dependency-latency/outbound-23.csv,GRU,True,216,504,50,30,3,4.0,-0.25,2,1,-5.238095238095207,"{'tp': 0.0, 'fp': 1.0, 'tn': 213.0, 'fn': 1, 'n_windows': 1, 'weighted': 45.75}","{'tp': 0.0, 'fp': 0.0, 'tn': 213.0, 'fn': 1, 'n_windows': 1, 'weighted': 45.86}","{'tp': 1.1, 'fp': 0.0, 'tn': 213.0, 'fn': 0, 'n_windows': 1, 'weighted': 47.96}",True
microsoft,middle-tier-api-dependency-latency,middle-tier-api-dependency-latency/outbound-19.csv,TCN,True,216,504,50,80,1,4.0,-0.0,5,1,90.55555555555536,"{'tp': 1.0666666666666667, 'fp': 1.5, 'tn': 212.0, 'fn': 0, 'n_windows': 1, 'weighted': 47.541666666666664}","{'tp': 0.0, 'fp': 0.0, 'tn': 212.0, 'fn': 1, 'n_windows': 1, 'weighted': 45.64}","{'tp': 1.1, 'fp': 0.0, 'tn': 212.0, 'fn': 0, 'n_windows': 1, 'weighted': 47.74}",True
microsoft,middle-tier-api-dependency-latency,middle-tier-api-dependency-latency/outbound-19.csv,Transformer,True,216,504,50,10,1,3.0,-0.75,0,1,0.0,"{'tp': 0.0, 'fp': 0.0, 'tn': 212.0, 'fn': 1, 'n_windows': 1, 'weighted': 45.64}","{'tp': 0.0, 'fp': 0.0, 'tn': 212.0, 'fn': 1, 'n_windows': 1, 'weighted': 45.64}","{'tp': 1.1, 'fp': 0.0, 'tn': 212.0, 'fn': 0, 'n_windows': 1, 'weighted': 47.74}",True
microsoft,middle-tier-api-dependency-latency,middle-tier-api-dependency-latency/outbound-19.csv,TSMixer,True,216,504,50,80,1,3.5,-0.0,4,1,93.17460317460296,"{'tp': 1.0666666666666667, 'fp': 1.0, 'tn': 212.0, 'fn': 0, 'n_windows': 1, 'weighted': 47.596666666666664}","{'tp': 0.0, 'fp': 0.0, 'tn': 212.0, 'fn': 1, 'n_windows': 1, 'weighted': 45.64}","{'tp': 1.1, 'fp': 0.0, 'tn': 212.0, 'fn': 0, 'n_windows': 1, 'weighted': 47.74}",True
microsoft,middle-tier-api-dependency-latency,middle-tier-api-dependency-latency/outbound-19.csv,IsolationForest,True,216,504,50,80,1,3.0,-0.0,4,1,-5.238095238095207,"{'tp': 0.0, 'fp': 1.0, 'tn': 212.0, 'fn': 1, 'n_windows': 1, 'weighted': 45.53}","{'tp': 0.0, 'fp': 0.0, 'tn': 212.0, 'fn': 1, 'n_windows': 1, 'weighted': 45.64}","{'tp': 1.1, 'fp': 0.0, 'tn': 212.0, 'fn': 0, 'n_windows': 1, 'weighted': 47.74}",True
microsoft,middle-tier-api-dependency-latency,middle-tier-api-dependency-latency/outbound-22.csv,GRU,True,216,504,50,80,1,2.5,-0.0,0,1,0.0,"{'tp': 0.0, 'fp': 0.0, 'tn': 208.0, 'fn': 1, 'n_windows': 1, 'weighted': 44.76}","{'tp': 0.0, 'fp': 0.0, 'tn': 208.0, 'fn': 1, 'n_windows': 1, 'weighted': 44.76}","{'tp': 1.1, 'fp': 0.0, 'tn': 208.0, 'fn': 0, 'n_windows': 1, 'weighted': 46.86}",True
microsoft,middle-tier-api-dependency-latency,middle-tier-api-dependency-latency/outbound-22.csv,TCN,True,216,504,50,80,1,3.5,-0.0,4,1,96.70068027210894,"{'tp': 1.0857142857142856, 'fp': 0.5, 'tn': 208.0, 'fn': 0, 'n_windows': 1, 'weighted': 46.79071428571429}","{'tp': 0.0, 'fp': 0.0, 'tn': 208.0, 'fn': 1, 'n_windows': 1, 'weighted': 44.76}","{'tp': 1.1, 'fp': 0.0, 'tn': 208.0, 'fn': 0, 'n_windows': 1, 'weighted': 46.86}",True
microsoft,middle-tier-api-dependency-latency,middle-tier-api-dependency-latency/outbound-21.csv,TCN,False,216,504,50,80,1,2.5,-0.0,15,0,0.0,"{'tp': 0.0, 'fp': 7.0, 'tn': 216.0, 'fn': 0, 'n_windows': 0, 'weighted': 46.75}","{'tp': 0.0, 'fp': 0.0, 'tn': 216.0, 'fn': 0, 'n_windows': 0, 'weighted': 47.52}","{'tp': 0.0, 'fp': 0.0, 'tn': 216.0, 'fn': 0, 'n_windows': 0, 'weighted': 47.52}",True
microsoft,middle-tier-api-dependency-latency,middle-tier-api-dependency-latency/outbound-21.csv,Transformer,False,216,504,50,80,1,2.5,-0.0,5,0,0.0,"{'tp': 0.0, 'fp': 3.0, 'tn': 216.0, 'fn': 0, 'n_windows': 0, 'weighted': 47.190000000000005}","{'tp': 0.0, 'fp': 0.0, 'tn': 216.0, 'fn': 0, 'n_windows': 0, 'weighted': 47.52}","{'tp': 0.0, 'fp': 0.0, 'tn': 216.0, 'fn': 0, 'n_windows': 0, 'weighted': 47.52}",True
microsoft,middle-tier-api-dependency-latency,middle-tier-api-dependency-latency/outbound-23.csv,TSMixer,True,216,504,50,80,1,4.0,-0.0,2,1,-5.238095238095207,"{'tp': 0.0, 'fp': 1.0, 'tn': 213.0, 'fn': 1, 'n_windows': 1, 'weighted': 45.75}","{'tp': 0.0, 'fp': 0.0, 'tn': 213.0, 'fn': 1, 'n_windows': 1, 'weighted': 45.86}","{'tp': 1.1, 'fp': 0.0, 'tn': 213.0, 'fn': 0, 'n_windows': 1, 'weighted': 47.96}",True
microsoft,middle-tier-api-dependency-latency,middle-tier-api-dependency-latency/outbound-23.csv,IsolationForest,True,216,504,50,80,1,2.5,-0.0,1,1,97.61904761904742,"{'tp': 1.05, 'fp': 0.0, 'tn': 213.0, 'fn': 0, 'n_windows': 1, 'weighted': 47.91}","{'tp': 0.0, 'fp': 0.0, 'tn': 213.0, 'fn': 1, 'n_windows': 1, 'weighted': 45.86}","{'tp': 1.1, 'fp': 0.0, 'tn': 213.0, 'fn': 0, 'n_windows': 1, 'weighted': 47.96}",True
microsoft,middle-tier-api-dependency-latency,middle-tier-api-dependency-latency/outbound-22.csv,Transformer,True,216,504,50,80,1,2.5,-0.0,18,1,86.22448979591819,"{'tp': 1.0857142857142856, 'fp': 2.5, 'tn': 208.0, 'fn': 0, 'n_windows': 1, 'weighted': 46.57071428571428}","{'tp': 0.0, 'fp': 0.0, 'tn': 208.0, 'fn': 1, 'n_windows': 1, 'weighted': 44.76}","{'tp': 1.1, 'fp': 0.0, 'tn': 208.0, 'fn': 0, 'n_windows': 1, 'weighted': 46.86}",True
microsoft,middle-tier-api-dependency-latency,middle-tier-api-dependency-latency/outbound-22.csv,TSMixer,True,216,504,50,80,1,4.0,-0.0,6,1,91.4625850340134,"{'tp': 1.0857142857142856, 'fp': 1.5, 'tn': 208.0, 'fn': 0, 'n_windows': 1, 'weighted': 46.68071428571428}","{'tp': 0.0, 'fp': 0.0, 'tn': 208.0, 'fn': 1, 'n_windows': 1, 'weighted': 44.76}","{'tp': 1.1, 'fp': 0.0, 'tn': 208.0, 'fn': 0, 'n_windows': 1, 'weighted': 46.86}",True
microsoft,middle-tier-api-dependency-latency,middle-tier-api-dependency-latency/outbound-23.csv,TCN,True,216,504,50,80,3,4.0,-0.0,0,1,0.0,"{'tp': 0.0, 'fp': 0.0, 'tn': 213.0, 'fn': 1, 'n_windows': 1, 'weighted': 45.86}","{'tp': 0.0, 'fp': 0.0, 'tn': 213.0, 'fn': 1, 'n_windows': 1, 'weighted': 45.86}","{'tp': 1.1, 'fp': 0.0, 'tn': 213.0, 'fn': 0, 'n_windows': 1, 'weighted': 47.96}",True
microsoft,middle-tier-api-dependency-latency,middle-tier-api-dependency-latency/outbound-23.csv,Transformer,True,216,504,50,10,1,3.5,-0.75,0,1,0.0,"{'tp': 0.0, 'fp': 0.0, 'tn': 213.0, 'fn': 1, 'n_windows': 1, 'weighted': 45.86}","{'tp': 0.0, 'fp': 0.0, 'tn': 213.0, 'fn': 1, 'n_windows': 1, 'weighted': 45.86}","{'tp': 1.1, 'fp': 0.0, 'tn': 213.0, 'fn': 0, 'n_windows': 1, 'weighted': 47.96}",True
microsoft,middle-tier-api-dependency-latency,middle-tier-api-dependency-latency/outbound-20.csv,Transformer,False,216,504,50,80,1,3.0,-0.0,0,0,0.0,"{'tp': 0.0, 'fp': 0.0, 'tn': 216.0, 'fn': 0, 'n_windows': 0, 'weighted': 47.52}","{'tp': 0.0, 'fp': 0.0, 'tn': 216.0, 'fn': 0, 'n_windows': 0, 'weighted': 47.52}","{'tp': 0.0, 'fp': 0.0, 'tn': 216.0, 'fn': 0, 'n_windows': 0, 'weighted': 47.52}",True
microsoft,middle-tier-api-dependency-latency,middle-tier-api-dependency-latency/outbound-20.csv,TSMixer,False,216,504,50,80,1,2.5,-0.0,9,0,0.0,"{'tp': 0.0, 'fp': 5.0, 'tn': 216.0, 'fn': 0, 'n_windows': 0, 'weighted': 46.970000000000006}","{'tp': 0.0, 'fp': 0.0, 'tn': 216.0, 'fn': 0, 'n_windows': 0, 'weighted': 47.52}","{'tp': 0.0, 'fp': 0.0, 'tn': 216.0, 'fn': 0, 'n_windows': 0, 'weighted': 47.52}",True
microsoft,mongodb-application-rps,mongodb-application-rps/mongo-03.csv,GRU,False,4752,11088,64,47,1,4.0,-0.0,4,0,0.0,"{'tp': 0.0, 'fp': 3.0, 'tn': 4752.0, 'fn': 0, 'n_windows': 0, 'weighted': 1045.1100000000001}","{'tp': 0.0, 'fp': 0.0, 'tn': 4752.0, 'fn': 0, 'n_windows': 0, 'weighted': 1045.44}","{'tp': 0.0, 'fp': 0.0, 'tn': 4752.0, 'fn': 0, 'n_windows': 0, 'weighted': 1045.44}",True
microsoft,mongodb-application-rps,mongodb-application-rps/mongo-03.csv,TCN,False,4752,11088,64,47,1,4.0,-2.0,21,0,0.0,"{'tp': 0.0, 'fp': 12.0, 'tn': 4752.0, 'fn': 0, 'n_windows': 0, 'weighted': 1044.1200000000001}","{'tp': 0.0, 'fp': 0.0, 'tn': 4752.0, 'fn': 0, 'n_windows': 0, 'weighted': 1045.44}","{'tp': 0.0, 'fp': 0.0, 'tn': 4752.0, 'fn': 0, 'n_windows': 0, 'weighted': 1045.44}",True
microsoft,mongodb-application-rps,mongodb-application-rps/mongo-01.csv,IsolationForest,False,4752,11088,64,47,1,4.0,-0.0,9,0,0.0,"{'tp': 0.0, 'fp': 3.0, 'tn': 4752.0, 'fn': 0, 'n_windows': 0, 'weighted': 1045.1100000000001}","{'tp': 0.0, 'fp': 0.0, 'tn': 4752.0, 'fn': 0, 'n_windows': 0, 'weighted': 1045.44}","{'tp': 0.0, 'fp': 0.0, 'tn': 4752.0, 'fn': 0, 'n_windows': 0, 'weighted': 1045.44}",True
microsoft,mongodb-application-rps,mongodb-application-rps/mongo-02.csv,GRU,False,4752,11088,64,47,3,4.0,-5.0,48,0,0.0,"{'tp': 0.0, 'fp': 14.0, 'tn': 4752.0, 'fn': 0, 'n_windows': 0, 'weighted': 1043.9}","{'tp': 0.0, 'fp': 0.0, 'tn': 4752.0, 'fn': 0, 'n_windows': 0, 'weighted': 1045.44}","{'tp': 0.0, 'fp': 0.0, 'tn': 4752.0, 'fn': 0, 'n_windows': 0, 'weighted': 1045.44}",True
microsoft,mongodb-application-rps,mongodb-application-rps/mongo-03.csv,IsolationForest,False,4752,11088,64,80,1,4.0,-0.0,3,0,0.0,"{'tp': 0.0, 'fp': 2.0, 'tn': 4752.0, 'fn': 0, 'n_windows': 0, 'weighted': 1045.22}","{'tp': 0.0, 'fp': 0.0, 'tn': 4752.0, 'fn': 0, 'n_windows': 0, 'weighted': 1045.44}","{'tp': 0.0, 'fp': 0.0, 'tn': 4752.0, 'fn': 0, 'n_windows': 0, 'weighted': 1045.44}",True
microsoft,mongodb-application-rps,mongodb-application-rps/mongo-04.csv,GRU,False,4752,11088,64,47,1,4.0,-12.0,112,0,0.0,"{'tp': 0.0, 'fp': 27.0, 'tn': 4752.0, 'fn': 0, 'n_windows': 0, 'weighted': 1042.47}","{'tp': 0.0, 'fp': 0.0, 'tn': 4752.0, 'fn': 0, 'n_windows': 0, 'weighted': 1045.44}","{'tp': 0.0, 'fp': 0.0, 'tn': 4752.0, 'fn': 0, 'n_windows': 0, 'weighted': 1045.44}",True
microsoft,mongodb-application-rps,mongodb-application-rps/mongo-01.csv,GRU,False,4752,11088,64,80,1,4.0,-22.0,106,0,0.0,"{'tp': 0.0, 'fp': 22.0, 'tn': 4752.0, 'fn': 0, 'n_windows': 0, 'weighted': 1043.02}","{'tp': 0.0, 'fp': 0.0, 'tn': 4752.0, 'fn': 0, 'n_windows': 0, 'weighted': 1045.44}","{'tp': 0.0, 'fp': 0.0, 'tn': 4752.0, 'fn': 0, 'n_windows': 0, 'weighted': 1045.44}",True
microsoft,mongodb-application-rps,mongodb-application-rps/mongo-01.csv,TCN,False,4752,11088,64,190,1,4.0,-15.0,71,0,0.0,"{'tp': 0.0, 'fp': 19.0, 'tn': 4752.0, 'fn': 0, 'n_windows': 0, 'weighted': 1043.3500000000001}","{'tp': 0.0, 'fp': 0.0, 'tn': 4752.0, 'fn': 0, 'n_windows': 0, 'weighted': 1045.44}","{'tp': 0.0, 'fp': 0.0, 'tn': 4752.0, 'fn': 0, 'n_windows': 0, 'weighted': 1045.44}",True
microsoft,mongodb-application-rps,mongodb-application-rps/mongo-04.csv,TSMixer,False,4752,11088,64,190,3,4.0,-12.0,72,0,0.0,"{'tp': 0.0, 'fp': 16.0, 'tn': 4752.0, 'fn': 0, 'n_windows': 0, 'weighted': 1043.68}","{'tp': 0.0, 'fp': 0.0, 'tn': 4752.0, 'fn': 0, 'n_windows': 0, 'weighted': 1045.44}","{'tp': 0.0, 'fp': 0.0, 'tn': 4752.0, 'fn': 0, 'n_windows': 0, 'weighted': 1045.44}",True
microsoft,mongodb-application-rps,mongodb-application-rps/mongo-04.csv,IsolationForest,False,4752,11088,64,190,1,4.0,-0.0,18,0,0.0,"{'tp': 0.0, 'fp': 6.0, 'tn': 4752.0, 'fn': 0, 'n_windows': 0, 'weighted': 1044.78}","{'tp': 0.0, 'fp': 0.0, 'tn': 4752.0, 'fn': 0, 'n_windows': 0, 'weighted': 1045.44}","{'tp': 0.0, 'fp': 0.0, 'tn': 4752.0, 'fn': 0, 'n_windows': 0, 'weighted': 1045.44}",True
microsoft,mongodb-machine-rps,mongodb-machine-rps/machine-01.csv,IsolationForest,True,6048,14112,64,80,1,4.0,-0.0,6,9,-1.1640211640213027,"{'tp': 0.0, 'fp': 2.0, 'tn': 6007.0, 'fn': 9, 'n_windows': 9, 'weighted': 1312.32}","{'tp': 0.0, 'fp': 0.0, 'tn': 6007.0, 'fn': 9, 'n_windows': 9, 'weighted': 1312.54}","{'tp': 9.9, 'fp': 0.0, 'tn': 6007.0, 'fn': 0, 'n_windows': 9, 'weighted': 1331.44}",True
microsoft,service-unavailable,service-unavailable/unavail-01.csv,GRU,False,4752,11088,64,47,1,2.5,-0.0,0,0,0.0,"{'tp': 0.0, 'fp': 0.0, 'tn': 4752.0, 'fn': 0, 'n_windows': 0, 'weighted': 1045.44}","{'tp': 0.0, 'fp': 0.0, 'tn': 4752.0, 'fn': 0, 'n_windows': 0, 'weighted': 1045.44}","{'tp': 0.0, 'fp': 0.0, 'tn': 4752.0, 'fn': 0, 'n_windows': 0, 'weighted': 1045.44}",True
microsoft,mongodb-application-rps,mongodb-application-rps/mongo-02.csv,TCN,False,4752,11088,64,47,3,4.0,-7.0,54,0,0.0,"{'tp': 0.0, 'fp': 20.0, 'tn': 4752.0, 'fn': 0, 'n_windows': 0, 'weighted': 1043.24}","{'tp': 0.0, 'fp': 0.0, 'tn': 4752.0, 'fn': 0, 'n_windows': 0, 'weighted': 1045.44}","{'tp': 0.0, 'fp': 0.0, 'tn': 4752.0, 'fn': 0, 'n_windows': 0, 'weighted': 1045.44}",True
microsoft,mongodb-application-rps,mongodb-application-rps/mongo-02.csv,Transformer,False,4752,11088,64,47,3,4.0,-13.0,41,0,0.0,"{'tp': 0.0, 'fp': 12.0, 'tn': 4752.0, 'fn': 0, 'n_windows': 0, 'weighted': 1044.1200000000001}","{'tp': 0.0, 'fp': 0.0, 'tn': 4752.0, 'fn': 0, 'n_windows': 0, 'weighted': 1045.44}","{'tp': 0.0, 'fp': 0.0, 'tn': 4752.0, 'fn': 0, 'n_windows': 0, 'weighted': 1045.44}",True
microsoft,mongodb-application-rps,mongodb-application-rps/mongo-02.csv,TSMixer,False,4752,11088,64,47,3,4.0,-1.0,20,0,0.0,"{'tp': 0.0, 'fp': 12.0, 'tn': 4752.0, 'fn': 0, 'n_windows': 0, 'weighted': 1044.1200000000001}","{'tp': 0.0, 'fp': 0.0, 'tn': 4752.0, 'fn': 0, 'n_windows': 0, 'weighted': 1045.44}","{'tp': 0.0, 'fp': 0.0, 'tn': 4752.0, 'fn': 0, 'n_windows': 0, 'weighted': 1045.44}",True
microsoft,mongodb-application-rps,mongodb-application-rps/mongo-02.csv,IsolationForest,False,4752,11088,64,47,1,4.0,-0.0,2,0,0.0,"{'tp': 0.0, 'fp': 1.0, 'tn': 4752.0, 'fn': 0, 'n_windows': 0, 'weighted': 1045.3300000000002}","{'tp': 0.0, 'fp': 0.0, 'tn': 4752.0, 'fn': 0, 'n_windows': 0, 'weighted': 1045.44}","{'tp': 0.0, 'fp': 0.0, 'tn': 4752.0, 'fn': 0, 'n_windows': 0, 'weighted': 1045.44}",True
microsoft,mongodb-application-rps,mongodb-application-rps/mongo-01.csv,Transformer,False,4752,11088,64,190,1,4.0,-14.0,116,0,0.0,"{'tp': 0.0, 'fp': 12.0, 'tn': 4752.0, 'fn': 0, 'n_windows': 0, 'weighted': 1044.1200000000001}","{'tp': 0.0, 'fp': 0.0, 'tn': 4752.0, 'fn': 0, 'n_windows': 0, 'weighted': 1045.44}","{'tp': 0.0, 'fp': 0.0, 'tn': 4752.0, 'fn': 0, 'n_windows': 0, 'weighted': 1045.44}",True
microsoft,mongodb-application-rps,mongodb-application-rps/mongo-01.csv,TSMixer,False,4752,11088,64,47,3,4.0,-9.0,57,0,0.0,"{'tp': 0.0, 'fp': 16.0, 'tn': 4752.0, 'fn': 0, 'n_windows': 0, 'weighted': 1043.68}","{'tp': 0.0, 'fp': 0.0, 'tn': 4752.0, 'fn': 0, 'n_windows': 0, 'weighted': 1045.44}","{'tp': 0.0, 'fp': 0.0, 'tn': 4752.0, 'fn': 0, 'n_windows': 0, 'weighted': 1045.44}",True
microsoft,mongodb-application-rps,mongodb-application-rps/mongo-04.csv,TCN,False,4752,11088,64,47,3,4.0,-17.0,126,0,0.0,"{'tp': 0.0, 'fp': 25.0, 'tn': 4752.0, 'fn': 0, 'n_windows': 0, 'weighted': 1042.69}","{'tp': 0.0, 'fp': 0.0, 'tn': 4752.0, 'fn': 0, 'n_windows': 0, 'weighted': 1045.44}","{'tp': 0.0, 'fp': 0.0, 'tn': 4752.0, 'fn': 0, 'n_windows': 0, 'weighted': 1045.44}",True
microsoft,mongodb-application-rps,mongodb-application-rps/mongo-04.csv,Transformer,False,4752,11088,64,190,1,4.0,-4.0,75,0,0.0,"{'tp': 0.0, 'fp': 18.0, 'tn': 4752.0, 'fn': 0, 'n_windows': 0, 'weighted': 1043.46}","{'tp': 0.0, 'fp': 0.0, 'tn': 4752.0, 'fn': 0, 'n_windows': 0, 'weighted': 1045.44}","{'tp': 0.0, 'fp': 0.0, 'tn': 4752.0, 'fn': 0, 'n_windows': 0, 'weighted': 1045.44}",True
microsoft,mongodb-machine-rps,mongodb-machine-rps/machine-01.csv,GRU,True,6048,14112,64,60,1,4.0,-20.0,86,9,24.016293891293902,"{'tp': 3.2454545454545456, 'fp': 15.5125, 'tn': 6007.0, 'fn': 6, 'n_windows': 9, 'weighted': 1317.0790795454545}","{'tp': 0.0, 'fp': 0.0, 'tn': 6007.0, 'fn': 9, 'n_windows': 9, 'weighted': 1312.54}","{'tp': 9.9, 'fp': 0.0, 'tn': 6007.0, 'fn': 0, 'n_windows': 9, 'weighted': 1331.44}",True
microsoft,mongodb-machine-rps,mongodb-machine-rps/machine-01.csv,TCN,True,6048,14112,64,60,3,4.0,-16.0,109,9,13.887345679011965,"{'tp': 2.2, 'fp': 14.320833333333333, 'tn': 6007.0, 'fn': 7, 'n_windows': 9, 'weighted': 1315.1647083333332}","{'tp': 0.0, 'fp': 0.0, 'tn': 6007.0, 'fn': 9, 'n_windows': 9, 'weighted': 1312.54}","{'tp': 9.9, 'fp': 0.0, 'tn': 6007.0, 'fn': 0, 'n_windows': 9, 'weighted': 1331.44}",True
microsoft,service-unavailable,service-unavailable/unavail-01.csv,TSMixer,False,4752,11088,64,47,1,2.5,-0.0,0,0,0.0,"{'tp': 0.0, 'fp': 0.0, 'tn': 4752.0, 'fn': 0, 'n_windows': 0, 'weighted': 1045.44}","{'tp': 0.0, 'fp': 0.0, 'tn': 4752.0, 'fn': 0, 'n_windows': 0, 'weighted': 1045.44}","{'tp': 0.0, 'fp': 0.0, 'tn': 4752.0, 'fn': 0, 'n_windows': 0, 'weighted': 1045.44}",True
microsoft,service-unavailable,service-unavailable/unavail-01.csv,IsolationForest,False,4752,11088,64,47,1,2.5,-0.0,0,0,0.0,"{'tp': 0.0, 'fp': 0.0, 'tn': 4752.0, 'fn': 0, 'n_windows': 0, 'weighted': 1045.44}","{'tp': 0.0, 'fp': 0.0, 'tn': 4752.0, 'fn': 0, 'n_windows': 0, 'weighted': 1045.44}","{'tp': 0.0, 'fp': 0.0, 'tn': 4752.0, 'fn': 0, 'n_windows': 0, 'weighted': 1045.44}",True
microsoft,service-unavailable,service-unavailable/unavail-01.csv,TCN,False,4752,11088,64,47,1,2.5,-0.0,0,0,0.0,"{'tp': 0.0, 'fp': 0.0, 'tn': 4752.0, 'fn': 0, 'n_windows': 0, 'weighted': 1045.44}","{'tp': 0.0, 'fp': 0.0, 'tn': 4752.0, 'fn': 0, 'n_windows': 0, 'weighted': 1045.44}","{'tp': 0.0, 'fp': 0.0, 'tn': 4752.0, 'fn': 0, 'n_windows': 0, 'weighted': 1045.44}",True
microsoft,service-unavailable,service-unavailable/unavail-01.csv,Transformer,False,4752,11088,64,47,1,2.5,-0.0,0,0,0.0,"{'tp': 0.0, 'fp': 0.0, 'tn': 4752.0, 'fn': 0, 'n_windows': 0, 'weighted': 1045.44}","{'tp': 0.0, 'fp': 0.0, 'tn': 4752.0, 'fn': 0, 'n_windows': 0, 'weighted': 1045.44}","{'tp': 0.0, 'fp': 0.0, 'tn': 4752.0, 'fn': 0, 'n_windows': 0, 'weighted': 1045.44}",True
microsoft,mongodb-application-rps,mongodb-application-rps/mongo-03.csv,Transformer,False,4752,11088,64,47,1,4.0,-25.0,76,0,0.0,"{'tp': 0.0, 'fp': 19.0, 'tn': 4752.0, 'fn': 0, 'n_windows': 0, 'weighted': 1043.3500000000001}","{'tp': 0.0, 'fp': 0.0, 'tn': 4752.0, 'fn': 0, 'n_windows': 0, 'weighted': 1045.44}","{'tp': 0.0, 'fp': 0.0, 'tn': 4752.0, 'fn': 0, 'n_windows': 0, 'weighted': 1045.44}",True
microsoft,mongodb-application-rps,mongodb-application-rps/mongo-03.csv,TSMixer,False,4752,11088,64,47,3,4.0,-14.0,59,0,0.0,"{'tp': 0.0, 'fp': 13.0, 'tn': 4752.0, 'fn': 0, 'n_windows': 0, 'weighted': 1044.01}","{'tp': 0.0, 'fp': 0.0, 'tn': 4752.0, 'fn': 0, 'n_windows': 0, 'weighted': 1045.44}","{'tp': 0.0, 'fp': 0.0, 'tn': 4752.0, 'fn': 0, 'n_windows': 0, 'weighted': 1045.44}",True
microsoft,mongodb-machine-rps,mongodb-machine-rps/machine-01.csv,Transformer,True,6048,14112,64,60,1,4.0,-16.0,50,9,17.721340388006972,"{'tp': 2.2, 'fp': 7.733333333333333, 'tn': 6007.0, 'fn': 7, 'n_windows': 9, 'weighted': 1315.8893333333333}","{'tp': 0.0, 'fp': 0.0, 'tn': 6007.0, 'fn': 9, 'n_windows': 9, 'weighted': 1312.54}","{'tp': 9.9, 'fp': 0.0, 'tn': 6007.0, 'fn': 0, 'n_windows': 9, 'weighted': 1331.44}",True
microsoft,mongodb-machine-rps,mongodb-machine-rps/machine-01.csv,TSMixer,True,6048,14112,64,60,3,4.0,-16.0,59,9,6.888668430334528,"{'tp': 1.0, 'fp': 6.345833333333333, 'tn': 6007.0, 'fn': 8, 'n_windows': 9, 'weighted': 1313.8419583333332}","{'tp': 0.0, 'fp': 0.0, 'tn': 6007.0, 'fn': 9, 'n_windows': 9, 'weighted': 1312.54}","{'tp': 9.9, 'fp': 0.0, 'tn': 6007.0, 'fn': 0, 'n_windows': 9, 'weighted': 1331.44}",True
