dataset,subgroup,file,model,has_anomaly_in_test,n_test,n_train,wlen,W,Wp,theta,val_metric,n_detections,n_windows_test,nab_score,raw,null,ideal,ok
microsoft,application-crash-rate-1,application-crash-rate-1/app1-03.csv,IsolationForest,True,213,497,50,80,1,2.5,-0.0,21,1,90.47619047619035,"{'tp': 1.065, 'fp': 1.5, 'tn': 192.0, 'fn': 0, 'n_windows': 1, 'weighted': 43.14}","{'tp': 0.0, 'fp': 0.0, 'tn': 192.0, 'fn': 1, 'n_windows': 1, 'weighted': 41.24}","{'tp': 1.1, 'fp': 0.0, 'tn': 192.0, 'fn': 0, 'n_windows': 1, 'weighted': 43.34}",True
microsoft,application-crash-rate-1,application-crash-rate-1/app1-04.csv,GRU,True,213,497,50,80,1,2.5,-0.0,0,6,0.0,"{'tp': 0.0, 'fp': 0.0, 'tn': 165.0, 'fn': 6, 'n_windows': 6, 'weighted': 30.299999999999997}","{'tp': 0.0, 'fp': 0.0, 'tn': 165.0, 'fn': 6, 'n_windows': 6, 'weighted': 30.299999999999997}","{'tp': 6.6000000000000005, 'fp': 0.0, 'tn': 165.0, 'fn': 0, 'n_windows': 6, 'weighted': 42.9}",True
microsoft,application-crash-rate-1,application-crash-rate-1/app1-01.csv,GRU,True,107,251,25,10,1,3.0,-0.75,0,4,0.0,"{'tp': 0.0, 'fp': 0.0, 'tn': 79.0, 'fn': 4, 'n_windows': 4, 'weighted': 13.379999999999999}","{'tp': 0.0, 'fp': 0.0, 'tn': 79.0, 'fn': 4, 'n_windows': 4, 'weighted': 13.379999999999999}","{'tp': 4.4, 'fp': 0.0, 'tn': 79.0, 'fn': 0, 'n_windows': 4, 'weighted': 21.78}",True
microsoft,application-crash-rate-1,application-crash-rate-1/app1-01.csv,TCN,True,107,251,25,10,1,3.0,-0.75,0,4,0.0,"{'tp': 0.0, 'fp': 0.0, 'tn': 79.0, 'fn': 4, 'n_windows': 4, 'weighted': 13.379999999999999}","{'tp': 0.0, 'fp': 0.0, 'tn': 79.0, 'fn': 4, 'n_windows': 4, 'weighted': 13.379999999999999}","{'tp': 4.4, 'fp': 0.0, 'tn': 79.0, 'fn': 0, 'n_windows': 4, 'weighted': 21.78}",True
microsoft,application-crash-rate-1,application-crash-rate-1/app1-04.csv,TCN,True,213,497,50,80,1,2.5,-0.0,0,6,0.0,"{'tp': 0.0, 'fp': 0.0, 'tn': 165.0, 'fn': 6, 'n_windows': 6, 'weighted': 30.299999999999997}","{'tp': 0.0, 'fp': 0.0, 'tn': 165.0, 'fn': 6, 'n_windows': 6, 'weighted': 30.299999999999997}","{'tp': 6.6000000000000005, 'fp': 0.0, 'tn': 165.0, 'fn': 0, 'n_windows': 6, 'weighted': 42.9}",True
microsoft,application-crash-rate-1,application-crash-rate-1/app1-04.csv,Transformer,True,213,497,50,80,1,2.5,-0.0,0,6,0.0,"{'tp': 0.0, 'fp': 0.0, 'tn': 165.0, 'fn': 6, 'n_windows': 6, 'weighted': 30.299999999999997}","{'tp': 0.0, 'fp': 0.0, 'tn': 165.0, 'fn': 6, 'n_windows': 6, 'weighted': 30.299999999999997}","{'tp': 6.6000000000000005, 'fp': 0.0, 'tn': 165.0, 'fn': 0, 'n_windows': 6, 'weighted': 42.9}",True
microsoft,application-crash-rate-1,application-crash-rate-1/app1-01.csv,IsolationForest,True,107,251,25,20,1,4.0,-0.25,0,4,0.0,"{'tp': 0.0, 'fp': 0.0, 'tn': 79.0, 'fn': 4, 'n_windows': 4, 'weighted': 13.379999999999999}","{'tp': 0.0, 'fp': 0.0, 'tn': 79.0, 'fn': 4, 'n_windows': 4, 'weighted': 13.379999999999999}","{'tp': 4.4, 'fp': 0.0, 'tn': 79.0, 'fn': 0, 'n_windows': 4, 'weighted': 21.78}",True
microsoft,application-crash-rate-1,application-crash-rate-1/app1-02.csv,GRU,True,213,497,50,80,1,4.0,-0.0,14,4,98.67063492063494,"{'tp': 4.288333333333333, 'fp': 0.0, 'tn': 119.0, 'fn': 0, 'n_windows': 4, 'weighted': 30.468333333333334}","{'tp': 0.0, 'fp': 0.0, 'tn': 119.0, 'fn': 4, 'n_windows': 4, 'weighted': 22.18}","{'tp': 4.4, 'fp': 0.0, 'tn': 119.0, 'fn': 0, 'n_windows': 4, 'weighted': 30.58}",True
microsoft,application-crash-rate-1,application-crash-rate-1/app1-03.csv,GRU,True,213,497,50,80,1,2.5,-0.0,2,1,98.57142857142851,"{'tp': 1.07, 'fp': 0.0, 'tn': 192.0, 'fn': 0, 'n_windows': 1, 'weighted': 43.31}","{'tp': 0.0, 'fp': 0.0, 'tn': 192.0, 'fn': 1, 'n_windows': 1, 'weighted': 41.24}","{'tp': 1.1, 'fp': 0.0, 'tn': 192.0, 'fn': 0, 'n_windows': 1, 'weighted': 43.34}",True
microsoft,application-crash-rate-1,application-crash-rate-1/app1-03.csv,TCN,True,213,497,50,80,1,3.0,-0.0,8,1,93.57142857142867,"{'tp': 1.075, 'fp': 1.0, 'tn': 192.0, 'fn': 0, 'n_windows': 1, 'weighted': 43.205000000000005}","{'tp': 0.0, 'fp': 0.0, 'tn': 192.0, 'fn': 1, 'n_windows': 1, 'weighted': 41.24}","{'tp': 1.1, 'fp': 0.0, 'tn': 192.0, 'fn': 0, 'n_windows': 1, 'weighted': 43.34}",True
microsoft,application-crash-rate-1,application-crash-rate-1/app1-05.csv,GRU,True,213,497,50,80,1,2.5,-0.0,0,7,0.0,"{'tp': 0.0, 'fp': 0.0, 'tn': 187.0, 'fn': 7, 'n_windows': 7, 'weighted': 34.14}","{'tp': 0.0, 'fp': 0.0, 'tn': 187.0, 'fn': 7, 'n_windows': 7, 'weighted': 34.14}","{'tp': 7.700000000000001, 'fp': 0.0, 'tn': 187.0, 'fn': 0, 'n_windows': 7, 'weighted': 48.84}",True
microsoft,application-crash-rate-1,application-crash-rate-1/app1-05.csv,TCN,True,213,497,50,80,1,2.5,-0.0,0,7,0.0,"{'tp': 0.0, 'fp': 0.0, 'tn': 187.0, 'fn': 7, 'n_windows': 7, 'weighted': 34.14}","{'tp': 0.0, 'fp': 0.0, 'tn': 187.0, 'fn': 7, 'n_windows': 7, 'weighted': 34.14}","{'tp': 7.700000000000001, 'fp': 0.0, 'tn': 187.0, 'fn': 0, 'n_windows': 7, 'weighted': 48.84}",True
microsoft,application-crash-rate-1,application-crash-rate-1/app1-01.csv,Transformer,True,107,251,25,10,1,3.0,-0.75,0,4,0.0,"{'tp': 0.0, 'fp': 0.0, 'tn': 79.0, 'fn': 4, 'n_windows': 4, 'weighted': 13.379999999999999}","{'tp': 0.0, 'fp': 0.0, 'tn': 79.0, 'fn': 4, 'n_windows': 4, 'weighted': 13.379999999999999}","{'tp': 4.4, 'fp': 0.0, 'tn': 79.0, 'fn': 0, 'n_windows': 4, 'weighted': 21.78}",True
microsoft,application-crash-rate-1,application-crash-rate-1/app1-01.csv,TSMixer,True,107,251,25,10,1,3.0,-0.75,0,4,0.0,"{'tp': 0.0, 'fp': 0.0, 'tn': 79.0, 'fn': 4, 'n_windows': 4, 'weighted': 13.379999999999999}","{'tp': 0.0, 'fp': 0.0, 'tn': 79.0, 'fn': 4, 'n_windows': 4, 'weighted': 13.379999999999999}","{'tp': 4.4, 'fp': 0.0, 'tn': 79.0, 'fn': 0, 'n_windows': 4, 'weighted': 21.78}",True
microsoft,application-crash-rate-1,application-crash-rate-1/app1-04.csv,TSMixer,True,213,497,50,80,1,2.5,-0.0,0,6,0.0,"{'tp': 0.0, 'fp': 0.0, 'tn': 165.0, 'fn': 6, 'n_windows': 6, 'weighted': 30.299999999999997}","{'tp': 0.0, 'fp': 0.0, 'tn': 165.0, 'fn': 6, 'n_windows': 6, 'weighted': 30.299999999999997}","{'tp': 6.6000000000000005, 'fp': 0.0, 'tn': 165.0, 'fn': 0, 'n_windows': 6, 'weighted': 42.9}",True
microsoft,application-crash-rate-1,application-crash-rate-1/app1-04.csv,IsolationForest,True,213,497,50,80,1,2.5,-0.0,25,6,48.371489621489594,"{'tp': 3.2048076923076922, 'fp': 1.0, 'tn': 165.0, 'fn': 3, 'n_windows': 6, 'weighted': 36.39480769230769}","{'tp': 0.0, 'fp': 0.0, 'tn': 165.0, 'fn': 6, 'n_windows': 6, 'weighted': 30.299999999999997}","{'tp': 6.6000000000000005, 'fp': 0.0, 'tn': 165.0, 'fn': 0, 'n_windows': 6, 'weighted': 42.9}",True
microsoft,application-crash-rate-1,application-crash-rate-1/app1-05.csv,IsolationForest,True,213,497,50,80,1,2.5,-0.0,11,7,26.683673469387745,"{'tp': 2.06, 'fp': 1.25, 'tn': 187.0, 'fn': 5, 'n_windows': 7, 'weighted': 38.0625}","{'tp': 0.0, 'fp': 0.0, 'tn': 187.0, 'fn': 7, 'n_windows': 7, 'weighted': 34.14}","{'tp': 7.700000000000001, 'fp': 0.0, 'tn': 187.0, 'fn': 0, 'n_windows': 7, 'weighted': 48.84}",True
microsoft,application-crash-rate-1,application-crash-rate-1/app1-06.csv,GRU,True,213,497,50,80,1,2.5,-0.0,0,2,0.0,"{'tp': 0.0, 'fp': 0.0, 'tn': 197.0, 'fn': 2, 'n_windows': 2, 'weighted': 41.34}","{'tp': 0.0, 'fp': 0.0, 'tn': 197.0, 'fn': 2, 'n_windows': 2, 'weighted': 41.34}","{'tp': 2.2, 'fp': 0.0, 'tn': 197.0, 'fn': 0, 'n_windows': 2, 'weighted': 45.540000000000006}",True
microsoft,application-crash-rate-1,application-crash-rate-1/app1-05.csv,Transformer,True,213,497,50,80,1,2.5,-0.0,0,7,0.0,"{'tp': 0.0, 'fp': 0.0, 'tn': 187.0, 'fn': 7, 'n_windows': 7, 'weighted': 34.14}","{'tp': 0.0, 'fp': 0.0, 'tn': 187.0, 'fn': 7, 'n_windows': 7, 'weighted': 34.14}","{'tp': 7.700000000000001, 'fp': 0.0, 'tn': 187.0, 'fn': 0, 'n_windows': 7, 'weighted': 48.84}",True
microsoft,application-crash-rate-1,application-crash-rate-1/app1-05.csv,TSMixer,True,213,497,50,80,1,2.5,-0.0,0,7,0.0,"{'tp': 0.0, 'fp': 0.0, 'tn': 187.0, 'fn': 7, 'n_windows': 7, 'weighted': 34.14}","{'tp': 0.0, 'fp': 0.0, 'tn': 187.0, 'fn': 7, 'n_windows': 7, 'weighted': 34.14}","{'tp': 7.700000000000001, 'fp': 0.0, 'tn': 187.0, 'fn': 0, 'n_windows': 7, 'weighted': 48.84}",True
microsoft,application-crash-rate-1,application-crash-rate-1/app1-06.csv,TCN,True,213,497,50,80,1,2.5,-0.0,0,2,0.0,"{'tp': 0.0, 'fp': 0.0, 'tn': 197.0, 'fn': 2, 'n_windows': 2, 'weighted': 41.34}","{'tp': 0.0, 'fp': 0.0, 'tn': 197.0, 'fn': 2, 'n_windows': 2, 'weighted': 41.34}","{'tp': 2.2, 'fp': 0.0, 'tn': 197.0, 'fn': 0, 'n_windows': 2, 'weighted': 45.540000000000006}",True
microsoft,application-crash-rate-1,application-crash-rate-1/app1-06.csv,Transformer,True,213,497,50,80,1,2.5,-0.0,0,2,0.0,"{'tp': 0.0, 'fp': 0.0, 'tn': 197.0, 'fn': 2, 'n_windows': 2, 'weighted': 41.34}","{'tp': 0.0, 'fp': 0.0, 'tn': 197.0, 'fn': 2, 'n_windows': 2, 'weighted': 41.34}","{'tp': 2.2, 'fp': 0.0, 'tn': 197.0, 'fn': 0, 'n_windows': 2, 'weighted': 45.540000000000006}",True
microsoft,application-crash-rate-1,application-crash-rate-1/app1-06.csv,TSMixer,True,213,497,50,80,1,2.5,-0.0,0,2,0.0,"{'tp': 0.0, 'fp': 0.0, 'tn': 197.0, 'fn': 2, 'n_windows': 2, 'weighted': 41.34}","{'tp': 0.0, 'fp': 0.0, 'tn': 197.0, 'fn': 2, 'n_windows': 2, 'weighted': 41.34}","{'tp': 2.2, 'fp': 0.0, 'tn': 197.0, 'fn': 0, 'n_windows': 2, 'weighted': 45.540000000000006}",True
microsoft,application-crash-rate-1,application-crash-rate-1/app1-06.csv,IsolationForest,True,213,497,50,20,1,4.0,-0.25,0,2,0.0,"{'tp': 0.0, 'fp': 0.0, 'tn': 197.0, 'fn': 2, 'n_windows': 2, 'weighted': 41.34}","{'tp': 0.0, 'fp': 0.0, 'tn': 197.0, 'fn': 2, 'n_windows': 2, 'weighted': 41.34}","{'tp': 2.2, 'fp': 0.0, 'tn': 197.0, 'fn': 0, 'n_windows': 2, 'weighted': 45.540000000000006}",True
microsoft,application-crash-rate-1,application-crash-rate-1/app1-02.csv,TCN,True,213,497,50,80,1,4.0,-0.0,16,4,98.19444444444449,"{'tp': 4.248333333333333, 'fp': 0.0, 'tn': 119.0, 'fn': 0, 'n_windows': 4, 'weighted': 30.428333333333335}","{'tp': 0.0, 'fp': 0.0, 'tn': 119.0, 'fn': 4, 'n_windows': 4, 'weighted': 22.18}","{'tp': 4.4, 'fp': 0.0, 'tn': 119.0, 'fn': 0, 'n_windows': 4, 'weighted': 30.58}",True
microsoft,application-crash-rate-1,application-crash-rate-1/app1-02.csv,Transformer,True,213,497,50,80,1,4.0,-0.0,14,4,98.67063492063494,"{'tp': 4.288333333333333, 'fp': 0.0, 'tn': 119.0, 'fn': 0, 'n_windows': 4, 'weighted': 30.468333333333334}","{'tp': 0.0, 'fp': 0.0, 'tn': 119.0, 'fn': 4, 'n_windows': 4, 'weighted': 22.18}","{'tp': 4.4, 'fp': 0.0, 'tn': 119.0, 'fn': 0, 'n_windows': 4, 'weighted': 30.58}",True
microsoft,application-crash-rate-1,application-crash-rate-1/app1-02.csv,TSMixer,True,213,497,50,80,1,4.0,-0.0,15,4,98.01587301587305,"{'tp': 4.288333333333333, 'fp': 0.5, 'tn': 119.0, 'fn': 0, 'n_windows': 4, 'weighted': 30.413333333333334}","{'tp': 0.0, 'fp': 0.0, 'tn': 119.0, 'fn': 4, 'n_windows': 4, 'weighted': 22.18}","{'tp': 4.4, 'fp': 0.0, 'tn': 119.0, 'fn': 0, 'n_windows': 4, 'weighted': 30.58}",True
microsoft,application-crash-rate-1,application-crash-rate-1/app1-02.csv,IsolationForest,True,213,497,50,80,1,3.0,-0.0,0,4,0.0,"{'tp': 0.0, 'fp': 0.0, 'tn': 119.0, 'fn': 4, 'n_windows': 4, 'weighted': 22.18}","{'tp': 0.0, 'fp': 0.0, 'tn': 119.0, 'fn': 4, 'n_windows': 4, 'weighted': 22.18}","{'tp': 4.4, 'fp': 0.0, 'tn': 119.0, 'fn': 0, 'n_windows': 4, 'weighted': 30.58}",True
microsoft,application-crash-rate-1,application-crash-rate-1/app1-03.csv,Transformer,True,213,497,50,20,3,3.5,-0.25,4,1,95.95238095238092,"{'tp': 1.07, 'fp': 0.5, 'tn': 192.0, 'fn': 0, 'n_windows': 1, 'weighted': 43.255}","{'tp': 0.0, 'fp': 0.0, 'tn': 192.0, 'fn': 1, 'n_windows': 1, 'weighted': 41.24}","{'tp': 1.1, 'fp': 0.0, 'tn': 192.0, 'fn': 0, 'n_windows': 1, 'weighted': 43.34}",True
microsoft,application-crash-rate-1,application-crash-rate-1/app1-03.csv,TSMixer,True,213,497,50,80,1,3.0,-0.0,8,1,85.4761904761905,"{'tp': 1.07, 'fp': 2.5, 'tn': 192.0, 'fn': 0, 'n_windows': 1, 'weighted': 43.035000000000004}","{'tp': 0.0, 'fp': 0.0, 'tn': 192.0, 'fn': 1, 'n_windows': 1, 'weighted': 41.24}","{'tp': 1.1, 'fp': 0.0, 'tn': 192.0, 'fn': 0, 'n_windows': 1, 'weighted': 43.34}",True
microsoft,application-crash-rate-1,application-crash-rate-1/app1-07.csv,GRU,True,213,497,50,80,1,3.5,-0.0,3,1,99.0476190476189,"{'tp': 1.08, 'fp': 0.0, 'tn': 207.0, 'fn': 0, 'n_windows': 1, 'weighted': 46.62}","{'tp': 0.0, 'fp': 0.0, 'tn': 207.0, 'fn': 1, 'n_windows': 1, 'weighted': 44.54}","{'tp': 1.1, 'fp': 0.0, 'tn': 207.0, 'fn': 0, 'n_windows': 1, 'weighted': 46.64}",True
microsoft,application-crash-rate-1,application-crash-rate-1/app1-07.csv,TCN,True,213,497,50,80,1,4.0,-0.0,4,1,96.4285714285713,"{'tp': 1.08, 'fp': 0.5, 'tn': 207.0, 'fn': 0, 'n_windows': 1, 'weighted': 46.565}","{'tp': 0.0, 'fp': 0.0, 'tn': 207.0, 'fn': 1, 'n_windows': 1, 'weighted': 44.54}","{'tp': 1.1, 'fp': 0.0, 'tn': 207.0, 'fn': 0, 'n_windows': 1, 'weighted': 46.64}",True
microsoft,application-crash-rate-1,application-crash-rate-1/app1-09.csv,GRU,True,53,123,16,20,1,2.5,-0.25,4,1,96.58730158730165,"{'tp': 1.0833333333333333, 'fp': 0.5, 'tn': 46.0, 'fn': 0, 'n_windows': 1, 'weighted': 11.148333333333333}","{'tp': 0.0, 'fp': 0.0, 'tn': 46.0, 'fn': 1, 'n_windows': 1, 'weighted': 9.12}","{'tp': 1.1, 'fp': 0.0, 'tn': 46.0, 'fn': 0, 'n_windows': 1, 'weighted': 11.219999999999999}",True
microsoft,application-crash-rate-1,application-crash-rate-1/app1-09.csv,TCN,True,53,123,16,20,1,2.5,-0.25,3,1,96.58730158730165,"{'tp': 1.0833333333333333, 'fp': 0.5, 'tn': 46.0, 'fn': 0, 'n_windows': 1, 'weighted': 11.148333333333333}","{'tp': 0.0, 'fp': 0.0, 'tn': 46.0, 'fn': 1, 'n_windows': 1, 'weighted': 9.12}","{'tp': 1.1, 'fp': 0.0, 'tn': 46.0, 'fn': 0, 'n_windows': 1, 'weighted': 11.219999999999999}",True
microsoft,application-crash-rate-1,application-crash-rate-1/app1-07.csv,IsolationForest,True,213,497,50,80,1,2.5,-0.0,17,1,86.60714285714286,"{'tp': 1.08, 'fp': 2.375, 'tn': 207.0, 'fn': 0, 'n_windows': 1, 'weighted': 46.35875}","{'tp': 0.0, 'fp': 0.0, 'tn': 207.0, 'fn': 1, 'n_windows': 1, 'weighted': 44.54}","{'tp': 1.1, 'fp': 0.0, 'tn': 207.0, 'fn': 0, 'n_windows': 1, 'weighted': 46.64}",True
microsoft,application-crash-rate-1,application-crash-rate-1/app1-08.csv,GRU,True,213,497,50,20,1,4.0,-0.25,3,6,49.14021164021166,"{'tp': 3.1916666666666664, 'fp': 0.0, 'tn': 180.0, 'fn': 3, 'n_windows': 6, 'weighted': 39.79166666666667}","{'tp': 0.0, 'fp': 0.0, 'tn': 180.0, 'fn': 6, 'n_windows': 6, 'weighted': 33.6}","{'tp': 6.6000000000000005, 'fp': 0.0, 'tn': 180.0, 'fn': 0, 'n_windows': 6, 'weighted': 46.2}",True
microsoft,application-crash-rate-1,application-crash-rate-1/app1-09.csv,Transformer,True,53,123,16,20,1,2.5,-0.25,5,1,93.96825396825395,"{'tp': 1.0833333333333333, 'fp': 1.0, 'tn': 46.0, 'fn': 0, 'n_windows': 1, 'weighted': 11.093333333333332}","{'tp': 0.0, 'fp': 0.0, 'tn': 46.0, 'fn': 1, 'n_windows': 1, 'weighted': 9.12}","{'tp': 1.1, 'fp': 0.0, 'tn': 46.0, 'fn': 0, 'n_windows': 1, 'weighted': 11.219999999999999}",True
microsoft,application-crash-rate-1,application-crash-rate-1/app1-09.csv,TSMixer,True,53,123,16,20,1,2.5,-0.25,6,1,91.34920634920636,"{'tp': 1.0833333333333333, 'fp': 1.5, 'tn': 46.0, 'fn': 0, 'n_windows': 1, 'weighted': 11.038333333333332}","{'tp': 0.0, 'fp': 0.0, 'tn': 46.0, 'fn': 1, 'n_windows': 1, 'weighted': 9.12}","{'tp': 1.1, 'fp': 0.0, 'tn': 46.0, 'fn': 0, 'n_windows': 1, 'weighted': 11.219999999999999}",True
microsoft,application-crash-rate-1,application-crash-rate-1/app1-09.csv,IsolationForest,True,53,123,16,20,1,2.5,-0.25,0,1,0.0,"{'tp': 0.0, 'fp': 0.0, 'tn': 46.0, 'fn': 1, 'n_windows': 1, 'weighted': 9.12}","{'tp': 0.0, 'fp': 0.0, 'tn': 46.0, 'fn': 1, 'n_windows': 1, 'weighted': 9.12}","{'tp': 1.1, 'fp': 0.0, 'tn': 46.0, 'fn': 0, 'n_windows': 1, 'weighted': 11.219999999999999}",True
microsoft,application-crash-rate-2,application-crash-rate-2/app2-01.csv,GRU,True,334,780,64,80,3,3.0,-0.0,26,2,92.20521541950122,"{'tp': 2.1476190476190475, 'fp': 2.5, 'tn': 312.0, 'fn': 0, 'n_windows': 2, 'weighted': 70.51261904761905}","{'tp': 0.0, 'fp': 0.0, 'tn': 312.0, 'fn': 2, 'n_windows': 2, 'weighted': 66.64}","{'tp': 2.2, 'fp': 0.0, 'tn': 312.0, 'fn': 0, 'n_windows': 2, 'weighted': 70.84}",True
microsoft,application-crash-rate-2,application-crash-rate-2/app2-02.csv,IsolationForest,True,335,782,64,20,1,4.0,-0.25,0,2,0.0,"{'tp': 0.0, 'fp': 0.0, 'tn': 307.0, 'fn': 2, 'n_windows': 2, 'weighted': 65.54}","{'tp': 0.0, 'fp': 0.0, 'tn': 307.0, 'fn': 2, 'n_windows': 2, 'weighted': 65.54}","{'tp': 2.2, 'fp': 0.0, 'tn': 307.0, 'fn': 0, 'n_windows': 2, 'weighted': 69.74000000000001}",True
microsoft,application-crash-rate-2,application-crash-rate-2/app2-03.csv,GRU,True,335,783,64,10,1,3.0,-0.75,0,1,0.0,"{'tp': 0.0, 'fp': 0.0, 'tn': 328.0, 'fn': 1, 'n_windows': 1, 'weighted': 71.16}","{'tp': 0.0, 'fp': 0.0, 'tn': 328.0, 'fn': 1, 'n_windows': 1, 'weighted': 71.16}","{'tp': 1.1, 'fp': 0.0, 'tn': 328.0, 'fn': 0, 'n_windows': 1, 'weighted': 73.25999999999999}",True
microsoft,application-crash-rate-1,application-crash-rate-1/app1-08.csv,TCN,True,213,497,50,20,1,4.0,-0.25,3,6,49.14021164021166,"{'tp': 3.1916666666666664, 'fp': 0.0, 'tn': 180.0, 'fn': 3, 'n_windows': 6, 'weighted': 39.79166666666667}","{'tp': 0.0, 'fp': 0.0, 'tn': 180.0, 'fn': 6, 'n_windows': 6, 'weighted': 33.6}","{'tp': 6.6000000000000005, 'fp': 0.0, 'tn': 180.0, 'fn': 0, 'n_windows': 6, 'weighted': 46.2}",True
microsoft,application-crash-rate-1,application-crash-rate-1/app1-08.csv,Transformer,True,213,497,50,10,1,3.0,-0.75,0,6,0.0,"{'tp': 0.0, 'fp': 0.0, 'tn': 180.0, 'fn': 6, 'n_windows': 6, 'weighted': 33.6}","{'tp': 0.0, 'fp': 0.0, 'tn': 180.0, 'fn': 6, 'n_windows': 6, 'weighted': 33.6}","{'tp': 6.6000000000000005, 'fp': 0.0, 'tn': 180.0, 'fn': 0, 'n_windows': 6, 'weighted': 46.2}",True
microsoft,application-crash-rate-2,application-crash-rate-2/app2-02.csv,GRU,True,335,782,64,10,1,3.0,-0.75,0,2,0.0,"{'tp': 0.0, 'fp': 0.0, 'tn': 307.0, 'fn': 2, 'n_windows': 2, 'weighted': 65.54}","{'tp': 0.0, 'fp': 0.0, 'tn': 307.0, 'fn': 2, 'n_windows': 2, 'weighted': 65.54}","{'tp': 2.2, 'fp': 0.0, 'tn': 307.0, 'fn': 0, 'n_windows': 2, 'weighted': 69.74000000000001}",True
microsoft,application-crash-rate-2,application-crash-rate-2/app2-02.csv,TCN,True,335,782,64,10,1,3.0,-0.75,0,2,0.0,"{'tp': 0.0, 'fp': 0.0, 'tn': 307.0, 'fn': 2, 'n_windows': 2, 'weighted': 65.54}","{'tp': 0.0, 'fp': 0.0, 'tn': 307.0, 'fn': 2, 'n_windows': 2, 'weighted': 65.54}","{'tp': 2.2, 'fp': 0.0, 'tn': 307.0, 'fn': 0, 'n_windows': 2, 'weighted': 69.74000000000001}",True
microsoft,application-crash-rate-1,application-crash-rate-1/app1-08.csv,TSMixer,True,213,497,50,10,1,3.0,-0.75,0,6,0.0,"{'tp': 0.0, 'fp': 0.0, 'tn': 180.0, 'fn': 6, 'n_windows': 6, 'weighted': 33.6}","{'tp': 0.0, 'fp': 0.0, 'tn': 180.0, 'fn': 6, 'n_windows': 6, 'weighted': 33.6}","{'tp': 6.6000000000000005, 'fp': 0.0, 'tn': 180.0, 'fn': 0, 'n_windows': 6, 'weighted': 46.2}",True
microsoft,application-crash-rate-1,application-crash-rate-1/app1-08.csv,IsolationForest,True,213,497,50,80,1,3.0,-0.0,11,6,32.20238095238093,"{'tp': 2.14, 'fp': 0.75, 'tn': 180.0, 'fn': 4, 'n_windows': 6, 'weighted': 37.6575}","{'tp': 0.0, 'fp': 0.0, 'tn': 180.0, 'fn': 6, 'n_windows': 6, 'weighted': 33.6}","{'tp': 6.6000000000000005, 'fp': 0.0, 'tn': 180.0, 'fn': 0, 'n_windows': 6, 'weighted': 46.2}",True
microsoft,application-crash-rate-2,application-crash-rate-2/app2-01.csv,TSMixer,True,334,780,64,80,1,3.5,-0.0,11,2,93.51473922902485,"{'tp': 2.1476190476190475, 'fp': 2.0, 'tn': 312.0, 'fn': 0, 'n_windows': 2, 'weighted': 70.56761904761905}","{'tp': 0.0, 'fp': 0.0, 'tn': 312.0, 'fn': 2, 'n_windows': 2, 'weighted': 66.64}","{'tp': 2.2, 'fp': 0.0, 'tn': 312.0, 'fn': 0, 'n_windows': 2, 'weighted': 70.84}",True
microsoft,application-crash-rate-2,application-crash-rate-2/app2-01.csv,IsolationForest,True,334,780,64,80,1,2.5,-0.0,34,2,89.49546485260751,"{'tp': 2.107142857142857, 'fp': 3.166666666666667, 'tn': 312.0, 'fn': 0, 'n_windows': 2, 'weighted': 70.39880952380952}","{'tp': 0.0, 'fp': 0.0, 'tn': 312.0, 'fn': 2, 'n_windows': 2, 'weighted': 66.64}","{'tp': 2.2, 'fp': 0.0, 'tn': 312.0, 'fn': 0, 'n_windows': 2, 'weighted': 70.84}",True
microsoft,application-crash-rate-1,application-crash-rate-1/app1-07.csv,Transformer,True,213,497,50,80,1,3.5,-0.0,3,1,99.0476190476189,"{'tp': 1.08, 'fp': 0.0, 'tn': 207.0, 'fn': 0, 'n_windows': 1, 'weighted': 46.62}","{'tp': 0.0, 'fp': 0.0, 'tn': 207.0, 'fn': 1, 'n_windows': 1, 'weighted': 44.54}","{'tp': 1.1, 'fp': 0.0, 'tn': 207.0, 'fn': 0, 'n_windows': 1, 'weighted': 46.64}",True
microsoft,application-crash-rate-1,application-crash-rate-1/app1-07.csv,TSMixer,True,213,497,50,80,3,4.0,-0.0,4,1,99.0476190476189,"{'tp': 1.08, 'fp': 0.0, 'tn': 207.0, 'fn': 0, 'n_windows': 1, 'weighted': 46.62}","{'tp': 0.0, 'fp': 0.0, 'tn': 207.0, 'fn': 1, 'n_windows': 1, 'weighted': 44.54}","{'tp': 1.1, 'fp': 0.0, 'tn': 207.0, 'fn': 0, 'n_windows': 1, 'weighted': 46.64}",True
microsoft,application-crash-rate-2,application-crash-rate-2/app2-04.csv,IsolationForest,True,335,783,64,80,1,2.5,-0.0,17,2,91.46825396825395,"{'tp': 2.1166666666666667, 'fp': 2.5, 'tn': 326.0, 'fn': 0, 'n_windows': 2, 'weighted': 73.56166666666667}","{'tp': 0.0, 'fp': 0.0, 'tn': 326.0, 'fn': 2, 'n_windows': 2, 'weighted': 69.72}","{'tp': 2.2, 'fp': 0.0, 'tn': 326.0, 'fn': 0, 'n_windows': 2, 'weighted': 73.92}",True
microsoft,application-crash-rate-2,application-crash-rate-2/app2-05.csv,GRU,True,335,783,64,80,3,4.0,-0.0,11,8,48.926536426536416,"{'tp': 4.219658119658119, 'fp': 0.0, 'tn': 268.0, 'fn': 4, 'n_windows': 8, 'weighted': 59.17965811965812}","{'tp': 0.0, 'fp': 0.0, 'tn': 268.0, 'fn': 8, 'n_windows': 8, 'weighted': 50.96}","{'tp': 8.8, 'fp': 0.0, 'tn': 268.0, 'fn': 0, 'n_windows': 8, 'weighted': 67.76}",True
microsoft,application-crash-rate-2,application-crash-rate-2/app2-04.csv,GRU,True,335,783,64,80,1,2.5,-0.0,9,2,93.37301587301582,"{'tp': 2.1416666666666666, 'fp': 2.0, 'tn': 326.0, 'fn': 0, 'n_windows': 2, 'weighted': 73.64166666666667}","{'tp': 0.0, 'fp': 0.0, 'tn': 326.0, 'fn': 2, 'n_windows': 2, 'weighted': 69.72}","{'tp': 2.2, 'fp': 0.0, 'tn': 326.0, 'fn': 0, 'n_windows': 2, 'weighted': 73.92}",True
microsoft,application-crash-rate-2,application-crash-rate-2/app2-04.csv,TCN,True,335,783,64,80,1,3.0,-0.0,13,2,91.46825396825395,"{'tp': 2.1166666666666667, 'fp': 2.5, 'tn': 326.0, 'fn': 0, 'n_windows': 2, 'weighted': 73.56166666666667}","{'tp': 0.0, 'fp': 0.0, 'tn': 326.0, 'fn': 2, 'n_windows': 2, 'weighted': 69.72}","{'tp': 2.2, 'fp': 0.0, 'tn': 326.0, 'fn': 0, 'n_windows': 2, 'weighted': 73.92}",True
microsoft,application-crash-rate-2,application-crash-rate-2/app2-01.csv,TCN,True,334,780,64,80,3,3.5,-0.0,10,2,-6.547619047619179,"{'tp': 0.0, 'fp': 2.5, 'tn': 312.0, 'fn': 2, 'n_windows': 2, 'weighted': 66.365}","{'tp': 0.0, 'fp': 0.0, 'tn': 312.0, 'fn': 2, 'n_windows': 2, 'weighted': 66.64}","{'tp': 2.2, 'fp': 0.0, 'tn': 312.0, 'fn': 0, 'n_windows': 2, 'weighted': 70.84}",True
microsoft,application-crash-rate-2,application-crash-rate-2/app2-01.csv,Transformer,True,334,780,64,80,1,3.5,-0.0,9,2,93.51473922902485,"{'tp': 2.1476190476190475, 'fp': 2.0, 'tn': 312.0, 'fn': 0, 'n_windows': 2, 'weighted': 70.56761904761905}","{'tp': 0.0, 'fp': 0.0, 'tn': 312.0, 'fn': 2, 'n_windows': 2, 'weighted': 66.64}","{'tp': 2.2, 'fp': 0.0, 'tn': 312.0, 'fn': 0, 'n_windows': 2, 'weighted': 70.84}",True
microsoft,application-crash-rate-2,application-crash-rate-2/app2-06.csv,GRU,True,335,781,64,80,3,4.0,-0.0,24,2,96.68831168831166,"{'tp': 2.170909090909091, 'fp': 1.0, 'tn': 301.0, 'fn': 0, 'n_windows': 2, 'weighted': 68.28090909090909}","{'tp': 0.0, 'fp': 0.0, 'tn': 301.0, 'fn': 2, 'n_windows': 2, 'weighted': 64.22}","{'tp': 2.2, 'fp': 0.0, 'tn': 301.0, 'fn': 0, 'n_windows': 2, 'weighted': 68.42}",True
microsoft,application-crash-rate-2,application-crash-rate-2/app2-06.csv,TCN,True,335,781,64,80,1,4.0,-0.0,14,2,96.79653679653667,"{'tp': 2.1754545454545458, 'fp': 1.0, 'tn': 301.0, 'fn': 0, 'n_windows': 2, 'weighted': 68.28545454545454}","{'tp': 0.0, 'fp': 0.0, 'tn': 301.0, 'fn': 2, 'n_windows': 2, 'weighted': 64.22}","{'tp': 2.2, 'fp': 0.0, 'tn': 301.0, 'fn': 0, 'n_windows': 2, 'weighted': 68.42}",True
microsoft,application-crash-rate-2,application-crash-rate-2/app2-03.csv,TCN,True,335,783,64,20,1,4.0,-0.25,10,1,82.69841269841282,"{'tp': 1.0666666666666667, 'fp': 3.0, 'tn': 328.0, 'fn': 0, 'n_windows': 1, 'weighted': 72.89666666666666}","{'tp': 0.0, 'fp': 0.0, 'tn': 328.0, 'fn': 1, 'n_windows': 1, 'weighted': 71.16}","{'tp': 1.1, 'fp': 0.0, 'tn': 328.0, 'fn': 0, 'n_windows': 1, 'weighted': 73.25999999999999}",True
microsoft,application-crash-rate-2,application-crash-rate-2/app2-03.csv,Transformer,True,335,783,64,10,1,3.0,-0.75,0,1,0.0,"{'tp': 0.0, 'fp': 0.0, 'tn': 328.0, 'fn': 1, 'n_windows': 1, 'weighted': 71.16}","{'tp': 0.0, 'fp': 0.0, 'tn': 328.0, 'fn': 1, 'n_windows': 1, 'weighted': 71.16}","{'tp': 1.1, 'fp': 0.0, 'tn': 328.0, 'fn': 0, 'n_windows': 1, 'weighted': 73.25999999999999}",True
microsoft,application-crash-rate-2,application-crash-rate-2/app2-03.csv,TSMixer,True,335,783,64,10,1,3.0,-0.75,0,1,0.0,"{'tp': 0.0, 'fp': 0.0, 'tn': 328.0, 'fn': 1, 'n_windows': 1, 'weighted': 71.16}","{'tp': 0.0, 'fp': 0.0, 'tn': 328.0, 'fn': 1, 'n_windows': 1, 'weighted': 71.16}","{'tp': 1.1, 'fp': 0.0, 'tn': 328.0, 'fn': 0, 'n_windows': 1, 'weighted': 73.25999999999999}",True
microsoft,application-crash-rate-2,application-crash-rate-2/app2-03.csv,IsolationForest,True,335,783,64,80,1,2.5,-0.0,35,1,73.17460317460313,"{'tp': 1.05, 'fp': 4.666666666666667, 'tn': 328.0, 'fn': 0, 'n_windows': 1, 'weighted': 72.69666666666666}","{'tp': 0.0, 'fp': 0.0, 'tn': 328.0, 'fn': 1, 'n_windows': 1, 'weighted': 71.16}","{'tp': 1.1, 'fp': 0.0, 'tn': 328.0, 'fn': 0, 'n_windows': 1, 'weighted': 73.25999999999999}",True
microsoft,application-crash-rate-2,application-crash-rate-2/app2-06.csv,IsolationForest,True,335,781,64,80,1,3.0,-0.0,30,2,96.4502164502163,"{'tp': 2.160909090909091, 'fp': 1.0, 'tn': 301.0, 'fn': 0, 'n_windows': 2, 'weighted': 68.27090909090909}","{'tp': 0.0, 'fp': 0.0, 'tn': 301.0, 'fn': 2, 'n_windows': 2, 'weighted': 64.22}","{'tp': 2.2, 'fp': 0.0, 'tn': 301.0, 'fn': 0, 'n_windows': 2, 'weighted': 68.42}",True
microsoft,application-crash-rate-2,application-crash-rate-2/app2-07.csv,GRU,True,333,776,64,80,1,2.5,-0.0,10,4,73.1122448979592,"{'tp': 3.196428571428571, 'fp': 0.5, 'tn': 311.0, 'fn': 1, 'n_windows': 4, 'weighted': 70.56142857142858}","{'tp': 0.0, 'fp': 0.0, 'tn': 311.0, 'fn': 4, 'n_windows': 4, 'weighted': 64.42}","{'tp': 4.4, 'fp': 0.0, 'tn': 311.0, 'fn': 0, 'n_windows': 4, 'weighted': 72.82000000000001}",True
microsoft,application-crash-rate-2,application-crash-rate-2/app2-02.csv,Transformer,True,335,782,64,10,1,3.0,-0.75,29,2,-13.095238095238019,"{'tp': 0.0, 'fp': 5.0, 'tn': 307.0, 'fn': 2, 'n_windows': 2, 'weighted': 64.99000000000001}","{'tp': 0.0, 'fp': 0.0, 'tn': 307.0, 'fn': 2, 'n_windows': 2, 'weighted': 65.54}","{'tp': 2.2, 'fp': 0.0, 'tn': 307.0, 'fn': 0, 'n_windows': 2, 'weighted': 69.74000000000001}",True
microsoft,application-crash-rate-2,application-crash-rate-2/app2-02.csv,TSMixer,True,335,782,64,10,1,3.0,-0.75,0,2,0.0,"{'tp': 0.0, 'fp': 0.0, 'tn': 307.0, 'fn': 2, 'n_windows': 2, 'weighted': 65.54}","{'tp': 0.0, 'fp': 0.0, 'tn': 307.0, 'fn': 2, 'n_windows': 2, 'weighted': 65.54}","{'tp': 2.2, 'fp': 0.0, 'tn': 307.0, 'fn': 0, 'n_windows': 2, 'weighted': 69.74000000000001}",True
microsoft,application-crash-rate-2,application-crash-rate-2/app2-05.csv,TSMixer,True,335,783,64,80,3,2.5,-0.0,13,8,36.2182030932031,"{'tp': 3.1946581196581194, 'fp': 1.0, 'tn': 268.0, 'fn': 5, 'n_windows': 8, 'weighted': 57.04465811965812}","{'tp': 0.0, 'fp': 0.0, 'tn': 268.0, 'fn': 8, 'n_windows': 8, 'weighted': 50.96}","{'tp': 8.8, 'fp': 0.0, 'tn': 268.0, 'fn': 0, 'n_windows': 8, 'weighted': 67.76}",True
microsoft,application-crash-rate-2,application-crash-rate-2/app2-05.csv,IsolationForest,True,335,783,64,80,1,3.5,-0.0,14,8,35.59091371591368,"{'tp': 3.0709401709401707, 'fp': 0.8333333333333334, 'tn': 268.0, 'fn': 5, 'n_windows': 8, 'weighted': 56.9392735042735}","{'tp': 0.0, 'fp': 0.0, 'tn': 268.0, 'fn': 8, 'n_windows': 8, 'weighted': 50.96}","{'tp': 8.8, 'fp': 0.0, 'tn': 268.0, 'fn': 0, 'n_windows': 8, 'weighted': 67.76}",True
microsoft,application-crash-rate-2,application-crash-rate-2/app2-05.csv,TCN,True,335,783,64,80,1,2.5,-0.0,18,8,46.27149470899468,"{'tp': 4.186111111111111, 'fp': 3.75, 'tn': 268.0, 'fn': 4, 'n_windows': 8, 'weighted': 58.73361111111111}","{'tp': 0.0, 'fp': 0.0, 'tn': 268.0, 'fn': 8, 'n_windows': 8, 'weighted': 50.96}","{'tp': 8.8, 'fp': 0.0, 'tn': 268.0, 'fn': 0, 'n_windows': 8, 'weighted': 67.76}",True
microsoft,application-crash-rate-2,application-crash-rate-2/app2-05.csv,Transformer,True,335,783,64,20,1,4.0,-0.25,8,8,73.45149063899066,"{'tp': 6.339850427350427, 'fp': 0.0, 'tn': 268.0, 'fn': 2, 'n_windows': 8, 'weighted': 63.299850427350435}","{'tp': 0.0, 'fp': 0.0, 'tn': 268.0, 'fn': 8, 'n_windows': 8, 'weighted': 50.96}","{'tp': 8.8, 'fp': 0.0, 'tn': 268.0, 'fn': 0, 'n_windows': 8, 'weighted': 67.76}",True
microsoft,application-crash-rate-2,application-crash-rate-2/app2-07.csv,TSMixer,True,333,776,64,80,1,2.5,-0.0,10,4,73.1122448979592,"{'tp': 3.196428571428571, 'fp': 0.5, 'tn': 311.0, 'fn': 1, 'n_windows': 4, 'weighted': 70.56142857142858}","{'tp': 0.0, 'fp': 0.0, 'tn': 311.0, 'fn': 4, 'n_windows': 4, 'weighted': 64.42}","{'tp': 4.4, 'fp': 0.0, 'tn': 311.0, 'fn': 0, 'n_windows': 4, 'weighted': 72.82000000000001}",True
microsoft,application-crash-rate-2,application-crash-rate-2/app2-07.csv,IsolationForest,True,333,776,64,80,1,2.5,-0.0,13,4,48.25821995464857,"{'tp': 2.117857142857143, 'fp': 0.5833333333333333, 'tn': 311.0, 'fn': 2, 'n_windows': 4, 'weighted': 68.47369047619048}","{'tp': 0.0, 'fp': 0.0, 'tn': 311.0, 'fn': 4, 'n_windows': 4, 'weighted': 64.42}","{'tp': 4.4, 'fp': 0.0, 'tn': 311.0, 'fn': 0, 'n_windows': 4, 'weighted': 72.82000000000001}",True
microsoft,application-crash-rate-2,application-crash-rate-2/app2-04.csv,Transformer,True,335,783,64,80,1,2.5,-0.0,7,2,94.68253968253944,"{'tp': 2.1416666666666666, 'fp': 1.5, 'tn': 326.0, 'fn': 0, 'n_windows': 2, 'weighted': 73.69666666666666}","{'tp': 0.0, 'fp': 0.0, 'tn': 326.0, 'fn': 2, 'n_windows': 2, 'weighted': 69.72}","{'tp': 2.2, 'fp': 0.0, 'tn': 326.0, 'fn': 0, 'n_windows': 2, 'weighted': 73.92}",True
microsoft,application-crash-rate-2,application-crash-rate-2/app2-04.csv,TSMixer,True,335,783,64,80,1,2.5,-0.0,8,2,93.37301587301582,"{'tp': 2.1416666666666666, 'fp': 2.0, 'tn': 326.0, 'fn': 0, 'n_windows': 2, 'weighted': 73.64166666666667}","{'tp': 0.0, 'fp': 0.0, 'tn': 326.0, 'fn': 2, 'n_windows': 2, 'weighted': 69.72}","{'tp': 2.2, 'fp': 0.0, 'tn': 326.0, 'fn': 0, 'n_windows': 2, 'weighted': 73.92}",True
microsoft,application-crash-rate-2,application-crash-rate-2/app2-08.csv,GRU,True,335,783,64,80,1,3.0,-0.0,7,1,88.33333333333375,"{'tp': 1.075, 'fp': 2.0, 'tn': 330.0, 'fn': 0, 'n_windows': 1, 'weighted': 73.455}","{'tp': 0.0, 'fp': 0.0, 'tn': 330.0, 'fn': 1, 'n_windows': 1, 'weighted': 71.6}","{'tp': 1.1, 'fp': 0.0, 'tn': 330.0, 'fn': 0, 'n_windows': 1, 'weighted': 73.69999999999999}",True
microsoft,application-crash-rate-2,application-crash-rate-2/app2-08.csv,TCN,True,335,783,64,80,1,4.0,-0.0,6,1,88.33333333333375,"{'tp': 1.075, 'fp': 2.0, 'tn': 330.0, 'fn': 0, 'n_windows': 1, 'weighted': 73.455}","{'tp': 0.0, 'fp': 0.0, 'tn': 330.0, 'fn': 1, 'n_windows': 1, 'weighted': 71.6}","{'tp': 1.1, 'fp': 0.0, 'tn': 330.0, 'fn': 0, 'n_windows': 1, 'weighted': 73.69999999999999}",True
microsoft,application-crash-rate-2,application-crash-rate-2/app2-08.csv,IsolationForest,True,335,783,64,80,1,3.5,-0.0,0,1,0.0,"{'tp': 0.0, 'fp': 0.0, 'tn': 330.0, 'fn': 1, 'n_windows': 1, 'weighted': 71.6}","{'tp': 0.0, 'fp': 0.0, 'tn': 330.0, 'fn': 1, 'n_windows': 1, 'weighted': 71.6}","{'tp': 1.1, 'fp': 0.0, 'tn': 330.0, 'fn': 0, 'n_windows': 1, 'weighted': 73.69999999999999}",True
microsoft,application-crash-rate-2,application-crash-rate-2/app2-09.csv,GRU,True,335,783,64,80,1,3.5,-0.0,8,1,83.73015873015927,"{'tp': 1.0333333333333334, 'fp': 2.5, 'tn': 331.0, 'fn': 0, 'n_windows': 1, 'weighted': 73.57833333333335}","{'tp': 0.0, 'fp': 0.0, 'tn': 331.0, 'fn': 1, 'n_windows': 1, 'weighted': 71.82000000000001}","{'tp': 1.1, 'fp': 0.0, 'tn': 331.0, 'fn': 0, 'n_windows': 1, 'weighted': 73.92}",True
microsoft,application-crash-rate-2,application-crash-rate-2/app2-10.csv,IsolationForest,True,329,766,64,80,1,3.5,-0.0,4,2,47.89682539682545,"{'tp': 1.0666666666666667, 'fp': 0.5, 'tn': 322.0, 'fn': 1, 'n_windows': 2, 'weighted': 70.85166666666667}","{'tp': 0.0, 'fp': 0.0, 'tn': 322.0, 'fn': 2, 'n_windows': 2, 'weighted': 68.84}","{'tp': 2.2, 'fp': 0.0, 'tn': 322.0, 'fn': 0, 'n_windows': 2, 'weighted': 73.04}",True
microsoft,consumer-purchase-rate,consumer-purchase-rate/purchase-01.csv,GRU,False,374,874,64,10,1,3.0,-0.75,0,0,0.0,"{'tp': 0.0, 'fp': 0.0, 'tn': 374.0, 'fn': 0, 'n_windows': 0, 'weighted': 82.28}","{'tp': 0.0, 'fp': 0.0, 'tn': 374.0, 'fn': 0, 'n_windows': 0, 'weighted': 82.28}","{'tp': 0.0, 'fp': 0.0, 'tn': 374.0, 'fn': 0, 'n_windows': 0, 'weighted': 82.28}",True
microsoft,application-crash-rate-2,application-crash-rate-2/app2-10.csv,GRU,True,329,766,64,10,1,3.0,-0.75,0,2,0.0,"{'tp': 0.0, 'fp': 0.0, 'tn': 322.0, 'fn': 2, 'n_windows': 2, 'weighted': 68.84}","{'tp': 0.0, 'fp': 0.0, 'tn': 322.0, 'fn': 2, 'n_windows': 2, 'weighted': 68.84}","{'tp': 2.2, 'fp': 0.0, 'tn': 322.0, 'fn': 0, 'n_windows': 2, 'weighted': 73.04}",True
microsoft,application-crash-rate-2,application-crash-rate-2/app2-10.csv,TCN,True,329,766,64,10,1,3.0,-0.75,0,2,0.0,"{'tp': 0.0, 'fp': 0.0, 'tn': 322.0, 'fn': 2, 'n_windows': 2, 'weighted': 68.84}","{'tp': 0.0, 'fp': 0.0, 'tn': 322.0, 'fn': 2, 'n_windows': 2, 'weighted': 68.84}","{'tp': 2.2, 'fp': 0.0, 'tn': 322.0, 'fn': 0, 'n_windows': 2, 'weighted': 73.04}",True
microsoft,application-crash-rate-2,application-crash-rate-2/app2-09.csv,TSMixer,True,335,783,64,80,1,4.0,-0.0,5,1,88.9682539682545,"{'tp': 1.0333333333333334, 'fp': 1.5, 'tn': 331.0, 'fn': 0, 'n_windows': 1, 'weighted': 73.68833333333335}","{'tp': 0.0, 'fp': 0.0, 'tn': 331.0, 'fn': 1, 'n_windows': 1, 'weighted': 71.82000000000001}","{'tp': 1.1, 'fp': 0.0, 'tn': 331.0, 'fn': 0, 'n_windows': 1, 'weighted': 73.92}",True
microsoft,application-crash-rate-2,application-crash-rate-2/app2-09.csv,IsolationForest,True,335,783,64,80,1,2.5,-0.0,7,1,-13.095238095238402,"{'tp': 0.0, 'fp': 2.5, 'tn': 331.0, 'fn': 1, 'n_windows': 1, 'weighted': 71.545}","{'tp': 0.0, 'fp': 0.0, 'tn': 331.0, 'fn': 1, 'n_windows': 1, 'weighted': 71.82000000000001}","{'tp': 1.1, 'fp': 0.0, 'tn': 331.0, 'fn': 0, 'n_windows': 1, 'weighted': 73.92}",True
microsoft,application-crash-rate-2,application-crash-rate-2/app2-07.csv,TCN,True,333,776,64,80,1,2.5,-0.0,13,4,72.45748299319722,"{'tp': 3.196428571428571, 'fp': 1.0, 'tn': 311.0, 'fn': 1, 'n_windows': 4, 'weighted': 70.50642857142857}","{'tp': 0.0, 'fp': 0.0, 'tn': 311.0, 'fn': 4, 'n_windows': 4, 'weighted': 64.42}","{'tp': 4.4, 'fp': 0.0, 'tn': 311.0, 'fn': 0, 'n_windows': 4, 'weighted': 72.82000000000001}",True
microsoft,application-crash-rate-2,application-crash-rate-2/app2-07.csv,Transformer,True,333,776,64,80,1,4.0,-0.0,9,4,73.1122448979592,"{'tp': 3.196428571428571, 'fp': 0.5, 'tn': 311.0, 'fn': 1, 'n_windows': 4, 'weighted': 70.56142857142858}","{'tp': 0.0, 'fp': 0.0, 'tn': 311.0, 'fn': 4, 'n_windows': 4, 'weighted': 64.42}","{'tp': 4.4, 'fp': 0.0, 'tn': 311.0, 'fn': 0, 'n_windows': 4, 'weighted': 72.82000000000001}",True
microsoft,application-crash-rate-2,application-crash-rate-2/app2-06.csv,Transformer,True,335,781,64,80,1,4.0,-0.0,17,2,95.40043290043269,"{'tp': 2.171818181818182, 'fp': 1.5, 'tn': 301.0, 'fn': 0, 'n_windows': 2, 'weighted': 68.22681818181817}","{'tp': 0.0, 'fp': 0.0, 'tn': 301.0, 'fn': 2, 'n_windows': 2, 'weighted': 64.22}","{'tp': 2.2, 'fp': 0.0, 'tn': 301.0, 'fn': 0, 'n_windows': 2, 'weighted': 68.42}",True
microsoft,application-crash-rate-2,application-crash-rate-2/app2-06.csv,TSMixer,True,335,781,64,80,1,4.0,-0.0,13,2,95.72510822510806,"{'tp': 2.1854545454545455, 'fp': 1.5, 'tn': 301.0, 'fn': 0, 'n_windows': 2, 'weighted': 68.24045454545454}","{'tp': 0.0, 'fp': 0.0, 'tn': 301.0, 'fn': 2, 'n_windows': 2, 'weighted': 64.22}","{'tp': 2.2, 'fp': 0.0, 'tn': 301.0, 'fn': 0, 'n_windows': 2, 'weighted': 68.42}",True
microsoft,consumer-purchase-rate,consumer-purchase-rate/purchase-02.csv,IsolationForest,True,374,874,64,80,1,2.5,-0.0,7,4,23.66496598639448,"{'tp': 1.042857142857143, 'fp': 0.5, 'tn': 345.0, 'fn': 3, 'n_windows': 4, 'weighted': 73.88785714285714}","{'tp': 0.0, 'fp': 0.0, 'tn': 345.0, 'fn': 4, 'n_windows': 4, 'weighted': 71.9}","{'tp': 4.4, 'fp': 0.0, 'tn': 345.0, 'fn': 0, 'n_windows': 4, 'weighted': 80.30000000000001}",True
microsoft,consumer-purchase-rate,consumer-purchase-rate/purchase-03.csv,GRU,False,374,874,64,80,1,3.0,-0.0,4,0,0.0,"{'tp': 0.0, 'fp': 2.0, 'tn': 374.0, 'fn': 0, 'n_windows': 0, 'weighted': 82.06}","{'tp': 0.0, 'fp': 0.0, 'tn': 374.0, 'fn': 0, 'n_windows': 0, 'weighted': 82.28}","{'tp': 0.0, 'fp': 0.0, 'tn': 374.0, 'fn': 0, 'n_windows': 0, 'weighted': 82.28}",True
microsoft,application-crash-rate-2,application-crash-rate-2/app2-09.csv,TCN,True,335,783,64,20,3,4.0,-0.25,1,1,-2.619047619047951,"{'tp': 0.0, 'fp': 0.5, 'tn': 331.0, 'fn': 1, 'n_windows': 1, 'weighted': 71.765}","{'tp': 0.0, 'fp': 0.0, 'tn': 331.0, 'fn': 1, 'n_windows': 1, 'weighted': 71.82000000000001}","{'tp': 1.1, 'fp': 0.0, 'tn': 331.0, 'fn': 0, 'n_windows': 1, 'weighted': 73.92}",True
microsoft,application-crash-rate-2,application-crash-rate-2/app2-09.csv,Transformer,True,335,783,64,80,3,4.0,-0.0,10,1,86.34920634920654,"{'tp': 1.0333333333333334, 'fp': 2.0, 'tn': 331.0, 'fn': 0, 'n_windows': 1, 'weighted': 73.63333333333334}","{'tp': 0.0, 'fp': 0.0, 'tn': 331.0, 'fn': 1, 'n_windows': 1, 'weighted': 71.82000000000001}","{'tp': 1.1, 'fp': 0.0, 'tn': 331.0, 'fn': 0, 'n_windows': 1, 'weighted': 73.92}",True
microsoft,consumer-purchase-rate,consumer-purchase-rate/purchase-01.csv,TSMixer,False,374,874,64,10,1,3.0,-0.75,0,0,0.0,"{'tp': 0.0, 'fp': 0.0, 'tn': 374.0, 'fn': 0, 'n_windows': 0, 'weighted': 82.28}","{'tp': 0.0, 'fp': 0.0, 'tn': 374.0, 'fn': 0, 'n_windows': 0, 'weighted': 82.28}","{'tp': 0.0, 'fp': 0.0, 'tn': 374.0, 'fn': 0, 'n_windows': 0, 'weighted': 82.28}",True
microsoft,consumer-purchase-rate,consumer-purchase-rate/purchase-01.csv,IsolationForest,False,374,874,64,10,1,3.5,-0.75,0,0,0.0,"{'tp': 0.0, 'fp': 0.0, 'tn': 374.0, 'fn': 0, 'n_windows': 0, 'weighted': 82.28}","{'tp': 0.0, 'fp': 0.0, 'tn': 374.0, 'fn': 0, 'n_windows': 0, 'weighted': 82.28}","{'tp': 0.0, 'fp': 0.0, 'tn': 374.0, 'fn': 0, 'n_windows': 0, 'weighted': 82.28}",True
microsoft,consumer-purchase-rate,consumer-purchase-rate/purchase-02.csv,GRU,True,374,874,64,80,1,3.5,-0.0,10,4,97.52834467120182,"{'tp': 4.302380952380952, 'fp': 1.0, 'tn': 345.0, 'fn': 0, 'n_windows': 4, 'weighted': 80.09238095238096}","{'tp': 0.0, 'fp': 0.0, 'tn': 345.0, 'fn': 4, 'n_windows': 4, 'weighted': 71.9}","{'tp': 4.4, 'fp': 0.0, 'tn': 345.0, 'fn': 0, 'n_windows': 4, 'weighted': 80.30000000000001}",True
microsoft,consumer-purchase-rate,consumer-purchase-rate/purchase-02.csv,TCN,True,374,874,64,80,1,3.5,-0.0,8,4,72.19954648526077,"{'tp': 3.1747619047619047, 'fp': 1.0, 'tn': 345.0, 'fn': 1, 'n_windows': 4, 'weighted': 77.96476190476191}","{'tp': 0.0, 'fp': 0.0, 'tn': 345.0, 'fn': 4, 'n_windows': 4, 'weighted': 71.9}","{'tp': 4.4, 'fp': 0.0, 'tn': 345.0, 'fn': 0, 'n_windows': 4, 'weighted': 80.30000000000001}",True
microsoft,application-crash-rate-2,application-crash-rate-2/app2-08.csv,Transformer,True,335,783,64,10,1,3.0,-0.75,0,1,0.0,"{'tp': 0.0, 'fp': 0.0, 'tn': 330.0, 'fn': 1, 'n_windows': 1, 'weighted': 71.6}","{'tp': 0.0, 'fp': 0.0, 'tn': 330.0, 'fn': 1, 'n_windows': 1, 'weighted': 71.6}","{'tp': 1.1, 'fp': 0.0, 'tn': 330.0, 'fn': 0, 'n_windows': 1, 'weighted': 73.69999999999999}",True
microsoft,application-crash-rate-2,application-crash-rate-2/app2-08.csv,TSMixer,True,335,783,64,80,3,3.5,-0.0,10,1,90.95238095238103,"{'tp': 1.075, 'fp': 1.5, 'tn': 330.0, 'fn': 0, 'n_windows': 1, 'weighted': 73.50999999999999}","{'tp': 0.0, 'fp': 0.0, 'tn': 330.0, 'fn': 1, 'n_windows': 1, 'weighted': 71.6}","{'tp': 1.1, 'fp': 0.0, 'tn': 330.0, 'fn': 0, 'n_windows': 1, 'weighted': 73.69999999999999}",True
microsoft,consumer-purchase-rate,consumer-purchase-rate/purchase-01.csv,TCN,False,374,874,64,10,1,3.0,-0.75,1,0,0.0,"{'tp': 0.0, 'fp': 1.0, 'tn': 374.0, 'fn': 0, 'n_windows': 0, 'weighted': 82.17}","{'tp': 0.0, 'fp': 0.0, 'tn': 374.0, 'fn': 0, 'n_windows': 0, 'weighted': 82.28}","{'tp': 0.0, 'fp': 0.0, 'tn': 374.0, 'fn': 0, 'n_windows': 0, 'weighted': 82.28}",True
microsoft,consumer-purchase-rate,consumer-purchase-rate/purchase-01.csv,Transformer,False,374,874,64,10,1,3.0,-0.75,0,0,0.0,"{'tp': 0.0, 'fp': 0.0, 'tn': 374.0, 'fn': 0, 'n_windows': 0, 'weighted': 82.28}","{'tp': 0.0, 'fp': 0.0, 'tn': 374.0, 'fn': 0, 'n_windows': 0, 'weighted': 82.28}","{'tp': 0.0, 'fp': 0.0, 'tn': 374.0, 'fn': 0, 'n_windows': 0, 'weighted': 82.28}",True
microsoft,application-crash-rate-2,application-crash-rate-2/app2-10.csv,Transformer,True,329,766,64,10,1,3.0,-0.75,0,2,0.0,"{'tp': 0.0, 'fp': 0.0, 'tn': 322.0, 'fn': 2, 'n_windows': 2, 'weighted': 68.84}","{'tp': 0.0, 'fp': 0.0, 'tn': 322.0, 'fn': 2, 'n_windows': 2, 'weighted': 68.84}","{'tp': 2.2, 'fp': 0.0, 'tn': 322.0, 'fn': 0, 'n_windows': 2, 'weighted': 73.04}",True
microsoft,application-crash-rate-2,application-crash-rate-2/app2-10.csv,TSMixer,True,329,766,64,10,1,3.0,-0.75,0,2,0.0,"{'tp': 0.0, 'fp': 0.0, 'tn': 322.0, 'fn': 2, 'n_windows': 2, 'weighted': 68.84}","{'tp': 0.0, 'fp': 0.0, 'tn': 322.0, 'fn': 2, 'n_windows': 2, 'weighted': 68.84}","{'tp': 2.2, 'fp': 0.0, 'tn': 322.0, 'fn': 0, 'n_windows': 2, 'weighted': 73.04}",True
microsoft,consumer-purchase-rate,consumer-purchase-rate/purchase-04.csv,IsolationForest,False,374,874,64,80,1,3.0,-0.0,2,0,0.0,"{'tp': 0.0, 'fp': 1.0, 'tn': 374.0, 'fn': 0, 'n_windows': 0, 'weighted': 82.17}","{'tp': 0.0, 'fp': 0.0, 'tn': 374.0, 'fn': 0, 'n_windows': 0, 'weighted': 82.28}","{'tp': 0.0, 'fp': 0.0, 'tn': 374.0, 'fn': 0, 'n_windows': 0, 'weighted': 82.28}",True
microsoft,consumer-purchase-rate,consumer-purchase-rate/purchase-05.csv,GRU,False,374,874,64,80,1,3.0,-0.0,1,0,0.0,"{'tp': 0.0, 'fp': 1.0, 'tn': 374.0, 'fn': 0, 'n_windows': 0, 'weighted': 82.17}","{'tp': 0.0, 'fp': 0.0, 'tn': 374.0, 'fn': 0, 'n_windows': 0, 'weighted': 82.28}","{'tp': 0.0, 'fp': 0.0, 'tn': 374.0, 'fn': 0, 'n_windows': 0, 'weighted': 82.28}",True
microsoft,consumer-purchase-rate,consumer-purchase-rate/purchase-04.csv,GRU,False,374,874,64,80,3,4.0,-0.0,3,0,0.0,"{'tp': 0.0, 'fp': 1.0, 'tn': 374.0, 'fn': 0, 'n_windows': 0, 'weighted': 82.17}","{'tp': 0.0, 'fp': 0.0, 'tn': 374.0, 'fn': 0, 'n_windows': 0, 'weighted': 82.28}","{'tp': 0.0, 'fp': 0.0, 'tn': 374.0, 'fn': 0, 'n_windows': 0, 'weighted': 82.28}",True
microsoft,consumer-purchase-rate,consumer-purchase-rate/purchase-04.csv,TCN,False,374,874,64,80,1,3.5,-0.0,6,0,0.0,"{'tp': 0.0, 'fp': 4.0, 'tn': 374.0, 'fn': 0, 'n_windows': 0, 'weighted': 81.84}","{'tp': 0.0, 'fp': 0.0, 'tn': 374.0, 'fn': 0, 'n_windows': 0, 'weighted': 82.28}","{'tp': 0.0, 'fp': 0.0, 'tn': 374.0, 'fn': 0, 'n_windows': 0, 'weighted': 82.28}",True
microsoft,consumer-purchase-rate,consumer-purchase-rate/purchase-03.csv,TSMixer,False,374,874,64,80,1,3.5,-0.0,9,0,0.0,"{'tp': 0.0, 'fp': 7.0, 'tn': 374.0, 'fn': 0, 'n_windows': 0, 'weighted': 81.51}","{'tp': 0.0, 'fp': 0.0, 'tn': 374.0, 'fn': 0, 'n_windows': 0, 'weighted': 82.28}","{'tp': 0.0, 'fp': 0.0, 'tn': 374.0, 'fn': 0, 'n_windows': 0, 'weighted': 82.28}",True
microsoft,consumer-purchase-rate,consumer-purchase-rate/purchase-03.csv,IsolationForest,False,374,874,64,80,1,3.0,-0.0,2,0,0.0,"{'tp': 0.0, 'fp': 2.0, 'tn': 374.0, 'fn': 0, 'n_windows': 0, 'weighted': 82.06}","{'tp': 0.0, 'fp': 0.0, 'tn': 374.0, 'fn': 0, 'n_windows': 0, 'weighted': 82.28}","{'tp': 0.0, 'fp': 0.0, 'tn': 374.0, 'fn': 0, 'n_windows': 0, 'weighted': 82.28}",True
microsoft,consumer-purchase-rate,consumer-purchase-rate/purchase-06.csv,GRU,False,374,874,64,80,1,2.5,-0.0,7,0,0.0,"{'tp': 0.0, 'fp': 6.0, 'tn': 374.0, 'fn': 0, 'n_windows': 0, 'weighted': 81.62}","{'tp': 0.0, 'fp': 0.0, 'tn': 374.0, 'fn': 0, 'n_windows': 0, 'weighted': 82.28}","{'tp': 0.0, 'fp': 0.0, 'tn': 374.0, 'fn': 0, 'n_windows': 0, 'weighted': 82.28}",True
microsoft,consumer-purchase-rate,consumer-purchase-rate/purchase-06.csv,TCN,False,374,874,64,10,1,3.0,-0.75,0,0,0.0,"{'tp': 0.0, 'fp': 0.0, 'tn': 374.0, 'fn': 0, 'n_windows': 0, 'weighted': 82.28}","{'tp': 0.0, 'fp': 0.0, 'tn': 374.0, 'fn': 0, 'n_windows': 0, 'weighted': 82.28}","{'tp': 0.0, 'fp': 0.0, 'tn': 374.0, 'fn': 0, 'n_windows': 0, 'weighted': 82.28}",True
microsoft,consumer-purchase-rate,consumer-purchase-rate/purchase-03.csv,TCN,False,374,874,64,80,1,3.5,-0.0,7,0,0.0,"{'tp': 0.0, 'fp': 5.0, 'tn': 374.0, 'fn': 0, 'n_windows': 0, 'weighted': 81.73}","{'tp': 0.0, 'fp': 0.0, 'tn': 374.0, 'fn': 0, 'n_windows': 0, 'weighted': 82.28}","{'tp': 0.0, 'fp': 0.0, 'tn': 374.0, 'fn': 0, 'n_windows': 0, 'weighted': 82.28}",True
microsoft,consumer-purchase-rate,consumer-purchase-rate/purchase-03.csv,Transformer,False,374,874,64,80,1,2.5,-0.0,9,0,0.0,"{'tp': 0.0, 'fp': 5.0, 'tn': 374.0, 'fn': 0, 'n_windows': 0, 'weighted': 81.73}","{'tp': 0.0, 'fp': 0.0, 'tn': 374.0, 'fn': 0, 'n_windows': 0, 'weighted': 82.28}","{'tp': 0.0, 'fp': 0.0, 'tn': 374.0, 'fn': 0, 'n_windows': 0, 'weighted': 82.28}",True
microsoft,consumer-purchase-rate,consumer-purchase-rate/purchase-05.csv,TSMixer,False,374,874,64,80,3,2.5,-0.0,12,0,0.0,"{'tp': 0.0, 'fp': 6.0, 'tn': 374.0, 'fn': 0, 'n_windows': 0, 'weighted': 81.62}","{'tp': 0.0, 'fp': 0.0, 'tn': 374.0, 'fn': 0, 'n_windows': 0, 'weighted': 82.28}","{'tp': 0.0, 'fp': 0.0, 'tn': 374.0, 'fn': 0, 'n_windows': 0, 'weighted': 82.28}",True
microsoft,consumer-purchase-rate,consumer-purchase-rate/purchase-05.csv,IsolationForest,False,374,874,64,80,1,3.0,-0.0,2,0,0.0,"{'tp': 0.0, 'fp': 2.0, 'tn': 374.0, 'fn': 0, 'n_windows': 0, 'weighted': 82.06}","{'tp': 0.0, 'fp': 0.0, 'tn': 374.0, 'fn': 0, 'n_windows': 0, 'weighted': 82.28}","{'tp': 0.0, 'fp': 0.0, 'tn': 374.0, 'fn': 0, 'n_windows': 0, 'weighted': 82.28}",True
microsoft,consumer-purchase-rate,consumer-purchase-rate/purchase-02.csv,Transformer,True,374,874,64,10,1,3.0,-0.75,0,4,0.0,"{'tp': 0.0, 'fp': 0.0, 'tn': 345.0, 'fn': 4, 'n_windows': 4, 'weighted': 71.9}","{'tp': 0.0, 'fp': 0.0, 'tn': 345.0, 'fn': 4, 'n_windows': 4, 'weighted': 71.9}","{'tp': 4.4, 'fp': 0.0, 'tn': 345.0, 'fn': 0, 'n_windows': 4, 'weighted': 80.30000000000001}",True
microsoft,consumer-purchase-rate,consumer-purchase-rate/purchase-02.csv,TSMixer,True,374,874,64,80,3,4.0,-0.0,11,4,72.13151927437636,"{'tp': 3.1690476190476193, 'fp': 1.0, 'tn': 345.0, 'fn': 1, 'n_windows': 4, 'weighted': 77.95904761904762}","{'tp': 0.0, 'fp': 0.0, 'tn': 345.0, 'fn': 4, 'n_windows': 4, 'weighted': 71.9}","{'tp': 4.4, 'fp': 0.0, 'tn': 345.0, 'fn': 0, 'n_windows': 4, 'weighted': 80.30000000000001}",True
microsoft,consumer-purchase-rate,consumer-purchase-rate/purchase-05.csv,TCN,False,374,874,64,80,1,4.0,-0.0,4,0,0.0,"{'tp': 0.0, 'fp': 4.0, 'tn': 374.0, 'fn': 0, 'n_windows': 0, 'weighted': 81.84}","{'tp': 0.0, 'fp': 0.0, 'tn': 374.0, 'fn': 0, 'n_windows': 0, 'weighted': 82.28}","{'tp': 0.0, 'fp': 0.0, 'tn': 374.0, 'fn': 0, 'n_windows': 0, 'weighted': 82.28}",True
microsoft,consumer-purchase-rate,consumer-purchase-rate/purchase-05.csv,Transformer,False,374,874,64,80,1,2.5,-0.0,16,0,0.0,"{'tp': 0.0, 'fp': 12.0, 'tn': 374.0, 'fn': 0, 'n_windows': 0, 'weighted': 80.96000000000001}","{'tp': 0.0, 'fp': 0.0, 'tn': 374.0, 'fn': 0, 'n_windows': 0, 'weighted': 82.28}","{'tp': 0.0, 'fp': 0.0, 'tn': 374.0, 'fn': 0, 'n_windows': 0, 'weighted': 82.28}",True
microsoft,consumer-purchase-rate,consumer-purchase-rate/purchase-06.csv,IsolationForest,False,374,874,64,80,3,3.5,-0.0,0,0,0.0,"{'tp': 0.0, 'fp': 0.0, 'tn': 374.0, 'fn': 0, 'n_windows': 0, 'weighted': 82.28}","{'tp': 0.0, 'fp': 0.0, 'tn': 374.0, 'fn': 0, 'n_windows': 0, 'weighted': 82.28}","{'tp': 0.0, 'fp': 0.0, 'tn': 374.0, 'fn': 0, 'n_windows': 0, 'weighted': 82.28}",True
microsoft,data-ingress-rate,data-ingress-rate/ingress-01.csv,GRU,False,4752,11088,64,80,1,4.0,-19.0,47,0,0.0,"{'tp': 0.0, 'fp': 25.0, 'tn': 4752.0, 'fn': 0, 'n_windows': 0, 'weighted': 1042.69}","{'tp': 0.0, 'fp': 0.0, 'tn': 4752.0, 'fn': 0, 'n_windows': 0, 'weighted': 1045.44}","{'tp': 0.0, 'fp': 0.0, 'tn': 4752.0, 'fn': 0, 'n_windows': 0, 'weighted': 1045.44}",True
microsoft,data-ingress-rate,data-ingress-rate/ingress-02.csv,GRU,True,4752,11088,64,47,1,4.0,-14.0,3,1,-7.857142857141465,"{'tp': 0.0, 'fp': 1.5, 'tn': 4703.0, 'fn': 1, 'n_windows': 1, 'weighted': 1033.4950000000001}","{'tp': 0.0, 'fp': 0.0, 'tn': 4703.0, 'fn': 1, 'n_windows': 1, 'weighted': 1033.66}","{'tp': 1.1, 'fp': 0.0, 'tn': 4703.0, 'fn': 0, 'n_windows': 1, 'weighted': 1035.76}",True
microsoft,data-ingress-rate,data-ingress-rate/ingress-02.csv,TCN,True,4752,11088,64,95,3,4.0,-11.0,25,1,68.27380952380858,"{'tp': 1.09375, 'fp': 6.0, 'tn': 4703.0, 'fn': 0, 'n_windows': 1, 'weighted': 1035.09375}","{'tp': 0.0, 'fp': 0.0, 'tn': 4703.0, 'fn': 1, 'n_windows': 1, 'weighted': 1033.66}","{'tp': 1.1, 'fp': 0.0, 'tn': 4703.0, 'fn': 0, 'n_windows': 1, 'weighted': 1035.76}",True
microsoft,consumer-purchase-rate,consumer-purchase-rate/purchase-04.csv,Transformer,False,374,874,64,10,1,3.0,-0.75,0,0,0.0,"{'tp': 0.0, 'fp': 0.0, 'tn': 374.0, 'fn': 0, 'n_windows': 0, 'weighted': 82.28}","{'tp': 0.0, 'fp': 0.0, 'tn': 374.0, 'fn': 0, 'n_windows': 0, 'weighted': 82.28}","{'tp': 0.0, 'fp': 0.0, 'tn': 374.0, 'fn': 0, 'n_windows': 0, 'weighted': 82.28}",True
microsoft,consumer-purchase-rate,consumer-purchase-rate/purchase-04.csv,TSMixer,False,374,874,64,80,1,3.5,-0.0,9,0,0.0,"{'tp': 0.0, 'fp': 7.0, 'tn': 374.0, 'fn': 0, 'n_windows': 0, 'weighted': 81.51}","{'tp': 0.0, 'fp': 0.0, 'tn': 374.0, 'fn': 0, 'n_windows': 0, 'weighted': 82.28}","{'tp': 0.0, 'fp': 0.0, 'tn': 374.0, 'fn': 0, 'n_windows': 0, 'weighted': 82.28}",True
microsoft,consumer-purchase-rate,consumer-purchase-rate/purchase-06.csv,Transformer,False,374,874,64,80,1,2.5,-0.0,3,0,0.0,"{'tp': 0.0, 'fp': 2.0, 'tn': 374.0, 'fn': 0, 'n_windows': 0, 'weighted': 82.06}","{'tp': 0.0, 'fp': 0.0, 'tn': 374.0, 'fn': 0, 'n_windows': 0, 'weighted': 82.28}","{'tp': 0.0, 'fp': 0.0, 'tn': 374.0, 'fn': 0, 'n_windows': 0, 'weighted': 82.28}",True
microsoft,consumer-purchase-rate,consumer-purchase-rate/purchase-06.csv,TSMixer,False,374,874,64,80,3,3.5,-0.0,5,0,0.0,"{'tp': 0.0, 'fp': 3.0, 'tn': 374.0, 'fn': 0, 'n_windows': 0, 'weighted': 81.95}","{'tp': 0.0, 'fp': 0.0, 'tn': 374.0, 'fn': 0, 'n_windows': 0, 'weighted': 82.28}","{'tp': 0.0, 'fp': 0.0, 'tn': 374.0, 'fn': 0, 'n_windows': 0, 'weighted': 82.28}",True
microsoft,data-ingress-rate,data-ingress-rate/ingress-04.csv,IsolationForest,False,4752,11088,64,47,1,4.0,-0.0,7,0,0.0,"{'tp': 0.0, 'fp': 4.0, 'tn': 4752.0, 'fn': 0, 'n_windows': 0, 'weighted': 1045.0}","{'tp': 0.0, 'fp': 0.0, 'tn': 4752.0, 'fn': 0, 'n_windows': 0, 'weighted': 1045.44}","{'tp': 0.0, 'fp': 0.0, 'tn': 4752.0, 'fn': 0, 'n_windows': 0, 'weighted': 1045.44}",True
microsoft,data-ingress-rate,data-ingress-rate/ingress-05.csv,GRU,True,4752,11088,64,80,1,4.0,-8.0,31,1,58.09523809524191,"{'tp': 1.1, 'fp': 8.0, 'tn': 4749.0, 'fn': 0, 'n_windows': 1, 'weighted': 1045.0}","{'tp': 0.0, 'fp': 0.0, 'tn': 4749.0, 'fn': 1, 'n_windows': 1, 'weighted': 1043.78}","{'tp': 1.1, 'fp': 0.0, 'tn': 4749.0, 'fn': 0, 'n_windows': 1, 'weighted': 1045.8799999999999}",True
microsoft,data-ingress-rate,data-ingress-rate/ingress-02.csv,IsolationForest,True,4752,11088,64,47,1,4.0,-9.0,0,1,0.0,"{'tp': 0.0, 'fp': 0.0, 'tn': 4703.0, 'fn': 1, 'n_windows': 1, 'weighted': 1033.66}","{'tp': 0.0, 'fp': 0.0, 'tn': 4703.0, 'fn': 1, 'n_windows': 1, 'weighted': 1033.66}","{'tp': 1.1, 'fp': 0.0, 'tn': 4703.0, 'fn': 0, 'n_windows': 1, 'weighted': 1035.76}",True
microsoft,data-ingress-rate,data-ingress-rate/ingress-03.csv,GRU,False,4752,11088,64,47,3,4.0,-8.0,25,0,0.0,"{'tp': 0.0, 'fp': 11.0, 'tn': 4752.0, 'fn': 0, 'n_windows': 0, 'weighted': 1044.23}","{'tp': 0.0, 'fp': 0.0, 'tn': 4752.0, 'fn': 0, 'n_windows': 0, 'weighted': 1045.44}","{'tp': 0.0, 'fp': 0.0, 'tn': 4752.0, 'fn': 0, 'n_windows': 0, 'weighted': 1045.44}",True
microsoft,data-ingress-rate,data-ingress-rate/ingress-03.csv,TSMixer,False,4752,11088,64,47,3,4.0,-6.0,8,0,0.0,"{'tp': 0.0, 'fp': 7.0, 'tn': 4752.0, 'fn': 0, 'n_windows': 0, 'weighted': 1044.67}","{'tp': 0.0, 'fp': 0.0, 'tn': 4752.0, 'fn': 0, 'n_windows': 0, 'weighted': 1045.44}","{'tp': 0.0, 'fp': 0.0, 'tn': 4752.0, 'fn': 0, 'n_windows': 0, 'weighted': 1045.44}",True
microsoft,data-ingress-rate,data-ingress-rate/ingress-03.csv,IsolationForest,False,4752,11088,64,47,1,3.5,-0.0,2,0,0.0,"{'tp': 0.0, 'fp': 2.0, 'tn': 4752.0, 'fn': 0, 'n_windows': 0, 'weighted': 1045.22}","{'tp': 0.0, 'fp': 0.0, 'tn': 4752.0, 'fn': 0, 'n_windows': 0, 'weighted': 1045.44}","{'tp': 0.0, 'fp': 0.0, 'tn': 4752.0, 'fn': 0, 'n_windows': 0, 'weighted': 1045.44}",True
microsoft,data-ingress-rate,data-ingress-rate/ingress-01.csv,TSMixer,False,4752,11088,64,190,1,4.0,-13.0,46,0,0.0,"{'tp': 0.0, 'fp': 14.0, 'tn': 4752.0, 'fn': 0, 'n_windows': 0, 'weighted': 1043.9}","{'tp': 0.0, 'fp': 0.0, 'tn': 4752.0, 'fn': 0, 'n_windows': 0, 'weighted': 1045.44}","{'tp': 0.0, 'fp': 0.0, 'tn': 4752.0, 'fn': 0, 'n_windows': 0, 'weighted': 1045.44}",True
microsoft,data-ingress-rate,data-ingress-rate/ingress-01.csv,IsolationForest,False,4752,11088,64,47,1,3.5,-0.0,1,0,0.0,"{'tp': 0.0, 'fp': 1.0, 'tn': 4752.0, 'fn': 0, 'n_windows': 0, 'weighted': 1045.3300000000002}","{'tp': 0.0, 'fp': 0.0, 'tn': 4752.0, 'fn': 0, 'n_windows': 0, 'weighted': 1045.44}","{'tp': 0.0, 'fp': 0.0, 'tn': 4752.0, 'fn': 0, 'n_windows': 0, 'weighted': 1045.44}",True
microsoft,data-ingress-rate,data-ingress-rate/ingress-01.csv,TCN,False,4752,11088,64,190,1,4.0,-17.0,52,0,0.0,"{'tp': 0.0, 'fp': 22.0, 'tn': 4752.0, 'fn': 0, 'n_windows': 0, 'weighted': 1043.02}","{'tp': 0.0, 'fp': 0.0, 'tn': 4752.0, 'fn': 0, 'n_windows': 0, 'weighted': 1045.44}","{'tp': 0.0, 'fp': 0.0, 'tn': 4752.0, 'fn': 0, 'n_windows': 0, 'weighted': 1045.44}",True
microsoft,data-ingress-rate,data-ingress-rate/ingress-01.csv,Transformer,False,4752,11088,64,80,1,4.0,-25.0,47,0,0.0,"{'tp': 0.0, 'fp': 16.0, 'tn': 4752.0, 'fn': 0, 'n_windows': 0, 'weighted': 1043.68}","{'tp': 0.0, 'fp': 0.0, 'tn': 4752.0, 'fn': 0, 'n_windows': 0, 'weighted': 1045.44}","{'tp': 0.0, 'fp': 0.0, 'tn': 4752.0, 'fn': 0, 'n_windows': 0, 'weighted': 1045.44}",True
microsoft,data-ingress-rate,data-ingress-rate/ingress-04.csv,GRU,False,4752,11088,64,80,3,4.0,-11.0,92,0,0.0,"{'tp': 0.0, 'fp': 22.0, 'tn': 4752.0, 'fn': 0, 'n_windows': 0, 'weighted': 1043.02}","{'tp': 0.0, 'fp': 0.0, 'tn': 4752.0, 'fn': 0, 'n_windows': 0, 'weighted': 1045.44}","{'tp': 0.0, 'fp': 0.0, 'tn': 4752.0, 'fn': 0, 'n_windows': 0, 'weighted': 1045.44}",True
microsoft,data-ingress-rate,data-ingress-rate/ingress-04.csv,TCN,False,4752,11088,64,80,1,4.0,-17.0,59,0,0.0,"{'tp': 0.0, 'fp': 21.0, 'tn': 4752.0, 'fn': 0, 'n_windows': 0, 'weighted': 1043.13}","{'tp': 0.0, 'fp': 0.0, 'tn': 4752.0, 'fn': 0, 'n_windows': 0, 'weighted': 1045.44}","{'tp': 0.0, 'fp': 0.0, 'tn': 4752.0, 'fn': 0, 'n_windows': 0, 'weighted': 1045.44}",True
microsoft,ecommerce-api-incoming-rps,ecommerce-api-incoming-rps/api-01.csv,IsolationForest,True,1858,4334,64,74,1,3.0,-0.0,30,5,35.19433719433697,"{'tp': 2.0700000000000003, 'fp': 3.4054054054054053, 'tn': 1820.0, 'fn': 3, 'n_windows': 5, 'weighted': 399.09540540540536}","{'tp': 0.0, 'fp': 0.0, 'tn': 1820.0, 'fn': 5, 'n_windows': 5, 'weighted': 395.4}","{'tp': 5.5, 'fp': 0.0, 'tn': 1820.0, 'fn': 0, 'n_windows': 5, 'weighted': 405.9}",True
microsoft,middle-tier-api-dependency-latency,middle-tier-api-dependency-latency/outbound-01.csv,GRU,False,216,504,50,80,1,2.5,-0.0,0,0,0.0,"{'tp': 0.0, 'fp': 0.0, 'tn': 216.0, 'fn': 0, 'n_windows': 0, 'weighted': 47.52}","{'tp': 0.0, 'fp': 0.0, 'tn': 216.0, 'fn': 0, 'n_windows': 0, 'weighted': 47.52}","{'tp': 0.0, 'fp': 0.0, 'tn': 216.0, 'fn': 0, 'n_windows': 0, 'weighted': 47.52}",True
microsoft,data-ingress-rate,data-ingress-rate/ingress-03.csv,TCN,False,4752,11088,64,47,3,4.0,-11.0,30,0,0.0,"{'tp': 0.0, 'fp': 15.0, 'tn': 4752.0, 'fn': 0, 'n_windows': 0, 'weighted': 1043.79}","{'tp': 0.0, 'fp': 0.0, 'tn': 4752.0, 'fn': 0, 'n_windows': 0, 'weighted': 1045.44}","{'tp': 0.0, 'fp': 0.0, 'tn': 4752.0, 'fn': 0, 'n_windows': 0, 'weighted': 1045.44}",True
microsoft,data-ingress-rate,data-ingress-rate/ingress-03.csv,Transformer,False,4752,11088,64,47,1,4.0,-11.0,30,0,0.0,"{'tp': 0.0, 'fp': 10.0, 'tn': 4752.0, 'fn': 0, 'n_windows': 0, 'weighted': 1044.3400000000001}","{'tp': 0.0, 'fp': 0.0, 'tn': 4752.0, 'fn': 0, 'n_windows': 0, 'weighted': 1045.44}","{'tp': 0.0, 'fp': 0.0, 'tn': 4752.0, 'fn': 0, 'n_windows': 0, 'weighted': 1045.44}",True
microsoft,middle-tier-api-dependency-latency,middle-tier-api-dependency-latency/outbound-01.csv,TSMixer,False,216,504,50,80,1,2.5,-0.0,6,0,0.0,"{'tp': 0.0, 'fp': 4.0, 'tn': 216.0, 'fn': 0, 'n_windows': 0, 'weighted': 47.080000000000005}","{'tp': 0.0, 'fp': 0.0, 'tn': 216.0, 'fn': 0, 'n_windows': 0, 'weighted': 47.52}","{'tp': 0.0, 'fp': 0.0, 'tn': 216.0, 'fn': 0, 'n_windows': 0, 'weighted': 47.52}",True
microsoft,middle-tier-api-dependency-latency,middle-tier-api-dependency-latency/outbound-01.csv,IsolationForest,False,216,504,50,80,1,3.0,-0.0,0,0,0.0,"{'tp': 0.0, 'fp': 0.0, 'tn': 216.0, 'fn': 0, 'n_windows': 0, 'weighted': 47.52}","{'tp': 0.0, 'fp': 0.0, 'tn': 216.0, 'fn': 0, 'n_windows': 0, 'weighted': 47.52}","{'tp': 0.0, 'fp': 0.0, 'tn': 216.0, 'fn': 0, 'n_windows': 0, 'weighted': 47.52}",True
microsoft,middle-tier-api-dependency-latency,middle-tier-api-dependency-latency/outbound-01.csv,TCN,False,216,504,50,80,1,4.0,-0.0,1,0,0.0,"{'tp': 0.0, 'fp': 1.0, 'tn': 216.0, 'fn': 0, 'n_windows': 0, 'weighted': 47.410000000000004}","{'tp': 0.0, 'fp': 0.0, 'tn': 216.0, 'fn': 0, 'n_windows': 0, 'weighted': 47.52}","{'tp': 0.0, 'fp': 0.0, 'tn': 216.0, 'fn': 0, 'n_windows': 0, 'weighted': 47.52}",True
microsoft,middle-tier-api-dependency-latency,middle-tier-api-dependency-latency/outbound-01.csv,Transformer,False,216,504,50,80,1,2.5,-0.0,10,0,0.0,"{'tp': 0.0, 'fp': 5.0, 'tn': 216.0, 'fn': 0, 'n_windows': 0, 'weighted': 46.970000000000006}","{'tp': 0.0, 'fp': 0.0, 'tn': 216.0, 'fn': 0, 'n_windows': 0, 'weighted': 47.52}","{'tp': 0.0, 'fp': 0.0, 'tn': 216.0, 'fn': 0, 'n_windows': 0, 'weighted': 47.52}",True
microsoft,middle-tier-api-dependency-latency,middle-tier-api-dependency-latency/outbound-02.csv,GRU,True,216,504,50,80,1,2.5,-0.0,6,1,88.96825396825386,"{'tp': 1.0333333333333334, 'fp': 1.5, 'tn': 212.0, 'fn': 0, 'n_windows': 1, 'weighted': 47.50833333333333}","{'tp': 0.0, 'fp': 0.0, 'tn': 212.0, 'fn': 1, 'n_windows': 1, 'weighted': 45.64}","{'tp': 1.1, 'fp': 0.0, 'tn': 212.0, 'fn': 0, 'n_windows': 1, 'weighted': 47.74}",True
microsoft,middle-tier-api-dependency-latency,middle-tier-api-dependency-latency/outbound-02.csv,TCN,True,216,504,50,80,1,2.5,-0.0,6,1,86.34920634920626,"{'tp': 1.0333333333333334, 'fp': 2.0, 'tn': 212.0, 'fn': 0, 'n_windows': 1, 'weighted': 47.45333333333333}","{'tp': 0.0, 'fp': 0.0, 'tn': 212.0, 'fn': 1, 'n_windows': 1, 'weighted': 45.64}","{'tp': 1.1, 'fp': 0.0, 'tn': 212.0, 'fn': 0, 'n_windows': 1, 'weighted': 47.74}",True
microsoft,middle-tier-api-dependency-latency,middle-tier-api-dependency-latency/outbound-02.csv,IsolationForest,True,216,504,50,80,1,3.0,-0.0,7,1,94.20634920634906,"{'tp': 1.0333333333333334, 'fp': 0.5, 'tn': 212.0, 'fn': 0, 'n_windows': 1, 'weighted': 47.61833333333333}","{'tp': 0.0, 'fp': 0.0, 'tn': 212.0, 'fn': 1, 'n_windows': 1, 'weighted': 45.64}","{'tp': 1.1, 'fp': 0.0, 'tn': 212.0, 'fn': 0, 'n_windows': 1, 'weighted': 47.74}",True
microsoft,middle-tier-api-dependency-latency,middle-tier-api-dependency-latency/outbound-03.csv,GRU,False,216,504,50,80,1,2.5,-0.0,4,0,0.0,"{'tp': 0.0, 'fp': 2.0, 'tn': 216.0, 'fn': 0, 'n_windows': 0, 'weighted': 47.300000000000004}","{'tp': 0.0, 'fp': 0.0, 'tn': 216.0, 'fn': 0, 'n_windows': 0, 'weighted': 47.52}","{'tp': 0.0, 'fp': 0.0, 'tn': 216.0, 'fn': 0, 'n_windows': 0, 'weighted': 47.52}",True
microsoft,ecommerce-api-incoming-rps,ecommerce-api-incoming-rps/api-01.csv,GRU,True,1858,4334,64,18,3,3.5,-0.75,18,5,31.867132438561015,"{'tp': 2.095238095238095, 'fp': 6.8108108108108105, 'tn': 1820.0, 'fn': 3, 'n_windows': 5, 'weighted': 398.7460489060489}","{'tp': 0.0, 'fp': 0.0, 'tn': 1820.0, 'fn': 5, 'n_windows': 5, 'weighted': 395.4}","{'tp': 5.5, 'fp': 0.0, 'tn': 1820.0, 'fn': 0, 'n_windows': 5, 'weighted': 405.9}",True
microsoft,ecommerce-api-incoming-rps,ecommerce-api-incoming-rps/api-01.csv,TCN,True,1858,4334,64,18,1,4.0,-0.75,11,5,14.393086964515707,"{'tp': 1.0285714285714285, 'fp': 4.702702702702703, 'tn': 1820.0, 'fn': 4, 'n_windows': 5, 'weighted': 396.9112741312741}","{'tp': 0.0, 'fp': 0.0, 'tn': 1820.0, 'fn': 5, 'n_windows': 5, 'weighted': 395.4}","{'tp': 5.5, 'fp': 0.0, 'tn': 1820.0, 'fn': 0, 'n_windows': 5, 'weighted': 405.9}",True
microsoft,data-ingress-rate,data-ingress-rate/ingress-05.csv,TSMixer,True,4752,11088,64,47,3,4.0,-0.0,41,1,-39.010025062660176,"{'tp': 0.0, 'fp': 7.447368421052632, 'tn': 4749.0, 'fn': 1, 'n_windows': 1, 'weighted': 1042.9607894736841}","{'tp': 0.0, 'fp': 0.0, 'tn': 4749.0, 'fn': 1, 'n_windows': 1, 'weighted': 1043.78}","{'tp': 1.1, 'fp': 0.0, 'tn': 4749.0, 'fn': 0, 'n_windows': 1, 'weighted': 1045.8799999999999}",True
microsoft,data-ingress-rate,data-ingress-rate/ingress-05.csv,IsolationForest,True,4752,11088,64,47,1,4.0,-0.0,4,1,-7.857142857141465,"{'tp': 0.0, 'fp': 1.5, 'tn': 4749.0, 'fn': 1, 'n_windows': 1, 'weighted': 1043.615}","{'tp': 0.0, 'fp': 0.0, 'tn': 4749.0, 'fn': 1, 'n_windows': 1, 'weighted': 1043.78}","{'tp': 1.1, 'fp': 0.0, 'tn': 4749.0, 'fn': 0, 'n_windows': 1, 'weighted': 1045.8799999999999}",True
microsoft,middle-tier-api-dependency-latency,middle-tier-api-dependency-latency/outbound-03.csv,TSMixer,False,216,504,50,80,1,2.5,-0.0,17,0,0.0,"{'tp': 0.0, 'fp': 7.0, 'tn': 216.0, 'fn': 0, 'n_windows': 0, 'weighted': 46.75}","{'tp': 0.0, 'fp': 0.0, 'tn': 216.0, 'fn': 0, 'n_windows': 0, 'weighted': 47.52}","{'tp': 0.0, 'fp': 0.0, 'tn': 216.0, 'fn': 0, 'n_windows': 0, 'weighted': 47.52}",True
microsoft,middle-tier-api-dependency-latency,middle-tier-api-dependency-latency/outbound-03.csv,IsolationForest,False,216,504,50,80,1,2.5,-0.0,21,0,0.0,"{'tp': 0.0, 'fp': 5.0, 'tn': 216.0, 'fn': 0, 'n_windows': 0, 'weighted': 46.970000000000006}","{'tp': 0.0, 'fp': 0.0, 'tn': 216.0, 'fn': 0, 'n_windows': 0, 'weighted': 47.52}","{'tp': 0.0, 'fp': 0.0, 'tn': 216.0, 'fn': 0, 'n_windows': 0, 'weighted': 47.52}",True
microsoft,data-ingress-rate,data-ingress-rate/ingress-05.csv,TCN,True,4752,11088,64,80,1,4.0,-16.0,59,1,31.90476190476675,"{'tp': 1.1, 'fp': 13.0, 'tn': 4749.0, 'fn': 0, 'n_windows': 1, 'weighted': 1044.45}","{'tp': 0.0, 'fp': 0.0, 'tn': 4749.0, 'fn': 1, 'n_windows': 1, 'weighted': 1043.78}","{'tp': 1.1, 'fp': 0.0, 'tn': 4749.0, 'fn': 0, 'n_windows': 1, 'weighted': 1045.8799999999999}",True
microsoft,data-ingress-rate,data-ingress-rate/ingress-05.csv,Transformer,True,4752,11088,64,47,1,4.0,-16.0,74,1,29.285714285715986,"{'tp': 1.1, 'fp': 13.5, 'tn': 4749.0, 'fn': 0, 'n_windows': 1, 'weighted': 1044.395}","{'tp': 0.0, 'fp': 0.0, 'tn': 4749.0, 'fn': 1, 'n_windows': 1, 'weighted': 1043.78}","{'tp': 1.1, 'fp': 0.0, 'tn': 4749.0, 'fn': 0, 'n_windows': 1, 'weighted': 1045.8799999999999}",True
microsoft,middle-tier-api-dependency-latency,middle-tier-api-dependency-latency/outbound-04.csv,GRU,True,216,504,50,80,1,3.0,-0.0,14,1,99.56709956709962,"{'tp': 1.0909090909090908, 'fp': 0.0, 'tn': 193.0, 'fn': 0, 'n_windows': 1, 'weighted': 43.550909090909094}","{'tp': 0.0, 'fp': 0.0, 'tn': 193.0, 'fn': 1, 'n_windows': 1, 'weighted': 41.46}","{'tp': 1.1, 'fp': 0.0, 'tn': 193.0, 'fn': 0, 'n_windows': 1, 'weighted': 43.56}",True
microsoft,middle-tier-api-dependency-latency,middle-tier-api-dependency-latency/outbound-04.csv,TCN,True,216,504,50,80,1,3.0,-0.0,18,1,97.16450216450204,"{'tp': 1.0954545454545455, 'fp': 0.5, 'tn': 193.0, 'fn': 0, 'n_windows': 1, 'weighted': 43.500454545454545}","{'tp': 0.0, 'fp': 0.0, 'tn': 193.0, 'fn': 1, 'n_windows': 1, 'weighted': 41.46}","{'tp': 1.1, 'fp': 0.0, 'tn': 193.0, 'fn': 0, 'n_windows': 1, 'weighted': 43.56}",True
microsoft,middle-tier-api-dependency-latency,middle-tier-api-dependency-latency/outbound-02.csv,Transformer,True,216,504,50,80,1,2.5,-0.0,3,1,91.58730158730147,"{'tp': 1.0333333333333334, 'fp': 1.0, 'tn': 212.0, 'fn': 0, 'n_windows': 1, 'weighted': 47.56333333333333}","{'tp': 0.0, 'fp': 0.0, 'tn': 212.0, 'fn': 1, 'n_windows': 1, 'weighted': 45.64}","{'tp': 1.1, 'fp': 0.0, 'tn': 212.0, 'fn': 0, 'n_windows': 1, 'weighted': 47.74}",True
microsoft,middle-tier-api-dependency-latency,middle-tier-api-dependency-latency/outbound-02.csv,TSMixer,True,216,504,50,80,1,2.5,-0.0,6,1,88.96825396825386,"{'tp': 1.0333333333333334, 'fp': 1.5, 'tn': 212.0, 'fn': 0, 'n_windows': 1, 'weighted': 47.50833333333333}","{'tp': 0.0, 'fp': 0.0, 'tn': 212.0, 'fn': 1, 'n_windows': 1, 'weighted': 45.64}","{'tp': 1.1, 'fp': 0.0, 'tn': 212.0, 'fn': 0, 'n_windows': 1, 'weighted': 47.74}",True
microsoft,middle-tier-api-dependency-latency,middle-tier-api-dependency-latency/outbound-03.csv,TCN,False,216,504,50,80,1,3.0,-0.0,14,0,0.0,"{'tp': 0.0, 'fp': 6.0, 'tn': 216.0, 'fn': 0, 'n_windows': 0, 'weighted': 46.86000000000001}","{'tp': 0.0, 'fp': 0.0, 'tn': 216.0, 'fn': 0, 'n_windows': 0, 'weighted': 47.52}","{'tp': 0.0, 'fp': 0.0, 'tn': 216.0, 'fn': 0, 'n_windows': 0, 'weighted': 47.52}",True
microsoft,middle-tier-api-dependency-latency,middle-tier-api-dependency-latency/outbound-03.csv,Transformer,False,216,504,50,80,1,2.5,-0.0,16,0,0.0,"{'tp': 0.0, 'fp': 4.0, 'tn': 216.0, 'fn': 0, 'n_windows': 0, 'weighted': 47.080000000000005}","{'tp': 0.0, 'fp': 0.0, 'tn': 216.0, 'fn': 0, 'n_windows': 0, 'weighted': 47.52}","{'tp': 0.0, 'fp': 0.0, 'tn': 216.0, 'fn': 0, 'n_windows': 0, 'weighted': 47.52}",True
microsoft,middle-tier-api-dependency-latency,middle-tier-api-dependency-latency/outbound-04.csv,IsolationForest,True,216,504,50,80,1,2.5,-0.0,25,1,94.54545454545443,"{'tp': 1.0954545454545455, 'fp': 1.0, 'tn': 193.0, 'fn': 0, 'n_windows': 1, 'weighted': 43.445454545454545}","{'tp': 0.0, 'fp': 0.0, 'tn': 193.0, 'fn': 1, 'n_windows': 1, 'weighted': 41.46}","{'tp': 1.1, 'fp': 0.0, 'tn': 193.0, 'fn': 0, 'n_windows': 1, 'weighted': 43.56}",True
microsoft,middle-tier-api-dependency-latency,middle-tier-api-dependency-latency/outbound-05.csv,GRU,True,216,504,50,80,1,2.5,-0.0,17,1,96.94805194805203,"{'tp': 1.0909090909090908, 'fp': 0.5, 'tn': 193.0, 'fn': 0, 'n_windows': 1, 'weighted': 43.495909090909095}","{'tp': 0.0, 'fp': 0.0, 'tn': 193.0, 'fn': 1, 'n_windows': 1, 'weighted': 41.46}","{'tp': 1.1, 'fp': 0.0, 'tn': 193.0, 'fn': 0, 'n_windows': 1, 'weighted': 43.56}",True
microsoft,middle-tier-api-dependency-latency,middle-tier-api-dependency-latency/outbound-06.csv,GRU,False,216,504,50,80,1,3.0,-0.0,0,0,0.0,"{'tp': 0.0, 'fp': 0.0, 'tn': 216.0, 'fn': 0, 'n_windows': 0, 'weighted': 47.52}","{'tp': 0.0, 'fp': 0.0, 'tn': 216.0, 'fn': 0, 'n_windows': 0, 'weighted': 47.52}","{'tp': 0.0, 'fp': 0.0, 'tn': 216.0, 'fn': 0, 'n_windows': 0, 'weighted': 47.52}",True
microsoft,middle-tier-api-dependency-latency,middle-tier-api-dependency-latency/outbound-06.csv,TCN,False,216,504,50,10,1,3.0,-0.75,0,0,0.0,"{'tp': 0.0, 'fp': 0.0, 'tn': 216.0, 'fn': 0, 'n_windows': 0, 'weighted': 47.52}","{'tp': 0.0, 'fp': 0.0, 'tn': 216.0, 'fn': 0, 'n_windows': 0, 'weighted': 47.52}","{'tp': 0.0, 'fp': 0.0, 'tn': 216.0, 'fn': 0, 'n_windows': 0, 'weighted': 47.52}",True
microsoft,middle-tier-api-dependency-latency,middle-tier-api-dependency-latency/outbound-06.csv,IsolationForest,False,216,504,50,80,1,3.0,-0.0,0,0,0.0,"{'tp': 0.0, 'fp': 0.0, 'tn': 216.0, 'fn': 0, 'n_windows': 0, 'weighted': 47.52}","{'tp': 0.0, 'fp': 0.0, 'tn': 216.0, 'fn': 0, 'n_windows': 0, 'weighted': 47.52}","{'tp': 0.0, 'fp': 0.0, 'tn': 216.0, 'fn': 0, 'n_windows': 0, 'weighted': 47.52}",True
microsoft,middle-tier-api-dependency-latency,middle-tier-api-dependency-latency/outbound-07.csv,GRU,False,216,504,50,80,1,2.5,-0.0,4,0,0.0,"{'tp': 0.0, 'fp': 2.0, 'tn': 216.0, 'fn': 0, 'n_windows': 0, 'weighted': 47.300000000000004}","{'tp': 0.0, 'fp': 0.0, 'tn': 216.0, 'fn': 0, 'n_windows': 0, 'weighted': 47.52}","{'tp': 0.0, 'fp': 0.0, 'tn': 216.0, 'fn': 0, 'n_windows': 0, 'weighted': 47.52}",True
microsoft,data-ingress-rate,data-ingress-rate/ingress-02.csv,Transformer,True,4752,11088,64,47,3,4.0,-19.0,11,1,-13.095238095242994,"{'tp': 0.0, 'fp': 2.5, 'tn': 4703.0, 'fn': 1, 'n_windows': 1, 'weighted': 1033.385}","{'tp': 0.0, 'fp': 0.0, 'tn': 4703.0, 'fn': 1, 'n_windows': 1, 'weighted': 1033.66}","{'tp': 1.1, 'fp': 0.0, 'tn': 4703.0, 'fn': 0, 'n_windows': 1, 'weighted': 1035.76}",True
microsoft,data-ingress-rate,data-ingress-rate/ingress-02.csv,TSMixer,True,4752,11088,64,47,1,4.0,-16.0,6,1,-15.71428571428293,"{'tp': 0.0, 'fp': 3.0, 'tn': 4703.0, 'fn': 1, 'n_windows': 1, 'weighted': 1033.3300000000002}","{'tp': 0.0, 'fp': 0.0, 'tn': 4703.0, 'fn': 1, 'n_windows': 1, 'weighted': 1033.66}","{'tp': 1.1, 'fp': 0.0, 'tn': 4703.0, 'fn': 0, 'n_windows': 1, 'weighted': 1035.76}",True
microsoft,middle-tier-api-dependency-latency,middle-tier-api-dependency-latency/outbound-05.csv,TCN,True,216,504,50,80,1,2.5,-0.0,23,1,91.92640692640683,"{'tp': 1.0954545454545455, 'fp': 1.5, 'tn': 193.0, 'fn': 0, 'n_windows': 1, 'weighted': 43.390454545454546}","{'tp': 0.0, 'fp': 0.0, 'tn': 193.0, 'fn': 1, 'n_windows': 1, 'weighted': 41.46}","{'tp': 1.1, 'fp': 0.0, 'tn': 193.0, 'fn': 0, 'n_windows': 1, 'weighted': 43.56}",True
microsoft,middle-tier-api-dependency-latency,middle-tier-api-dependency-latency/outbound-05.csv,Transformer,True,216,504,50,80,1,2.5,-0.0,18,1,94.32900432900442,"{'tp': 1.0909090909090908, 'fp': 1.0, 'tn': 193.0, 'fn': 0, 'n_windows': 1, 'weighted': 43.440909090909095}","{'tp': 0.0, 'fp': 0.0, 'tn': 193.0, 'fn': 1, 'n_windows': 1, 'weighted': 41.46}","{'tp': 1.1, 'fp': 0.0, 'tn': 193.0, 'fn': 0, 'n_windows': 1, 'weighted': 43.56}",True
microsoft,middle-tier-api-dependency-latency,middle-tier-api-dependency-latency/outbound-04.csv,Transformer,True,216,504,50,80,1,3.5,-0.0,12,1,99.78354978354965,"{'tp': 1.0954545454545455, 'fp': 0.0, 'tn': 193.0, 'fn': 0, 'n_windows': 1, 'weighted': 43.555454545454545}","{'tp': 0.0, 'fp': 0.0, 'tn': 193.0, 'fn': 1, 'n_windows': 1, 'weighted': 41.46}","{'tp': 1.1, 'fp': 0.0, 'tn': 193.0, 'fn': 0, 'n_windows': 1, 'weighted': 43.56}",True
microsoft,middle-tier-api-dependency-latency,middle-tier-api-dependency-latency/outbound-04.csv,TSMixer,True,216,504,50,80,1,2.5,-0.0,21,1,94.54545454545443,"{'tp': 1.0954545454545455, 'fp': 1.0, 'tn': 193.0, 'fn': 0, 'n_windows': 1, 'weighted': 43.445454545454545}","{'tp': 0.0, 'fp': 0.0, 'tn': 193.0, 'fn': 1, 'n_windows': 1, 'weighted': 41.46}","{'tp': 1.1, 'fp': 0.0, 'tn': 193.0, 'fn': 0, 'n_windows': 1, 'weighted': 43.56}",True
microsoft,middle-tier-api-dependency-latency,middle-tier-api-dependency-latency/outbound-05.csv,TSMixer,True,216,504,50,80,1,2.5,-0.0,15,1,94.54545454545443,"{'tp': 1.0954545454545455, 'fp': 1.0, 'tn': 193.0, 'fn': 0, 'n_windows': 1, 'weighted': 43.445454545454545}","{'tp': 0.0, 'fp': 0.0, 'tn': 193.0, 'fn': 1, 'n_windows': 1, 'weighted': 41.46}","{'tp': 1.1, 'fp': 0.0, 'tn': 193.0, 'fn': 0, 'n_windows': 1, 'weighted': 43.56}",True
microsoft,middle-tier-api-dependency-latency,middle-tier-api-dependency-latency/outbound-05.csv,IsolationForest,True,216,504,50,80,1,2.5,-0.0,29,1,89.30735930735922,"{'tp': 1.0954545454545455, 'fp': 2.0, 'tn': 193.0, 'fn': 0, 'n_windows': 1, 'weighted': 43.335454545454546}","{'tp': 0.0, 'fp': 0.0, 'tn': 193.0, 'fn': 1, 'n_windows': 1, 'weighted': 41.46}","{'tp': 1.1, 'fp': 0.0, 'tn': 193.0, 'fn': 0, 'n_windows': 1, 'weighted': 43.56}",True
microsoft,middle-tier-api-dependency-latency,middle-tier-api-dependency-latency/outbound-08.csv,GRU,True,216,504,50,20,1,4.0,-0.25,0,1,0.0,"{'tp': 0.0, 'fp': 0.0, 'tn': 193.0, 'fn': 1, 'n_windows': 1, 'weighted': 41.46}","{'tp': 0.0, 'fp': 0.0, 'tn': 193.0, 'fn': 1, 'n_windows': 1, 'weighted': 41.46}","{'tp': 1.1, 'fp': 0.0, 'tn': 193.0, 'fn': 0, 'n_windows': 1, 'weighted': 43.56}",True
microsoft,middle-tier-api-dependency-latency,middle-tier-api-dependency-latency/outbound-08.csv,TCN,True,216,504,50,10,1,3.0,-0.75,0,1,0.0,"{'tp': 0.0, 'fp': 0.0, 'tn': 193.0, 'fn': 1, 'n_windows': 1, 'weighted': 41.46}","{'tp': 0.0, 'fp': 0.0, 'tn': 193.0, 'fn': 1, 'n_windows': 1, 'weighted': 41.46}","{'tp': 1.1, 'fp': 0.0, 'tn': 193.0, 'fn': 0, 'n_windows': 1, 'weighted': 43.56}",True
microsoft,middle-tier-api-dependency-latency,middle-tier-api-dependency-latency/outbound-08.csv,IsolationForest,True,216,504,50,80,1,2.5,-0.0,24,1,93.2467532467533,"{'tp': 1.0681818181818181, 'fp': 1.0, 'tn': 193.0, 'fn': 0, 'n_windows': 1, 'weighted': 43.41818181818182}","{'tp': 0.0, 'fp': 0.0, 'tn': 193.0, 'fn': 1, 'n_windows': 1, 'weighted': 41.46}","{'tp': 1.1, 'fp': 0.0, 'tn': 193.0, 'fn': 0, 'n_windows': 1, 'weighted': 43.56}",True
microsoft,middle-tier-api-dependency-latency,middle-tier-api-dependency-latency/outbound-09.csv,GRU,True,216,504,50,80,1,3.0,-0.0,12,1,86.1111111111109,"{'tp': 1.0833333333333333, 'fp': 2.5, 'tn': 209.0, 'fn': 0, 'n_windows': 1, 'weighted': 46.78833333333333}","{'tp': 0.0, 'fp': 0.0, 'tn': 209.0, 'fn': 1, 'n_windows': 1, 'weighted': 44.98}","{'tp': 1.1, 'fp': 0.0, 'tn': 209.0, 'fn': 0, 'n_windows': 1, 'weighted': 47.08}",True
microsoft,middle-tier-api-dependency-latency,middle-tier-api-dependency-latency/outbound-07.csv,TCN,False,216,504,50,80,1,2.5,-0.0,7,0,0.0,"{'tp': 0.0, 'fp': 3.0, 'tn': 216.0, 'fn': 0, 'n_windows': 0, 'weighted': 47.190000000000005}","{'tp': 0.0, 'fp': 0.0, 'tn': 216.0, 'fn': 0, 'n_windows': 0, 'weighted': 47.52}","{'tp': 0.0, 'fp': 0.0, 'tn': 216.0, 'fn': 0, 'n_windows': 0, 'weighted': 47.52}",True
microsoft,middle-tier-api-dependency-latency,middle-tier-api-dependency-latency/outbound-07.csv,Transformer,False,216,504,50,80,1,3.0,-0.0,2,0,0.0,"{'tp': 0.0, 'fp': 2.0, 'tn': 216.0, 'fn': 0, 'n_windows': 0, 'weighted': 47.300000000000004}","{'tp': 0.0, 'fp': 0.0, 'tn': 216.0, 'fn': 0, 'n_windows': 0, 'weighted': 47.52}","{'tp': 0.0, 'fp': 0.0, 'tn': 216.0, 'fn': 0, 'n_windows': 0, 'weighted': 47.52}",True
microsoft,data-ingress-rate,data-ingress-rate/ingress-04.csv,Transformer,False,4752,11088,64,47,1,4.0,-22.0,48,0,0.0,"{'tp': 0.0, 'fp': 19.0, 'tn': 4752.0, 'fn': 0, 'n_windows': 0, 'weighted': 1043.3500000000001}","{'tp': 0.0, 'fp': 0.0, 'tn': 4752.0, 'fn': 0, 'n_windows': 0, 'weighted': 1045.44}","{'tp': 0.0, 'fp': 0.0, 'tn': 4752.0, 'fn': 0, 'n_windows': 0, 'weighted': 1045.44}",True
microsoft,data-ingress-rate,data-ingress-rate/ingress-04.csv,TSMixer,False,4752,11088,64,47,3,4.0,-10.0,12,0,0.0,"{'tp': 0.0, 'fp': 5.0, 'tn': 4752.0, 'fn': 0, 'n_windows': 0, 'weighted': 1044.89}","{'tp': 0.0, 'fp': 0.0, 'tn': 4752.0, 'fn': 0, 'n_windows': 0, 'weighted': 1045.44}","{'tp': 0.0, 'fp': 0.0, 'tn': 4752.0, 'fn': 0, 'n_windows': 0, 'weighted': 1045.44}",True
microsoft,middle-tier-api-dependency-latency,middle-tier-api-dependency-latency/outbound-07.csv,TSMixer,False,216,504,50,80,1,2.5,-0.0,9,0,0.0,"{'tp': 0.0, 'fp': 6.0, 'tn': 216.0, 'fn': 0, 'n_windows': 0, 'weighted': 46.86000000000001}","{'tp': 0.0, 'fp': 0.0, 'tn': 216.0, 'fn': 0, 'n_windows': 0, 'weighted': 47.52}","{'tp': 0.0, 'fp': 0.0, 'tn': 216.0, 'fn': 0, 'n_windows': 0, 'weighted': 47.52}",True
microsoft,middle-tier-api-dependency-latency,middle-tier-api-dependency-latency/outbound-07.csv,IsolationForest,False,216,504,50,80,1,2.5,-0.0,3,0,0.0,"{'tp': 0.0, 'fp': 2.0, 'tn': 216.0, 'fn': 0, 'n_windows': 0, 'weighted': 47.300000000000004}","{'tp': 0.0, 'fp': 0.0, 'tn': 216.0, 'fn': 0, 'n_windows': 0, 'weighted': 47.52}","{'tp': 0.0, 'fp': 0.0, 'tn': 216.0, 'fn': 0, 'n_windows': 0, 'weighted': 47.52}",True
microsoft,middle-tier-api-dependency-latency,middle-tier-api-dependency-latency/outbound-06.csv,Transformer,False,216,504,50,80,3,4.0,-0.0,0,0,0.0,"{'tp': 0.0, 'fp': 0.0, 'tn': 216.0, 'fn': 0, 'n_windows': 0, 'weighted': 47.52}","{'tp': 0.0, 'fp': 0.0, 'tn': 216.0, 'fn': 0, 'n_windows': 0, 'weighted': 47.52}","{'tp': 0.0, 'fp': 0.0, 'tn': 216.0, 'fn': 0, 'n_windows': 0, 'weighted': 47.52}",True
microsoft,middle-tier-api-dependency-latency,middle-tier-api-dependency-latency/outbound-06.csv,TSMixer,False,216,504,50,80,3,4.0,-0.0,0,0,0.0,"{'tp': 0.0, 'fp': 0.0, 'tn': 216.0, 'fn': 0, 'n_windows': 0, 'weighted': 47.52}","{'tp': 0.0, 'fp': 0.0, 'tn': 216.0, 'fn': 0, 'n_windows': 0, 'weighted': 47.52}","{'tp': 0.0, 'fp': 0.0, 'tn': 216.0, 'fn': 0, 'n_windows': 0, 'weighted': 47.52}",True
microsoft,middle-tier-api-dependency-latency,middle-tier-api-dependency-latency/outbound-10.csv,IsolationForest,True,216,504,50,80,1,3.5,-0.0,6,1,98.63945578231277,"{'tp': 1.0714285714285714, 'fp': 0.0, 'tn': 208.0, 'fn': 0, 'n_windows': 1, 'weighted': 46.83142857142857}","{'tp': 0.0, 'fp': 0.0, 'tn': 208.0, 'fn': 1, 'n_windows': 1, 'weighted': 44.76}","{'tp': 1.1, 'fp': 0.0, 'tn': 208.0, 'fn': 0, 'n_windows': 1, 'weighted': 46.86}",True
microsoft,middle-tier-api-dependency-latency,middle-tier-api-dependency-latency/outbound-11.csv,GRU,True,216,504,50,80,1,2.5,-0.0,8,1,92.91005291005283,"{'tp': 1.0611111111111111, 'fp': 1.0, 'tn': 197.0, 'fn': 0, 'n_windows': 1, 'weighted': 44.291111111111114}","{'tp': 0.0, 'fp': 0.0, 'tn': 197.0, 'fn': 1, 'n_windows': 1, 'weighted': 42.34}","{'tp': 1.1, 'fp': 0.0, 'tn': 197.0, 'fn': 0, 'n_windows': 1, 'weighted': 44.440000000000005}",True
microsoft,middle-tier-api-dependency-latency,middle-tier-api-dependency-latency/outbound-09.csv,TCN,True,216,504,50,80,1,2.5,-0.0,9,1,91.34920634920644,"{'tp': 1.0833333333333333, 'fp': 1.5, 'tn': 209.0, 'fn': 0, 'n_windows': 1, 'weighted': 46.89833333333333}","{'tp': 0.0, 'fp': 0.0, 'tn': 209.0, 'fn': 1, 'n_windows': 1, 'weighted': 44.98}","{'tp': 1.1, 'fp': 0.0, 'tn': 209.0, 'fn': 0, 'n_windows': 1, 'weighted': 47.08}",True
microsoft,middle-tier-api-dependency-latency,middle-tier-api-dependency-latency/outbound-09.csv,Transformer,True,216,504,50,80,3,4.0,-0.0,11,1,91.34920634920644,"{'tp': 1.0833333333333333, 'fp': 1.5, 'tn': 209.0, 'fn': 0, 'n_windows': 1, 'weighted': 46.89833333333333}","{'tp': 0.0, 'fp': 0.0, 'tn': 209.0, 'fn': 1, 'n_windows': 1, 'weighted': 44.98}","{'tp': 1.1, 'fp': 0.0, 'tn': 209.0, 'fn': 0, 'n_windows': 1, 'weighted': 47.08}",True
microsoft,middle-tier-api-dependency-latency,middle-tier-api-dependency-latency/outbound-08.csv,Transformer,True,216,504,50,80,1,2.5,-0.0,16,1,94.76190476190479,"{'tp': 1.1, 'fp': 1.0, 'tn': 193.0, 'fn': 0, 'n_windows': 1, 'weighted': 43.45}","{'tp': 0.0, 'fp': 0.0, 'tn': 193.0, 'fn': 1, 'n_windows': 1, 'weighted': 41.46}","{'tp': 1.1, 'fp': 0.0, 'tn': 193.0, 'fn': 0, 'n_windows': 1, 'weighted': 43.56}",True
microsoft,middle-tier-api-dependency-latency,middle-tier-api-dependency-latency/outbound-08.csv,TSMixer,True,216,504,50,20,1,4.0,-0.25,1,1,99.78354978354965,"{'tp': 1.0954545454545455, 'fp': 0.0, 'tn': 193.0, 'fn': 0, 'n_windows': 1, 'weighted': 43.555454545454545}","{'tp': 0.0, 'fp': 0.0, 'tn': 193.0, 'fn': 1, 'n_windows': 1, 'weighted': 41.46}","{'tp': 1.1, 'fp': 0.0, 'tn': 193.0, 'fn': 0, 'n_windows': 1, 'weighted': 43.56}",True
microsoft,middle-tier-api-dependency-latency,middle-tier-api-dependency-latency/outbound-10.csv,GRU,True,216,504,50,80,1,2.5,-0.0,0,1,0.0,"{'tp': 0.0, 'fp': 0.0, 'tn': 208.0, 'fn': 1, 'n_windows': 1, 'weighted': 44.76}","{'tp': 0.0, 'fp': 0.0, 'tn': 208.0, 'fn': 1, 'n_windows': 1, 'weighted': 44.76}","{'tp': 1.1, 'fp': 0.0, 'tn': 208.0, 'fn': 0, 'n_windows': 1, 'weighted': 46.86}",True
microsoft,middle-tier-api-dependency-latency,middle-tier-api-dependency-latency/outbound-10.csv,TCN,True,216,504,50,80,1,3.5,-0.0,6,1,91.4625850340134,"{'tp': 1.0857142857142856, 'fp': 1.5, 'tn': 208.0, 'fn': 0, 'n_windows': 1, 'weighted': 46.68071428571428}","{'tp': 0.0, 'fp': 0.0, 'tn': 208.0, 'fn': 1, 'n_windows': 1, 'weighted': 44.76}","{'tp': 1.1, 'fp': 0.0, 'tn': 208.0, 'fn': 0, 'n_windows': 1, 'weighted': 46.86}",True
microsoft,middle-tier-api-dependency-latency,middle-tier-api-dependency-latency/outbound-12.csv,GRU,False,216,504,50,80,1,2.5,-0.0,3,0,0.0,"{'tp': 0.0, 'fp': 2.0, 'tn': 216.0, 'fn': 0, 'n_windows': 0, 'weighted': 47.300000000000004}","{'tp': 0.0, 'fp': 0.0, 'tn': 216.0, 'fn': 0, 'n_windows': 0, 'weighted': 47.52}","{'tp': 0.0, 'fp': 0.0, 'tn': 216.0, 'fn': 0, 'n_windows': 0, 'weighted': 47.52}",True
microsoft,middle-tier-api-dependency-latency,middle-tier-api-dependency-latency/outbound-12.csv,TCN,False,216,504,50,80,1,2.5,-0.0,10,0,0.0,"{'tp': 0.0, 'fp': 7.0, 'tn': 216.0, 'fn': 0, 'n_windows': 0, 'weighted': 46.75}","{'tp': 0.0, 'fp': 0.0, 'tn': 216.0, 'fn': 0, 'n_windows': 0, 'weighted': 47.52}","{'tp': 0.0, 'fp': 0.0, 'tn': 216.0, 'fn': 0, 'n_windows': 0, 'weighted': 47.52}",True
microsoft,middle-tier-api-dependency-latency,middle-tier-api-dependency-latency/outbound-09.csv,TSMixer,True,216,504,50,80,1,3.5,-0.0,2,1,99.20634920634926,"{'tp': 1.0833333333333333, 'fp': 0.0, 'tn': 209.0, 'fn': 0, 'n_windows': 1, 'weighted': 47.06333333333333}","{'tp': 0.0, 'fp': 0.0, 'tn': 209.0, 'fn': 1, 'n_windows': 1, 'weighted': 44.98}","{'tp': 1.1, 'fp': 0.0, 'tn': 209.0, 'fn': 0, 'n_windows': 1, 'weighted': 47.08}",True
microsoft,middle-tier-api-dependency-latency,middle-tier-api-dependency-latency/outbound-09.csv,IsolationForest,True,216,504,50,80,1,2.5,-0.0,6,1,94.20634920634906,"{'tp': 1.0333333333333334, 'fp': 0.5, 'tn': 209.0, 'fn': 0, 'n_windows': 1, 'weighted': 46.95833333333333}","{'tp': 0.0, 'fp': 0.0, 'tn': 209.0, 'fn': 1, 'n_windows': 1, 'weighted': 44.98}","{'tp': 1.1, 'fp': 0.0, 'tn': 209.0, 'fn': 0, 'n_windows': 1, 'weighted': 47.08}",True
microsoft,ecommerce-api-incoming-rps,ecommerce-api-incoming-rps/api-01.csv,Transformer,True,1858,4334,64,74,1,4.0,-2.0,18,5,34.9619415333699,"{'tp': 2.1035714285714286, 'fp': 3.9324324324324325, 'tn': 1820.0, 'fn': 3, 'n_windows': 5, 'weighted': 399.0710038610038}","{'tp': 0.0, 'fp': 0.0, 'tn': 1820.0, 'fn': 5, 'n_windows': 5, 'weighted': 395.4}","{'tp': 5.5, 'fp': 0.0, 'tn': 1820.0, 'fn': 0, 'n_windows': 5, 'weighted': 405.9}",True
microsoft,ecommerce-api-incoming-rps,ecommerce-api-incoming-rps/api-01.csv,TSMixer,True,1858,4334,64,37,3,4.0,-0.25,21,5,15.200036771465246,"{'tp': 1.0285714285714285, 'fp': 3.9324324324324325, 'tn': 1820.0, 'fn': 4, 'n_windows': 5, 'weighted': 396.9960038610038}","{'tp': 0.0, 'fp': 0.0, 'tn': 1820.0, 'fn': 5, 'n_windows': 5, 'weighted': 395.4}","{'tp': 5.5, 'fp': 0.0, 'tn': 1820.0, 'fn': 0, 'n_windows': 5, 'weighted': 405.9}",True
microsoft,middle-tier-api-dependency-latency,middle-tier-api-dependency-latency/outbound-12.csv,IsolationForest,False,216,504,50,80,1,3.0,-0.0,0,0,0.0,"{'tp': 0.0, 'fp': 0.0, 'tn': 216.0, 'fn': 0, 'n_windows': 0, 'weighted': 47.52}","{'tp': 0.0, 'fp': 0.0, 'tn': 216.0, 'fn': 0, 'n_windows': 0, 'weighted': 47.52}","{'tp': 0.0, 'fp': 0.0, 'tn': 216.0, 'fn': 0, 'n_windows': 0, 'weighted': 47.52}",True
microsoft,middle-tier-api-dependency-latency,middle-tier-api-dependency-latency/outbound-13.csv,GRU,False,216,504,50,80,1,2.5,-0.0,0,0,0.0,"{'tp': 0.0, 'fp': 0.0, 'tn': 216.0, 'fn': 0, 'n_windows': 0, 'weighted': 47.52}","{'tp': 0.0, 'fp': 0.0, 'tn': 216.0, 'fn': 0, 'n_windows': 0, 'weighted': 47.52}","{'tp': 0.0, 'fp': 0.0, 'tn': 216.0, 'fn': 0, 'n_windows': 0, 'weighted': 47.52}",True
microsoft,middle-tier-api-dependency-latency,middle-tier-api-dependency-latency/outbound-10.csv,Transformer,True,216,504,50,80,1,2.5,-0.0,9,1,88.8435374149658,"{'tp': 1.0857142857142856, 'fp': 2.0, 'tn': 208.0, 'fn': 0, 'n_windows': 1, 'weighted': 46.62571428571428}","{'tp': 0.0, 'fp': 0.0, 'tn': 208.0, 'fn': 1, 'n_windows': 1, 'weighted': 44.76}","{'tp': 1.1, 'fp': 0.0, 'tn': 208.0, 'fn': 0, 'n_windows': 1, 'weighted': 46.86}",True
microsoft,middle-tier-api-dependency-latency,middle-tier-api-dependency-latency/outbound-10.csv,TSMixer,True,216,504,50,80,1,2.5,-0.0,13,1,86.22448979591819,"{'tp': 1.0857142857142856, 'fp': 2.5, 'tn': 208.0, 'fn': 0, 'n_windows': 1, 'weighted': 46.57071428571428}","{'tp': 0.0, 'fp': 0.0, 'tn': 208.0, 'fn': 1, 'n_windows': 1, 'weighted': 44.76}","{'tp': 1.1, 'fp': 0.0, 'tn': 208.0, 'fn': 0, 'n_windows': 1, 'weighted': 46.86}",True
microsoft,middle-tier-api-dependency-latency,middle-tier-api-dependency-latency/outbound-11.csv,TCN,True,216,504,50,80,1,2.5,-0.0,10,1,92.1428571428572,"{'tp': 1.1, 'fp': 1.5, 'tn': 197.0, 'fn': 0, 'n_windows': 1, 'weighted': 44.275000000000006}","{'tp': 0.0, 'fp': 0.0, 'tn': 197.0, 'fn': 1, 'n_windows': 1, 'weighted': 42.34}","{'tp': 1.1, 'fp': 0.0, 'tn': 197.0, 'fn': 0, 'n_windows': 1, 'weighted': 44.440000000000005}",True
microsoft,middle-tier-api-dependency-latency,middle-tier-api-dependency-latency/outbound-11.csv,Transformer,True,216,504,50,80,1,2.5,-0.0,5,1,98.14814814814802,"{'tp': 1.0611111111111111, 'fp': 0.0, 'tn': 197.0, 'fn': 0, 'n_windows': 1, 'weighted': 44.40111111111111}","{'tp': 0.0, 'fp': 0.0, 'tn': 197.0, 'fn': 1, 'n_windows': 1, 'weighted': 42.34}","{'tp': 1.1, 'fp': 0.0, 'tn': 197.0, 'fn': 0, 'n_windows': 1, 'weighted': 44.440000000000005}",True
microsoft,middle-tier-api-dependency-latency,middle-tier-api-dependency-latency/outbound-11.csv,TSMixer,True,216,504,50,80,1,2.5,-0.0,5,1,100.0,"{'tp': 1.1, 'fp': 0.0, 'tn': 197.0, 'fn': 0, 'n_windows': 1, 'weighted': 44.440000000000005}","{'tp': 0.0, 'fp': 0.0, 'tn': 197.0, 'fn': 1, 'n_windows': 1, 'weighted': 42.34}","{'tp': 1.1, 'fp': 0.0, 'tn': 197.0, 'fn': 0, 'n_windows': 1, 'weighted': 44.440000000000005}",True
microsoft,middle-tier-api-dependency-latency,middle-tier-api-dependency-latency/outbound-11.csv,IsolationForest,True,216,504,50,80,1,2.5,-0.0,12,1,93.03571428571419,"{'tp': 1.05, 'fp': 0.875, 'tn': 197.0, 'fn': 0, 'n_windows': 1, 'weighted': 44.29375}","{'tp': 0.0, 'fp': 0.0, 'tn': 197.0, 'fn': 1, 'n_windows': 1, 'weighted': 42.34}","{'tp': 1.1, 'fp': 0.0, 'tn': 197.0, 'fn': 0, 'n_windows': 1, 'weighted': 44.440000000000005}",True
microsoft,middle-tier-api-dependency-latency,middle-tier-api-dependency-latency/outbound-14.csv,IsolationForest,False,216,504,50,80,1,2.5,-0.0,6,0,0.0,"{'tp': 0.0, 'fp': 4.0, 'tn': 216.0, 'fn': 0, 'n_windows': 0, 'weighted': 47.080000000000005}","{'tp': 0.0, 'fp': 0.0, 'tn': 216.0, 'fn': 0, 'n_windows': 0, 'weighted': 47.52}","{'tp': 0.0, 'fp': 0.0, 'tn': 216.0, 'fn': 0, 'n_windows': 0, 'weighted': 47.52}",True
microsoft,middle-tier-api-dependency-latency,middle-tier-api-dependency-latency/outbound-15.csv,GRU,False,216,504,50,80,1,2.5,-0.0,8,0,0.0,"{'tp': 0.0, 'fp': 5.0, 'tn': 216.0, 'fn': 0, 'n_windows': 0, 'weighted': 46.970000000000006}","{'tp': 0.0, 'fp': 0.0, 'tn': 216.0, 'fn': 0, 'n_windows': 0, 'weighted': 47.52}","{'tp': 0.0, 'fp': 0.0, 'tn': 216.0, 'fn': 0, 'n_windows': 0, 'weighted': 47.52}",True
microsoft,middle-tier-api-dependency-latency,middle-tier-api-dependency-latency/outbound-13.csv,TCN,False,216,504,50,80,1,4.0,-0.0,1,0,0.0,"{'tp': 0.0, 'fp': 1.0, 'tn': 216.0, 'fn': 0, 'n_windows': 0, 'weighted': 47.410000000000004}","{'tp': 0.0, 'fp': 0.0, 'tn': 216.0, 'fn': 0, 'n_windows': 0, 'weighted': 47.52}","{'tp': 0.0, 'fp': 0.0, 'tn': 216.0, 'fn': 0, 'n_windows': 0, 'weighted': 47.52}",True
microsoft,middle-tier-api-dependency-latency,middle-tier-api-dependency-latency/outbound-13.csv,Transformer,False,216,504,50,80,1,2.5,-0.0,0,0,0.0,"{'tp': 0.0, 'fp': 0.0, 'tn': 216.0, 'fn': 0, 'n_windows': 0, 'weighted': 47.52}","{'tp': 0.0, 'fp': 0.0, 'tn': 216.0, 'fn': 0, 'n_windows': 0, 'weighted': 47.52}","{'tp': 0.0, 'fp': 0.0, 'tn': 216.0, 'fn': 0, 'n_windows': 0, 'weighted': 47.52}",True
microsoft,middle-tier-api-dependency-latency,middle-tier-api-dependency-latency/outbound-14.csv,GRU,False,216,504,50,80,1,3.0,-0.0,5,0,0.0,"{'tp': 0.0, 'fp': 3.0, 'tn': 216.0, 'fn': 0, 'n_windows': 0, 'weighted': 47.190000000000005}","{'tp': 0.0, 'fp': 0.0, 'tn': 216.0, 'fn': 0, 'n_windows': 0, 'weighted': 47.52}","{'tp': 0.0, 'fp': 0.0, 'tn': 216.0, 'fn': 0, 'n_windows': 0, 'weighted': 47.52}",True
microsoft,middle-tier-api-dependency-latency,middle-tier-api-dependency-latency/outbound-14.csv,TCN,False,216,504,50,80,3,3.5,-0.0,2,0,0.0,"{'tp': 0.0, 'fp': 1.0, 'tn': 216.0, 'fn': 0, 'n_windows': 0, 'weighted': 47.410000000000004}","{'tp': 0.0, 'fp': 0.0, 'tn': 216.0, 'fn': 0, 'n_windows': 0, 'weighted': 47.52}","{'tp': 0.0, 'fp': 0.0, 'tn': 216.0, 'fn': 0, 'n_windows': 0, 'weighted': 47.52}",True
microsoft,middle-tier-api-dependency-latency,middle-tier-api-dependency-latency/outbound-16.csv,GRU,False,216,504,50,10,1,3.0,-0.75,1,0,0.0,"{'tp': 0.0, 'fp': 1.0, 'tn': 216.0, 'fn': 0, 'n_windows': 0, 'weighted': 47.410000000000004}","{'tp': 0.0, 'fp': 0.0, 'tn': 216.0, 'fn': 0, 'n_windows': 0, 'weighted': 47.52}","{'tp': 0.0, 'fp': 0.0, 'tn': 216.0, 'fn': 0, 'n_windows': 0, 'weighted': 47.52}",True
microsoft,middle-tier-api-dependency-latency,middle-tier-api-dependency-latency/outbound-16.csv,TCN,False,216,504,50,10,1,3.0,-0.75,0,0,0.0,"{'tp': 0.0, 'fp': 0.0, 'tn': 216.0, 'fn': 0, 'n_windows': 0, 'weighted': 47.52}","{'tp': 0.0, 'fp': 0.0, 'tn': 216.0, 'fn': 0, 'n_windows': 0, 'weighted': 47.52}","{'tp': 0.0, 'fp': 0.0, 'tn': 216.0, 'fn': 0, 'n_windows': 0, 'weighted': 47.52}",True
microsoft,middle-tier-api-dependency-latency,middle-tier-api-dependency-latency/outbound-16.csv,IsolationForest,False,216,504,50,10,1,3.5,-0.75,0,0,0.0,"{'tp': 0.0, 'fp': 0.0, 'tn': 216.0, 'fn': 0, 'n_windows': 0, 'weighted': 47.52}","{'tp': 0.0, 'fp': 0.0, 'tn': 216.0, 'fn': 0, 'n_windows': 0, 'weighted': 47.52}","{'tp': 0.0, 'fp': 0.0, 'tn': 216.0, 'fn': 0, 'n_windows': 0, 'weighted': 47.52}",True
microsoft,middle-tier-api-dependency-latency,middle-tier-api-dependency-latency/outbound-17.csv,GRU,False,216,504,50,20,1,4.0,-0.25,1,0,0.0,"{'tp': 0.0, 'fp': 1.0, 'tn': 216.0, 'fn': 0, 'n_windows': 0, 'weighted': 47.410000000000004}","{'tp': 0.0, 'fp': 0.0, 'tn': 216.0, 'fn': 0, 'n_windows': 0, 'weighted': 47.52}","{'tp': 0.0, 'fp': 0.0, 'tn': 216.0, 'fn': 0, 'n_windows': 0, 'weighted': 47.52}",True
microsoft,middle-tier-api-dependency-latency,middle-tier-api-dependency-latency/outbound-13.csv,TSMixer,False,216,504,50,80,1,2.5,-0.0,5,0,0.0,"{'tp': 0.0, 'fp': 5.0, 'tn': 216.0, 'fn': 0, 'n_windows': 0, 'weighted': 46.970000000000006}","{'tp': 0.0, 'fp': 0.0, 'tn': 216.0, 'fn': 0, 'n_windows': 0, 'weighted': 47.52}","{'tp': 0.0, 'fp': 0.0, 'tn': 216.0, 'fn': 0, 'n_windows': 0, 'weighted': 47.52}",True
microsoft,middle-tier-api-dependency-latency,middle-tier-api-dependency-latency/outbound-13.csv,IsolationForest,False,216,504,50,80,1,2.5,-0.0,2,0,0.0,"{'tp': 0.0, 'fp': 2.0, 'tn': 216.0, 'fn': 0, 'n_windows': 0, 'weighted': 47.300000000000004}","{'tp': 0.0, 'fp': 0.0, 'tn': 216.0, 'fn': 0, 'n_windows': 0, 'weighted': 47.52}","{'tp': 0.0, 'fp': 0.0, 'tn': 216.0, 'fn': 0, 'n_windows': 0, 'weighted': 47.52}",True
microsoft,middle-tier-api-dependency-latency,middle-tier-api-dependency-latency/outbound-12.csv,Transformer,False,216,504,50,80,1,2.5,-0.0,9,0,0.0,"{'tp': 0.0, 'fp': 4.0, 'tn': 216.0, 'fn': 0, 'n_windows': 0, 'weighted': 47.080000000000005}","{'tp': 0.0, 'fp': 0.0, 'tn': 216.0, 'fn': 0, 'n_windows': 0, 'weighted': 47.52}","{'tp': 0.0, 'fp': 0.0, 'tn': 216.0, 'fn': 0, 'n_windows': 0, 'weighted': 47.52}",True
microsoft,middle-tier-api-dependency-latency,middle-tier-api-dependency-latency/outbound-12.csv,TSMixer,False,216,504,50,80,1,3.5,-0.0,3,0,0.0,"{'tp': 0.0, 'fp': 3.0, 'tn': 216.0, 'fn': 0, 'n_windows': 0, 'weighted': 47.190000000000005}","{'tp': 0.0, 'fp': 0.0, 'tn': 216.0, 'fn': 0, 'n_windows': 0, 'weighted': 47.52}","{'tp': 0.0, 'fp': 0.0, 'tn': 216.0, 'fn': 0, 'n_windows': 0, 'weighted': 47.52}",True
microsoft,middle-tier-api-dependency-latency,middle-tier-api-dependency-latency/outbound-15.csv,TSMixer,False,216,504,50,80,1,2.5,-0.0,15,0,0.0,"{'tp': 0.0, 'fp': 11.0, 'tn': 216.0, 'fn': 0, 'n_windows': 0, 'weighted': 46.31}","{'tp': 0.0, 'fp': 0.0, 'tn': 216.0, 'fn': 0, 'n_windows': 0, 'weighted': 47.52}","{'tp': 0.0, 'fp': 0.0, 'tn': 216.0, 'fn': 0, 'n_windows': 0, 'weighted': 47.52}",True
microsoft,middle-tier-api-dependency-latency,middle-tier-api-dependency-latency/outbound-15.csv,IsolationForest,False,216,504,50,80,1,3.0,-0.0,13,0,0.0,"{'tp': 0.0, 'fp': 8.0, 'tn': 216.0, 'fn': 0, 'n_windows': 0, 'weighted': 46.64}","{'tp': 0.0, 'fp': 0.0, 'tn': 216.0, 'fn': 0, 'n_windows': 0, 'weighted': 47.52}","{'tp': 0.0, 'fp': 0.0, 'tn': 216.0, 'fn': 0, 'n_windows': 0, 'weighted': 47.52}",True
microsoft,middle-tier-api-dependency-latency,middle-tier-api-dependency-latency/outbound-15.csv,TCN,False,216,504,50,80,3,4.0,-0.0,2,0,0.0,"{'tp': 0.0, 'fp': 2.0, 'tn': 216.0, 'fn': 0, 'n_windows': 0, 'weighted': 47.300000000000004}","{'tp': 0.0, 'fp': 0.0, 'tn': 216.0, 'fn': 0, 'n_windows': 0, 'weighted': 47.52}","{'tp': 0.0, 'fp': 0.0, 'tn': 216.0, 'fn': 0, 'n_windows': 0, 'weighted': 47.52}",True
microsoft,middle-tier-api-dependency-latency,middle-tier-api-dependency-latency/outbound-15.csv,Transformer,False,216,504,50,80,1,2.5,-0.0,10,0,0.0,"{'tp': 0.0, 'fp': 6.0, 'tn': 216.0, 'fn': 0, 'n_windows': 0, 'weighted': 46.86000000000001}","{'tp': 0.0, 'fp': 0.0, 'tn': 216.0, 'fn': 0, 'n_windows': 0, 'weighted': 47.52}","{'tp': 0.0, 'fp': 0.0, 'tn': 216.0, 'fn': 0, 'n_windows': 0, 'weighted': 47.52}",True
microsoft,middle-tier-api-dependency-latency,middle-tier-api-dependency-latency/outbound-18.csv,IsolationForest,False,216,504,50,80,1,2.5,-0.0,32,0,0.0,"{'tp': 0.0, 'fp': 10.0, 'tn': 216.0, 'fn': 0, 'n_windows': 0, 'weighted': 46.42}","{'tp': 0.0, 'fp': 0.0, 'tn': 216.0, 'fn': 0, 'n_windows': 0, 'weighted': 47.52}","{'tp': 0.0, 'fp': 0.0, 'tn': 216.0, 'fn': 0, 'n_windows': 0, 'weighted': 47.52}",True
microsoft,middle-tier-api-dependency-latency,middle-tier-api-dependency-latency/outbound-19.csv,GRU,True,216,504,50,10,1,3.0,-0.75,0,1,0.0,"{'tp': 0.0, 'fp': 0.0, 'tn': 212.0, 'fn': 1, 'n_windows': 1, 'weighted': 45.64}","{'tp': 0.0, 'fp': 0.0, 'tn': 212.0, 'fn': 1, 'n_windows': 1, 'weighted': 45.64}","{'tp': 1.1, 'fp': 0.0, 'tn': 212.0, 'fn': 0, 'n_windows': 1, 'weighted': 47.74}",True
microsoft,middle-tier-api-dependency-latency,middle-tier-api-dependency-latency/outbound-18.csv,GRU,False,216,504,50,80,1,2.5,-0.0,9,0,0.0,"{'tp': 0.0, 'fp': 3.0, 'tn': 216.0, 'fn': 0, 'n_windows': 0, 'weighted': 47.190000000000005}","{'tp': 0.0, 'fp': 0.0, 'tn': 216.0, 'fn': 0, 'n_windows': 0, 'weighted': 47.52}","{'tp': 0.0, 'fp': 0.0, 'tn': 216.0, 'fn': 0, 'n_windows': 0, 'weighted': 47.52}",True
microsoft,middle-tier-api-dependency-latency,middle-tier-api-dependency-latency/outbound-18.csv,TCN,False,216,504,50,80,1,3.0,-0.0,9,0,0.0,"{'tp': 0.0, 'fp': 5.0, 'tn': 216.0, 'fn': 0, 'n_windows': 0, 'weighted': 46.970000000000006}","{'tp': 0.0, 'fp': 0.0, 'tn': 216.0, 'fn': 0, 'n_windows': 0, 'weighted': 47.52}","{'tp': 0.0, 'fp': 0.0, 'tn': 216.0, 'fn': 0, 'n_windows': 0, 'weighted': 47.52}",True
microsoft,middle-tier-api-dependency-latency,middle-tier-api-dependency-latency/outbound-16.csv,Transformer,False,216,504,50,10,1,3.0,-0.75,0,0,0.0,"{'tp': 0.0, 'fp': 0.0, 'tn': 216.0, 'fn': 0, 'n_windows': 0, 'weighted': 47.52}","{'tp': 0.0, 'fp': 0.0, 'tn': 216.0, 'fn': 0, 'n_windows': 0, 'weighted': 47.52}","{'tp': 0.0, 'fp': 0.0, 'tn': 216.0, 'fn': 0, 'n_windows': 0, 'weighted': 47.52}",True
microsoft,middle-tier-api-dependency-latency,middle-tier-api-dependency-latency/outbound-16.csv,TSMixer,False,216,504,50,10,1,3.5,-0.75,0,0,0.0,"{'tp': 0.0, 'fp': 0.0, 'tn': 216.0, 'fn': 0, 'n_windows': 0, 'weighted': 47.52}","{'tp': 0.0, 'fp': 0.0, 'tn': 216.0, 'fn': 0, 'n_windows': 0, 'weighted': 47.52}","{'tp': 0.0, 'fp': 0.0, 'tn': 216.0, 'fn': 0, 'n_windows': 0, 'weighted': 47.52}",True
microsoft,middle-tier-api-dependency-latency,middle-tier-api-dependency-latency/outbound-14.csv,Transformer,False,216,504,50,80,1,3.0,-0.0,8,0,0.0,"{'tp': 0.0, 'fp': 4.0, 'tn': 216.0, 'fn': 0, 'n_windows': 0, 'weighted': 47.080000000000005}","{'tp': 0.0, 'fp': 0.0, 'tn': 216.0, 'fn': 0, 'n_windows': 0, 'weighted': 47.52}","{'tp': 0.0, 'fp': 0.0, 'tn': 216.0, 'fn': 0, 'n_windows': 0, 'weighted': 47.52}",True
microsoft,middle-tier-api-dependency-latency,middle-tier-api-dependency-latency/outbound-14.csv,TSMixer,False,216,504,50,80,1,2.5,-0.0,8,0,0.0,"{'tp': 0.0, 'fp': 5.0, 'tn': 216.0, 'fn': 0, 'n_windows': 0, 'weighted': 46.970000000000006}","{'tp': 0.0, 'fp': 0.0, 'tn': 216.0, 'fn': 0, 'n_windows': 0, 'weighted': 47.52}","{'tp': 0.0, 'fp': 0.0, 'tn': 216.0, 'fn': 0, 'n_windows': 0, 'weighted': 47.52}",True
microsoft,middle-tier-api-dependency-latency,middle-tier-api-dependency-latency/outbound-17.csv,TCN,False,216,504,50,20,1,4.0,-0.25,2,0,0.0,"{'tp': 0.0, 'fp': 2.0, 'tn': 216.0, 'fn': 0, 'n_windows': 0, 'weighted': 47.300000000000004}","{'tp': 0.0, 'fp': 0.0, 'tn': 216.0, 'fn': 0, 'n_windows': 0, 'weighted': 47.52}","{'tp': 0.0, 'fp': 0.0, 'tn': 216.0, 'fn': 0, 'n_windows': 0, 'weighted': 47.52}",True
microsoft,middle-tier-api-dependency-latency,middle-tier-api-dependency-latency/outbound-17.csv,Transformer,False,216,504,50,10,1,3.0,-0.75,0,0,0.0,"{'tp': 0.0, 'fp': 0.0, 'tn': 216.0, 'fn': 0, 'n_windows': 0, 'weighted': 47.52}","{'tp': 0.0, 'fp': 0.0, 'tn': 216.0, 'fn': 0, 'n_windows': 0, 'weighted': 47.52}","{'tp': 0.0, 'fp': 0.0, 'tn': 216.0, 'fn': 0, 'n_windows': 0, 'weighted': 47.52}",True
microsoft,middle-tier-api-dependency-latency,middle-tier-api-dependency-latency/outbound-20.csv,IsolationForest,False,216,504,50,80,1,3.0,-0.0,1,0,0.0,"{'tp': 0.0, 'fp': 1.0, 'tn': 216.0, 'fn': 0, 'n_windows': 0, 'weighted': 47.410000000000004}","{'tp': 0.0, 'fp': 0.0, 'tn': 216.0, 'fn': 0, 'n_windows': 0, 'weighted': 47.52}","{'tp': 0.0, 'fp': 0.0, 'tn': 216.0, 'fn': 0, 'n_windows': 0, 'weighted': 47.52}",True
microsoft,middle-tier-api-dependency-latency,middle-tier-api-dependency-latency/outbound-21.csv,GRU,False,216,504,50,80,1,2.5,-0.0,7,0,0.0,"{'tp': 0.0, 'fp': 4.0, 'tn': 216.0, 'fn': 0, 'n_windows': 0, 'weighted': 47.080000000000005}","{'tp': 0.0, 'fp': 0.0, 'tn': 216.0, 'fn': 0, 'n_windows': 0, 'weighted': 47.52}","{'tp': 0.0, 'fp': 0.0, 'tn': 216.0, 'fn': 0, 'n_windows': 0, 'weighted': 47.52}",True
microsoft,middle-tier-api-dependency-latency,middle-tier-api-dependency-latency/outbound-17.csv,TSMixer,False,216,504,50,80,1,2.5,-0.0,11,0,0.0,"{'tp': 0.0, 'fp': 10.0, 'tn': 216.0, 'fn': 0, 'n_windows': 0, 'weighted': 46.42}","{'tp': 0.0, 'fp': 0.0, 'tn': 216.0, 'fn': 0, 'n_windows': 0, 'weighted': 47.52}","{'tp': 0.0, 'fp': 0.0, 'tn': 216.0, 'fn': 0, 'n_windows': 0, 'weighted': 47.52}",True
microsoft,middle-tier-api-dependency-latency,middle-tier-api-dependency-latency/outbound-17.csv,IsolationForest,False,216,504,50,80,1,4.0,-0.0,3,0,0.0,"{'tp': 0.0, 'fp': 2.0, 'tn': 216.0, 'fn': 0, 'n_windows': 0, 'weighted': 47.300000000000004}","{'tp': 0.0, 'fp': 0.0, 'tn': 216.0, 'fn': 0, 'n_windows': 0, 'weighted': 47.52}","{'tp': 0.0, 'fp': 0.0, 'tn': 216.0, 'fn': 0, 'n_windows': 0, 'weighted': 47.52}",True
microsoft,middle-tier-api-dependency-latency,middle-tier-api-dependency-latency/outbound-20.csv,GRU,False,216,504,50,80,1,3.0,-0.0,0,0,0.0,"{'tp': 0.0, 'fp': 0.0, 'tn': 216.0, 'fn': 0, 'n_windows': 0, 'weighted': 47.52}","{'tp': 0.0, 'fp': 0.0, 'tn': 216.0, 'fn': 0, 'n_windows': 0, 'weighted': 47.52}","{'tp': 0.0, 'fp': 0.0, 'tn': 216.0, 'fn': 0, 'n_windows': 0, 'weighted': 47.52}",True
microsoft,middle-tier-api-dependency-latency,middle-tier-api-dependency-latency/outbound-20.csv,TCN,False,216,504,50,80,1,4.0,-0.0,1,0,0.0,"{'tp': 0.0, 'fp': 1.0, 'tn': 216.0, 'fn': 0, 'n_windows': 0, 'weighted': 47.410000000000004}","{'tp': 0.0, 'fp': 0.0, 'tn': 216.0, 'fn': 0, 'n_windows': 0, 'weighted': 47.52}","{'tp': 0.0, 'fp': 0.0, 'tn': 216.0, 'fn': 0, 'n_windows': 0, 'weighted': 47.52}",True
microsoft,middle-tier-api-dependency-latency,middle-tier-api-dependency-latency/outbound-18.csv,Transformer,False,216,504,50,80,1,2.5,-0.0,0,0,0.0,"{'tp': 0.0, 'fp': 0.0, 'tn': 216.0, 'fn': 0, 'n_windows': 0, 'weighted': 47.52}","{'tp': 0.0, 'fp': 0.0, 'tn': 216.0, 'fn': 0, 'n_windows': 0, 'weighted': 47.52}","{'tp': 0.0, 'fp': 0.0, 'tn': 216.0, 'fn': 0, 'n_windows': 0, 'weighted': 47.52}",True
microsoft,middle-tier-api-dependency-latency,middle-tier-api-dependency-latency/outbound-18.csv,TSMixer,False,216,504,50,80,1,3.0,-0.0,16,0,0.0,"{'tp': 0.0, 'fp': 8.0, 'tn': 216.0, 'fn': 0, 'n_windows': 0, 'weighted': 46.64}","{'tp': 0.0, 'fp': 0.0, 'tn': 216.0, 'fn': 0, 'n_windows': 0, 'weighted': 47.52}","{'tp': 0.0, 'fp': 0.0, 'tn': 216.0, 'fn': 0, 'n_windows': 0, 'weighted': 47.52}",True
microsoft,middle-tier-api-dependency-latency,middle-tier-api-dependency-latency/outbound-19.csv,TCN,True,216,504,50,80,3,3.5,-0.0,6,1,92.61904761904756,"{'tp': 1.0, 'fp': 0.5, 'tn': 212.0, 'fn': 0, 'n_windows': 1, 'weighted': 47.585}","{'tp': 0.0, 'fp': 0.0, 'tn': 212.0, 'fn': 1, 'n_windows': 1, 'weighted': 45.64}","{'tp': 1.1, 'fp': 0.0, 'tn': 212.0, 'fn': 0, 'n_windows': 1, 'weighted': 47.74}",True
microsoft,middle-tier-api-dependency-latency,middle-tier-api-dependency-latency/outbound-19.csv,Transformer,True,216,504,50,10,1,3.0,-0.75,0,1,0.0,"{'tp': 0.0, 'fp': 0.0, 'tn': 212.0, 'fn': 1, 'n_windows': 1, 'weighted': 45.64}","{'tp': 0.0, 'fp': 0.0, 'tn': 212.0, 'fn': 1, 'n_windows': 1, 'weighted': 45.64}","{'tp': 1.1, 'fp': 0.0, 'tn': 212.0, 'fn': 0, 'n_windows': 1, 'weighted': 47.74}",True
microsoft,middle-tier-api-dependency-latency,middle-tier-api-dependency-latency/outbound-22.csv,IsolationForest,True,216,504,50,80,1,3.0,-0.0,6,1,98.63945578231277,"{'tp': 1.0714285714285714, 'fp': 0.0, 'tn': 208.0, 'fn': 0, 'n_windows': 1, 'weighted': 46.83142857142857}","{'tp': 0.0, 'fp': 0.0, 'tn': 208.0, 'fn': 1, 'n_windows': 1, 'weighted': 44.76}","{'tp': 1.1, 'fp': 0.0, 'tn': 208.0, 'fn': 0, 'n_windows': 1, 'weighted': 46.86}",True
microsoft,middle-tier-api-dependency-latency,middle-tier-api-dependency-latency/outbound-23.csv,GRU,True,216,504,50,10,1,3.0,-0.75,0,1,0.0,"{'tp': 0.0, 'fp': 0.0, 'tn': 213.0, 'fn': 1, 'n_windows': 1, 'weighted': 45.86}","{'tp': 0.0, 'fp': 0.0, 'tn': 213.0, 'fn': 1, 'n_windows': 1, 'weighted': 45.86}","{'tp': 1.1, 'fp': 0.0, 'tn': 213.0, 'fn': 0, 'n_windows': 1, 'weighted': 47.96}",True
microsoft,middle-tier-api-dependency-latency,middle-tier-api-dependency-latency/outbound-19.csv,TSMixer,True,216,504,50,80,3,4.0,-0.0,6,1,95.7936507936509,"{'tp': 1.0666666666666667, 'fp': 0.5, 'tn': 212.0, 'fn': 0, 'n_windows': 1, 'weighted': 47.65166666666667}","{'tp': 0.0, 'fp': 0.0, 'tn': 212.0, 'fn': 1, 'n_windows': 1, 'weighted': 45.64}","{'tp': 1.1, 'fp': 0.0, 'tn': 212.0, 'fn': 0, 'n_windows': 1, 'weighted': 47.74}",True
microsoft,middle-tier-api-dependency-latency,middle-tier-api-dependency-latency/outbound-19.csv,IsolationForest,True,216,504,50,80,1,3.0,-0.0,3,1,-5.238095238095207,"{'tp': 0.0, 'fp': 1.0, 'tn': 212.0, 'fn': 1, 'n_windows': 1, 'weighted': 45.53}","{'tp': 0.0, 'fp': 0.0, 'tn': 212.0, 'fn': 1, 'n_windows': 1, 'weighted': 45.64}","{'tp': 1.1, 'fp': 0.0, 'tn': 212.0, 'fn': 0, 'n_windows': 1, 'weighted': 47.74}",True
microsoft,middle-tier-api-dependency-latency,middle-tier-api-dependency-latency/outbound-22.csv,GRU,True,216,504,50,80,1,2.5,-0.0,0,1,0.0,"{'tp': 0.0, 'fp': 0.0, 'tn': 208.0, 'fn': 1, 'n_windows': 1, 'weighted': 44.76}","{'tp': 0.0, 'fp': 0.0, 'tn': 208.0, 'fn': 1, 'n_windows': 1, 'weighted': 44.76}","{'tp': 1.1, 'fp': 0.0, 'tn': 208.0, 'fn': 0, 'n_windows': 1, 'weighted': 46.86}",True
microsoft,middle-tier-api-dependency-latency,middle-tier-api-dependency-latency/outbound-22.csv,TCN,True,216,504,50,80,1,3.0,-0.0,7,1,88.8435374149658,"{'tp': 1.0857142857142856, 'fp': 2.0, 'tn': 208.0, 'fn': 0, 'n_windows': 1, 'weighted': 46.62571428571428}","{'tp': 0.0, 'fp': 0.0, 'tn': 208.0, 'fn': 1, 'n_windows': 1, 'weighted': 44.76}","{'tp': 1.1, 'fp': 0.0, 'tn': 208.0, 'fn': 0, 'n_windows': 1, 'weighted': 46.86}",True
microsoft,middle-tier-api-dependency-latency,middle-tier-api-dependency-latency/outbound-21.csv,TCN,False,216,504,50,80,1,2.5,-0.0,17,0,0.0,"{'tp': 0.0, 'fp': 7.0, 'tn': 216.0, 'fn': 0, 'n_windows': 0, 'weighted': 46.75}","{'tp': 0.0, 'fp': 0.0, 'tn': 216.0, 'fn': 0, 'n_windows': 0, 'weighted': 47.52}","{'tp': 0.0, 'fp': 0.0, 'tn': 216.0, 'fn': 0, 'n_windows': 0, 'weighted': 47.52}",True
microsoft,middle-tier-api-dependency-latency,middle-tier-api-dependency-latency/outbound-21.csv,Transformer,False,216,504,50,80,1,2.5,-0.0,0,0,0.0,"{'tp': 0.0, 'fp': 0.0, 'tn': 216.0, 'fn': 0, 'n_windows': 0, 'weighted': 47.52}","{'tp': 0.0, 'fp': 0.0, 'tn': 216.0, 'fn': 0, 'n_windows': 0, 'weighted': 47.52}","{'tp': 0.0, 'fp': 0.0, 'tn': 216.0, 'fn': 0, 'n_windows': 0, 'weighted': 47.52}",True
microsoft,middle-tier-api-dependency-latency,middle-tier-api-dependency-latency/outbound-23.csv,TSMixer,True,216,504,50,10,1,3.0,-0.75,0,1,0.0,"{'tp': 0.0, 'fp': 0.0, 'tn': 213.0, 'fn': 1, 'n_windows': 1, 'weighted': 45.86}","{'tp': 0.0, 'fp': 0.0, 'tn': 213.0, 'fn': 1, 'n_windows': 1, 'weighted': 45.86}","{'tp': 1.1, 'fp': 0.0, 'tn': 213.0, 'fn': 0, 'n_windows': 1, 'weighted': 47.96}",True
microsoft,middle-tier-api-dependency-latency,middle-tier-api-dependency-latency/outbound-23.csv,IsolationForest,True,216,504,50,80,1,2.5,-0.0,1,1,97.61904761904742,"{'tp': 1.05, 'fp': 0.0, 'tn': 213.0, 'fn': 0, 'n_windows': 1, 'weighted': 47.91}","{'tp': 0.0, 'fp': 0.0, 'tn': 213.0, 'fn': 1, 'n_windows': 1, 'weighted': 45.86}","{'tp': 1.1, 'fp': 0.0, 'tn': 213.0, 'fn': 0, 'n_windows': 1, 'weighted': 47.96}",True
microsoft,middle-tier-api-dependency-latency,middle-tier-api-dependency-latency/outbound-21.csv,TSMixer,False,216,504,50,80,1,2.5,-0.0,6,0,0.0,"{'tp': 0.0, 'fp': 4.0, 'tn': 216.0, 'fn': 0, 'n_windows': 0, 'weighted': 47.080000000000005}","{'tp': 0.0, 'fp': 0.0, 'tn': 216.0, 'fn': 0, 'n_windows': 0, 'weighted': 47.52}","{'tp': 0.0, 'fp': 0.0, 'tn': 216.0, 'fn': 0, 'n_windows': 0, 'weighted': 47.52}",True
microsoft,middle-tier-api-dependency-latency,middle-tier-api-dependency-latency/outbound-21.csv,IsolationForest,False,216,504,50,80,1,2.5,-0.0,2,0,0.0,"{'tp': 0.0, 'fp': 2.0, 'tn': 216.0, 'fn': 0, 'n_windows': 0, 'weighted': 47.300000000000004}","{'tp': 0.0, 'fp': 0.0, 'tn': 216.0, 'fn': 0, 'n_windows': 0, 'weighted': 47.52}","{'tp': 0.0, 'fp': 0.0, 'tn': 216.0, 'fn': 0, 'n_windows': 0, 'weighted': 47.52}",True
microsoft,middle-tier-api-dependency-latency,middle-tier-api-dependency-latency/outbound-23.csv,TCN,True,216,504,50,80,1,4.0,-0.0,1,1,-2.6190476190476035,"{'tp': 0.0, 'fp': 0.5, 'tn': 213.0, 'fn': 1, 'n_windows': 1, 'weighted': 45.805}","{'tp': 0.0, 'fp': 0.0, 'tn': 213.0, 'fn': 1, 'n_windows': 1, 'weighted': 45.86}","{'tp': 1.1, 'fp': 0.0, 'tn': 213.0, 'fn': 0, 'n_windows': 1, 'weighted': 47.96}",True
microsoft,middle-tier-api-dependency-latency,middle-tier-api-dependency-latency/outbound-23.csv,Transformer,True,216,504,50,10,1,3.0,-0.75,6,1,-15.714285714285623,"{'tp': 0.0, 'fp': 3.0, 'tn': 213.0, 'fn': 1, 'n_windows': 1, 'weighted': 45.53}","{'tp': 0.0, 'fp': 0.0, 'tn': 213.0, 'fn': 1, 'n_windows': 1, 'weighted': 45.86}","{'tp': 1.1, 'fp': 0.0, 'tn': 213.0, 'fn': 0, 'n_windows': 1, 'weighted': 47.96}",True
microsoft,middle-tier-api-dependency-latency,middle-tier-api-dependency-latency/outbound-20.csv,Transformer,False,216,504,50,80,1,3.0,-0.0,0,0,0.0,"{'tp': 0.0, 'fp': 0.0, 'tn': 216.0, 'fn': 0, 'n_windows': 0, 'weighted': 47.52}","{'tp': 0.0, 'fp': 0.0, 'tn': 216.0, 'fn': 0, 'n_windows': 0, 'weighted': 47.52}","{'tp': 0.0, 'fp': 0.0, 'tn': 216.0, 'fn': 0, 'n_windows': 0, 'weighted': 47.52}",True
microsoft,middle-tier-api-dependency-latency,middle-tier-api-dependency-latency/outbound-20.csv,TSMixer,False,216,504,50,80,1,2.5,-0.0,4,0,0.0,"{'tp': 0.0, 'fp': 3.0, 'tn': 216.0, 'fn': 0, 'n_windows': 0, 'weighted': 47.190000000000005}","{'tp': 0.0, 'fp': 0.0, 'tn': 216.0, 'fn': 0, 'n_windows': 0, 'weighted': 47.52}","{'tp': 0.0, 'fp': 0.0, 'tn': 216.0, 'fn': 0, 'n_windows': 0, 'weighted': 47.52}",True
microsoft,middle-tier-api-dependency-latency,middle-tier-api-dependency-latency/outbound-22.csv,Transformer,True,216,504,50,80,1,3.0,-0.0,10,1,88.8435374149658,"{'tp': 1.0857142857142856, 'fp': 2.0, 'tn': 208.0, 'fn': 0, 'n_windows': 1, 'weighted': 46.62571428571428}","{'tp': 0.0, 'fp': 0.0, 'tn': 208.0, 'fn': 1, 'n_windows': 1, 'weighted': 44.76}","{'tp': 1.1, 'fp': 0.0, 'tn': 208.0, 'fn': 0, 'n_windows': 1, 'weighted': 46.86}",True
microsoft,middle-tier-api-dependency-latency,middle-tier-api-dependency-latency/outbound-22.csv,TSMixer,True,216,504,50,80,1,3.0,-0.0,7,1,92.04081632653066,"{'tp': 1.042857142857143, 'fp': 1.0, 'tn': 208.0, 'fn': 0, 'n_windows': 1, 'weighted': 46.69285714285714}","{'tp': 0.0, 'fp': 0.0, 'tn': 208.0, 'fn': 1, 'n_windows': 1, 'weighted': 44.76}","{'tp': 1.1, 'fp': 0.0, 'tn': 208.0, 'fn': 0, 'n_windows': 1, 'weighted': 46.86}",True
microsoft,mongodb-application-rps,mongodb-application-rps/mongo-01.csv,IsolationForest,False,4752,11088,64,47,1,4.0,-0.0,10,0,0.0,"{'tp': 0.0, 'fp': 3.0, 'tn': 4752.0, 'fn': 0, 'n_windows': 0, 'weighted': 1045.1100000000001}","{'tp': 0.0, 'fp': 0.0, 'tn': 4752.0, 'fn': 0, 'n_windows': 0, 'weighted': 1045.44}","{'tp': 0.0, 'fp': 0.0, 'tn': 4752.0, 'fn': 0, 'n_windows': 0, 'weighted': 1045.44}",True
microsoft,mongodb-application-rps,mongodb-application-rps/mongo-02.csv,GRU,False,4752,11088,64,47,3,4.0,-6.0,44,0,0.0,"{'tp': 0.0, 'fp': 13.0, 'tn': 4752.0, 'fn': 0, 'n_windows': 0, 'weighted': 1044.01}","{'tp': 0.0, 'fp': 0.0, 'tn': 4752.0, 'fn': 0, 'n_windows': 0, 'weighted': 1045.44}","{'tp': 0.0, 'fp': 0.0, 'tn': 4752.0, 'fn': 0, 'n_windows': 0, 'weighted': 1045.44}",True
microsoft,mongodb-application-rps,mongodb-application-rps/mongo-03.csv,IsolationForest,False,4752,11088,64,47,1,3.5,-0.0,7,0,0.0,"{'tp': 0.0, 'fp': 3.0, 'tn': 4752.0, 'fn': 0, 'n_windows': 0, 'weighted': 1045.1100000000001}","{'tp': 0.0, 'fp': 0.0, 'tn': 4752.0, 'fn': 0, 'n_windows': 0, 'weighted': 1045.44}","{'tp': 0.0, 'fp': 0.0, 'tn': 4752.0, 'fn': 0, 'n_windows': 0, 'weighted': 1045.44}",True
microsoft,mongodb-application-rps,mongodb-application-rps/mongo-04.csv,GRU,False,4752,11088,64,47,1,4.0,-14.0,114,0,0.0,"{'tp': 0.0, 'fp': 26.0, 'tn': 4752.0, 'fn': 0, 'n_windows': 0, 'weighted': 1042.5800000000002}","{'tp': 0.0, 'fp': 0.0, 'tn': 4752.0, 'fn': 0, 'n_windows': 0, 'weighted': 1045.44}","{'tp': 0.0, 'fp': 0.0, 'tn': 4752.0, 'fn': 0, 'n_windows': 0, 'weighted': 1045.44}",True
microsoft,mongodb-application-rps,mongodb-application-rps/mongo-01.csv,GRU,False,4752,11088,64,190,1,4.0,-21.0,97,0,0.0,"{'tp': 0.0, 'fp': 12.0, 'tn': 4752.0, 'fn': 0, 'n_windows': 0, 'weighted': 1044.1200000000001}","{'tp': 0.0, 'fp': 0.0, 'tn': 4752.0, 'fn': 0, 'n_windows': 0, 'weighted': 1045.44}","{'tp': 0.0, 'fp': 0.0, 'tn': 4752.0, 'fn': 0, 'n_windows': 0, 'weighted': 1045.44}",True
microsoft,mongodb-application-rps,mongodb-application-rps/mongo-01.csv,TCN,False,4752,11088,64,95,1,4.0,-17.0,90,0,0.0,"{'tp': 0.0, 'fp': 23.0, 'tn': 4752.0, 'fn': 0, 'n_windows': 0, 'weighted': 1042.91}","{'tp': 0.0, 'fp': 0.0, 'tn': 4752.0, 'fn': 0, 'n_windows': 0, 'weighted': 1045.44}","{'tp': 0.0, 'fp': 0.0, 'tn': 4752.0, 'fn': 0, 'n_windows': 0, 'weighted': 1045.44}",True
microsoft,mongodb-application-rps,mongodb-application-rps/mongo-03.csv,GRU,False,4752,11088,64,47,3,4.0,-4.0,15,0,0.0,"{'tp': 0.0, 'fp': 8.0, 'tn': 4752.0, 'fn': 0, 'n_windows': 0, 'weighted': 1044.56}","{'tp': 0.0, 'fp': 0.0, 'tn': 4752.0, 'fn': 0, 'n_windows': 0, 'weighted': 1045.44}","{'tp': 0.0, 'fp': 0.0, 'tn': 4752.0, 'fn': 0, 'n_windows': 0, 'weighted': 1045.44}",True
microsoft,mongodb-application-rps,mongodb-application-rps/mongo-03.csv,TCN,False,4752,11088,64,47,3,4.0,-9.0,70,0,0.0,"{'tp': 0.0, 'fp': 20.0, 'tn': 4752.0, 'fn': 0, 'n_windows': 0, 'weighted': 1043.24}","{'tp': 0.0, 'fp': 0.0, 'tn': 4752.0, 'fn': 0, 'n_windows': 0, 'weighted': 1045.44}","{'tp': 0.0, 'fp': 0.0, 'tn': 4752.0, 'fn': 0, 'n_windows': 0, 'weighted': 1045.44}",True
microsoft,mongodb-application-rps,mongodb-application-rps/mongo-02.csv,TSMixer,False,4752,11088,64,47,3,4.0,-3.0,23,0,0.0,"{'tp': 0.0, 'fp': 10.0, 'tn': 4752.0, 'fn': 0, 'n_windows': 0, 'weighted': 1044.3400000000001}","{'tp': 0.0, 'fp': 0.0, 'tn': 4752.0, 'fn': 0, 'n_windows': 0, 'weighted': 1045.44}","{'tp': 0.0, 'fp': 0.0, 'tn': 4752.0, 'fn': 0, 'n_windows': 0, 'weighted': 1045.44}",True
microsoft,mongodb-application-rps,mongodb-application-rps/mongo-02.csv,IsolationForest,False,4752,11088,64,47,1,3.5,-0.0,8,0,0.0,"{'tp': 0.0, 'fp': 5.0, 'tn': 4752.0, 'fn': 0, 'n_windows': 0, 'weighted': 1044.89}","{'tp': 0.0, 'fp': 0.0, 'tn': 4752.0, 'fn': 0, 'n_windows': 0, 'weighted': 1045.44}","{'tp': 0.0, 'fp': 0.0, 'tn': 4752.0, 'fn': 0, 'n_windows': 0, 'weighted': 1045.44}",True
microsoft,mongodb-application-rps,mongodb-application-rps/mongo-02.csv,TCN,False,4752,11088,64,47,1,4.0,-9.0,54,0,0.0,"{'tp': 0.0, 'fp': 21.0, 'tn': 4752.0, 'fn': 0, 'n_windows': 0, 'weighted': 1043.13}","{'tp': 0.0, 'fp': 0.0, 'tn': 4752.0, 'fn': 0, 'n_windows': 0, 'weighted': 1045.44}","{'tp': 0.0, 'fp': 0.0, 'tn': 4752.0, 'fn': 0, 'n_windows': 0, 'weighted': 1045.44}",True
microsoft,mongodb-application-rps,mongodb-application-rps/mongo-02.csv,Transformer,False,4752,11088,64,47,3,4.0,-8.0,60,0,0.0,"{'tp': 0.0, 'fp': 13.0, 'tn': 4752.0, 'fn': 0, 'n_windows': 0, 'weighted': 1044.01}","{'tp': 0.0, 'fp': 0.0, 'tn': 4752.0, 'fn': 0, 'n_windows': 0, 'weighted': 1045.44}","{'tp': 0.0, 'fp': 0.0, 'tn': 4752.0, 'fn': 0, 'n_windows': 0, 'weighted': 1045.44}",True
microsoft,mongodb-machine-rps,mongodb-machine-rps/machine-01.csv,IsolationForest,True,6048,14112,64,60,1,4.0,-0.0,6,9,-1.1640211640213027,"{'tp': 0.0, 'fp': 2.0, 'tn': 6007.0, 'fn': 9, 'n_windows': 9, 'weighted': 1312.32}","{'tp': 0.0, 'fp': 0.0, 'tn': 6007.0, 'fn': 9, 'n_windows': 9, 'weighted': 1312.54}","{'tp': 9.9, 'fp': 0.0, 'tn': 6007.0, 'fn': 0, 'n_windows': 9, 'weighted': 1331.44}",True
microsoft,service-unavailable,service-unavailable/unavail-01.csv,GRU,False,4752,11088,64,47,1,2.5,-0.0,0,0,0.0,"{'tp': 0.0, 'fp': 0.0, 'tn': 4752.0, 'fn': 0, 'n_windows': 0, 'weighted': 1045.44}","{'tp': 0.0, 'fp': 0.0, 'tn': 4752.0, 'fn': 0, 'n_windows': 0, 'weighted': 1045.44}","{'tp': 0.0, 'fp': 0.0, 'tn': 4752.0, 'fn': 0, 'n_windows': 0, 'weighted': 1045.44}",True
microsoft,mongodb-application-rps,mongodb-application-rps/mongo-04.csv,TCN,False,4752,11088,64,47,1,4.0,-10.0,91,0,0.0,"{'tp': 0.0, 'fp': 19.0, 'tn': 4752.0, 'fn': 0, 'n_windows': 0, 'weighted': 1043.3500000000001}","{'tp': 0.0, 'fp': 0.0, 'tn': 4752.0, 'fn': 0, 'n_windows': 0, 'weighted': 1045.44}","{'tp': 0.0, 'fp': 0.0, 'tn': 4752.0, 'fn': 0, 'n_windows': 0, 'weighted': 1045.44}",True
microsoft,mongodb-application-rps,mongodb-application-rps/mongo-04.csv,Transformer,False,4752,11088,64,47,3,4.0,-4.0,104,0,0.0,"{'tp': 0.0, 'fp': 20.0, 'tn': 4752.0, 'fn': 0, 'n_windows': 0, 'weighted': 1043.24}","{'tp': 0.0, 'fp': 0.0, 'tn': 4752.0, 'fn': 0, 'n_windows': 0, 'weighted': 1045.44}","{'tp': 0.0, 'fp': 0.0, 'tn': 4752.0, 'fn': 0, 'n_windows': 0, 'weighted': 1045.44}",True
microsoft,mongodb-application-rps,mongodb-application-rps/mongo-01.csv,Transformer,False,4752,11088,64,47,1,4.0,-16.0,75,0,0.0,"{'tp': 0.0, 'fp': 18.0, 'tn': 4752.0, 'fn': 0, 'n_windows': 0, 'weighted': 1043.46}","{'tp': 0.0, 'fp': 0.0, 'tn': 4752.0, 'fn': 0, 'n_windows': 0, 'weighted': 1045.44}","{'tp': 0.0, 'fp': 0.0, 'tn': 4752.0, 'fn': 0, 'n_windows': 0, 'weighted': 1045.44}",True
microsoft,mongodb-application-rps,mongodb-application-rps/mongo-01.csv,TSMixer,False,4752,11088,64,47,3,4.0,-4.0,31,0,0.0,"{'tp': 0.0, 'fp': 11.0, 'tn': 4752.0, 'fn': 0, 'n_windows': 0, 'weighted': 1044.23}","{'tp': 0.0, 'fp': 0.0, 'tn': 4752.0, 'fn': 0, 'n_windows': 0, 'weighted': 1045.44}","{'tp': 0.0, 'fp': 0.0, 'tn': 4752.0, 'fn': 0, 'n_windows': 0, 'weighted': 1045.44}",True
microsoft,mongodb-application-rps,mongodb-application-rps/mongo-04.csv,TSMixer,False,4752,11088,64,190,3,4.0,-8.0,77,0,0.0,"{'tp': 0.0, 'fp': 14.0, 'tn': 4752.0, 'fn': 0, 'n_windows': 0, 'weighted': 1043.9}","{'tp': 0.0, 'fp': 0.0, 'tn': 4752.0, 'fn': 0, 'n_windows': 0, 'weighted': 1045.44}","{'tp': 0.0, 'fp': 0.0, 'tn': 4752.0, 'fn': 0, 'n_windows': 0, 'weighted': 1045.44}",True
microsoft,mongodb-application-rps,mongodb-application-rps/mongo-04.csv,IsolationForest,False,4752,11088,64,80,1,4.0,-1.0,41,0,0.0,"{'tp': 0.0, 'fp': 10.0, 'tn': 4752.0, 'fn': 0, 'n_windows': 0, 'weighted': 1044.3400000000001}","{'tp': 0.0, 'fp': 0.0, 'tn': 4752.0, 'fn': 0, 'n_windows': 0, 'weighted': 1045.44}","{'tp': 0.0, 'fp': 0.0, 'tn': 4752.0, 'fn': 0, 'n_windows': 0, 'weighted': 1045.44}",True
microsoft,mongodb-machine-rps,mongodb-machine-rps/machine-01.csv,GRU,True,6048,14112,64,60,3,4.0,-21.0,104,9,26.101430976430887,"{'tp': 3.254545454545455, 'fp': 12.0125, 'tn': 6007.0, 'fn': 6, 'n_windows': 9, 'weighted': 1317.4731704545454}","{'tp': 0.0, 'fp': 0.0, 'tn': 6007.0, 'fn': 9, 'n_windows': 9, 'weighted': 1312.54}","{'tp': 9.9, 'fp': 0.0, 'tn': 6007.0, 'fn': 0, 'n_windows': 9, 'weighted': 1331.44}",True
microsoft,mongodb-machine-rps,mongodb-machine-rps/machine-01.csv,TCN,True,6048,14112,64,241,1,4.0,-9.0,62,9,15.56283068783118,"{'tp': 2.1500000000000004, 'fp': 10.987499999999999, 'tn': 6007.0, 'fn': 7, 'n_windows': 9, 'weighted': 1315.481375}","{'tp': 0.0, 'fp': 0.0, 'tn': 6007.0, 'fn': 9, 'n_windows': 9, 'weighted': 1312.54}","{'tp': 9.9, 'fp': 0.0, 'tn': 6007.0, 'fn': 0, 'n_windows': 9, 'weighted': 1331.44}",True
microsoft,service-unavailable,service-unavailable/unavail-01.csv,TCN,False,4752,11088,64,47,1,2.5,-0.0,0,0,0.0,"{'tp': 0.0, 'fp': 0.0, 'tn': 4752.0, 'fn': 0, 'n_windows': 0, 'weighted': 1045.44}","{'tp': 0.0, 'fp': 0.0, 'tn': 4752.0, 'fn': 0, 'n_windows': 0, 'weighted': 1045.44}","{'tp': 0.0, 'fp': 0.0, 'tn': 4752.0, 'fn': 0, 'n_windows': 0, 'weighted': 1045.44}",True
microsoft,service-unavailable,service-unavailable/unavail-01.csv,Transformer,False,4752,11088,64,47,1,2.5,-0.0,0,0,0.0,"{'tp': 0.0, 'fp': 0.0, 'tn': 4752.0, 'fn': 0, 'n_windows': 0, 'weighted': 1045.44}","{'tp': 0.0, 'fp': 0.0, 'tn': 4752.0, 'fn': 0, 'n_windows': 0, 'weighted': 1045.44}","{'tp': 0.0, 'fp': 0.0, 'tn': 4752.0, 'fn': 0, 'n_windows': 0, 'weighted': 1045.44}",True
microsoft,mongodb-application-rps,mongodb-application-rps/mongo-03.csv,Transformer,False,4752,11088,64,47,1,4.0,-22.0,66,0,0.0,"{'tp': 0.0, 'fp': 15.0, 'tn': 4752.0, 'fn': 0, 'n_windows': 0, 'weighted': 1043.79}","{'tp': 0.0, 'fp': 0.0, 'tn': 4752.0, 'fn': 0, 'n_windows': 0, 'weighted': 1045.44}","{'tp': 0.0, 'fp': 0.0, 'tn': 4752.0, 'fn': 0, 'n_windows': 0, 'weighted': 1045.44}",True
microsoft,mongodb-application-rps,mongodb-application-rps/mongo-03.csv,TSMixer,False,4752,11088,64,95,1,4.0,-14.0,84,0,0.0,"{'tp': 0.0, 'fp': 20.0, 'tn': 4752.0, 'fn': 0, 'n_windows': 0, 'weighted': 1043.24}","{'tp': 0.0, 'fp': 0.0, 'tn': 4752.0, 'fn': 0, 'n_windows': 0, 'weighted': 1045.44}","{'tp': 0.0, 'fp': 0.0, 'tn': 4752.0, 'fn': 0, 'n_windows': 0, 'weighted': 1045.44}",True
microsoft,service-unavailable,service-unavailable/unavail-01.csv,TSMixer,False,4752,11088,64,47,1,2.5,-0.0,0,0,0.0,"{'tp': 0.0, 'fp': 0.0, 'tn': 4752.0, 'fn': 0, 'n_windows': 0, 'weighted': 1045.44}","{'tp': 0.0, 'fp': 0.0, 'tn': 4752.0, 'fn': 0, 'n_windows': 0, 'weighted': 1045.44}","{'tp': 0.0, 'fp': 0.0, 'tn': 4752.0, 'fn': 0, 'n_windows': 0, 'weighted': 1045.44}",True
microsoft,service-unavailable,service-unavailable/unavail-01.csv,IsolationForest,False,4752,11088,64,47,1,2.5,-0.0,0,0,0.0,"{'tp': 0.0, 'fp': 0.0, 'tn': 4752.0, 'fn': 0, 'n_windows': 0, 'weighted': 1045.44}","{'tp': 0.0, 'fp': 0.0, 'tn': 4752.0, 'fn': 0, 'n_windows': 0, 'weighted': 1045.44}","{'tp': 0.0, 'fp': 0.0, 'tn': 4752.0, 'fn': 0, 'n_windows': 0, 'weighted': 1045.44}",True
microsoft,mongodb-machine-rps,mongodb-machine-rps/machine-01.csv,Transformer,True,6048,14112,64,60,1,4.0,-19.0,70,9,4.359788359788705,"{'tp': 1.1, 'fp': 11.6, 'tn': 6007.0, 'fn': 8, 'n_windows': 9, 'weighted': 1313.364}","{'tp': 0.0, 'fp': 0.0, 'tn': 6007.0, 'fn': 9, 'n_windows': 9, 'weighted': 1312.54}","{'tp': 9.9, 'fp': 0.0, 'tn': 6007.0, 'fn': 0, 'n_windows': 9, 'weighted': 1331.44}",True
microsoft,mongodb-machine-rps,mongodb-machine-rps/machine-01.csv,TSMixer,True,6048,14112,64,60,1,4.0,-13.0,51,9,4.4067460317463185,"{'tp': 1.025, 'fp': 10.837499999999999, 'tn': 6007.0, 'fn': 8, 'n_windows': 9, 'weighted': 1313.372875}","{'tp': 0.0, 'fp': 0.0, 'tn': 6007.0, 'fn': 9, 'n_windows': 9, 'weighted': 1312.54}","{'tp': 9.9, 'fp': 0.0, 'tn': 6007.0, 'fn': 0, 'n_windows': 9, 'weighted': 1331.44}",True
