model,seed,original_index,y_true,y_pred,p_fake
graphsage,0,23810,0,1,0.617083
graphsage,0,2342,0,0,0.0021317787
graphsage,0,60546,1,1,0.9829144
graphsage,0,58815,1,1,0.9567854
graphsage,0,1126,0,0,0.0024128465
graphsage,0,39904,1,1,0.9954098
graphsage,0,48384,0,0,1.9551338e-05
graphsage,0,43491,1,1,0.99793565
graphsage,0,44356,1,1,0.7328502
graphsage,0,25783,1,1,0.9268632
graphsage,0,38906,1,1,0.99980944
graphsage,0,14591,1,1,0.99991405
graphsage,0,8948,0,0,0.00063325366
graphsage,0,58678,1,1,0.7818983
graphsage,0,46506,1,1,0.7660695
graphsage,0,10272,1,1,0.63515043
graphsage,0,33641,0,1,0.74721956
graphsage,0,818,1,1,0.9920021
graphsage,0,23631,1,1,0.9996419
graphsage,0,37145,0,0,0.00048617384
graphsage,0,67832,1,1,0.9991186
graphsage,0,4211,1,1,0.9992686
graphsage,0,34797,1,1,0.94263756
graphsage,0,260,0,0,0.1837693
graphsage,0,6929,1,1,0.97848994
graphsage,0,71265,1,1,0.9281883
graphsage,0,36582,1,1,0.99567187
graphsage,0,57922,0,0,0.00042477137
graphsage,0,26346,0,0,0.03755234
graphsage,0,27970,1,1,0.9948649
graphsage,0,48901,0,0,0.008400139
graphsage,0,20386,0,0,0.0005673803
graphsage,0,32840,1,1,0.9355625
graphsage,0,36585,1,1,0.9973345
graphsage,0,71987,1,1,0.7660695
graphsage,0,53797,1,1,0.9994875
graphsage,0,21775,1,1,0.99208814
graphsage,0,44943,0,1,0.6258395
graphsage,0,70442,0,0,0.00016681032
graphsage,0,2248,1,1,0.7660695
graphsage,0,27657,1,1,0.9850557
graphsage,0,52070,1,0,0.17439197
graphsage,0,59003,1,1,0.99994326
graphsage,0,18074,0,0,0.0027770349
graphsage,0,27473,1,0,0.027218416
graphsage,0,31828,1,1,0.8498674
graphsage,0,62051,0,0,0.07357423
graphsage,0,30982,1,1,0.9982992
graphsage,0,26210,1,1,0.9999639
graphsage,0,20569,0,0,0.013020361
graphsage,0,65928,0,0,4.739423e-05
graphsage,0,34093,1,1,0.9880762
graphsage,0,27486,1,1,0.9998116
graphsage,0,5253,0,0,0.08010574
graphsage,0,21101,0,0,0.008006175
graphsage,0,45141,1,1,0.98294145
graphsage,0,1159,1,1,0.9022841
graphsage,0,33150,1,1,0.97127557
graphsage,0,52352,0,0,0.0030279858
graphsage,0,36840,0,0,0.00065451313
graphsage,0,66496,0,1,0.6682801
graphsage,0,58723,0,0,0.0025411826
graphsage,0,1163,0,0,0.0657448
graphsage,0,57236,1,1,0.98716867
graphsage,0,26327,1,1,0.9226371
graphsage,0,18687,1,1,0.9998847
graphsage,0,53791,0,0,0.32992536
graphsage,0,22574,1,1,0.99804085
graphsage,0,13748,1,1,0.9998895
graphsage,0,12136,1,1,0.99375063
graphsage,0,39443,1,0,0.49162135
graphsage,0,25807,1,1,0.7660695
graphsage,0,55261,0,0,0.00857588
graphsage,0,27044,1,1,0.9972288
graphsage,0,46368,0,0,0.00024378102
graphsage,0,13799,0,0,0.030502489
graphsage,0,23440,0,0,0.015802557
graphsage,0,69193,1,1,0.9405996
graphsage,0,60382,0,0,0.2699373
graphsage,0,19034,1,1,0.9958546
graphsage,0,17808,0,0,0.0013919895
graphsage,0,42713,0,0,0.009215106
graphsage,0,51093,0,0,0.0009532183
graphsage,0,10681,0,0,0.00037129762
graphsage,0,1229,1,1,0.7949714
graphsage,0,45045,1,1,0.9588769
graphsage,0,40416,0,0,6.060758e-05
graphsage,0,26585,1,1,0.8189036
graphsage,0,62810,0,0,0.0014527271
graphsage,0,24494,1,1,0.92463696
graphsage,0,4314,1,1,0.59719217
graphsage,0,67316,0,0,0.009983627
graphsage,0,66299,0,0,0.017596088
graphsage,0,6509,1,1,0.99926656
graphsage,0,58186,0,0,0.00024608898
graphsage,0,6988,0,0,0.49585044
graphsage,0,3734,0,0,3.478947e-05
graphsage,0,10795,1,1,0.99729234
graphsage,0,42993,0,0,0.007824898
graphsage,0,20640,1,1,0.998514
graphsage,0,54537,1,0,0.47163028
graphsage,0,64417,1,0,0.47805274
graphsage,0,4308,1,1,0.9990258
graphsage,0,68806,0,1,0.94253504
graphsage,0,2675,1,1,0.9924729
graphsage,0,37762,0,0,7.431e-05
graphsage,0,53564,1,0,0.14631607
graphsage,0,22451,0,1,0.6805615
graphsage,0,40688,0,0,0.00060510635
graphsage,0,63858,0,0,0.0017156448
graphsage,0,33206,1,1,0.9943023
graphsage,0,28753,0,0,0.0019253395
graphsage,0,59449,1,1,0.9780105
graphsage,0,68562,1,0,0.17484088
graphsage,0,70106,1,1,0.8115272
graphsage,0,45038,0,0,0.000928116
graphsage,0,488,0,0,0.36162493
graphsage,0,70189,0,0,0.00029635776
graphsage,0,5437,1,1,0.9998332
graphsage,0,16393,0,0,0.007880475
graphsage,0,28240,0,0,0.0121489735
graphsage,0,20446,0,0,0.0038653533
graphsage,0,17852,0,1,0.92761755
graphsage,0,21534,1,1,0.9907727
graphsage,0,32218,0,0,0.0045434544
graphsage,0,18665,1,1,0.7660695
graphsage,0,62777,1,1,0.8469206
graphsage,0,24130,0,0,4.436218e-05
graphsage,0,65897,1,1,0.62975466
graphsage,0,47377,1,1,0.99993837
graphsage,0,59796,1,1,0.9723602
graphsage,0,55003,0,0,0.15137875
graphsage,0,19349,0,0,0.16245922
graphsage,0,71533,1,1,0.7818563
graphsage,0,14474,0,0,0.0015755286
graphsage,0,22384,0,0,0.002246841
graphsage,0,33545,1,1,0.9737099
graphsage,0,17250,1,1,0.9978666
graphsage,0,54657,1,1,0.9742416
graphsage,0,43983,1,1,0.99809235
graphsage,0,62346,1,1,0.89632136
graphsage,0,32207,1,1,0.9995297
graphsage,0,29055,1,1,0.99967706
graphsage,0,51805,1,1,0.9999677
graphsage,0,68302,1,1,0.91308504
graphsage,0,17324,0,0,0.0033565878
graphsage,0,18713,0,0,0.35637674
graphsage,0,65856,1,1,0.8540699
graphsage,0,67765,1,0,0.41958442
graphsage,0,46776,1,1,0.95215464
graphsage,0,63558,1,1,0.9882096
graphsage,0,46172,1,0,0.13190755
graphsage,0,55012,1,1,0.9985183
graphsage,0,8917,0,0,0.0050716717
graphsage,0,1536,0,0,0.0019381478
graphsage,0,27701,1,1,0.9988593
graphsage,0,40482,1,1,0.9997396
graphsage,0,64051,1,1,0.97124106
graphsage,0,54599,1,1,0.9784894
graphsage,0,23553,0,0,0.00054786715
graphsage,0,13002,0,1,0.9182666
graphsage,0,22912,1,1,0.9882774
graphsage,0,22926,1,1,0.97306854
graphsage,0,18511,0,0,0.009050644
graphsage,0,64892,0,0,0.22220387
graphsage,0,69296,0,0,0.0028409357
graphsage,0,6158,0,0,0.0044913385
graphsage,0,43974,1,1,0.9992551
graphsage,0,33806,0,0,0.00035714323
graphsage,0,55010,0,1,0.6309829
graphsage,0,66509,1,1,0.99923575
graphsage,0,20440,0,0,0.0073597683
graphsage,0,51877,0,0,0.0002230745
graphsage,0,37581,1,1,0.9937551
graphsage,0,44393,0,0,0.00061734655
graphsage,0,23358,0,0,0.036345523
graphsage,0,28487,0,1,0.81581384
graphsage,0,9416,0,0,0.0004690255
graphsage,0,56881,1,0,0.09376111
graphsage,0,24213,1,1,0.9992256
graphsage,0,35474,1,1,0.7884771
graphsage,0,46643,1,1,0.9994759
graphsage,0,45025,0,0,8.179365e-05
graphsage,0,50546,1,1,0.9970118
graphsage,0,68624,0,0,0.04404795
graphsage,0,55125,0,0,0.051121976
graphsage,0,36966,0,0,0.005866957
graphsage,0,20967,0,1,0.9847847
graphsage,0,32794,1,1,0.9847247
graphsage,0,1785,1,1,0.9518153
graphsage,0,46774,1,1,0.73181415
graphsage,0,17617,1,1,0.8383994
graphsage,0,18787,1,1,0.9997857
graphsage,0,27550,1,1,0.99958414
graphsage,0,24986,0,1,0.5580449
graphsage,0,14828,0,0,0.0010938805
graphsage,0,37397,0,0,0.062159974
graphsage,0,49312,1,1,0.997523
graphsage,0,40999,0,0,0.00042162032
graphsage,0,36884,1,1,0.99982435
graphsage,0,65967,1,1,0.89359015
graphsage,0,71492,1,1,0.9999453
graphsage,0,34951,1,1,0.9999453
graphsage,0,1223,1,1,0.9935741
graphsage,0,70119,0,0,0.0020645552
graphsage,0,20300,0,0,0.014444587
graphsage,0,14137,0,0,0.11702163
graphsage,0,36963,1,1,0.99885964
graphsage,0,53217,1,1,0.8555452
graphsage,0,13031,1,1,0.99957806
graphsage,0,25788,0,0,0.2552732
graphsage,0,30637,1,1,0.99988866
graphsage,0,44209,1,1,0.99871135
graphsage,0,55192,0,0,0.0005269048
graphsage,0,65979,1,1,0.99297297
graphsage,0,52593,0,0,0.010697007
graphsage,0,21024,1,1,0.9992235
graphsage,0,44629,1,1,0.73803973
graphsage,0,61761,1,1,0.98944587
graphsage,0,18454,0,0,0.03814042
graphsage,0,33241,0,0,0.0018037261
graphsage,0,41570,0,1,0.5633012
graphsage,0,45533,1,1,0.9997384
graphsage,0,59138,1,1,0.9997427
graphsage,0,40732,0,0,0.06264821
graphsage,0,46257,0,0,0.008165296
graphsage,0,20986,0,1,0.86773854
graphsage,0,21289,0,0,0.000439281
graphsage,0,71553,1,1,0.9824625
graphsage,0,29340,0,0,0.0032919825
graphsage,0,11093,1,1,0.9939135
graphsage,0,33437,1,1,0.99925417
graphsage,0,59799,0,0,0.024766492
graphsage,0,70314,0,0,0.13628414
graphsage,0,13870,1,1,0.9985454
graphsage,0,71462,1,0,0.12697679
graphsage,0,15189,1,1,0.9997485
graphsage,0,58716,1,1,0.99996436
graphsage,0,36608,0,0,2.8588165e-05
graphsage,0,20928,1,1,0.98820007
graphsage,0,10809,1,0,0.03747472
graphsage,0,66641,1,1,0.6079128
graphsage,0,60716,0,0,0.0022895301
graphsage,0,68603,0,0,0.00043539764
graphsage,0,20742,0,0,0.0008044845
graphsage,0,52277,1,1,0.999632
graphsage,0,54386,1,1,0.9797698
graphsage,0,71665,1,1,0.94667196
graphsage,0,49617,1,1,0.9889676
graphsage,0,62897,0,0,0.0002409496
graphsage,0,2693,1,1,0.999022
graphsage,0,21795,1,1,0.9969409
graphsage,0,20605,0,1,0.58372426
graphsage,0,39347,0,0,9.2003276e-05
graphsage,0,15848,1,1,0.9994179
graphsage,0,39657,1,1,0.9872892
graphsage,0,16007,1,1,0.9977114
graphsage,0,33753,1,1,0.9995177
graphsage,0,66136,1,1,0.9924333
graphsage,0,38535,1,1,0.99954945
graphsage,0,12581,1,1,0.9922895
graphsage,0,15443,1,1,0.99987686
graphsage,0,24720,1,0,0.22508469
graphsage,0,52008,1,1,0.9423578
graphsage,0,787,1,1,0.9999194
graphsage,0,68185,0,0,0.00057844206
graphsage,0,1326,0,0,0.0074364883
graphsage,0,2606,0,0,0.00024771094
graphsage,0,52043,1,1,0.87047315
graphsage,0,57963,0,0,0.17876227
graphsage,0,41594,1,0,0.4557466
graphsage,0,4860,1,1,0.8273029
graphsage,0,49192,1,1,0.99675155
graphsage,0,40200,1,1,0.9939486
graphsage,0,23171,1,1,0.9998202
graphsage,0,45241,0,1,0.77531016
graphsage,0,18623,0,0,0.00031361255
graphsage,0,66725,1,0,0.0605032
graphsage,0,14712,0,0,2.9794332e-05
graphsage,0,10541,1,1,0.9947896
graphsage,0,33879,0,0,0.0033797366
graphsage,0,23518,1,1,0.64137906
graphsage,0,53371,0,0,0.000729804
graphsage,0,32240,1,1,0.9864131
graphsage,0,58820,0,0,0.00040165885
graphsage,0,35934,1,1,0.99990535
graphsage,0,7097,1,1,0.937765
graphsage,0,63001,0,0,0.008657255
graphsage,0,4813,0,0,0.00011241168
graphsage,0,18428,1,1,0.99994195
graphsage,0,4644,1,1,0.9827958
graphsage,0,56781,0,0,0.25696298
graphsage,0,54555,0,1,0.8917964
graphsage,0,33592,1,1,0.9695329
graphsage,0,38996,1,1,0.9996816
graphsage,0,8608,0,0,0.00011018399
graphsage,0,45212,0,0,0.012963929
graphsage,0,46116,0,0,0.0046319515
graphsage,0,19258,1,1,0.99943084
graphsage,0,5216,0,1,0.8282697
graphsage,0,64980,1,1,0.999556
graphsage,0,41757,1,1,0.9956175
graphsage,0,62850,1,1,0.97785187
graphsage,0,2305,1,1,0.985446
graphsage,0,35411,0,0,0.042963266
graphsage,0,60202,1,1,0.7660695
graphsage,0,67891,0,0,7.591743e-05
graphsage,0,13312,0,0,0.00068740424
graphsage,0,70279,0,0,0.018915547
graphsage,0,28645,1,1,0.9992725
graphsage,0,43867,0,0,0.33074433
graphsage,0,48594,0,0,0.18170919
graphsage,0,39959,0,0,0.0001960325
graphsage,0,27385,1,1,0.9965348
graphsage,0,71915,1,1,0.9366986
graphsage,0,18149,0,1,0.6628875
graphsage,0,7236,1,1,0.99992406
graphsage,0,8061,0,0,0.0013827987
graphsage,0,36656,0,0,0.00013426847
graphsage,0,36326,1,1,0.999874
graphsage,0,33343,1,1,0.9984775
graphsage,0,1658,1,1,0.9978739
graphsage,0,58012,1,1,0.9993469
graphsage,0,7742,0,0,0.0004601651
graphsage,0,6919,0,0,0.0030931719
graphsage,0,48772,0,0,0.14402136
graphsage,0,1122,0,0,0.10229683
graphsage,0,37020,0,0,0.008087642
graphsage,0,19832,0,0,0.0017067482
graphsage,0,65918,1,1,0.9707389
graphsage,0,41725,1,1,0.9986809
graphsage,0,40512,0,1,0.7977866
graphsage,0,64042,1,1,0.85225326
graphsage,0,57303,1,1,0.9993926
graphsage,0,39860,1,1,0.98961616
graphsage,0,2427,0,0,0.0020792887
graphsage,0,18403,1,1,0.7660695
graphsage,0,38499,1,0,0.23799616
graphsage,0,55076,0,0,0.015876459
graphsage,0,66643,1,1,0.99981195
graphsage,0,51125,1,1,0.9746217
graphsage,0,12948,1,1,0.847235
graphsage,0,27438,1,1,0.9999819
graphsage,0,56144,1,1,0.99607074
graphsage,0,24461,0,1,0.6249635
graphsage,0,46231,0,1,0.5733077
graphsage,0,10234,1,0,0.26792324
graphsage,0,50848,1,0,0.2787237
graphsage,0,31432,1,1,0.9674797
graphsage,0,22985,1,1,0.88606304
graphsage,0,38739,0,0,0.0012646556
graphsage,0,26623,0,0,0.00016626724
graphsage,0,15075,0,0,0.05454877
graphsage,0,65003,0,1,0.583764
graphsage,0,3738,1,1,0.87850547
graphsage,0,48258,0,0,0.013155015
graphsage,0,20190,0,0,0.00057013583
graphsage,0,8222,0,0,0.078203
graphsage,0,2769,1,1,0.9999651
graphsage,0,64575,1,1,0.6983801
graphsage,0,23038,1,1,0.984213
graphsage,0,36126,0,1,0.8917182
graphsage,0,57636,0,0,0.00013440938
graphsage,0,64574,0,0,0.054354507
graphsage,0,25510,1,1,0.99490947
graphsage,0,45798,0,0,0.24953802
graphsage,0,45230,1,1,0.99906236
graphsage,0,9942,1,1,0.9991308
graphsage,0,61902,1,0,0.3027452
graphsage,0,13522,1,1,0.8874503
graphsage,0,35967,0,0,0.23756361
graphsage,0,21134,1,1,0.9996371
graphsage,0,2146,0,0,0.008821551
graphsage,0,28785,1,1,0.87592256
graphsage,0,64779,1,1,0.9913635
graphsage,0,60832,1,1,0.557906
graphsage,0,9484,1,1,0.9999672
graphsage,0,22027,1,1,0.99372584
graphsage,0,4340,1,1,0.9996171
graphsage,0,39127,1,1,0.9979564
graphsage,0,55228,0,0,0.002186857
graphsage,0,63254,0,0,0.03319126
graphsage,0,36803,0,0,0.18970251
graphsage,0,38613,0,0,0.0011365089
graphsage,0,10259,1,1,0.9754353
graphsage,0,19987,0,0,0.0025623157
graphsage,0,10973,0,0,0.21422593
graphsage,0,26360,0,0,0.0039568204
graphsage,0,71275,0,0,0.028536486
graphsage,0,24296,0,0,0.00038719407
graphsage,0,55342,1,1,0.99284196
graphsage,0,35151,1,1,0.9718094
graphsage,0,9649,1,1,0.9988213
graphsage,0,44946,1,1,0.92948234
graphsage,0,70532,0,0,2.6403179e-05
graphsage,0,2484,0,1,0.56426716
graphsage,0,27555,1,1,0.9935847
graphsage,0,10028,1,1,0.99995065
graphsage,0,57602,0,0,0.10888317
graphsage,0,45295,0,0,0.017242294
graphsage,0,615,0,0,0.0014125899
graphsage,0,61934,1,1,0.9965011
graphsage,0,58220,1,1,0.98650336
graphsage,0,20403,0,0,0.060864918
graphsage,0,2939,1,1,0.9992034
graphsage,0,14720,0,0,0.0030292487
graphsage,0,63118,0,0,0.0033519298
graphsage,0,56659,0,0,0.07011592
graphsage,0,9836,1,1,0.89925843
graphsage,0,69743,0,0,0.20756602
graphsage,0,9112,1,1,0.99154365
graphsage,0,6937,1,1,0.9995303
graphsage,0,65223,0,0,0.002301716
graphsage,0,58457,0,0,0.32986537
graphsage,0,49331,0,0,0.0120961005
graphsage,0,29907,1,1,0.85864806
graphsage,0,41140,0,0,0.17465419
graphsage,0,61485,1,1,0.94521856
graphsage,0,61524,1,1,0.9875858
graphsage,0,41778,1,1,0.9971456
graphsage,0,19905,1,1,0.94311064
graphsage,0,64114,1,1,0.7730697
graphsage,0,67761,1,1,0.99253756
graphsage,0,37592,0,0,1.911311e-05
graphsage,0,36188,1,1,0.99692565
graphsage,0,32750,0,0,0.004656018
graphsage,0,64146,1,1,0.99993896
graphsage,0,10450,1,1,0.95554626
graphsage,0,60117,1,1,0.50394046
graphsage,0,40605,1,1,0.8039191
graphsage,0,70839,1,1,0.9998865
graphsage,0,71014,1,1,0.99975735
graphsage,0,15604,0,0,0.041497532
graphsage,0,53176,1,1,0.9872247
graphsage,0,6839,1,1,0.92453283
graphsage,0,51229,1,1,0.9999635
graphsage,0,7184,0,0,0.093183726
graphsage,0,33115,1,1,0.59445536
graphsage,0,21347,0,0,0.003729723
graphsage,0,27259,0,0,0.0004967182
graphsage,0,53448,1,1,0.99626666
graphsage,0,44062,0,0,0.27702895
graphsage,0,29140,0,0,0.0029837054
graphsage,0,30715,1,1,0.99974567
graphsage,0,13814,0,0,0.35189226
graphsage,0,68747,1,1,0.93869954
graphsage,0,5212,0,0,0.00011932291
graphsage,0,67946,0,0,0.003015748
graphsage,0,60605,1,0,0.47642478
graphsage,0,8437,1,1,0.7660695
graphsage,0,69498,0,0,0.029434979
graphsage,0,31459,0,0,0.008068808
graphsage,0,42818,1,1,0.99927014
graphsage,0,38299,1,1,0.7815659
graphsage,0,39620,1,1,0.9986916
graphsage,0,29801,0,0,0.0032305785
graphsage,0,44194,0,0,0.0440825
graphsage,0,642,1,1,0.9996476
graphsage,0,15486,1,1,0.9929684
graphsage,0,47974,1,1,0.86121786
graphsage,0,49075,1,1,0.9999933
graphsage,0,4377,0,0,0.00054059766
graphsage,0,10561,0,0,0.0020333661
graphsage,0,66211,0,0,0.0016164223
graphsage,0,11403,1,1,0.9760485
graphsage,0,47574,0,1,0.80399185
graphsage,0,25854,1,1,0.8932964
graphsage,0,32347,1,0,0.288613
graphsage,0,64712,0,0,0.0008693529
graphsage,0,49375,1,1,0.9952832
graphsage,0,9908,1,1,0.7123717
graphsage,0,20530,0,0,0.00021166264
graphsage,0,44850,1,1,0.9731795
graphsage,0,8831,1,1,0.99980277
graphsage,0,17217,1,0,0.11335847
graphsage,0,69911,1,1,0.9585161
graphsage,0,4727,1,1,0.9542098
graphsage,0,31274,1,0,0.4424617
graphsage,0,44447,1,0,0.18393117
graphsage,0,35790,1,0,0.05421565
graphsage,0,46370,0,0,0.037999675
graphsage,0,28484,0,0,0.0023609237
graphsage,0,28040,0,0,0.09266368
graphsage,0,2495,1,1,0.9771229
graphsage,0,26736,0,0,0.13926773
graphsage,0,65149,0,0,0.27221248
graphsage,0,59945,1,1,0.9728494
graphsage,0,21351,1,1,0.9704129
graphsage,0,20785,1,1,0.99983156
graphsage,0,26581,0,0,0.010050484
graphsage,0,52761,0,0,0.0058680885
graphsage,0,44080,1,1,0.94290084
graphsage,0,55533,1,1,0.9970758
graphsage,0,21673,0,0,1.991306e-05
graphsage,0,3312,1,1,0.8359466
graphsage,0,4270,0,0,0.0045413775
graphsage,0,35121,0,1,0.9968599
graphsage,0,58989,1,1,0.9812779
graphsage,0,25385,0,0,0.01781867
graphsage,0,42001,0,0,0.011538288
graphsage,0,20882,1,0,0.3806017
graphsage,0,62929,0,0,0.038016517
graphsage,0,46471,1,1,0.99817216
graphsage,0,7486,0,0,0.022770148
graphsage,0,3757,1,1,0.9852624
graphsage,0,31160,0,0,6.2770625e-05
graphsage,0,62544,1,0,0.4092523
graphsage,0,9714,0,0,0.039455585
graphsage,0,41272,0,0,0.0043314486
graphsage,0,68716,1,1,0.9998876
graphsage,0,54390,1,1,0.6967017
graphsage,0,9473,0,0,0.03396361
graphsage,0,24882,0,0,0.00044994874
graphsage,0,26773,1,1,0.9985317
graphsage,0,50471,1,1,0.98742294
graphsage,0,36924,0,0,0.066212356
graphsage,0,27962,1,1,0.9993137
graphsage,0,7254,0,0,0.11655998
graphsage,0,46779,0,0,0.14812993
graphsage,0,4965,0,0,0.03658375
graphsage,0,20113,0,0,6.759915e-05
graphsage,0,37250,0,0,0.007415681
graphsage,0,3704,0,1,0.80319864
graphsage,0,54069,1,1,0.99925274
graphsage,0,43068,1,1,0.9999008
graphsage,0,6441,1,1,0.7660695
graphsage,0,63592,0,1,0.67611
graphsage,0,24478,1,1,0.99687046
graphsage,0,37493,1,1,0.95233375
graphsage,0,36706,1,1,0.999311
graphsage,0,59139,1,1,0.9907318
graphsage,0,3854,1,1,0.9914682
graphsage,0,16711,0,0,0.001781908
graphsage,0,5874,0,0,0.0009908372
graphsage,0,43894,0,1,0.9262461
graphsage,0,38643,0,0,0.010616324
graphsage,0,53832,0,0,0.02500045
graphsage,0,44860,1,1,0.9986914
graphsage,0,48887,1,1,0.7660695
graphsage,0,47568,1,1,0.9999155
graphsage,0,18586,1,1,0.9995414
graphsage,0,19656,1,1,0.9999496
graphsage,0,24537,1,1,0.9499043
graphsage,0,34761,1,1,0.9997713
graphsage,0,63807,0,0,0.09369479
graphsage,0,41399,0,0,0.015934348
graphsage,0,10037,0,0,0.13737895
graphsage,0,51743,1,1,0.7660695
graphsage,0,71417,0,0,9.036342e-05
graphsage,0,50708,1,1,0.9782324
graphsage,0,60816,1,1,0.9938601
graphsage,0,36576,0,1,0.7107057
graphsage,0,44115,1,1,0.9943342
graphsage,0,16405,0,0,0.021800134
graphsage,0,11997,1,1,0.9952058
graphsage,0,21028,0,0,0.023080101
graphsage,0,28597,1,0,0.25920436
graphsage,0,47133,1,1,0.9801579
graphsage,0,27619,1,1,0.8205436
graphsage,0,26645,0,0,0.06938399
graphsage,0,50168,0,0,0.01891486
graphsage,0,69755,1,1,0.68303794
graphsage,0,69212,0,0,0.120103255
graphsage,0,18104,1,0,0.48699015
graphsage,0,64332,1,1,0.64151204
graphsage,0,67038,1,1,0.99066216
graphsage,0,42678,0,0,0.0066825184
graphsage,0,5109,0,0,0.010534215
graphsage,0,35242,1,0,0.3546106
graphsage,0,56820,1,1,0.99991727
graphsage,0,23908,1,1,0.9833679
graphsage,0,60067,0,0,3.1443265e-05
graphsage,0,12551,1,1,0.97641945
graphsage,0,25171,1,1,0.9789211
graphsage,0,33059,0,0,0.004373923
graphsage,0,54174,1,1,0.9996247
graphsage,0,5150,1,1,0.996626
graphsage,0,69520,1,0,0.069815814
graphsage,0,35580,1,1,0.9763782
graphsage,0,4808,1,1,0.9997712
graphsage,0,38232,0,0,0.0019130472
graphsage,0,44624,0,0,0.0008559927
graphsage,0,27227,1,0,0.31020385
graphsage,0,47473,1,1,0.99940765
graphsage,0,52668,1,1,0.99990416
graphsage,0,66605,1,1,0.9800309
graphsage,0,28309,1,1,0.9814088
graphsage,0,46474,0,0,0.0045016226
graphsage,0,9304,0,0,3.528498e-05
graphsage,0,5084,1,1,0.6463728
graphsage,0,47549,0,0,0.045293823
graphsage,0,12829,1,0,0.15994005
graphsage,0,19032,1,1,0.99995685
graphsage,0,13922,0,0,0.05835944
graphsage,0,37697,1,1,0.9964169
graphsage,0,23410,1,1,0.99482167
graphsage,0,64406,1,1,0.9995303
graphsage,0,9522,1,1,0.907098
graphsage,0,44434,0,1,0.6002258
graphsage,0,26994,0,0,0.00035067418
graphsage,0,20746,1,1,0.9992021
graphsage,0,60958,1,1,0.9429241
graphsage,0,32111,0,0,0.0019447606
graphsage,0,58786,1,1,0.99559975
graphsage,0,29181,1,1,0.920249
graphsage,0,67321,0,0,0.0058313515
graphsage,0,54481,1,1,0.9927527
graphsage,0,53968,1,1,0.8932969
graphsage,0,40418,0,0,0.038717225
graphsage,0,33851,0,0,0.012032357
graphsage,0,56258,1,0,0.3099118
graphsage,0,16134,0,0,0.35793895
graphsage,0,11010,1,1,0.999154
graphsage,0,343,0,1,0.70215756
graphsage,0,57816,1,1,0.9991093
graphsage,0,52487,1,1,0.9942649
graphsage,0,18297,0,0,0.00048676785
graphsage,0,38076,1,1,0.9967624
graphsage,0,19850,0,0,0.10982209
graphsage,0,31784,0,0,0.0022798467
graphsage,0,59074,0,1,0.7911237
graphsage,0,22116,0,0,0.11496436
graphsage,0,9361,1,1,0.987288
graphsage,0,50321,1,0,0.49326158
graphsage,0,61887,0,0,2.9612816e-05
graphsage,0,7585,1,1,0.99988186
graphsage,0,10650,1,1,0.7074546
graphsage,0,61200,1,1,0.74115044
graphsage,0,69293,1,1,0.9949838
graphsage,0,21701,1,1,0.9878927
graphsage,0,32233,0,0,0.0009029589
graphsage,0,66015,0,0,0.3511418
graphsage,0,64770,1,1,0.99977916
graphsage,0,7373,1,1,0.9997061
graphsage,0,63626,1,1,0.8910993
graphsage,0,60530,1,1,0.99939823
graphsage,0,51355,0,0,0.022590797
graphsage,0,38154,0,0,0.001272741
graphsage,0,54860,1,1,0.9993538
graphsage,0,70951,1,1,0.87696624
graphsage,0,7628,1,1,0.99657685
graphsage,0,21170,0,0,0.4581118
graphsage,0,27809,1,1,0.9999176
graphsage,0,55163,0,0,0.058237888
graphsage,0,37891,1,1,0.9764612
graphsage,0,29083,0,0,0.17693606
graphsage,0,39967,1,1,0.9997713
graphsage,0,55262,0,0,0.007291148
graphsage,0,62049,1,1,0.9996012
graphsage,0,9858,1,1,0.7660695
graphsage,0,7068,1,1,0.99146163
graphsage,0,16593,0,0,0.0018737022
graphsage,0,22454,0,0,0.0007164584
graphsage,0,7920,1,1,0.9999913
graphsage,0,9095,1,1,0.99990606
graphsage,0,32485,0,0,0.0001806403
graphsage,0,69749,1,1,0.75089514
graphsage,0,2456,1,1,0.9998534
graphsage,0,24180,1,1,0.99987113
graphsage,0,29119,0,0,0.13692632
graphsage,0,55806,0,1,0.747987
graphsage,0,26215,1,0,0.09471347
graphsage,0,69381,1,1,0.9988883
graphsage,0,68502,0,1,0.701648
graphsage,0,35704,0,0,6.7887515e-05
graphsage,0,5800,0,0,0.113766044
graphsage,0,64434,1,1,0.9992761
graphsage,0,5602,0,0,0.031323563
graphsage,0,2736,0,0,0.03628106
graphsage,0,17532,0,0,0.42546016
graphsage,0,43771,1,1,0.9999852
graphsage,0,41756,0,0,0.06704822
graphsage,0,4343,1,1,0.8102079
graphsage,0,40780,0,0,0.0026787936
graphsage,0,7867,0,0,0.10721193
graphsage,0,70319,1,1,0.8046139
graphsage,0,63447,0,0,0.03376569
graphsage,0,6171,0,0,0.00055134523
graphsage,0,18658,1,1,0.9969875
graphsage,0,27022,1,1,0.9989881
graphsage,0,15084,1,1,0.99979085
graphsage,0,11828,1,1,0.99985266
graphsage,0,66468,1,1,0.98652786
graphsage,0,37154,0,0,7.1429095e-05
graphsage,0,66538,0,0,0.002248768
graphsage,0,68410,0,0,0.00015320144
graphsage,0,49035,0,0,0.01233595
graphsage,0,35747,1,1,0.99680126
graphsage,0,36203,0,0,0.4162108
graphsage,0,40550,0,0,0.047892027
graphsage,0,23143,0,0,0.029461658
graphsage,0,31473,1,0,0.09206664
graphsage,0,49604,0,0,0.00037814226
graphsage,0,68724,1,0,0.23711747
graphsage,0,64284,0,0,0.038619976
graphsage,0,12009,0,0,0.37323633
graphsage,0,42845,1,1,0.9379447
graphsage,0,29646,0,0,0.00091782276
graphsage,0,36997,1,1,0.9973304
graphsage,0,8310,0,0,0.0019694339
graphsage,0,66250,1,1,0.99659544
graphsage,0,69140,0,1,0.97363865
graphsage,0,49838,1,1,0.9537564
graphsage,0,70903,0,0,0.00519221
graphsage,0,26477,1,0,0.12282836
graphsage,0,11905,0,0,0.00020356028
graphsage,0,30812,1,1,0.9996567
graphsage,0,8735,0,0,0.002784156
graphsage,0,31138,0,0,0.12803757
graphsage,0,13199,0,0,0.46403342
graphsage,0,60988,1,1,0.99989784
graphsage,0,64103,0,0,0.00062748254
graphsage,0,52167,0,0,0.021199264
graphsage,0,22928,1,0,0.3508389
graphsage,0,20989,1,1,0.995972
graphsage,0,4306,0,0,0.00035053547
graphsage,0,54857,0,0,0.07828691
graphsage,0,51574,1,1,0.98457885
graphsage,0,24663,1,1,0.9989272
graphsage,0,16648,1,1,0.99996996
graphsage,0,3101,0,0,0.09230909
graphsage,0,10139,0,1,0.63734263
graphsage,0,8872,0,0,0.0016930735
graphsage,0,37880,0,0,0.00402215
graphsage,0,4345,1,1,0.99889636
graphsage,0,14643,0,0,0.059603874
graphsage,0,16835,0,0,0.006862556
graphsage,0,65871,0,0,0.040221613
graphsage,0,15626,0,0,0.017843382
graphsage,0,15542,0,0,0.00027436417
graphsage,0,36838,1,1,0.9912937
graphsage,0,42293,0,0,0.00038253982
graphsage,0,23694,0,0,0.0021693665
graphsage,0,50337,0,0,0.0008104893
graphsage,0,70955,0,0,0.008871288
graphsage,0,11371,0,0,0.0011312787
graphsage,0,66503,0,0,0.005029743
graphsage,0,22633,1,1,0.5641551
graphsage,0,61198,1,1,0.52745
graphsage,0,29768,0,0,0.3486944
graphsage,0,14577,0,0,0.007794589
graphsage,0,42129,1,1,0.998451
graphsage,0,22501,1,1,0.9785781
graphsage,0,9721,0,0,0.0003184504
graphsage,0,9403,0,0,0.0011794145
graphsage,0,57234,1,1,0.690416
graphsage,0,60817,0,0,0.042935062
graphsage,0,31868,1,1,0.99570954
graphsage,0,30493,1,1,0.9800309
graphsage,0,23466,0,0,0.00038722044
graphsage,0,8083,0,0,0.011055361
graphsage,0,36748,1,1,0.64595085
graphsage,0,8055,0,0,0.0050595207
graphsage,0,33655,0,0,0.00314513
graphsage,0,50159,1,1,0.96287453
graphsage,0,18855,1,1,0.9997553
graphsage,0,70400,1,1,0.7660695
graphsage,0,36614,1,1,0.99784803
graphsage,0,15432,1,1,0.99961567
graphsage,0,62348,1,1,0.9838991
graphsage,0,15822,0,0,0.0022637188
graphsage,0,34585,0,0,0.000436814
graphsage,0,39240,0,0,0.10035671
graphsage,0,8968,1,1,0.9999317
graphsage,0,42516,1,1,0.9972373
graphsage,0,18846,1,1,0.9999566
graphsage,0,67682,1,1,0.99987626
graphsage,0,15179,1,1,0.9995504
graphsage,0,20732,1,1,0.7325845
graphsage,0,3532,1,1,0.94061965
graphsage,0,38587,0,0,0.00045023143
graphsage,0,41431,0,0,1.9721936e-06
graphsage,0,58533,0,0,0.001177038
graphsage,0,16368,0,0,0.0017563207
graphsage,0,50285,1,1,0.8738359
graphsage,0,16751,1,1,0.9981962
graphsage,0,55524,1,1,0.9925476
graphsage,0,49478,1,1,0.9918532
graphsage,0,56055,0,0,0.00027433588
graphsage,0,8044,0,0,0.0049076313
graphsage,0,66516,1,0,0.07710469
graphsage,0,24727,1,1,0.5068032
graphsage,0,35077,1,1,0.7660695
graphsage,0,49573,0,0,0.00412579
graphsage,0,30663,1,1,0.993832
graphsage,0,17504,0,0,0.008767133
graphsage,0,1674,1,1,0.6944038
graphsage,0,66747,0,0,0.000117418545
graphsage,0,52047,1,1,0.99965465
graphsage,0,1594,1,1,0.99929976
graphsage,0,50817,1,1,0.9999863
graphsage,0,44119,0,0,0.27186447
graphsage,0,2134,0,0,0.051277496
graphsage,0,35315,1,1,0.9344656
graphsage,0,59319,0,0,0.009003416
graphsage,0,57383,1,1,0.9947319
graphsage,0,28337,1,1,0.99870205
graphsage,0,48690,1,1,0.99204683
graphsage,0,35662,1,1,0.894839
graphsage,0,54986,1,1,0.7660695
graphsage,0,67201,0,0,0.10912701
graphsage,0,32116,1,1,0.99366176
graphsage,0,72003,1,1,0.9999398
graphsage,0,30255,1,1,0.91068804
graphsage,0,68282,0,0,0.00018269329
graphsage,0,60481,1,1,0.9522725
graphsage,0,46772,1,0,0.40450892
graphsage,0,20176,1,1,0.9995161
graphsage,0,5321,0,0,0.0041724886
graphsage,0,18071,0,0,0.0006180604
graphsage,0,67428,1,1,0.96976376
graphsage,0,62628,1,1,0.9799774
graphsage,0,19551,1,1,0.7660695
graphsage,0,6127,1,0,0.07732477
graphsage,0,69151,0,0,0.27569672
graphsage,0,32742,0,0,0.00015694134
graphsage,0,9143,1,1,0.93906265
graphsage,0,294,1,1,0.98211426
graphsage,0,47901,0,0,0.0024000942
graphsage,0,53254,0,0,0.027804883
graphsage,0,68303,1,1,0.9998287
graphsage,0,15398,0,0,0.00025052764
graphsage,0,53814,0,0,0.05211013
graphsage,0,29812,0,0,0.010185251
graphsage,0,24575,1,1,0.99977106
graphsage,0,70785,1,1,0.99999547
graphsage,0,7907,0,0,0.29673642
graphsage,0,37313,0,0,0.0030756448
graphsage,0,37700,1,1,0.9956078
graphsage,0,25286,0,0,0.0041079293
graphsage,0,28364,1,1,0.90154463
graphsage,0,42377,0,1,0.8816055
graphsage,0,60310,0,1,0.5371171
graphsage,0,39472,1,1,0.6787112
graphsage,0,59837,0,0,0.11977318
graphsage,0,5781,1,1,0.8563558
graphsage,0,18945,0,0,6.8919276e-06
graphsage,0,52563,0,0,0.35904306
graphsage,0,40228,1,1,0.74430007
graphsage,0,15160,0,0,0.005227418
graphsage,0,42544,1,1,0.99910957
graphsage,0,55972,0,0,0.016033644
graphsage,0,60168,1,1,0.51173055
graphsage,0,12424,1,1,0.9802162
graphsage,0,51820,0,0,0.0005624032
graphsage,0,25620,0,0,0.4170999
graphsage,0,53516,1,1,0.99992156
graphsage,0,44352,1,1,0.99344337
graphsage,0,70336,0,0,0.054422256
graphsage,0,20522,1,1,0.88135487
graphsage,0,42205,1,1,0.9975799
graphsage,0,66144,1,0,0.22394592
graphsage,0,63067,0,0,0.15448955
graphsage,0,23801,0,0,0.00015265403
graphsage,0,33800,1,1,0.99797374
graphsage,0,26986,0,0,0.00011005158
graphsage,0,64442,1,0,0.33896923
graphsage,0,20702,1,1,0.99347633
graphsage,0,47794,0,0,0.0023820696
graphsage,0,56341,0,0,0.000109837594
graphsage,0,1316,1,1,0.96022147
graphsage,0,21233,0,1,0.6143873
graphsage,0,41373,1,0,0.44415355
graphsage,0,45254,1,1,0.9830231
graphsage,0,2525,1,1,0.99166757
graphsage,0,16493,1,1,0.8322025
graphsage,0,28569,0,1,0.8778394
graphsage,0,20803,1,1,0.8226898
graphsage,0,23494,1,1,0.7660695
graphsage,0,24443,0,0,0.06379331
graphsage,0,41283,1,1,0.9975068
graphsage,0,41636,0,1,0.6869703
graphsage,0,66357,0,0,0.0033133246
graphsage,0,68046,1,1,0.99433124
graphsage,0,42276,1,1,0.9993753
graphsage,0,3663,0,0,0.11496758
graphsage,0,64788,1,1,0.9954874
graphsage,0,54316,1,0,0.32094127
graphsage,0,13459,0,0,0.12282429
graphsage,0,34467,0,0,0.025321037
graphsage,0,17555,0,0,1.9470994e-05
graphsage,0,4677,0,0,0.0010551217
graphsage,0,53764,1,1,0.9948144
graphsage,0,25559,1,1,0.99442506
graphsage,0,71154,1,1,0.923609
graphsage,0,62699,0,0,0.0035531945
graphsage,0,49762,0,0,0.02118944
graphsage,0,25962,0,0,0.01688343
graphsage,0,22721,1,1,0.99477494
graphsage,0,56975,0,0,0.016801551
graphsage,0,29533,0,0,0.0563707
graphsage,0,47218,1,1,0.9898067
graphsage,0,50095,0,0,0.0025554833
graphsage,0,17337,0,0,0.00011224961
graphsage,0,13066,1,1,0.9995566
graphsage,0,28465,0,0,0.056223113
graphsage,0,21559,0,0,0.0006772704
graphsage,0,9662,0,0,5.1324754e-05
graphsage,0,55025,0,0,0.0028599342
graphsage,0,11379,1,1,0.9994222
graphsage,0,3799,1,1,0.93247765
graphsage,0,29286,1,1,0.9991866
graphsage,0,9605,1,1,0.804528
graphsage,0,5314,0,0,0.023322264
graphsage,0,55919,1,1,0.99530315
graphsage,0,17034,1,1,0.9991736
graphsage,0,11736,0,0,0.021781132
graphsage,0,3419,0,0,0.00018747342
graphsage,0,65572,1,1,0.99280965
graphsage,0,27812,1,1,0.9990459
graphsage,0,62467,0,1,0.8860369
graphsage,0,48242,1,1,0.97829753
graphsage,0,58350,1,1,0.85263425
graphsage,0,3525,0,0,0.13915645
graphsage,0,62174,0,0,0.0007361324
graphsage,0,59163,0,0,0.2799857
graphsage,0,32881,0,0,0.38836336
graphsage,0,31875,1,1,0.9965857
graphsage,0,69102,0,0,0.012450668
graphsage,0,42337,1,1,0.9521532
graphsage,0,6972,1,1,0.95423245
graphsage,0,3448,1,1,0.9989655
graphsage,0,59546,1,1,0.83386344
graphsage,0,29144,1,1,0.98921597
graphsage,0,34414,1,1,0.9997274
graphsage,0,44186,1,1,0.9999783
graphsage,0,68076,0,0,0.00020149002
graphsage,0,63585,1,1,0.99196213
graphsage,0,62758,1,1,0.9148938
graphsage,0,26438,0,0,0.1910062
graphsage,0,46758,0,1,0.7645387
graphsage,0,13148,1,1,0.98465663
graphsage,0,45762,1,1,0.5010741
graphsage,0,56484,0,1,0.7882136
graphsage,0,70378,0,0,0.05579113
graphsage,0,12850,0,0,0.0022760753
graphsage,0,38223,0,0,0.0071762567
graphsage,0,50415,1,1,0.9991042
graphsage,0,39379,0,0,0.009293407
graphsage,0,37711,0,0,0.0022716897
graphsage,0,12611,0,0,0.0006965818
graphsage,0,14733,0,0,0.0037967835
graphsage,0,25547,1,1,0.8912805
graphsage,0,10997,0,0,0.015320973
graphsage,0,220,1,1,0.968323
graphsage,0,71548,0,0,0.039463446
graphsage,0,20911,1,1,0.9989254
graphsage,0,65449,1,1,0.99996996
graphsage,0,45135,1,1,0.86276394
graphsage,0,36366,0,0,6.295887e-05
graphsage,0,54585,0,0,0.00012436154
graphsage,0,213,0,0,0.034238104
graphsage,0,25274,0,1,0.99780506
graphsage,0,41036,0,0,0.05151411
graphsage,0,7913,0,0,0.007838285
graphsage,0,10045,1,0,0.32261315
graphsage,0,70573,1,1,0.9445754
graphsage,0,53183,0,0,0.14124893
graphsage,0,61247,1,1,0.99089783
graphsage,0,2972,1,0,0.38324004
graphsage,0,4446,0,1,0.7427332
graphsage,0,16307,1,1,0.9862769
graphsage,0,49976,1,1,0.99537563
graphsage,0,18289,0,0,0.0012631424
graphsage,0,56800,0,0,0.0009319085
graphsage,0,70989,1,1,0.99998987
graphsage,0,13711,0,0,0.06112828
graphsage,0,9991,0,1,0.8928098
graphsage,0,47252,0,0,0.26848269
graphsage,0,68383,1,1,0.88654333
graphsage,0,18129,0,0,0.0029053171
graphsage,0,60467,1,1,0.9991335
graphsage,0,946,0,0,0.16979593
graphsage,0,54138,1,1,0.99616903
graphsage,0,31949,1,1,0.9468243
graphsage,0,22984,0,0,0.004116543
graphsage,0,39788,1,1,0.9958253
graphsage,0,46967,1,1,0.8749556
graphsage,0,43199,1,1,0.99994504
graphsage,0,58897,1,1,0.9982754
graphsage,0,51464,1,1,0.80615324
graphsage,0,11039,1,1,0.9989423
graphsage,0,9256,1,1,0.90474856
graphsage,0,27777,1,1,0.99997437
graphsage,0,39495,0,0,0.0011785497
graphsage,0,8830,1,1,0.9083399
graphsage,0,3298,0,0,0.005262919
graphsage,0,30714,1,1,0.85577077
graphsage,0,69758,1,1,0.68793386
graphsage,0,60405,1,1,0.9220743
graphsage,0,53958,1,1,0.9994522
graphsage,0,59989,1,1,0.9982399
graphsage,0,69414,1,1,0.99989355
graphsage,0,53441,1,1,0.5208735
graphsage,0,54320,1,1,0.9956726
graphsage,0,26174,1,1,0.9979961
graphsage,0,60436,1,0,0.0700602
graphsage,0,58793,1,1,0.99986243
graphsage,0,27144,1,1,0.9987037
graphsage,0,9428,0,0,0.0069744843
graphsage,0,14123,1,1,0.999949
graphsage,0,6584,1,1,0.9991602
graphsage,0,11265,0,0,5.7154466e-06
graphsage,0,64110,1,1,0.98589593
graphsage,0,66480,0,1,0.8778514
graphsage,0,63594,1,0,0.3769785
graphsage,0,44289,0,0,0.09047245
graphsage,0,23426,0,0,0.18347055
graphsage,0,39764,1,1,0.9251954
graphsage,0,48022,0,0,0.0034471848
graphsage,0,48672,0,1,0.701699
graphsage,0,6814,1,1,0.9982785
graphsage,0,58967,1,1,0.99709535
graphsage,0,9956,1,0,0.40359935
graphsage,0,6027,0,0,0.031772517
graphsage,0,924,1,1,0.56396234
graphsage,0,60254,1,1,0.9966427
graphsage,0,4979,1,1,0.9773397
graphsage,0,38027,1,1,0.9987974
graphsage,0,70682,0,0,0.00156247
graphsage,0,45323,0,0,0.06665478
graphsage,0,27917,1,1,0.999948
graphsage,0,14964,1,1,0.9978557
graphsage,0,24020,0,0,0.07858224
graphsage,0,68859,1,1,0.9833723
graphsage,0,30592,1,1,0.84533924
graphsage,0,69309,0,0,0.10573817
graphsage,0,23179,0,0,0.0030344522
graphsage,0,48569,1,1,0.98615104
graphsage,0,69376,1,1,0.9869805
graphsage,0,31015,0,0,0.011397635
graphsage,0,65373,1,1,0.9972269
graphsage,0,19397,1,1,0.9802507
graphsage,0,53772,1,1,0.9995763
graphsage,0,6879,0,0,0.007882195
graphsage,0,42188,1,1,0.87248844
graphsage,0,17761,0,0,0.00014927953
graphsage,0,57691,0,0,0.08200699
graphsage,0,16076,1,1,0.99250096
graphsage,0,41672,1,1,0.7733947
graphsage,0,41476,0,0,0.08792457
graphsage,0,69941,0,0,0.10862375
graphsage,0,52435,0,0,0.0039612767
graphsage,0,67823,0,0,0.0005690652
graphsage,0,63348,0,0,0.0018991007
graphsage,0,52372,1,1,0.9973653
graphsage,0,45503,0,0,0.026635155
graphsage,0,57116,0,1,0.59145457
graphsage,0,56082,0,0,0.0004804195
graphsage,0,40586,0,0,0.0017725729
graphsage,0,16014,0,0,0.017185139
graphsage,0,11085,1,0,0.15750293
graphsage,0,71004,0,1,0.9549954
graphsage,0,22549,1,1,0.96157455
graphsage,0,25068,1,1,0.9955605
graphsage,0,2385,0,1,0.78263867
graphsage,0,18126,0,0,0.00014303028
graphsage,0,12026,0,1,0.65479565
graphsage,0,59183,0,0,0.0006274595
graphsage,0,8180,1,1,0.9865291
graphsage,0,64386,0,0,0.00027105433
graphsage,0,51869,1,1,0.9781979
graphsage,0,43793,1,1,0.8076412
graphsage,0,31476,0,0,0.0067705614
graphsage,0,49171,1,1,0.9998265
graphsage,0,69392,0,0,7.5819036e-05
graphsage,0,67113,0,0,0.12834142
graphsage,0,25673,1,1,0.9999324
graphsage,0,66189,1,1,0.61047703
graphsage,0,24176,0,0,0.4595438
graphsage,0,10872,1,1,0.9938174
graphsage,0,49351,1,1,0.986571
graphsage,0,69835,1,1,0.99943155
graphsage,0,53146,0,0,0.00018307484
graphsage,0,35150,0,0,0.0020015053
graphsage,0,40199,0,0,0.0045299516
graphsage,0,40430,1,1,0.99996996
graphsage,0,2785,0,0,0.008041613
graphsage,0,41419,0,0,0.036426004
graphsage,0,41875,1,1,0.71793276
graphsage,0,13200,1,1,0.9821743
graphsage,0,26456,1,0,0.4681334
graphsage,0,28030,0,0,8.608911e-05
graphsage,0,63568,1,1,0.99865866
graphsage,0,38538,1,1,0.5754418
graphsage,0,15841,1,1,0.8992272
graphsage,0,46660,0,0,0.0051220665
graphsage,0,58949,1,1,0.90619344
graphsage,0,51923,0,0,0.00039456435
graphsage,0,25341,0,0,0.0025566344
graphsage,0,68759,1,1,0.545305
graphsage,0,35011,0,0,0.00424594
graphsage,0,58519,1,1,0.99994063
graphsage,0,57705,1,1,0.87048256
graphsage,0,60152,0,0,0.09405023
graphsage,0,12192,0,0,0.014615258
graphsage,0,36669,1,0,0.39951578
graphsage,0,3214,0,0,0.0011571049
graphsage,0,12835,1,1,0.9996245
graphsage,0,50036,1,1,0.9548134
graphsage,0,13503,1,1,0.9998306
graphsage,0,61309,0,0,0.24675588
graphsage,0,57630,0,0,0.04996262
graphsage,0,39730,0,0,0.49792618
graphsage,0,19728,1,1,0.99545574
graphsage,0,27713,0,0,0.017297203
graphsage,0,71853,0,0,0.0029451442
graphsage,0,36059,1,1,0.9610616
graphsage,0,26706,0,0,0.09570312
graphsage,0,61585,0,0,0.000537858
graphsage,0,10372,1,1,0.9872936
graphsage,0,66452,0,0,0.05238429
graphsage,0,32187,0,0,0.12351008
graphsage,0,567,0,0,0.054786123
graphsage,0,67880,0,0,0.00046917057
graphsage,0,71811,1,1,0.7741965
graphsage,0,48176,1,1,0.99911267
graphsage,0,49036,1,1,0.9816294
graphsage,0,41363,0,0,0.0019519553
graphsage,0,56572,0,1,0.82737845
graphsage,0,65225,0,0,0.24405013
graphsage,0,70403,0,1,0.887215
graphsage,0,65148,1,1,0.99189126
graphsage,0,47770,0,1,0.6404333
graphsage,0,31671,1,1,0.9816009
graphsage,0,47680,1,1,0.9991755
graphsage,0,48523,0,0,0.0033995463
graphsage,0,58922,1,1,0.78190327
graphsage,0,39665,0,0,0.014287641
graphsage,0,8706,1,1,0.9947802
graphsage,0,45333,0,0,0.037631337
graphsage,0,29331,0,0,0.00011925738
graphsage,0,19807,0,0,0.0002808483
graphsage,0,43414,0,1,0.8339029
graphsage,0,48545,1,1,0.95167565
graphsage,0,33952,0,0,0.014111047
graphsage,0,60072,0,0,0.0017227877
graphsage,0,37636,1,1,0.97661614
graphsage,0,13050,0,0,0.008687024
graphsage,0,40466,0,1,0.61495316
graphsage,0,22129,0,0,0.21350789
graphsage,0,30001,1,0,0.40208977
graphsage,0,12150,1,1,0.9996586
graphsage,0,67985,1,1,0.998803
graphsage,0,10678,1,0,0.015967939
graphsage,0,15617,1,1,0.9999063
graphsage,0,31115,1,1,0.98867744
graphsage,0,38934,0,0,0.0041116555
graphsage,0,64193,0,1,0.94693184
graphsage,0,59790,1,1,0.9997681
graphsage,0,17132,0,0,0.057117768
graphsage,0,59542,0,0,0.017905744
graphsage,0,47397,1,1,0.99917245
graphsage,0,24185,1,1,0.9994112
graphsage,0,59230,1,1,0.9999838
graphsage,0,44055,0,0,6.7623005e-05
graphsage,0,1855,0,0,0.042876717
graphsage,0,22970,0,0,0.012321143
graphsage,0,57784,0,0,0.0022194427
graphsage,0,18810,1,1,0.99880934
graphsage,0,57947,1,0,0.050992873
graphsage,0,24879,0,0,0.00037449665
graphsage,0,51725,0,0,0.00314513
graphsage,0,24527,0,1,0.8386876
graphsage,0,52439,1,1,0.9999716
graphsage,0,16643,0,0,0.0007561885
graphsage,0,15668,0,0,0.004553247
graphsage,0,11026,0,0,0.033540707
graphsage,0,21884,0,1,0.7946779
graphsage,0,2813,1,1,0.8724996
graphsage,0,7767,1,1,0.99996877
graphsage,0,68095,0,0,0.04843739
graphsage,0,68196,1,1,0.99973756
graphsage,0,63291,1,1,0.989546
graphsage,0,10138,0,0,0.00730589
graphsage,0,29066,1,1,0.9939826
graphsage,0,2764,0,0,3.402498e-05
graphsage,0,53837,1,1,0.9976005
graphsage,0,4495,0,0,0.0025834413
graphsage,0,38541,0,0,0.05503633
graphsage,0,47828,0,0,0.00016874974
graphsage,0,7487,1,1,0.9656641
graphsage,0,4258,1,1,0.9539603
graphsage,0,4418,0,0,0.04764526
graphsage,0,3321,1,1,0.62878615
graphsage,0,23714,0,0,0.0010582615
graphsage,0,69272,0,0,0.027847694
graphsage,0,26348,0,0,0.00014042467
graphsage,0,54307,0,0,0.00019418984
graphsage,0,55947,0,0,0.00730002
graphsage,0,66738,1,1,0.9483436
graphsage,0,20247,0,0,1.10287165e-05
graphsage,0,38962,0,0,0.0018389873
graphsage,0,47275,0,0,0.00015129044
graphsage,0,16732,1,1,0.999997
graphsage,0,48335,1,1,0.85864806
graphsage,0,60565,1,1,0.9873081
graphsage,0,48680,0,0,0.0006208094
graphsage,0,3495,1,1,0.87819284
graphsage,0,48211,0,0,0.022897623
graphsage,0,27587,1,1,0.9923609
graphsage,0,38848,1,1,0.74681956
graphsage,0,25756,1,1,0.85005826
graphsage,0,69079,1,1,0.9449835
graphsage,0,11761,1,1,0.9909298
graphsage,0,48329,1,1,0.9978477
graphsage,0,10853,0,0,0.0009798025
graphsage,0,60374,0,0,7.450768e-05
graphsage,0,1949,1,1,0.94278485
graphsage,0,523,0,0,0.00014808735
graphsage,0,69282,0,0,0.069172375
graphsage,0,66763,1,1,0.9999248
graphsage,0,12488,1,1,0.99980336
graphsage,0,30791,0,0,0.16541407
graphsage,0,64365,1,0,0.08892903
graphsage,0,42091,0,0,0.003721864
graphsage,0,61439,0,0,0.0038708765
graphsage,0,5405,1,1,0.99998474
graphsage,0,38667,1,1,0.9994254
graphsage,0,24616,0,0,0.0071209166
graphsage,0,23830,1,1,0.98279333
graphsage,0,11586,1,1,0.9993254
graphsage,0,566,1,1,0.99898285
graphsage,0,18052,1,1,0.99854267
graphsage,0,30719,0,0,0.07317617
graphsage,0,52382,1,1,0.7453322
graphsage,0,50679,1,1,0.9994386
graphsage,0,746,0,0,0.054363076
graphsage,0,65696,0,0,0.004646779
graphsage,0,68484,1,1,0.9987507
graphsage,0,68519,1,1,0.92353153
graphsage,0,66518,0,1,0.8476523
graphsage,0,12836,0,0,0.0047167037
graphsage,0,6753,1,1,0.99942136
graphsage,0,68679,1,1,0.99855083
graphsage,0,65898,1,1,0.9998431
graphsage,0,66813,0,0,0.041692182
graphsage,0,41280,0,0,0.0014596345
graphsage,0,41152,0,0,0.0013448558
graphsage,0,56386,1,1,0.9737249
graphsage,0,24890,0,0,0.19473173
graphsage,0,18827,1,1,0.99986756
graphsage,0,26749,0,0,0.020095954
graphsage,0,17197,0,0,0.0250975
graphsage,0,71047,1,1,0.837586
graphsage,0,8690,1,1,0.99567175
graphsage,0,15246,0,0,0.003819814
graphsage,0,19168,0,0,0.016001534
graphsage,0,2023,1,1,0.9998437
graphsage,0,16570,0,0,0.0019698855
graphsage,0,37620,0,0,0.020037202
graphsage,0,40497,0,0,0.005155982
graphsage,0,28905,1,1,0.9884134
graphsage,0,8200,1,1,0.99441034
graphsage,0,13816,1,1,0.99975425
graphsage,0,33670,0,0,0.44512475
graphsage,0,40628,1,1,0.9978003
graphsage,0,19007,0,0,0.06792867
graphsage,0,65881,0,0,0.4615004
graphsage,0,2956,0,0,0.008685497
graphsage,0,40210,0,1,0.9474756
graphsage,0,65680,0,0,3.6996582e-05
graphsage,0,20000,0,0,0.0012176863
graphsage,0,1955,1,1,0.99524754
graphsage,0,9136,1,1,0.99921465
graphsage,0,62519,1,1,0.6913614
graphsage,0,8485,1,1,0.9587098
graphsage,0,60364,1,1,0.9960731
graphsage,0,57745,0,0,0.00016231659
graphsage,0,12741,0,0,0.0011047744
graphsage,0,54536,1,1,0.9999511
graphsage,0,20799,0,0,1.4939009e-05
graphsage,0,71558,1,1,0.59489435
graphsage,0,70448,1,1,0.9999666
graphsage,0,54785,1,1,0.9998841
graphsage,0,17724,1,1,0.99259806
graphsage,0,4305,0,0,0.31377843
graphsage,0,2536,1,1,0.9999269
graphsage,0,56637,1,1,0.9929911
graphsage,0,11109,0,0,0.038745224
graphsage,0,60116,1,1,0.9999943
graphsage,0,54233,1,1,0.94754636
graphsage,0,66035,1,1,0.99990535
graphsage,0,17379,1,1,0.6889103
graphsage,0,1360,0,0,0.13973112
graphsage,0,25313,1,1,0.9998677
graphsage,0,63395,1,1,0.9999695
graphsage,0,14248,1,1,0.9124947
graphsage,0,68598,0,0,0.0019649589
graphsage,0,70907,1,1,0.66622263
graphsage,0,20910,1,1,0.9985399
graphsage,0,20039,1,1,0.9983631
graphsage,0,33440,0,0,0.014392458
graphsage,0,23556,1,1,0.9986131
graphsage,0,67380,0,0,0.092490174
graphsage,0,13822,0,0,0.0009734538
graphsage,0,49388,1,1,0.99948597
graphsage,0,71534,0,0,0.00030449516
graphsage,0,49042,1,1,0.97102004
graphsage,0,65450,1,1,0.95912874
graphsage,0,4539,0,0,0.014742378
graphsage,0,40499,0,0,0.0039792205
graphsage,0,37785,0,0,0.041215826
graphsage,0,3439,1,1,0.9997924
graphsage,0,5237,0,0,0.007510603
graphsage,0,36327,0,0,0.04582846
graphsage,0,60184,1,1,0.9877843
graphsage,0,60022,0,0,0.0005877362
graphsage,0,45819,1,1,0.92229116
graphsage,0,23848,1,1,0.97419363
graphsage,0,68974,0,0,0.019543447
graphsage,0,52210,1,1,0.99975604
graphsage,0,33839,0,0,8.4270985e-05
graphsage,0,64690,1,1,0.9980325
graphsage,0,18342,0,0,0.0013014171
graphsage,0,12975,0,0,0.047470935
graphsage,0,69886,1,1,0.9987167
graphsage,0,47336,0,0,7.65144e-06
graphsage,0,48806,1,1,0.8518793
graphsage,0,43224,1,1,0.99989665
graphsage,0,39748,1,1,0.99268675
graphsage,0,20205,0,0,0.00041916172
graphsage,0,19439,1,0,0.33616608
graphsage,0,51381,0,0,0.000769817
graphsage,0,67643,1,1,0.9774564
graphsage,0,66385,1,1,0.99993277
graphsage,0,4618,1,1,0.99191695
graphsage,0,21931,1,1,0.9621797
graphsage,0,25224,1,1,0.95423245
graphsage,0,68193,1,1,0.9976477
graphsage,0,12521,0,0,0.0025590763
graphsage,0,3707,0,0,0.0017144023
graphsage,0,25588,0,0,0.38899454
graphsage,0,33491,1,1,0.99853826
graphsage,0,3279,1,1,0.99981207
graphsage,0,2239,1,1,0.9975116
graphsage,0,44524,0,0,0.023827849
graphsage,0,7032,1,1,0.9999256
graphsage,0,8325,0,0,0.007159134
graphsage,0,41883,0,0,0.0026188924
graphsage,0,9360,0,1,0.8751525
graphsage,0,66719,0,1,0.7043634
graphsage,0,52459,0,0,0.011057665
graphsage,0,24065,0,0,8.104589e-05
graphsage,0,45530,0,0,0.0008743427
graphsage,0,18737,1,1,0.9999331
graphsage,0,24332,1,1,0.8348937
graphsage,0,54310,0,0,0.00900425
graphsage,0,10057,0,0,0.0044915387
graphsage,0,51616,0,0,0.00089396583
graphsage,0,28916,1,1,0.589535
graphsage,0,54,0,0,0.06468425
graphsage,0,36413,1,1,0.99846566
graphsage,0,44497,1,1,0.9972582
graphsage,0,35143,1,1,0.99835795
graphsage,0,27670,1,1,0.9181683
graphsage,0,26624,0,1,0.87850916
graphsage,0,42161,1,1,0.99995863
graphsage,0,33365,1,1,0.99964166
graphsage,0,23048,0,0,0.025298297
graphsage,0,48883,0,0,0.0006207343
graphsage,0,26927,0,0,0.008686491
graphsage,0,42948,0,0,0.00042394293
graphsage,0,71789,1,1,0.988926
graphsage,0,25563,1,1,0.96512204
graphsage,0,38717,0,0,0.00035622308
graphsage,0,6567,0,0,0.443968
graphsage,0,17586,0,0,2.7010894e-05
graphsage,0,56907,1,1,0.9723602
graphsage,0,13457,0,0,0.0076731397
graphsage,0,52644,1,1,0.99718434
graphsage,0,46842,1,1,0.9995808
graphsage,0,8828,0,0,0.0005574066
graphsage,0,30831,1,1,0.9933531
graphsage,0,53142,0,0,0.45072606
graphsage,0,25057,1,1,0.9999466
graphsage,0,45432,0,0,0.023327522
graphsage,0,31525,0,0,0.0002225152
graphsage,0,1716,1,1,0.941492
graphsage,0,71712,1,1,0.98482335
graphsage,0,48356,1,1,0.9997943
graphsage,0,9748,0,0,0.00010222515
graphsage,0,10100,1,1,0.966845
graphsage,0,6061,1,1,0.9834314
graphsage,0,69827,1,1,0.99947816
graphsage,0,4977,1,1,0.99881506
graphsage,0,58919,1,0,0.0286213
graphsage,0,57910,0,0,0.003515605
graphsage,0,11957,1,1,0.9972146
graphsage,0,56197,1,1,0.9995254
graphsage,0,52815,0,0,0.00017102876
graphsage,0,21538,0,0,0.010037139
graphsage,0,15496,0,0,0.03835756
graphsage,0,2837,1,1,0.9992329
graphsage,0,69916,1,1,0.95771027
graphsage,0,50972,1,1,0.9610109
graphsage,0,50560,0,0,0.02331483
graphsage,0,47484,0,0,0.015179444
graphsage,0,21226,1,1,0.9371116
graphsage,0,33985,0,0,0.0004576432
graphsage,0,48110,1,1,0.9824671
graphsage,0,133,0,0,0.08958738
graphsage,0,41936,0,0,0.0012023556
graphsage,0,12368,1,1,0.99909425
graphsage,0,35508,1,1,0.99968195
graphsage,0,33116,0,0,0.088375844
graphsage,0,62361,1,1,0.9855773
graphsage,0,65788,1,1,0.9889642
graphsage,0,12789,1,1,0.7883895
graphsage,0,30272,1,1,0.9993812
graphsage,0,48241,0,0,0.017042354
graphsage,0,37189,0,0,0.00026649516
graphsage,0,70022,1,1,0.9871286
graphsage,0,31877,1,1,0.9870766
graphsage,0,9763,1,1,0.9999597
graphsage,0,17298,0,1,0.9336755
graphsage,0,29498,1,1,0.9994795
graphsage,0,53292,0,0,0.47198382
graphsage,0,10188,1,1,0.89196366
graphsage,0,21738,1,1,0.98707294
graphsage,0,886,0,0,0.006385488
graphsage,0,25820,1,1,0.99637836
graphsage,0,28295,1,1,0.9850022
graphsage,0,59969,0,0,0.018491806
graphsage,0,313,0,0,0.00435245
graphsage,0,55709,0,0,0.0017619544
graphsage,0,22857,1,1,0.9852365
graphsage,0,62624,0,0,6.891405e-05
graphsage,0,18447,1,1,0.9983309
graphsage,0,39758,1,1,0.9440489
graphsage,0,26516,0,0,0.0050110426
graphsage,0,63266,0,0,0.002492544
graphsage,0,29649,0,0,0.016980588
graphsage,0,23806,0,0,0.07679026
graphsage,0,68203,1,1,0.99948335
graphsage,0,52793,1,1,0.9857248
graphsage,0,71053,1,1,0.9976927
graphsage,0,67026,0,0,0.0006466364
graphsage,0,36102,1,1,0.9925408
graphsage,0,29063,1,1,0.7660695
graphsage,0,69624,0,0,0.005304362
graphsage,0,19872,0,0,0.021643972
graphsage,0,44033,0,0,0.0029483961
graphsage,0,60486,0,0,0.12298452
graphsage,0,34362,0,0,6.420384e-05
graphsage,0,43759,1,1,0.7307486
graphsage,0,17308,1,1,0.999984
graphsage,0,40469,1,1,0.9998876
graphsage,0,37222,0,0,0.000102819846
graphsage,0,22846,1,1,0.9288778
graphsage,0,50268,0,0,0.0060342317
graphsage,0,46443,1,1,0.9982862
graphsage,0,42214,1,1,0.9971336
graphsage,0,56980,1,1,0.7006113
graphsage,0,53271,0,0,0.114759065
graphsage,0,70058,1,1,0.57657015
graphsage,0,39209,1,1,0.9854232
graphsage,0,41348,0,0,0.006239053
graphsage,0,32165,1,1,0.94980633
graphsage,0,56135,0,0,0.06665478
graphsage,0,28574,1,1,0.99241626
graphsage,0,43384,1,1,0.7337647
graphsage,0,17103,0,0,0.034088135
graphsage,0,26689,1,1,0.9998294
graphsage,0,5148,1,1,0.999995
graphsage,0,68768,1,1,0.98051983
graphsage,0,36303,1,1,0.99879575
graphsage,0,65533,0,0,0.0025044328
graphsage,0,71975,0,1,0.7837736
graphsage,0,65964,0,0,0.0013526519
graphsage,0,64186,1,1,0.75278354
graphsage,0,11859,0,1,0.94901603
graphsage,0,21236,0,0,0.115146436
graphsage,0,41957,1,1,0.99958557
graphsage,0,32384,0,0,0.015640534
graphsage,0,25044,1,1,0.77058583
graphsage,0,49473,0,0,0.0029317064
graphsage,0,4256,0,0,0.016778674
graphsage,0,35239,0,1,0.85455114
graphsage,0,54409,0,0,0.029376384
graphsage,0,60505,1,1,0.9952844
graphsage,0,35075,1,1,0.9847206
graphsage,0,12974,0,0,0.05882715
graphsage,0,13780,0,0,0.13504574
graphsage,0,20753,1,1,0.84472394
graphsage,0,36793,0,0,0.013667167
graphsage,0,46930,1,1,0.99989927
graphsage,0,53913,1,1,0.9946727
graphsage,0,53432,0,0,0.00037462858
graphsage,0,39424,0,0,9.7735814e-05
graphsage,0,61277,1,1,0.7660695
graphsage,0,47282,1,1,0.950036
graphsage,0,44071,0,0,0.0017747409
graphsage,0,55777,0,0,0.002096695
graphsage,0,70061,0,0,0.0007803716
graphsage,0,17854,0,0,0.00035183085
graphsage,0,9202,0,0,0.0003262289
graphsage,0,22390,0,0,0.0021077672
graphsage,0,34907,1,1,0.9789778
graphsage,0,31795,0,0,8.6645276e-05
graphsage,0,43362,1,1,0.9996401
graphsage,0,12429,0,0,0.0005729877
graphsage,0,60063,1,1,0.99930537
graphsage,0,17560,0,0,0.012457636
graphsage,0,29011,0,0,0.016820239
graphsage,0,31362,0,0,0.00018156036
graphsage,0,52917,0,0,0.004558411
graphsage,0,36544,1,1,0.7590238
graphsage,0,65246,0,0,0.0014036255
graphsage,0,22138,0,1,0.99637645
graphsage,0,60984,0,0,0.0054098885
graphsage,0,38782,0,0,0.00031887266
graphsage,0,65117,0,0,0.0011443702
graphsage,0,59263,0,0,0.0054625687
graphsage,0,60138,0,0,0.0032013066
graphsage,0,70530,0,0,0.007760697
graphsage,0,24837,1,1,0.9925608
graphsage,0,61989,0,0,6.858043e-05
graphsage,0,10748,1,1,0.9905778
graphsage,0,60700,0,0,0.00044728065
graphsage,0,1673,0,0,0.0061751665
graphsage,0,7266,0,0,0.004748944
graphsage,0,49582,0,0,0.008705597
graphsage,0,63513,0,0,0.0011804348
graphsage,0,8495,0,0,0.0011061013
graphsage,0,15086,1,1,0.9929389
graphsage,0,45895,1,1,0.9991172
graphsage,0,5737,0,0,0.024953129
graphsage,0,31472,0,0,0.00032871118
graphsage,0,61711,1,1,0.9886615
graphsage,0,57906,0,0,0.023387795
graphsage,0,27371,1,1,0.99999523
graphsage,0,45109,1,1,0.9999629
graphsage,0,37432,1,1,0.9999671
graphsage,0,69075,0,0,0.065737866
graphsage,0,48388,0,0,0.00058405293
graphsage,0,56158,1,1,0.89875865
graphsage,0,16528,0,0,0.033079833
graphsage,0,59387,0,0,0.022216022
graphsage,0,26230,1,1,0.9183863
graphsage,0,42202,1,1,0.99965024
graphsage,0,15286,1,1,0.9629522
graphsage,0,38257,1,1,0.9713941
graphsage,0,45236,0,1,0.94627357
graphsage,0,48409,1,1,0.994429
graphsage,0,58287,0,0,0.0017282984
graphsage,0,66784,1,1,0.8508614
graphsage,0,38473,0,0,0.01289407
graphsage,0,55237,1,1,0.98482347
graphsage,0,66323,1,1,0.9999696
graphsage,0,38375,1,1,0.9354108
graphsage,0,42080,0,0,0.0003735414
graphsage,0,68491,0,0,0.025997763
graphsage,0,39108,0,0,0.3309221
graphsage,0,53274,1,0,0.0082562165
graphsage,0,44979,0,0,0.005483969
graphsage,0,4988,0,0,0.0012821705
graphsage,0,10017,1,1,0.99998534
graphsage,0,1818,0,0,0.027397161
graphsage,0,63827,1,1,0.99219537
graphsage,0,61138,0,0,0.0013479245
graphsage,0,68790,0,0,0.0051884823
graphsage,0,53493,1,1,0.98959607
graphsage,0,28579,1,1,0.969978
graphsage,0,18554,1,1,0.9968972
graphsage,0,45419,1,1,0.9476834
graphsage,0,24870,0,0,0.0016121538
graphsage,0,1665,0,0,0.06403093
graphsage,0,31614,0,0,0.031167984
graphsage,0,5300,1,1,0.9806474
graphsage,0,50001,0,0,0.022341706
graphsage,0,68418,0,0,0.0018452029
graphsage,0,28834,1,1,0.9857383
graphsage,0,9322,0,0,0.00052541506
graphsage,0,23155,1,1,0.7660695
graphsage,0,8431,1,1,0.99996436
graphsage,0,48473,1,0,0.44461158
graphsage,0,54271,0,0,0.0021056603
graphsage,0,16309,0,0,0.00020091239
graphsage,0,16501,0,1,0.9670756
graphsage,0,4635,0,0,0.022741633
graphsage,0,51906,1,1,0.9065862
graphsage,0,23278,1,1,0.9693972
graphsage,0,34570,1,1,0.99993956
graphsage,0,7237,1,1,0.99941576
graphsage,0,50003,0,0,0.00020949022
graphsage,0,38084,1,1,0.98564273
graphsage,0,31562,0,0,4.2469546e-05
graphsage,0,27304,1,1,0.9997631
graphsage,0,22254,0,0,0.042021926
graphsage,0,37049,0,0,9.4562834e-05
graphsage,0,49509,0,0,0.20034733
graphsage,0,54488,0,0,0.049864143
graphsage,0,23157,1,1,0.9988115
graphsage,0,63761,0,0,0.0007951217
graphsage,0,49403,0,0,0.1895887
graphsage,0,49198,0,0,0.0007765239
graphsage,0,33509,1,1,0.96888226
graphsage,0,49405,0,0,0.24789634
graphsage,0,363,0,0,0.25988835
graphsage,0,66295,0,0,0.00028223364
graphsage,0,54400,1,1,0.9992205
graphsage,0,54020,1,1,0.99972457
graphsage,0,58049,1,1,0.9670377
graphsage,0,33710,1,1,0.9998597
graphsage,0,29162,1,1,0.9990501
graphsage,0,54928,0,0,0.00084907486
graphsage,0,17048,1,1,0.99899536
graphsage,0,51418,1,1,0.9989588
graphsage,0,31674,1,1,0.97776026
graphsage,0,1862,0,1,0.54222536
graphsage,0,21604,0,0,0.001800273
graphsage,0,41933,0,0,0.0036040277
graphsage,0,4469,1,1,0.89844084
graphsage,0,30387,0,0,7.605329e-05
graphsage,0,21498,0,1,0.784489
graphsage,0,257,1,1,0.9635568
graphsage,0,55786,1,1,0.73131603
graphsage,0,58254,1,1,0.99991786
graphsage,0,15897,1,1,0.99805176
graphsage,0,25851,1,1,0.99918383
graphsage,0,23050,1,1,0.9997986
graphsage,0,68866,0,0,0.01705629
graphsage,0,57868,1,1,0.9944616
graphsage,0,57439,1,1,0.9988323
graphsage,0,23099,1,1,0.6650938
graphsage,0,64591,0,0,0.013606792
graphsage,0,43996,1,1,0.99996483
graphsage,0,58256,1,1,0.8894616
graphsage,0,1929,1,0,0.49296892
graphsage,0,64235,0,0,0.021356797
graphsage,0,7672,0,0,0.00010686778
graphsage,0,15969,1,1,0.99993455
graphsage,0,20550,1,1,0.9994134
graphsage,0,38784,0,0,0.00021815345
graphsage,0,46519,0,0,0.25711268
graphsage,0,57384,0,1,0.5089578
graphsage,0,37547,0,0,0.015496963
graphsage,0,11724,0,0,0.001059529
graphsage,0,43591,1,1,0.8377183
graphsage,0,45722,1,1,0.993061
graphsage,0,63058,1,1,0.99998355
graphsage,0,43093,0,0,0.04448049
graphsage,0,34206,0,0,0.0016383437
graphsage,0,61649,0,0,0.18069088
graphsage,0,1738,0,0,0.12874949
graphsage,0,53570,1,0,0.44795516
graphsage,0,6025,1,1,0.9654477
graphsage,0,16300,1,1,0.9703611
graphsage,0,61575,0,0,0.00020940354
graphsage,0,18440,1,1,0.88747
graphsage,0,66735,0,0,1.6642625e-05
graphsage,0,62237,0,0,5.542784e-05
graphsage,0,40323,1,1,0.99993956
graphsage,0,39696,0,0,0.0010334817
graphsage,0,12440,0,0,0.0020974851
graphsage,0,14664,1,1,0.7404339
graphsage,0,19015,0,0,0.0104940515
graphsage,0,54395,1,1,0.99862754
graphsage,0,11427,0,0,0.06726414
graphsage,0,29905,1,1,0.95369613
graphsage,0,55068,1,1,0.99998593
graphsage,0,4141,0,0,0.0038190049
graphsage,0,54782,0,0,0.00038884862
graphsage,0,40376,1,1,0.99623126
graphsage,0,26191,0,0,0.0034778374
graphsage,0,59127,1,1,0.95362973
graphsage,0,36015,1,1,0.9997317
graphsage,0,13136,1,1,0.9632961
graphsage,0,49637,1,1,0.9533728
graphsage,0,60295,0,1,0.80397934
graphsage,0,20132,1,1,0.9971065
graphsage,0,52515,1,1,0.99954695
graphsage,0,69033,1,1,0.7660695
graphsage,0,60872,0,0,0.0035269104
graphsage,0,26684,1,1,0.99884206
graphsage,0,957,0,0,0.034465034
graphsage,0,36985,1,0,0.006028634
graphsage,0,40381,0,0,0.008078676
graphsage,0,41490,1,1,0.9999614
graphsage,0,46675,0,0,0.010695674
graphsage,0,4058,1,1,0.93296766
graphsage,0,66071,1,1,0.99895006
graphsage,0,68066,0,0,0.24631214
graphsage,0,35423,1,1,0.70848846
graphsage,0,46335,1,1,0.9997186
graphsage,0,55398,0,0,0.006785868
graphsage,0,14233,0,0,0.0012357597
graphsage,0,12281,0,1,0.68115985
graphsage,0,25863,0,0,0.004948674
graphsage,0,44590,0,0,0.00059947243
graphsage,0,6409,1,1,0.98529816
graphsage,0,16013,1,1,0.9954829
graphsage,0,68273,0,0,0.0065562623
graphsage,0,9679,0,0,0.1302889
graphsage,0,70547,1,1,0.9959863
graphsage,0,9960,1,1,0.9988123
graphsage,0,54760,1,1,0.9997787
graphsage,0,31514,0,0,0.0964547
graphsage,0,27606,0,0,0.0012395285
graphsage,0,40319,0,0,0.0347084
graphsage,0,37296,0,0,0.012976798
graphsage,0,14432,0,0,0.023336833
graphsage,0,71561,0,0,0.008055824
graphsage,0,40471,0,0,0.0053346315
graphsage,0,49554,1,1,0.9998586
graphsage,0,30472,1,1,0.9983955
graphsage,0,21519,1,1,0.8618981
graphsage,0,26975,0,0,0.00077720784
graphsage,0,36830,0,0,7.4016716e-05
graphsage,0,24356,0,0,5.3789856e-05
graphsage,0,2528,1,1,0.9810846
graphsage,0,1214,1,1,0.90382814
graphsage,0,1790,1,1,0.9897976
graphsage,0,53529,1,1,0.6816701
graphsage,0,30002,0,0,0.008307968
graphsage,0,8684,0,0,0.00010003558
graphsage,0,60489,1,1,0.96223503
graphsage,0,53586,0,0,0.0032905214
graphsage,0,3090,1,1,0.94189686
graphsage,0,60697,0,0,2.457026e-06
graphsage,0,49263,0,0,0.016592974
graphsage,0,57552,1,1,0.9936587
graphsage,0,27823,1,1,0.99938893
graphsage,0,57761,0,0,0.0011840995
graphsage,0,45194,0,0,3.862838e-05
graphsage,0,8491,1,0,0.40962943
graphsage,0,13369,0,0,0.0021735674
graphsage,0,16661,0,0,0.08072749
graphsage,0,29844,1,1,0.7660695
graphsage,0,14870,0,0,0.05250796
graphsage,0,65397,0,0,9.781431e-05
graphsage,0,10774,1,1,0.96574014
graphsage,0,69365,0,0,0.0010317984
graphsage,0,48194,1,1,0.99451137
graphsage,0,4297,0,0,3.2149077e-05
graphsage,0,4772,1,1,0.9794963
graphsage,0,29458,0,0,0.00012254762
graphsage,0,64120,0,0,0.08830192
graphsage,0,41780,1,1,0.9850869
graphsage,0,67879,1,1,0.9091678
graphsage,0,22927,0,0,0.0013784819
graphsage,0,45441,1,1,0.99866176
graphsage,0,36003,1,1,0.99888426
graphsage,0,30174,0,1,0.7972889
graphsage,0,22948,1,1,0.9795989
graphsage,0,58802,0,0,0.033758275
graphsage,0,16623,1,1,0.99982625
graphsage,0,10525,1,1,0.7121622
graphsage,0,21644,1,1,0.9518785
graphsage,0,15329,1,1,0.99976915
graphsage,0,48610,1,1,0.9970771
graphsage,0,8601,1,1,0.99807906
graphsage,0,40553,0,0,0.0008937576
graphsage,0,45421,0,0,0.0010272994
graphsage,0,8711,1,1,0.9964624
graphsage,0,48533,1,1,0.9998988
graphsage,0,13575,0,0,0.0020165807
graphsage,0,25979,1,1,0.99047077
graphsage,0,30877,0,1,0.51469934
graphsage,0,10118,1,1,0.8311876
graphsage,0,55441,0,0,0.0159351
graphsage,0,24444,0,0,0.0006712884
graphsage,0,57315,0,0,0.48158097
graphsage,0,66322,0,0,0.27736965
graphsage,0,65394,1,1,0.9409625
graphsage,0,15465,1,1,0.9548453
graphsage,0,52098,0,0,0.024351971
graphsage,0,40230,1,1,0.98980254
graphsage,0,2428,1,1,0.96844673
graphsage,0,19846,0,0,0.008479188
graphsage,0,21524,1,1,0.9917168
graphsage,0,4237,0,0,0.003116144
graphsage,0,47271,0,0,0.013979811
graphsage,0,31569,1,1,0.9749552
graphsage,0,49605,1,1,0.908699
graphsage,0,71160,0,0,0.011512945
graphsage,0,71387,1,1,0.9851816
graphsage,0,9140,1,1,0.9999106
graphsage,0,61320,1,1,0.99613273
graphsage,0,67088,1,0,0.42231494
graphsage,0,59885,1,1,0.9017279
graphsage,0,24784,0,0,0.15750931
graphsage,0,26472,0,0,0.0010660051
graphsage,0,22553,0,0,0.069663376
graphsage,0,56073,0,1,0.935784
graphsage,0,16033,1,0,0.15938874
graphsage,0,31031,1,1,0.990249
graphsage,0,45985,1,1,0.99815494
graphsage,0,9806,1,1,0.9993818
graphsage,0,48018,0,0,0.01626386
graphsage,0,61179,0,0,0.001791056
graphsage,0,47242,1,1,0.9990677
graphsage,0,48827,1,1,0.9999212
graphsage,0,9868,1,1,0.9269309
graphsage,0,71458,0,0,0.3678486
graphsage,0,670,1,1,0.7660695
graphsage,0,5554,1,1,0.99924517
graphsage,0,29963,1,1,0.9978745
graphsage,0,15756,0,0,0.34821156
graphsage,0,52498,0,0,0.03352151
graphsage,0,32788,1,1,0.99874204
graphsage,0,45372,1,1,0.9729503
graphsage,0,67100,1,1,0.6356355
graphsage,0,66865,1,1,0.8247298
graphsage,0,55266,1,1,0.99796677
graphsage,0,15850,1,1,0.9974343
graphsage,0,41064,1,1,0.9977837
graphsage,0,13180,0,0,0.0018364204
graphsage,0,42522,1,1,0.99796814
graphsage,0,32232,1,1,0.99997175
graphsage,0,44104,1,1,0.9899366
graphsage,0,20488,1,1,0.99465215
graphsage,0,13739,1,1,0.99969995
graphsage,0,48769,0,0,0.038404882
graphsage,0,21885,1,1,0.98887515
graphsage,0,72057,0,1,0.99801105
graphsage,0,7897,0,1,0.92386174
graphsage,0,10079,1,1,0.9996555
graphsage,0,227,1,1,0.9892685
graphsage,0,49521,0,0,9.335638e-06
graphsage,0,66877,0,0,0.0002468953
graphsage,0,9237,1,1,0.99849164
graphsage,0,27387,0,0,0.0012139914
graphsage,0,22481,1,1,0.7660695
graphsage,0,14557,1,1,0.9934034
graphsage,0,5145,0,0,0.017473804
graphsage,0,49389,0,0,0.012157188
graphsage,0,34368,1,0,0.35058573
graphsage,0,17759,0,1,0.99387616
graphsage,0,15931,1,1,0.995516
graphsage,0,71662,1,1,0.8664597
graphsage,0,64151,1,1,0.8495612
graphsage,0,48719,1,1,0.9937975
graphsage,0,32508,0,0,0.00046725816
graphsage,0,57350,1,1,0.79828477
graphsage,0,30813,1,0,0.067876086
graphsage,0,45804,1,1,0.96696913
graphsage,0,38893,1,1,0.9993168
graphsage,0,69389,1,1,0.9999864
graphsage,0,36621,0,0,0.13627194
graphsage,0,29298,0,1,0.6654661
graphsage,0,24377,1,1,0.9908873
graphsage,0,8861,0,0,0.000812887
graphsage,0,22265,0,0,0.03502604
graphsage,0,27767,0,0,0.017959993
graphsage,0,26389,1,1,0.9994417
graphsage,0,58225,1,1,0.9851618
graphsage,0,51218,1,1,0.99997044
graphsage,0,25364,1,1,0.9806862
graphsage,0,63082,1,1,0.99993324
graphsage,0,40394,0,0,0.011573903
graphsage,0,37979,0,1,0.7655133
graphsage,0,37788,0,1,0.83196867
graphsage,0,12540,0,0,0.036104687
graphsage,0,58169,0,0,0.0017637894
graphsage,0,54193,0,0,0.046640646
graphsage,0,19820,0,0,0.000712933
graphsage,0,15593,1,1,0.99979836
graphsage,0,57972,0,0,0.023203515
graphsage,0,28352,0,0,0.022711258
graphsage,0,38642,0,0,0.0028659017
graphsage,0,17311,0,1,0.57396334
graphsage,0,30709,1,1,0.9985856
graphsage,0,54918,1,1,0.82472515
graphsage,0,47603,1,1,0.9941829
graphsage,0,47693,0,0,0.05329477
graphsage,0,39260,1,1,0.7660695
graphsage,0,49801,0,0,0.0037571052
graphsage,0,56016,1,1,0.9973991
graphsage,0,28179,1,1,0.9991836
graphsage,0,46198,1,1,0.9372601
graphsage,0,66669,0,0,0.004103685
graphsage,0,8090,0,0,0.0030604547
graphsage,0,27201,0,0,1.6173262e-05
graphsage,0,12099,0,0,0.0014125844
graphsage,0,58003,0,0,0.013168875
graphsage,0,7927,0,0,0.2420356
graphsage,0,17247,0,0,0.03606809
graphsage,0,29482,0,0,0.0011913084
graphsage,0,44292,1,1,0.99787986
graphsage,0,44721,1,1,0.6253069
graphsage,0,11702,1,1,0.99798703
graphsage,0,52397,0,1,0.5994084
graphsage,0,4199,0,0,0.005607361
graphsage,0,40530,0,0,0.00038501061
graphsage,0,34597,0,0,0.032409817
graphsage,0,3359,0,0,0.001245492
graphsage,0,22990,1,1,0.9997087
graphsage,0,17177,0,0,0.09799818
graphsage,0,4266,1,1,0.9996512
graphsage,0,58735,0,0,0.04493944
graphsage,0,44820,0,0,0.16795787
graphsage,0,4214,0,0,0.07452027
graphsage,0,59841,0,0,0.0010567191
graphsage,0,19097,0,0,0.0029037555
graphsage,0,55532,1,0,0.16341223
graphsage,0,32088,0,0,0.0002515669
graphsage,0,42946,0,0,0.030406341
graphsage,0,44255,1,1,0.88391566
graphsage,0,55964,1,1,0.99967337
graphsage,0,52406,1,1,0.9999175
graphsage,0,58213,1,1,0.9284498
graphsage,0,27791,0,0,0.0028957436
graphsage,0,2781,1,1,0.99992204
graphsage,0,34837,1,1,0.93291104
graphsage,0,23682,0,0,0.0014394589
graphsage,0,25492,1,1,0.98480356
graphsage,0,31709,0,1,0.96329194
graphsage,0,18488,1,1,0.9979741
graphsage,0,59239,1,1,0.9996124
graphsage,0,48564,0,0,0.029495388
graphsage,0,54579,0,0,0.42805701
graphsage,0,476,0,0,0.0017149786
graphsage,0,43796,0,0,0.003670266
graphsage,0,21588,1,1,0.7944438
graphsage,0,44801,0,1,0.77903104
graphsage,0,47990,0,0,0.00044198858
graphsage,0,15091,0,1,0.9277477
graphsage,0,28418,1,1,0.98957914
graphsage,0,24988,0,0,0.0007431269
graphsage,0,40527,1,1,0.50228477
graphsage,0,42990,1,1,0.9628819
graphsage,0,7954,1,1,0.981247
graphsage,0,67830,1,1,0.99810827
graphsage,0,64643,1,1,0.99543554
graphsage,0,11560,0,0,0.26332676
graphsage,0,3934,0,0,0.00085173757
graphsage,0,47989,0,0,0.00094259134
graphsage,0,15736,1,1,0.6895887
graphsage,0,42216,0,0,0.042115927
graphsage,0,29109,0,0,0.0043105725
graphsage,0,72042,1,1,0.9955258
graphsage,0,53905,1,1,0.9999901
graphsage,0,62089,1,1,0.99220663
graphsage,0,25344,0,0,0.009066293
graphsage,0,5381,0,0,0.068195395
graphsage,0,72021,1,1,0.99238014
graphsage,0,57207,1,1,0.9999652
graphsage,0,13994,0,0,0.00162481
graphsage,0,31186,0,1,0.69982165
graphsage,0,64875,1,1,0.71984357
graphsage,0,65619,0,0,0.0012039309
graphsage,0,71205,1,1,0.9899664
graphsage,0,66635,0,0,0.045861237
graphsage,0,39147,0,0,0.02249067
graphsage,0,42652,0,0,0.01262186
graphsage,0,13263,0,0,0.004830334
graphsage,0,36297,0,0,0.005895041
graphsage,0,16891,1,0,0.4879576
graphsage,0,39494,1,1,0.99809366
graphsage,0,30251,0,0,0.1031503
graphsage,0,20452,0,0,0.00040347714
graphsage,0,23311,1,1,0.9314497
graphsage,0,34445,1,1,0.9987072
graphsage,0,18781,0,0,0.00018658035
graphsage,0,16366,1,1,0.98648804
graphsage,0,55837,1,1,0.7660695
graphsage,0,65096,1,1,0.920065
graphsage,0,21602,1,1,0.99999964
graphsage,0,14089,1,1,0.9998678
graphsage,0,68824,1,1,0.9986677
graphsage,0,69303,0,0,0.09343477
graphsage,0,41327,0,0,0.02550303
graphsage,0,61538,0,1,0.8662732
graphsage,0,2953,0,0,0.013964126
graphsage,0,46732,1,1,0.67582345
graphsage,0,71019,0,0,0.25339416
graphsage,0,49970,0,0,0.13054825
graphsage,0,62680,0,0,0.021761198
graphsage,0,1445,0,0,0.014532281
graphsage,0,61230,1,1,0.8775686
graphsage,0,17191,0,0,0.0013173411
graphsage,0,36019,0,0,0.030701006
graphsage,0,37239,0,0,0.00085130107
graphsage,0,48485,0,0,0.00027361262
graphsage,0,25546,1,1,0.9892244
graphsage,0,10703,1,1,0.6225571
graphsage,0,39326,0,0,0.0027168659
graphsage,0,71926,1,1,0.9982034
graphsage,0,50600,0,0,0.005010493
graphsage,0,32791,1,1,0.8874274
graphsage,0,28822,1,1,0.927682
graphsage,0,11091,0,0,0.0002619989
graphsage,0,22283,1,1,0.99922884
graphsage,0,11985,0,0,0.0358246
graphsage,0,41855,1,1,0.94858366
graphsage,0,63586,1,1,0.98369056
graphsage,0,51325,1,1,0.65609187
graphsage,0,21822,0,0,0.0039707436
graphsage,0,70868,0,0,0.08414973
graphsage,0,170,0,0,9.1521826e-05
graphsage,0,36908,1,1,0.95280623
graphsage,0,5434,1,1,0.99058706
graphsage,0,20328,0,0,0.00025521
graphsage,0,62592,0,0,0.0030184183
graphsage,0,43938,0,0,0.00074238796
graphsage,0,53687,0,0,0.08657378
graphsage,0,46857,1,1,0.9858096
graphsage,0,4429,0,1,0.78152543
graphsage,0,71744,0,0,0.04033025
graphsage,0,57887,0,0,1.8157642e-05
graphsage,0,57820,1,1,0.9998753
graphsage,0,18821,1,0,0.09916713
graphsage,0,48149,1,1,0.81584674
graphsage,0,34458,1,1,0.7660695
graphsage,0,43746,1,1,0.7660695
graphsage,0,23782,0,0,0.011715448
graphsage,0,13982,0,0,0.024263281
graphsage,0,1499,0,0,0.00051308866
graphsage,0,66404,0,0,0.039065305
graphsage,0,1172,0,0,0.0045000883
graphsage,0,28196,0,1,0.8061802
graphsage,0,39514,0,0,0.0021924912
graphsage,0,30610,1,1,0.7660695
graphsage,0,17886,1,1,0.9991872
graphsage,0,48449,1,1,0.99827325
graphsage,0,67532,1,1,0.7759898
graphsage,0,61964,0,0,0.0015421531
graphsage,0,55216,0,0,0.023161415
graphsage,0,19078,0,0,3.399757e-05
graphsage,0,27052,1,1,0.9627985
graphsage,0,65596,0,0,0.01947273
graphsage,0,50082,0,0,0.12246516
graphsage,0,63679,0,0,0.0001812393
graphsage,0,33336,1,1,0.7660695
graphsage,0,37576,1,1,0.99414563
graphsage,0,22154,0,0,0.00023554736
graphsage,0,21099,1,0,0.3989613
graphsage,0,10768,1,1,0.999514
graphsage,0,50044,0,0,0.022234948
graphsage,0,45481,0,0,0.00505559
graphsage,0,37291,0,0,0.0044111055
graphsage,0,50016,1,1,0.8298362
graphsage,0,54964,0,0,0.0018591497
graphsage,0,24883,0,1,0.95619154
graphsage,0,5769,1,1,0.99420506
graphsage,0,47084,1,1,0.9999299
graphsage,0,38825,1,1,0.99992895
graphsage,0,22751,1,1,0.90729576
graphsage,0,11148,1,1,0.8060723
graphsage,0,57205,1,1,0.99873656
graphsage,0,41005,1,1,0.9888905
graphsage,0,1872,1,0,0.35406646
graphsage,0,17155,1,0,0.4238939
graphsage,0,28397,0,0,0.0011908342
graphsage,0,56466,1,1,0.99976045
graphsage,0,41668,0,0,0.00022348155
graphsage,0,55604,1,1,0.947717
graphsage,0,61336,0,0,0.021117095
graphsage,0,48795,1,1,0.999553
graphsage,0,21527,1,1,0.97013533
graphsage,0,20728,1,1,0.9995209
graphsage,0,43738,1,0,0.06703049
graphsage,0,22269,0,0,0.0003018579
graphsage,0,42672,1,1,0.99900633
graphsage,0,36541,1,1,0.9154528
graphsage,0,47869,1,1,0.9091916
graphsage,0,44716,1,1,0.9998048
graphsage,0,70359,1,1,0.9990578
graphsage,0,17510,1,1,0.99956506
graphsage,0,54572,0,0,0.18632
graphsage,0,19990,1,1,0.79919314
graphsage,0,71191,1,1,0.99932384
graphsage,0,7053,0,0,0.08117205
graphsage,0,3931,1,1,0.99986565
graphsage,0,30953,1,1,0.84101623
graphsage,0,51259,1,1,0.9997527
graphsage,0,39345,1,1,0.9812075
graphsage,0,30776,0,0,0.0061225723
graphsage,0,53155,0,0,0.012358105
graphsage,0,57135,0,0,0.031099636
graphsage,0,67340,0,0,0.0004960629
graphsage,0,31582,0,0,0.0034119082
graphsage,0,21552,1,1,0.99987864
graphsage,0,12838,1,1,0.99143136
graphsage,0,63765,1,1,0.99701583
graphsage,0,28890,1,1,0.9488828
graphsage,0,50826,1,1,0.9629145
graphsage,0,19383,1,1,0.9854456
graphsage,0,21272,0,0,0.035071794
graphsage,0,40079,1,1,0.99729806
graphsage,0,66449,0,0,0.009007842
graphsage,0,45934,1,1,0.9999275
graphsage,0,72072,1,1,0.9934269
graphsage,0,7813,0,0,0.004010017
graphsage,0,64804,1,1,0.9503507
graphsage,0,59066,0,0,0.057433236
graphsage,0,11682,1,1,0.99548894
graphsage,0,22300,0,0,0.0025739975
graphsage,0,31129,0,1,0.9802909
graphsage,0,22319,0,0,0.059856247
graphsage,0,11781,0,0,0.026308948
graphsage,0,2811,0,0,0.11367891
graphsage,0,67768,0,0,0.1996206
graphsage,0,11396,1,1,0.99291754
graphsage,0,16011,0,0,0.00852864
graphsage,0,41119,1,1,0.97233653
graphsage,0,18427,1,1,0.98644084
graphsage,0,62878,1,1,0.98780674
graphsage,0,5465,0,0,0.0067919195
graphsage,0,39818,0,1,0.6204331
graphsage,0,45080,0,0,0.00018259125
graphsage,0,59253,0,0,0.12143682
graphsage,0,70444,1,1,0.99927646
graphsage,0,50964,0,0,0.0030337234
graphsage,0,2373,1,1,0.9999014
graphsage,0,46290,1,1,0.9973761
graphsage,0,15080,1,1,0.9999459
graphsage,0,8685,1,1,0.98998135
graphsage,0,56988,0,0,0.00081455946
graphsage,0,21491,0,0,0.008753791
graphsage,0,55252,1,1,0.9996568
graphsage,0,10633,0,0,0.12735751
graphsage,0,9772,0,0,0.014647928
graphsage,0,14681,1,1,0.9693832
graphsage,0,3600,0,0,0.15647845
graphsage,0,28463,0,0,0.033188846
graphsage,0,13407,0,0,0.21729408
graphsage,0,58253,0,0,7.616405e-05
graphsage,0,20965,1,1,0.9998067
graphsage,0,47296,1,1,0.99996865
graphsage,0,559,1,1,0.95956385
graphsage,0,43820,0,0,0.027889377
graphsage,0,45041,0,0,0.037343204
graphsage,0,35786,0,0,0.0014697452
graphsage,0,59381,0,0,0.0031315607
graphsage,0,48574,0,0,0.025556164
graphsage,0,7679,0,0,4.1571955e-05
graphsage,0,59268,1,1,0.7660695
graphsage,0,71584,0,0,3.9236756e-06
graphsage,0,68024,1,1,0.90329754
graphsage,0,18890,0,0,0.0034141673
graphsage,0,3235,0,1,0.8693738
graphsage,0,31806,0,0,0.011111252
graphsage,0,58997,1,1,0.94493604
graphsage,0,63442,1,1,0.7646246
graphsage,0,48536,0,0,0.0012317221
graphsage,0,64693,0,0,0.0005163847
graphsage,0,62910,1,1,0.9930328
graphsage,0,18570,0,0,0.02901668
graphsage,0,27015,1,1,0.9986014
graphsage,0,49182,0,0,0.017975414
graphsage,0,55487,0,0,0.0004702048
graphsage,0,71128,1,1,0.99999213
graphsage,0,35760,0,0,0.33191577
graphsage,0,44797,0,0,0.4098337
graphsage,0,51378,1,1,0.8809937
graphsage,0,7148,1,1,0.9990134
graphsage,0,53853,0,1,0.85904694
graphsage,0,42150,0,1,0.6923247
graphsage,0,57548,0,0,0.00014528637
graphsage,0,15088,1,1,0.999871
graphsage,0,22779,1,1,0.98670816
graphsage,0,26752,0,0,0.00012363533
graphsage,0,18910,1,1,0.90397483
graphsage,0,54463,1,1,0.87613535
graphsage,0,8767,0,0,0.0013190679
graphsage,0,61674,0,0,0.0027626967
graphsage,0,49368,1,1,0.885819
graphsage,0,8406,0,0,0.08487993
graphsage,0,35773,0,0,0.01839482
graphsage,0,35443,1,1,0.9996916
graphsage,0,27305,1,1,0.9998771
graphsage,0,9758,0,0,0.30644742
graphsage,0,53846,0,0,0.0093413
graphsage,0,68990,0,0,0.10371422
graphsage,0,71599,1,1,0.99997914
graphsage,0,65283,1,1,0.98900187
graphsage,0,17562,1,1,0.99299884
graphsage,0,7957,1,1,0.99961853
graphsage,0,28516,1,1,0.9999573
graphsage,0,40926,1,1,0.99467504
graphsage,0,58650,0,0,0.0026465368
graphsage,0,27008,1,1,0.9843797
graphsage,0,300,0,0,0.000961049
graphsage,0,838,0,0,0.025829809
graphsage,0,51071,0,0,0.0005376104
graphsage,0,4561,0,0,0.0004809918
graphsage,0,26013,1,1,0.9999751
graphsage,0,69714,1,1,0.9125007
graphsage,0,54222,0,0,0.00034846403
graphsage,0,64263,1,1,0.9933816
graphsage,0,62989,1,1,0.9985464
graphsage,0,49201,1,0,0.15975897
graphsage,0,5222,0,0,1.3720227e-05
graphsage,0,34078,1,1,0.9857348
graphsage,0,42812,1,0,0.07765455
graphsage,0,25474,1,1,0.99695575
graphsage,0,69869,1,1,0.9996438
graphsage,0,60971,0,0,0.0003802998
graphsage,0,36121,1,1,0.772557
graphsage,0,65610,1,1,0.96841687
graphsage,0,36409,1,0,0.40056768
graphsage,0,42058,1,1,0.9988319
graphsage,0,69786,0,1,0.9037891
graphsage,0,7425,1,1,0.8798983
graphsage,0,53731,0,0,0.004570077
graphsage,0,48098,0,0,0.0006044486
graphsage,0,41469,0,0,0.00021375016
graphsage,0,62790,0,0,0.0016201802
graphsage,0,25476,1,0,0.324424
graphsage,0,12782,1,1,0.9124986
graphsage,0,44431,0,1,0.9873317
graphsage,0,7595,1,1,0.9510974
graphsage,0,37151,0,0,0.00032921828
graphsage,0,18985,1,1,0.89567
graphsage,0,48801,0,0,0.014234512
graphsage,0,56559,1,1,0.9925861
graphsage,0,10296,1,0,0.062227774
graphsage,0,68729,1,1,0.9984993
graphsage,0,65323,0,0,0.0074451375
graphsage,0,6618,0,0,0.21750394
graphsage,0,62103,1,1,0.99877924
graphsage,0,66654,1,1,0.999127
graphsage,0,23284,0,0,0.008407569
graphsage,0,21825,0,1,0.882498
graphsage,0,21476,1,1,0.9993839
graphsage,0,3269,0,0,0.19791396
graphsage,0,36739,1,1,0.90338117
graphsage,0,19176,0,0,0.017613957
graphsage,0,51181,1,1,0.8858418
graphsage,0,11414,0,0,0.033358864
graphsage,0,57538,1,1,0.91530436
graphsage,0,7162,0,0,0.0070969798
graphsage,0,7615,1,1,0.8941325
graphsage,0,7405,0,0,2.6819596e-05
graphsage,0,45540,1,1,0.5704368
graphsage,0,52882,1,1,0.9998654
graphsage,0,70571,1,1,0.68243814
graphsage,0,13009,0,0,0.049788106
graphsage,0,32920,0,0,0.069676355
graphsage,0,61684,1,1,0.99984014
graphsage,0,54745,1,1,0.6628448
graphsage,0,55906,1,1,0.68391615
graphsage,0,44639,1,1,0.9893266
graphsage,0,59295,1,1,0.95440495
graphsage,0,17063,1,1,0.99963486
graphsage,0,26019,1,1,0.999154
graphsage,0,47546,0,0,0.024680473
graphsage,0,10212,0,0,0.0005077409
graphsage,0,28921,0,0,0.0022488816
graphsage,0,22843,1,1,0.6334892
graphsage,0,37495,1,1,0.9551497
graphsage,0,9313,0,0,0.0036186136
graphsage,0,36425,0,0,0.001472503
graphsage,0,31567,0,0,0.00026765093
graphsage,0,23673,1,1,0.937158
graphsage,0,25203,1,1,0.99980646
graphsage,0,44480,0,0,0.0007348012
graphsage,0,42381,0,0,0.22670475
graphsage,0,12244,1,1,0.999902
graphsage,0,67226,1,1,0.9999639
graphsage,0,27271,0,0,7.938831e-05
graphsage,0,53161,1,1,0.88315845
graphsage,0,41765,0,0,0.00018948512
graphsage,0,19058,1,1,0.9915957
graphsage,0,28,0,0,0.024203721
graphsage,0,13980,0,0,0.00021971462
graphsage,0,42409,1,1,0.99859685
graphsage,0,18119,0,0,0.007834707
graphsage,0,38885,1,1,0.86073
graphsage,0,31206,1,1,0.99826306
graphsage,0,64563,1,1,0.9507569
graphsage,0,61769,1,1,0.99986804
graphsage,0,44735,0,0,0.00045087415
graphsage,0,59648,0,0,0.0011406315
graphsage,0,26969,0,1,0.58087844
graphsage,0,17126,1,1,0.99965656
graphsage,0,53514,1,1,0.99996924
graphsage,0,46275,0,0,0.029900039
graphsage,0,8469,0,0,0.0035036232
graphsage,0,44457,0,0,0.0010962061
graphsage,0,49319,0,0,2.761079e-05
graphsage,0,69950,0,0,0.35038278
graphsage,0,57138,0,0,0.013911953
graphsage,0,69404,0,0,0.003556096
graphsage,0,49236,1,1,0.7660695
graphsage,0,8248,1,1,0.9992286
graphsage,0,50280,0,0,0.001638328
graphsage,0,11446,0,0,0.0017405454
graphsage,0,68026,0,0,0.00020971366
graphsage,0,25487,0,1,0.58168703
graphsage,0,38188,1,0,0.24267825
graphsage,0,52504,0,0,0.12367445
graphsage,0,30970,1,1,0.9754489
graphsage,0,30881,1,1,0.9694685
graphsage,0,28614,1,1,0.9854622
graphsage,0,50696,1,1,0.7660695
graphsage,0,59757,0,0,0.008209774
graphsage,0,11016,1,1,0.99509746
graphsage,0,37417,1,0,0.21471624
graphsage,0,53847,0,0,0.006167814
graphsage,0,48605,1,1,0.98301876
graphsage,0,13971,0,0,0.0005554942
graphsage,0,30720,0,0,7.0368464e-05
graphsage,0,35035,0,0,0.08761552
graphsage,0,19579,1,1,0.9980502
graphsage,0,3165,0,1,0.5744502
graphsage,0,31056,0,0,0.008264892
graphsage,0,54787,0,0,0.009911611
graphsage,0,36588,0,0,0.01159027
graphsage,0,58514,0,0,0.4457862
graphsage,0,57119,1,1,0.9993772
graphsage,0,11498,0,1,0.53685933
graphsage,0,22232,1,0,0.33646038
graphsage,0,52451,0,0,0.000859309
graphsage,0,69435,0,0,0.00010289508
graphsage,0,65720,0,0,0.0020333359
graphsage,0,52049,0,0,8.007395e-05
graphsage,0,47402,0,0,0.00017550294
graphsage,0,53849,0,0,0.003148738
graphsage,0,58260,1,1,0.9998951
graphsage,0,52388,1,1,0.99868685
graphsage,0,70268,0,0,0.00017568459
graphsage,0,2391,1,1,0.9932192
graphsage,0,7131,1,0,0.018051192
graphsage,0,14087,1,1,0.99640757
graphsage,0,17721,0,0,0.0013740557
graphsage,0,70911,0,0,0.0043360535
graphsage,0,46630,0,0,0.006341974
graphsage,0,17032,1,0,0.047176093
graphsage,0,35435,0,0,0.087981045
graphsage,0,15046,1,1,0.9999629
graphsage,0,87,0,0,0.45322093
graphsage,0,23571,0,0,0.008157537
graphsage,0,20351,0,0,0.0001155677
graphsage,0,31293,1,1,0.9999099
graphsage,0,42146,0,0,0.00071576703
graphsage,0,35483,0,0,0.038844522
graphsage,0,49390,0,0,0.013483476
graphsage,0,43939,1,1,0.9213481
graphsage,0,71021,0,0,0.0003060601
graphsage,0,17578,1,1,0.99734527
graphsage,0,28965,0,0,1.9468247e-05
graphsage,0,19393,0,0,0.00036551786
graphsage,0,71289,0,0,0.000872363
graphsage,0,45670,1,1,0.9999796
graphsage,0,31668,0,0,0.3039429
graphsage,0,42501,1,1,0.9951873
graphsage,0,55385,0,0,0.024457594
graphsage,0,39742,0,0,0.0069329757
graphsage,0,60804,1,1,0.9995297
graphsage,0,55412,0,1,0.5432974
graphsage,0,27074,0,0,0.0005710947
graphsage,0,18106,1,1,0.99607927
graphsage,0,11643,0,0,8.528053e-05
graphsage,0,29928,0,0,6.9107577e-06
graphsage,0,34397,1,1,0.71532404
graphsage,0,17455,0,0,0.0118801985
graphsage,0,24811,1,1,0.99966407
graphsage,0,29641,0,0,0.3510379
graphsage,0,71025,1,1,0.81932735
graphsage,0,23602,0,0,0.0010115678
graphsage,0,6865,1,1,0.99988556
graphsage,0,1851,1,1,0.9986578
graphsage,0,45317,1,1,0.8657301
graphsage,0,31793,0,0,1.3752099e-05
graphsage,0,28400,1,1,0.99887425
graphsage,0,39203,1,1,0.99647695
graphsage,0,9756,1,1,0.99804914
graphsage,0,10461,0,0,0.0005085022
graphsage,0,14186,1,1,0.9999503
graphsage,0,39567,0,0,0.0041792938
graphsage,0,48155,0,0,0.006344505
graphsage,0,25276,1,1,0.99982303
graphsage,0,38373,1,0,0.18923293
graphsage,0,50049,0,0,0.0030279858
graphsage,0,48548,0,0,0.0021683676
graphsage,0,7697,0,1,0.84209394
graphsage,0,32854,1,0,0.39399892
graphsage,0,67770,1,1,0.9999739
graphsage,0,30615,1,1,0.9350242
graphsage,0,19485,0,0,0.00035889138
graphsage,0,35981,0,0,0.0005138747
graphsage,0,50303,1,1,0.9998522
graphsage,0,49648,0,0,0.01876748
graphsage,0,31413,1,1,0.99469346
graphsage,0,34661,0,0,0.0018053924
graphsage,0,8755,1,1,0.98175526
graphsage,0,51021,0,1,0.697208
graphsage,0,30559,0,0,0.14818934
graphsage,0,40788,1,1,0.9905778
graphsage,0,66305,1,1,0.9935313
graphsage,0,38491,1,1,0.9923153
graphsage,0,71664,0,0,0.37418225
graphsage,0,43580,0,0,0.029243616
graphsage,0,12289,0,0,0.0241168
graphsage,0,64371,1,1,0.7660695
graphsage,0,68201,1,1,0.98050445
graphsage,0,35310,0,0,0.12710577
graphsage,0,16923,1,1,0.99934524
graphsage,0,13122,1,1,0.99599934
graphsage,0,29964,1,1,0.9981363
graphsage,0,24997,1,1,0.9994306
graphsage,0,15839,1,1,0.95868653
graphsage,0,23005,0,0,0.0057765343
graphsage,0,51481,0,0,0.00064528285
graphsage,0,48857,1,1,0.99954057
graphsage,0,47185,1,1,0.99952054
graphsage,0,31663,0,0,0.0047363196
graphsage,0,32466,0,0,0.3782762
graphsage,0,21528,0,0,0.002312698
graphsage,0,50211,0,0,0.0014204356
graphsage,0,49807,1,1,0.68472683
graphsage,0,30855,0,0,0.13291305
graphsage,0,62957,0,0,0.00206909
graphsage,0,30252,1,1,0.7660695
graphsage,0,12121,0,0,0.19426604
graphsage,0,60014,0,0,1.3283048e-05
graphsage,0,25363,1,1,0.99961746
graphsage,0,56136,1,1,0.9836716
graphsage,0,28657,1,1,0.9993691
graphsage,0,35838,1,1,0.99638784
graphsage,0,22516,1,1,0.99988115
graphsage,0,58605,0,1,0.8810008
graphsage,0,56549,0,0,0.4156198
graphsage,0,9999,1,1,0.7587853
graphsage,0,8418,1,1,0.9906446
graphsage,0,50706,0,0,6.322323e-05
graphsage,0,52670,0,0,0.028787548
graphsage,0,53652,0,0,0.0012926267
graphsage,0,62176,1,1,0.84560287
graphsage,0,56978,0,0,0.01232119
graphsage,0,58570,0,0,0.025393216
graphsage,0,14741,1,1,0.9955146
graphsage,0,43431,1,1,0.97748667
graphsage,0,47369,0,0,0.005039292
graphsage,0,24379,1,1,0.9999969
graphsage,0,52834,1,1,0.99987113
graphsage,0,36009,0,0,0.024315575
graphsage,0,33801,0,0,0.049160175
graphsage,0,61311,1,1,0.9828541
graphsage,0,65561,1,1,0.9917378
graphsage,0,68872,0,0,0.0017299067
graphsage,0,56838,1,1,0.99450076
graphsage,0,28297,0,0,0.0045624156
graphsage,0,51208,0,0,0.0006651981
graphsage,0,5272,1,1,0.9363658
graphsage,0,46441,0,0,0.038945258
graphsage,0,29149,0,0,7.704495e-05
graphsage,0,64746,0,0,0.11077398
graphsage,0,23436,1,1,0.5498469
graphsage,0,52160,0,0,0.00013825738
graphsage,0,24152,1,1,0.998058
graphsage,0,30704,0,0,0.004292386
graphsage,0,51855,0,0,0.000713942
graphsage,0,46315,0,0,0.024725834
graphsage,0,12675,0,0,0.02038087
graphsage,0,43964,1,1,0.85504884
graphsage,0,10689,0,0,0.15423937
graphsage,0,57354,1,1,0.7867368
graphsage,0,18249,0,0,0.0033568304
graphsage,0,3546,1,1,0.9918568
graphsage,0,31619,1,1,0.8868238
graphsage,0,32336,1,1,0.8596379
graphsage,0,23604,0,0,0.0021323257
graphsage,0,49542,0,1,0.93619233
graphsage,0,52523,0,0,0.0001356317
graphsage,0,27522,0,0,0.017483393
graphsage,0,63550,1,1,0.97660136
graphsage,0,4691,1,1,0.9924793
graphsage,0,43084,1,1,0.7420342
graphsage,0,61460,0,0,0.000407646
graphsage,0,52516,0,0,0.0008949447
graphsage,0,29814,1,1,0.9879573
graphsage,0,45729,1,1,0.99389994
graphsage,0,70670,1,1,0.99995863
graphsage,0,14506,1,1,0.99996996
graphsage,0,42803,0,0,0.4816567
graphsage,0,26168,0,1,0.9233557
graphsage,0,49615,0,0,0.0045373933
graphsage,0,33255,0,0,0.021074407
graphsage,0,1715,0,0,0.00023619525
graphsage,0,11428,1,1,0.99997056
graphsage,0,33784,0,0,0.47672182
graphsage,0,57991,1,1,0.99949896
graphsage,0,49005,1,1,0.99874395
graphsage,0,61208,1,1,0.99995255
graphsage,0,28672,1,1,0.99321175
graphsage,0,44769,1,1,0.99908566
graphsage,0,27209,0,0,0.07915844
graphsage,0,41558,0,0,0.00090725394
graphsage,0,1303,1,1,0.9985606
graphsage,0,67767,1,1,0.9959293
graphsage,0,1635,0,0,0.37407646
graphsage,0,68601,1,1,0.9834832
graphsage,0,63206,0,0,4.8485443e-05
graphsage,0,57103,0,0,0.0019830065
graphsage,0,3466,0,0,0.02555126
graphsage,0,11062,0,0,0.0030341346
graphsage,0,58544,0,0,0.012497695
graphsage,0,66760,1,1,0.9878902
graphsage,0,59471,1,1,0.995513
graphsage,0,13,1,1,0.9990243
graphsage,0,432,1,1,0.99905866
graphsage,0,35839,0,0,0.0005844989
graphsage,0,21107,0,0,0.0010402373
graphsage,0,19639,1,0,0.34130457
graphsage,0,57228,0,0,0.08869753
graphsage,0,33389,1,0,0.14934102
graphsage,0,62476,0,0,0.0075137666
graphsage,0,24194,1,1,0.9684863
graphsage,0,41680,0,0,0.0009500178
graphsage,0,8975,0,0,0.0027744768
graphsage,0,26626,1,1,0.79579335
graphsage,0,42545,0,1,0.7130454
graphsage,0,22828,0,0,0.013013984
graphsage,0,36107,1,1,0.99937147
graphsage,0,27980,0,0,0.0014765406
graphsage,0,55536,1,1,0.7660695
graphsage,0,41094,1,1,0.9959889
graphsage,0,67853,0,0,0.0011309922
graphsage,0,63216,1,1,0.9997484
graphsage,0,3698,0,0,4.5341018e-05
graphsage,0,6595,1,1,0.71099913
graphsage,0,61890,1,1,0.99640757
graphsage,0,4893,0,0,0.0017303916
graphsage,0,33265,0,0,0.012805087
graphsage,0,61095,0,0,0.16560769
graphsage,0,3275,1,1,0.99609727
graphsage,0,10824,1,1,0.99966156
graphsage,0,48766,1,1,0.9791519
graphsage,0,59535,1,1,0.9997738
graphsage,0,27640,0,0,0.105324365
graphsage,0,1203,1,1,0.99018735
graphsage,0,53890,0,1,0.6604555
graphsage,0,71369,0,0,0.056404155
graphsage,0,51955,1,1,0.9965013
graphsage,0,49060,0,0,0.00034823656
graphsage,0,9895,0,0,0.0032908407
graphsage,0,30025,0,0,0.020881131
graphsage,0,35153,0,0,0.029700136
graphsage,0,63515,0,0,0.16427046
graphsage,0,27697,1,1,0.9992951
graphsage,0,22057,0,0,0.010477225
graphsage,0,62995,0,0,2.9697967e-05
graphsage,0,67487,0,0,0.1023642
graphsage,0,1585,1,1,0.9010781
graphsage,0,29392,1,1,0.9998405
graphsage,0,36139,0,0,3.051282e-05
graphsage,0,62977,1,1,0.9993387
graphsage,0,13178,0,0,0.3218171
graphsage,0,14057,1,1,0.667893
graphsage,0,29402,1,1,0.76120716
graphsage,0,65914,1,0,0.09173498
graphsage,0,71544,0,0,0.077294365
graphsage,0,30856,1,1,0.964718
graphsage,0,16856,0,0,0.010215802
graphsage,0,71912,0,0,0.006355378
graphsage,0,34374,0,0,0.39413497
graphsage,0,53505,1,1,0.99872845
graphsage,0,27732,1,1,0.9998796
graphsage,0,27332,1,1,0.93936527
graphsage,0,4038,1,1,0.9698229
graphsage,0,43742,0,0,0.00033721357
graphsage,0,44537,1,1,0.8499439
graphsage,0,12962,1,0,0.3619522
graphsage,0,56263,1,1,0.9799477
graphsage,0,44379,0,0,0.00047956436
graphsage,0,2586,1,1,0.99979466
graphsage,0,13596,0,0,0.0012945049
graphsage,0,7806,1,1,0.9377307
graphsage,0,23563,0,0,5.7492383e-05
graphsage,0,66789,1,1,0.99773115
graphsage,0,41541,1,1,0.9993949
graphsage,0,44180,0,0,0.000490473
graphsage,0,4598,1,1,0.99737597
graphsage,0,19210,1,1,0.99898285
graphsage,0,14114,0,0,0.0044801426
graphsage,0,38242,0,0,0.00035518233
graphsage,0,11139,0,0,0.012280347
graphsage,0,9089,0,0,0.012080599
graphsage,0,3007,1,1,0.9936009
graphsage,0,44163,1,1,0.9998111
graphsage,0,34322,1,1,0.9891629
graphsage,0,27372,1,1,0.9964689
graphsage,0,67192,0,0,0.072272636
graphsage,0,33536,0,1,0.6939795
graphsage,0,23665,0,0,0.0029424925
graphsage,0,6866,1,1,0.9990067
graphsage,0,27600,0,0,0.0005479839
graphsage,0,52193,1,1,0.99211335
graphsage,0,36825,1,0,0.47491783
graphsage,0,8856,1,1,0.99861157
graphsage,0,12112,1,1,0.9989919
graphsage,0,50701,1,0,0.17952727
graphsage,0,37875,0,0,0.0001390639
graphsage,0,36782,0,0,0.01627081
graphsage,0,48082,0,0,0.011232395
graphsage,0,39138,1,1,0.9274285
graphsage,0,8163,1,1,0.99587256
graphsage,0,24673,0,0,0.09025248
graphsage,0,2930,0,0,0.0017316344
graphsage,0,42343,1,1,0.9997652
graphsage,0,53437,1,1,0.99957293
graphsage,0,27399,1,1,0.9245412
graphsage,0,34875,1,0,0.41944674
graphsage,0,68748,0,0,0.07521207
graphsage,0,42671,1,1,0.98643297
graphsage,0,68644,0,0,0.006118836
graphsage,0,25424,1,1,0.9998379
graphsage,0,38711,1,1,0.9999027
graphsage,0,67498,0,0,0.017238343
graphsage,0,37534,0,0,0.0039618826
graphsage,0,64059,0,0,0.052632015
graphsage,0,2987,1,1,0.99444085
graphsage,0,4468,0,0,0.011945268
graphsage,0,14149,1,1,0.9988462
graphsage,0,35332,0,0,0.048788853
graphsage,0,10705,1,1,0.98540825
graphsage,0,34711,0,0,0.050913587
graphsage,0,7248,0,0,0.09419703
graphsage,0,40993,0,0,0.0010976829
graphsage,0,26547,0,0,0.0016246322
graphsage,0,24051,1,1,0.9809271
graphsage,0,44783,1,1,0.9995413
graphsage,0,30530,1,1,0.61759603
graphsage,0,41436,0,0,0.0030279858
graphsage,0,52785,1,1,0.9952513
graphsage,0,20950,0,0,0.038105622
graphsage,0,22301,1,1,0.9998092
graphsage,0,24964,1,1,0.98059
graphsage,0,18257,1,1,0.86611617
graphsage,0,31513,0,0,0.23621057
graphsage,0,28096,0,0,0.0020968374
graphsage,0,34400,1,1,0.99855715
graphsage,0,66171,0,0,0.0005877004
graphsage,0,33804,0,0,0.0007381397
graphsage,0,21071,1,1,0.76866394
graphsage,0,48056,1,1,0.9998934
graphsage,0,61685,0,0,0.033874653
graphsage,0,70715,1,1,0.9418225
graphsage,0,69148,1,1,0.9981997
graphsage,0,49438,0,0,0.13613443
graphsage,0,24818,0,1,0.7873391
graphsage,0,42614,0,0,0.0005155801
graphsage,0,19923,1,1,0.9996774
graphsage,0,70596,1,1,0.9387192
graphsage,0,19937,0,0,0.035868738
graphsage,0,71969,1,1,0.92880005
graphsage,0,52149,1,1,0.98687553
graphsage,0,48383,1,1,0.99966455
graphsage,0,17196,1,1,0.9981198
graphsage,0,27694,0,0,0.0013443597
graphsage,0,63342,0,0,0.040263496
graphsage,0,17085,0,0,7.000903e-05
graphsage,0,7841,0,0,0.00082450843
graphsage,0,57320,0,0,0.00014988355
graphsage,0,54899,1,1,0.96837384
graphsage,0,70197,1,1,0.99991655
graphsage,0,26269,0,0,0.34888485
graphsage,0,59349,0,0,0.009560005
graphsage,0,781,0,0,0.0005585963
graphsage,0,55415,1,1,0.999985
graphsage,0,63448,1,0,0.14249949
graphsage,0,11573,1,1,0.99545884
graphsage,0,46141,0,0,0.045334253
graphsage,0,52948,1,1,0.99845064
graphsage,0,21515,1,1,0.9368238
graphsage,0,22293,0,0,0.00031756176
graphsage,0,25665,1,1,0.9068266
graphsage,0,51379,0,0,0.03412064
graphsage,0,71705,0,0,0.13393548
graphsage,0,71825,0,0,0.0013442015
graphsage,0,37796,0,0,1.0679049e-05
graphsage,0,70283,0,1,0.50341994
graphsage,0,14635,1,1,0.9900752
graphsage,0,47946,1,1,0.9957694
graphsage,0,40561,0,0,0.0045305346
graphsage,0,2459,0,0,1.0942995e-05
graphsage,0,20314,0,0,0.010535784
graphsage,0,57100,0,0,0.0024920627
graphsage,0,66798,1,1,0.9935535
graphsage,0,62899,0,0,0.02719525
graphsage,0,10144,0,1,0.72537184
graphsage,0,39971,1,1,0.95484084
graphsage,0,67667,1,1,0.9674797
graphsage,0,66332,0,0,0.11174269
graphsage,0,48202,1,1,0.99251306
graphsage,0,5356,0,0,0.22187895
graphsage,0,22247,1,1,0.98584425
graphsage,0,71070,0,0,0.015914038
graphsage,0,52404,1,1,0.78822684
graphsage,0,52428,0,0,0.00081026
graphsage,0,44260,0,0,0.016226731
graphsage,0,26734,1,1,0.9956833
graphsage,0,15510,1,1,0.7660695
graphsage,0,43379,1,1,0.7125389
graphsage,0,50996,0,0,0.0047662337
graphsage,0,9614,1,1,0.9999893
graphsage,0,36831,1,1,0.99976856
graphsage,0,16701,0,0,3.930992e-05
graphsage,0,25496,0,0,0.0005445606
graphsage,0,21765,0,0,0.09781195
graphsage,0,40454,1,1,0.9988574
graphsage,0,22890,1,0,0.026206471
graphsage,0,8668,1,1,0.999941
graphsage,0,25811,0,1,0.97905195
graphsage,0,51974,1,1,0.99683577
graphsage,0,22394,1,1,0.97606295
graphsage,0,5911,0,0,0.12243237
graphsage,0,20145,0,0,0.025078524
graphsage,0,67439,0,0,0.013462852
graphsage,0,10375,0,0,0.00015561111
graphsage,0,49730,1,1,0.9809523
graphsage,0,9402,1,1,0.87619954
graphsage,0,23181,0,0,0.0047314265
graphsage,0,19938,1,1,0.9995747
graphsage,0,3076,0,0,0.0060074106
graphsage,0,55388,1,1,0.8897033
graphsage,0,10467,1,1,0.9670889
graphsage,0,571,1,1,0.9320219
graphsage,0,27199,1,1,0.9160357
graphsage,0,79,1,0,0.3704311
graphsage,0,46010,1,1,0.5916056
graphsage,0,27443,0,1,0.9064247
graphsage,0,10336,1,1,0.9980884
graphsage,0,29005,1,1,0.99890804
graphsage,0,58041,0,0,0.23331392
graphsage,0,53728,1,1,0.988245
graphsage,0,56398,1,1,0.99956137
graphsage,0,37073,1,1,0.99855655
graphsage,0,35142,1,1,0.926806
graphsage,0,23220,0,0,0.00025223364
graphsage,0,14288,0,0,0.0071427147
graphsage,0,10312,0,0,2.254222e-05
graphsage,0,55494,1,0,0.46480465
graphsage,0,46749,0,0,0.0010859753
graphsage,0,48276,0,0,0.011175553
graphsage,0,41713,1,1,0.99376607
graphsage,0,53004,1,1,0.9985643
graphsage,0,48007,0,0,0.01615536
graphsage,0,49284,1,1,0.9999372
graphsage,0,16438,1,1,0.99880123
graphsage,0,55345,0,0,0.028773379
graphsage,0,25026,0,0,3.3360026e-05
graphsage,0,46724,1,1,0.9948986
graphsage,0,13564,1,1,0.9589237
graphsage,0,40410,0,0,0.00046556556
graphsage,0,18338,1,0,0.39034665
graphsage,0,22720,0,0,0.057836045
graphsage,0,19718,1,1,0.9998178
graphsage,0,59037,0,0,0.025442084
graphsage,0,40084,1,1,0.9990595
graphsage,0,64347,1,1,0.9999809
graphsage,0,29897,0,0,0.00034966005
graphsage,0,62808,1,1,0.98231536
graphsage,0,846,1,1,0.9995889
graphsage,0,19229,0,0,0.40636733
graphsage,0,24802,1,1,0.99892396
graphsage,0,33921,1,1,0.789832
graphsage,0,64430,0,0,0.001882134
graphsage,0,50073,0,0,0.04552784
graphsage,0,4304,1,1,0.99152523
graphsage,0,13952,0,0,0.11249775
graphsage,0,39502,0,0,0.06267953
graphsage,0,46559,0,0,0.0030527783
graphsage,0,58625,0,0,0.20340016
graphsage,0,29830,0,0,0.0131319575
graphsage,0,35273,0,0,0.0005490868
graphsage,0,8580,1,1,0.9841434
graphsage,0,5508,1,1,0.99851006
graphsage,0,31783,1,1,0.962917
graphsage,0,10974,0,0,0.00016328493
graphsage,0,56266,1,1,0.98976517
graphsage,0,65774,1,0,0.14916746
graphsage,0,60940,1,1,0.872321
graphsage,0,3902,0,0,0.006232363
graphsage,0,68941,0,0,0.00586827
graphsage,0,38121,1,0,0.46101442
graphsage,0,21365,0,0,0.009018072
graphsage,0,62339,1,1,0.9994154
graphsage,0,68486,1,1,0.9953902
graphsage,0,12331,1,1,0.5796007
graphsage,0,25304,0,0,0.0013738386
graphsage,0,63350,1,1,0.994909
graphsage,0,26519,0,1,0.5107187
graphsage,0,24015,0,0,7.44185e-05
graphsage,0,28856,0,1,0.92939526
graphsage,0,71307,1,1,0.99992955
graphsage,0,64546,0,0,0.015902676
graphsage,0,20540,0,0,5.5468772e-05
graphsage,0,34474,1,1,0.996447
graphsage,0,68305,0,0,0.00017026433
graphsage,0,59541,0,0,0.047673617
graphsage,0,60908,1,1,0.99978596
graphsage,0,52286,0,0,0.002492634
graphsage,0,3974,1,1,0.9996921
graphsage,0,26591,1,1,0.988576
graphsage,0,35830,0,0,0.0015611643
graphsage,0,50223,1,1,0.7660695
graphsage,0,21281,0,0,1.6340076e-05
graphsage,0,36618,1,1,0.9976635
graphsage,0,225,0,0,0.00010759346
graphsage,0,40414,1,1,0.9755166
graphsage,0,15817,0,0,0.07938873
graphsage,0,23598,1,1,0.998787
graphsage,0,28557,1,1,0.8904663
graphsage,0,37989,0,0,0.27786928
graphsage,0,13477,0,0,0.0199558
graphsage,0,33492,0,0,0.0016327447
graphsage,0,38079,1,1,0.8373445
graphsage,0,37733,0,0,0.0011411357
graphsage,0,59823,1,1,0.99070716
graphsage,0,16299,0,0,0.16492099
graphsage,0,26323,0,0,0.010710302
graphsage,0,61898,0,0,0.0053834156
graphsage,0,24590,1,1,0.99567455
graphsage,0,39923,1,1,0.9978155
graphsage,0,68800,1,1,0.98204803
graphsage,0,49974,1,1,0.9876658
graphsage,0,7700,0,0,0.040893264
graphsage,0,3922,1,1,0.998828
graphsage,0,24374,0,0,0.00069022237
graphsage,0,18425,1,1,0.7559429
graphsage,0,45962,1,1,0.9954313
graphsage,0,49770,0,0,0.0019264888
graphsage,0,34343,0,0,0.000433189
graphsage,0,10563,0,0,0.023185102
graphsage,0,67309,1,1,0.9999397
graphsage,0,13630,1,1,0.9823284
graphsage,0,47673,0,0,0.0045324727
graphsage,0,64189,0,0,0.2438581
graphsage,0,34104,1,1,0.9776184
graphsage,0,32474,1,1,0.7241721
graphsage,0,50407,0,0,0.00011258128
graphsage,0,35266,0,0,0.010183606
graphsage,0,27017,0,1,0.7350432
graphsage,0,16126,0,0,0.00042085774
graphsage,0,21612,1,1,0.9998104
graphsage,0,56110,1,1,0.8527636
graphsage,0,64728,1,1,0.97292197
graphsage,0,47865,1,1,0.6034796
graphsage,0,59942,0,1,0.76843125
graphsage,0,20724,0,0,0.003467367
graphsage,0,54953,0,0,0.00036035667
graphsage,0,63373,1,1,0.9999052
graphsage,0,52990,1,1,0.998558
graphsage,0,12080,1,1,0.9994831
graphsage,0,19460,0,0,0.0005963572
graphsage,0,9958,0,0,0.100569285
graphsage,0,34339,0,0,0.0025290125
graphsage,0,56644,0,0,0.19196637
graphsage,0,60685,0,0,0.007666492
graphsage,0,31328,1,1,0.62629753
graphsage,0,60221,0,0,0.00037546648
graphsage,0,12353,1,1,0.9986337
graphsage,0,34336,0,1,0.6324706
graphsage,0,40046,1,1,0.99987924
graphsage,0,28265,0,0,0.0023336343
graphsage,0,11358,0,0,0.00021834341
graphsage,0,24675,0,0,0.00068124506
graphsage,0,41997,1,1,0.99630284
graphsage,0,11854,0,0,0.0037047423
graphsage,0,29242,1,1,0.7161135
graphsage,0,54199,1,1,0.9996214
graphsage,0,63577,1,1,0.9901731
graphsage,0,36682,0,0,0.00020379797
graphsage,0,59794,0,1,0.57289803
graphsage,0,13939,1,1,0.9995876
graphsage,0,28761,0,0,0.13448316
graphsage,0,40020,0,0,0.008294367
graphsage,0,37822,0,0,0.028242692
graphsage,0,56435,0,0,0.009671997
graphsage,0,13435,1,1,0.9929395
graphsage,0,43977,0,0,0.014318513
graphsage,0,36546,0,0,0.011384657
graphsage,0,51205,0,0,0.0011876662
graphsage,0,61834,1,1,0.99352247
graphsage,0,38772,1,1,0.60904473
graphsage,0,48728,1,1,0.99092823
graphsage,0,13773,1,1,0.99997723
graphsage,0,40047,1,1,0.8402403
graphsage,0,6727,1,1,0.9850139
graphsage,0,9420,0,0,0.00044490487
graphsage,0,67056,1,1,0.992492
graphsage,0,12030,1,0,0.07023905
graphsage,0,43944,0,0,2.0557523e-05
graphsage,0,19852,1,1,0.9894811
graphsage,0,23725,0,0,0.004582628
graphsage,0,13368,1,1,0.8784545
graphsage,0,38614,1,1,0.9999403
graphsage,0,43678,0,0,0.077139504
graphsage,0,42561,0,0,0.0005335377
graphsage,0,55320,1,0,0.022627924
graphsage,0,58484,0,0,0.000117607575
graphsage,0,27231,1,1,0.9465561
graphsage,0,57334,0,0,0.00075838016
graphsage,0,61578,1,1,0.99919516
graphsage,0,39677,0,0,0.00581448
graphsage,0,67096,1,1,0.9985489
graphsage,0,42228,0,0,0.02005229
graphsage,0,6167,1,1,0.9949562
graphsage,0,48420,1,0,0.25035313
graphsage,0,15575,1,1,0.9999893
graphsage,0,33101,1,1,0.9749795
graphsage,0,62330,0,0,0.0015083927
graphsage,0,36401,0,0,0.009512489
graphsage,0,24517,1,1,0.9405355
graphsage,0,45732,0,0,0.01050972
graphsage,0,17202,0,0,0.04162613
graphsage,0,46083,0,0,0.036788914
graphsage,0,266,1,1,0.9871329
graphsage,0,58730,0,0,0.006947541
graphsage,0,31897,0,0,0.12522754
graphsage,0,18283,1,1,0.9897198
graphsage,0,19751,1,1,0.92236143
graphsage,0,68752,1,1,0.99964
graphsage,0,7423,1,1,0.8783175
graphsage,0,62236,0,0,0.06368712
graphsage,0,64460,1,1,0.99992836
graphsage,0,8147,1,1,0.85694844
graphsage,0,18908,0,0,0.1512048
graphsage,0,39526,0,0,0.0066471426
graphsage,0,57298,0,0,0.0071610054
graphsage,0,1038,0,0,0.0027509257
graphsage,0,30128,0,0,0.055233765
graphsage,0,36767,0,0,0.04901152
graphsage,0,35692,0,0,0.0059700836
graphsage,0,21632,1,1,0.99872845
graphsage,0,31108,0,1,0.6491351
graphsage,0,65534,0,0,0.003227814
graphsage,0,71176,1,1,0.9929765
graphsage,0,59250,0,0,0.002316994
graphsage,0,46304,0,0,0.00082992995
graphsage,0,45973,1,1,0.98972255
graphsage,0,44802,0,0,0.0958322
graphsage,0,44771,1,1,0.82830095
graphsage,0,19981,1,1,0.9997727
graphsage,0,44773,1,1,0.7660695
graphsage,0,42037,1,1,0.99106616
graphsage,0,31484,0,0,0.00078820466
graphsage,0,16705,1,0,0.22726688
graphsage,0,63394,0,0,0.0029900768
graphsage,0,65158,0,0,0.01009065
graphsage,0,31823,0,0,0.00015153993
graphsage,0,48311,1,1,0.8632995
graphsage,0,60768,1,1,0.8572432
graphsage,0,22468,1,1,0.9997923
graphsage,0,51348,0,0,0.0011196828
graphsage,0,11155,0,1,0.62086093
graphsage,0,41121,0,0,0.007497931
graphsage,0,62422,0,1,0.7507058
graphsage,0,48192,0,0,0.0023189974
graphsage,0,67610,1,1,0.83133817
graphsage,0,26592,0,0,0.2205213
graphsage,0,59948,0,0,0.19784167
graphsage,0,49078,0,0,0.0043992
graphsage,0,38804,0,0,0.03499251
graphsage,0,66564,1,1,0.5428641
graphsage,0,14947,0,0,0.00021004284
graphsage,0,65671,0,0,0.0019736462
graphsage,0,38340,1,1,0.9992092
graphsage,0,4224,1,1,0.9999583
graphsage,0,25208,0,0,0.00022272745
graphsage,0,63003,0,0,0.39807412
graphsage,0,52373,1,1,0.63130826
graphsage,0,50209,0,0,0.0035322742
graphsage,0,17637,0,0,0.0009248481
graphsage,0,42667,1,1,0.98935485
graphsage,0,48826,1,1,0.9999896
graphsage,0,1962,0,0,1.0165847e-05
graphsage,0,7830,0,0,0.0003398677
graphsage,0,44373,0,0,0.000334563
graphsage,0,67013,0,0,0.03462811
graphsage,0,52562,0,0,0.00019029227
graphsage,0,2091,1,1,0.99575305
graphsage,0,66092,1,1,0.99921775
graphsage,0,67806,1,1,0.89449936
graphsage,0,23752,1,1,0.99980694
graphsage,0,40206,1,1,0.9956567
graphsage,0,921,1,1,0.99850345
graphsage,0,59135,1,1,0.99237096
graphsage,0,46802,0,1,0.9981269
graphsage,0,64013,0,0,0.0011627654
graphsage,0,60220,1,1,0.98388267
graphsage,0,39626,0,0,0.00026154588
graphsage,0,42044,0,0,0.02767469
graphsage,0,25177,0,0,0.00015737368
graphsage,0,44366,1,1,0.9658602
graphsage,0,41623,1,1,0.9702948
graphsage,0,70600,0,0,0.0069515393
graphsage,0,32031,0,0,0.003557164
graphsage,0,7685,0,0,0.010848658
graphsage,0,26178,0,0,0.05554775
graphsage,0,29522,1,1,0.9992316
graphsage,0,60701,0,0,8.015004e-05
graphsage,0,23619,0,0,0.14422773
graphsage,0,35119,0,0,0.0057405634
graphsage,0,34901,0,0,0.0041105836
graphsage,0,27331,0,0,0.0008528417
graphsage,0,48434,1,1,0.99970466
graphsage,0,2656,0,0,0.0049515297
graphsage,0,64553,0,1,0.9912646
graphsage,0,59978,1,1,0.9976465
graphsage,0,46685,1,1,0.99972063
graphsage,0,21634,0,0,0.033565488
graphsage,0,27148,0,0,0.0013648544
graphsage,0,36815,0,0,1.44918495e-05
graphsage,0,66546,1,0,0.12401993
graphsage,0,51549,1,1,0.9052173
graphsage,0,66113,0,0,0.004037982
graphsage,0,15786,0,0,0.07541418
graphsage,0,51559,1,1,0.99993837
graphsage,0,52241,0,0,4.4629593e-05
graphsage,0,21503,1,1,0.9662516
graphsage,0,33406,0,0,0.0052070036
graphsage,0,18179,1,0,0.17977554
graphsage,0,26106,1,1,0.9776168
graphsage,0,47304,1,1,0.968604
graphsage,0,54882,0,0,0.0012294463
graphsage,0,67475,1,1,0.9705713
graphsage,0,35128,0,0,0.0003468473
graphsage,0,62620,0,0,0.0247788
graphsage,0,33683,1,1,0.96139294
graphsage,0,61151,1,1,0.76708555
graphsage,0,63671,0,0,0.09939958
graphsage,0,2021,0,0,0.00011821168
graphsage,0,31212,0,0,4.9340238e-06
graphsage,0,16443,0,0,0.008444217
graphsage,0,44069,0,0,0.00018343863
graphsage,0,12038,1,1,0.9999677
graphsage,0,61860,0,0,0.00023639467
graphsage,0,4831,1,1,0.99926
graphsage,0,45300,0,0,0.39556688
graphsage,0,68279,0,0,4.4855817e-05
graphsage,0,38875,1,1,0.9987974
graphsage,0,53061,1,1,0.7874566
graphsage,0,70411,0,0,0.08453943
graphsage,0,35721,0,1,0.94779336
graphsage,0,36483,0,0,0.0202905
graphsage,0,46100,1,1,0.9990252
graphsage,0,40354,1,1,0.9999945
graphsage,0,7503,1,1,0.9999132
graphsage,0,6743,0,0,0.0010140607
graphsage,0,47703,0,0,0.0016344704
graphsage,0,13446,1,1,0.98064375
graphsage,0,69186,1,1,0.9992866
graphsage,0,22406,1,0,0.28297153
graphsage,0,11412,0,0,0.00030455086
graphsage,0,63431,1,0,0.038093634
graphsage,0,37861,0,0,0.054226246
graphsage,0,18035,1,0,0.13749427
graphsage,0,6170,1,1,0.9998826
graphsage,0,6152,0,0,0.0004805938
graphsage,0,34962,1,1,0.9112761
graphsage,0,33512,1,1,0.720536
graphsage,0,68993,0,0,0.4319168
graphsage,0,33633,0,0,0.020750755
graphsage,0,21618,1,1,0.68173516
graphsage,0,13550,1,1,0.9993424
graphsage,0,64702,1,1,0.98208964
graphsage,0,68161,0,0,0.001845474
graphsage,0,41079,1,1,0.9999652
graphsage,0,30375,1,1,0.7660695
graphsage,0,23986,1,1,0.9996124
graphsage,0,2223,1,1,0.9999188
graphsage,0,57610,0,0,0.36151317
graphsage,0,13913,1,1,0.904943
graphsage,0,64381,1,1,0.9956976
graphsage,0,28478,1,1,0.95314586
graphsage,0,53230,0,0,0.0051484937
graphsage,0,66106,0,0,0.014128305
graphsage,0,69981,0,0,0.0029707954
graphsage,0,18533,0,0,0.022304447
graphsage,0,61393,1,1,0.8640928
graphsage,0,13048,1,1,0.99897754
graphsage,0,15898,0,0,0.00021978273
graphsage,0,42872,0,0,0.00013221863
graphsage,0,47362,1,1,0.97625774
graphsage,0,3552,1,1,0.66037405
graphsage,0,38849,1,1,0.99851197
graphsage,0,35337,1,1,0.9995011
graphsage,0,62063,1,1,0.98204803
graphsage,0,32206,1,1,0.9971199
graphsage,0,70015,0,0,0.0009163984
graphsage,0,67971,1,1,0.9278366
graphsage,0,15624,1,1,0.9990305
graphsage,0,58458,0,0,3.9123635e-05
graphsage,0,9166,0,0,0.0048879078
graphsage,0,56837,1,1,0.7472976
graphsage,0,67122,0,0,0.006089742
graphsage,0,47017,0,0,0.29607674
graphsage,0,66421,0,1,0.9451981
graphsage,0,41608,1,0,0.45126247
graphsage,0,4661,1,1,0.99384755
graphsage,0,50444,1,1,0.98637795
graphsage,0,53833,1,1,0.9965379
graphsage,0,32645,1,1,0.97075945
graphsage,0,61947,0,1,0.9291036
graphsage,0,51127,1,1,0.99886584
graphsage,0,59732,1,1,0.99995875
graphsage,0,13400,0,0,0.044596095
graphsage,0,10785,1,1,0.99999404
graphsage,0,51778,1,1,0.9997284
graphsage,0,68590,0,0,0.0071884496
graphsage,0,18709,1,1,0.5953033
graphsage,0,55593,1,1,0.9997497
graphsage,0,64205,1,1,0.71805793
graphsage,0,45255,1,1,0.99998415
graphsage,0,13761,0,0,0.2957971
graphsage,0,34292,0,0,0.0042541544
graphsage,0,16522,0,1,0.6816494
graphsage,0,11346,1,1,0.99992895
graphsage,0,24135,0,0,0.018853106
graphsage,0,53166,0,0,0.073688015
graphsage,0,49590,1,1,0.99891746
graphsage,0,19069,0,0,0.4905785
graphsage,0,11492,1,1,0.99994814
graphsage,0,20572,0,1,0.97166044
graphsage,0,40828,0,0,0.0075550997
graphsage,0,6974,0,0,0.00041384026
graphsage,0,26745,0,0,4.9016828e-05
graphsage,0,68811,0,0,0.0030940762
graphsage,0,22008,1,0,0.42013037
graphsage,0,69469,0,0,0.006467977
graphsage,0,41574,1,1,0.9828053
graphsage,0,22961,1,1,0.965985
graphsage,0,33129,1,1,0.9975896
graphsage,0,55443,1,0,0.2898272
graphsage,0,8571,1,1,0.9101265
graphsage,0,55929,1,1,0.9826271
graphsage,0,68746,1,1,0.8862709
graphsage,0,7079,0,0,0.00014224564
graphsage,0,10387,1,1,0.99876994
graphsage,0,13611,0,0,0.0023697375
graphsage,0,67494,1,1,0.9790069
graphsage,0,5407,0,0,0.0198117
graphsage,0,10428,0,0,0.00039411648
graphsage,0,19352,1,1,0.99996686
graphsage,0,14321,0,0,0.011302835
graphsage,0,69210,0,1,0.60899335
graphsage,0,35897,1,1,0.99974006
graphsage,0,24104,1,1,0.99666816
graphsage,0,49591,0,0,0.00055400736
graphsage,0,35294,1,1,0.9261225
graphsage,0,36666,0,1,0.99554753
graphsage,0,4053,1,1,0.95139104
graphsage,0,46033,1,1,0.9893868
graphsage,0,26271,1,1,0.98228914
graphsage,0,14374,1,1,0.99803036
graphsage,0,72015,1,1,0.993168
graphsage,0,24745,0,0,0.15151997
graphsage,0,57406,1,1,0.7006743
graphsage,0,27879,0,0,6.202891e-05
graphsage,0,42553,1,1,0.9998969
graphsage,0,49066,1,1,0.9999293
graphsage,0,40326,0,0,0.00085289974
graphsage,0,51461,0,0,0.007889518
graphsage,0,15287,1,1,0.98397994
graphsage,0,71346,0,0,0.026888156
graphsage,0,22581,0,0,0.003793007
graphsage,0,48357,0,0,0.00033353432
graphsage,0,13000,1,1,0.9983683
graphsage,0,6126,1,1,0.9523968
graphsage,0,7274,0,0,0.0012249735
graphsage,0,67433,1,1,0.99995744
graphsage,0,6496,0,1,0.9135759
graphsage,0,11731,1,1,0.9903717
graphsage,0,63368,1,0,0.2991288
graphsage,0,10030,0,0,0.020538554
graphsage,0,14958,0,1,0.7920794
graphsage,0,24576,1,1,0.99597293
graphsage,0,2217,1,1,0.9999188
graphsage,0,9170,0,0,0.00015133111
graphsage,0,70819,1,1,0.74905825
graphsage,0,49803,1,1,0.99991786
graphsage,0,7145,0,0,0.28942266
graphsage,0,63381,0,0,0.08237673
graphsage,0,26885,1,1,0.9995937
graphsage,0,1823,0,0,0.07621091
graphsage,0,18914,0,0,0.21166612
graphsage,0,58483,1,1,0.9584438
graphsage,0,64478,0,0,0.0012054582
graphsage,0,13431,1,1,0.9996006
graphsage,0,4766,1,0,0.025447901
graphsage,0,59195,0,0,0.0059820884
graphsage,0,51962,1,1,0.9968155
graphsage,0,4620,0,0,0.010520883
graphsage,0,47737,0,1,0.50620216
graphsage,0,50440,0,0,0.011003899
graphsage,0,2720,1,1,0.9849166
graphsage,0,19483,0,0,2.3799037e-05
graphsage,0,54124,1,1,0.8171514
graphsage,0,23387,1,1,0.95803213
graphsage,0,10110,0,0,0.00268309
graphsage,0,7543,0,0,0.091422595
graphsage,0,62798,0,0,0.03720748
graphsage,0,19997,1,0,0.29182023
graphsage,0,20610,1,1,0.9968849
graphsage,0,37956,0,0,0.0008444625
graphsage,0,62417,1,1,0.9030797
graphsage,0,56610,0,0,0.027136747
graphsage,0,14124,0,0,0.0029866046
graphsage,0,57831,1,1,0.78842944
graphsage,0,63814,0,0,0.04459394
graphsage,0,43713,0,0,0.105488
graphsage,0,16064,1,0,0.46297526
graphsage,0,58367,1,1,0.97740275
graphsage,0,7827,0,0,0.021853127
graphsage,0,53897,1,1,0.9998864
graphsage,0,64907,1,0,0.29743114
graphsage,0,71281,1,1,0.95518756
graphsage,0,40932,0,0,0.114198916
graphsage,0,6556,1,1,0.9831527
graphsage,0,66,1,1,0.99981827
graphsage,0,33420,0,0,0.16796933
graphsage,0,13871,0,1,0.95600766
graphsage,0,749,0,0,0.033303663
graphsage,0,45996,0,1,0.87452185
graphsage,0,57327,1,1,0.996888
graphsage,0,13823,0,1,0.6711686
graphsage,0,6421,0,1,0.669076
graphsage,0,25637,1,0,0.44418126
graphsage,0,22371,0,0,0.007252855
graphsage,0,22897,1,1,0.99764735
graphsage,0,30173,0,0,0.03174776
graphsage,0,59543,0,0,0.44267547
graphsage,0,4086,1,1,0.9987412
graphsage,0,40623,0,0,0.43112132
graphsage,0,49275,1,0,0.03553696
graphsage,0,17725,1,1,0.9998915
graphsage,0,46959,1,1,0.9993186
graphsage,0,23273,1,1,0.9608407
graphsage,0,51014,0,0,0.091926806
graphsage,0,64825,1,1,0.9994273
graphsage,0,55047,1,1,0.99319035
graphsage,0,71503,0,0,0.002550034
graphsage,0,20097,0,0,9.959345e-05
graphsage,0,51336,1,1,0.9993117
graphsage,0,44526,0,0,1.4707559e-05
graphsage,0,3956,1,1,0.9475819
graphsage,0,57480,0,0,0.05062782
graphsage,0,12965,1,1,0.99523264
graphsage,0,426,0,0,0.002312669
graphsage,0,2323,1,1,0.990983
graphsage,0,66946,0,0,0.0008581479
graphsage,0,34740,1,1,0.9997837
graphsage,0,49643,0,0,0.010471017
graphsage,0,55686,0,0,0.012426271
graphsage,0,37916,1,1,0.9995239
graphsage,0,28313,0,0,0.006569086
graphsage,0,62041,0,0,0.0026839834
graphsage,0,62099,1,1,0.99978906
graphsage,0,8166,1,1,0.9999002
graphsage,0,57962,0,0,0.0011333942
graphsage,0,40253,1,1,0.9993825
graphsage,0,67152,1,1,0.7660695
graphsage,0,21859,0,1,0.7766463
graphsage,0,60644,0,0,0.0027688895
graphsage,0,44818,1,1,0.9996331
graphsage,0,27188,0,1,0.6075893
graphsage,0,19253,1,0,0.24120873
graphsage,0,51150,0,1,0.585686
graphsage,0,9248,1,1,0.9995431
graphsage,0,21904,0,0,0.0021470995
graphsage,0,3190,1,1,0.99893457
graphsage,0,71096,0,0,0.14254743
graphsage,0,23327,1,0,0.4419935
graphsage,0,8169,0,0,0.017445477
graphsage,0,34244,0,0,0.09164183
graphsage,0,56046,0,0,0.013583274
graphsage,0,36222,1,1,0.99972934
graphsage,0,37060,1,1,0.9992055
graphsage,0,39456,1,1,0.99992096
graphsage,0,41326,1,0,0.065276735
graphsage,0,39642,0,0,0.04639938
graphsage,0,67064,0,0,0.16927232
graphsage,0,54815,0,0,0.022398435
graphsage,0,21713,0,0,0.39360923
graphsage,0,71089,0,0,0.035865013
graphsage,0,52345,0,0,0.46068364
graphsage,0,50232,1,1,0.9990575
graphsage,0,48287,1,1,0.97378796
graphsage,0,55049,0,0,0.081444815
graphsage,0,69645,1,1,0.9999441
graphsage,0,51863,1,1,0.99742705
graphsage,0,58371,0,0,0.0036561654
graphsage,0,65110,0,0,0.083413504
graphsage,0,55027,0,0,0.10846544
graphsage,0,57063,0,0,0.1767669
graphsage,0,27904,0,0,0.00050408265
graphsage,0,62020,1,1,0.99996364
graphsage,0,49563,1,1,0.960264
graphsage,0,68365,1,1,0.78771836
graphsage,0,26984,1,1,0.8886463
graphsage,0,29704,1,1,0.8999542
graphsage,0,48647,0,0,1.1778015e-05
graphsage,0,32419,0,0,4.6287303e-05
graphsage,0,23557,0,0,0.0028991753
graphsage,0,62067,1,1,0.9987496
graphsage,0,48553,1,1,0.7660695
graphsage,0,2655,1,1,0.9985568
graphsage,0,36768,0,0,0.073753744
graphsage,0,8962,0,0,0.00019111436
graphsage,0,62664,1,1,0.86450106
graphsage,0,24967,0,0,0.0023208815
graphsage,0,7007,0,0,6.0114686e-05
graphsage,0,5703,1,1,0.80486655
graphsage,0,34517,0,0,0.0002238411
graphsage,0,18990,1,1,0.7827633
graphsage,0,13558,1,1,0.9989096
graphsage,0,27135,1,1,0.9857248
graphsage,0,42367,0,1,0.6565669
graphsage,0,7185,0,0,0.08846266
graphsage,0,26616,1,1,0.9968273
graphsage,0,2874,0,0,0.0031723946
graphsage,0,27487,0,0,0.0017542287
graphsage,0,27851,0,0,0.005069352
graphsage,0,754,1,0,0.0049814875
graphsage,0,25353,1,1,0.8477309
graphsage,0,16841,1,1,0.98299986
graphsage,0,30226,1,1,0.9997981
graphsage,0,70595,1,1,0.9938445
graphsage,0,48512,0,0,0.014797068
graphsage,0,41223,0,0,0.00038000045
graphsage,0,10889,1,1,0.8560883
graphsage,0,10480,0,0,7.821098e-05
graphsage,0,22088,0,0,0.01296061
graphsage,0,27610,0,0,0.00012253628
graphsage,0,41309,0,1,0.62529534
graphsage,0,2281,1,1,0.9975552
graphsage,0,34592,1,1,0.95447373
graphsage,0,18068,1,1,0.9981371
graphsage,0,64577,1,1,0.7409977
graphsage,0,16846,0,0,0.07565007
graphsage,0,31299,1,1,0.9943473
graphsage,0,51590,1,1,0.99984586
graphsage,0,36120,0,0,0.0022769482
graphsage,0,18026,0,0,0.016334657
graphsage,0,50661,1,1,0.99928755
graphsage,0,55700,0,0,0.041058477
graphsage,0,62009,1,1,0.9997962
graphsage,0,5197,0,0,0.07295691
graphsage,0,34867,0,0,0.00018691011
graphsage,0,42761,0,0,0.018793924
graphsage,0,55401,0,0,4.651222e-05
graphsage,0,57483,0,0,0.1407534
graphsage,0,27503,0,0,5.5203338e-05
graphsage,0,65679,0,0,0.06996156
graphsage,0,22327,1,1,0.98794377
graphsage,0,23505,0,0,0.0006640843
graphsage,0,52939,0,0,0.4364359
graphsage,0,32036,1,0,0.42703947
graphsage,0,57577,0,1,0.8543107
graphsage,0,14312,1,1,0.95890003
graphsage,0,47786,0,0,0.00027394775
graphsage,0,45136,1,1,0.54234654
graphsage,0,46131,0,0,0.03651937
graphsage,0,21373,1,1,0.99946207
graphsage,0,51092,1,1,0.9250043
graphsage,0,58469,0,0,0.30064496
graphsage,0,27741,0,1,0.823658
graphsage,0,50613,1,1,0.615321
graphsage,0,30187,1,1,0.9807042
graphsage,0,26878,0,0,0.009230531
graphsage,0,57065,0,0,0.0048745596
graphsage,0,5416,0,0,0.00026996338
graphsage,0,66007,0,0,0.040435433
graphsage,0,44114,0,0,0.0010006456
graphsage,0,6956,1,1,0.99132115
graphsage,0,9598,0,1,0.9718284
graphsage,0,12073,0,0,0.00013034514
graphsage,0,33886,1,0,0.2866225
graphsage,0,37626,1,1,0.93638724
graphsage,0,46904,0,0,1.031856e-05
graphsage,0,54470,0,0,0.00013090366
graphsage,0,37578,1,1,0.7821254
graphsage,0,27384,1,1,0.9962889
graphsage,0,59474,1,1,0.938362
graphsage,0,4191,1,1,0.999951
graphsage,0,27119,1,1,0.99920964
graphsage,0,32618,1,1,0.99953616
graphsage,0,6625,1,0,0.25613678
graphsage,0,58998,0,0,0.013568913
graphsage,0,51415,0,0,0.16345815
graphsage,0,51211,1,1,0.99905854
graphsage,0,3292,0,1,0.5929252
graphsage,0,69844,1,1,0.99959713
graphsage,0,4243,0,0,0.0013604796
graphsage,0,51776,0,0,0.004771679
graphsage,0,40785,1,1,0.82998157
graphsage,0,48532,1,1,0.99018
graphsage,0,45297,0,0,0.05417169
graphsage,0,31533,0,0,0.027578643
graphsage,0,63914,0,0,0.43981087
graphsage,0,38863,1,1,0.98458153
graphsage,0,21035,1,1,0.9981824
graphsage,0,46564,1,1,0.9976829
graphsage,0,70831,0,0,0.0008930788
graphsage,0,33185,1,1,0.76231533
graphsage,0,48437,0,0,0.00617332
graphsage,0,41471,0,0,0.033099815
graphsage,0,25826,1,1,0.8879486
graphsage,0,68631,0,0,0.00879864
graphsage,0,45003,0,0,3.8266085e-06
graphsage,0,16434,1,0,0.36026958
graphsage,0,62123,1,1,0.86538476
graphsage,0,25181,1,1,0.98238945
graphsage,0,29058,1,1,0.95674664
graphsage,0,17869,1,1,0.99823296
graphsage,0,27031,1,1,0.9995523
graphsage,0,34065,1,1,0.9995161
graphsage,0,26146,0,0,0.02870636
graphsage,0,30966,1,0,0.21384741
graphsage,0,62013,1,1,0.97960985
graphsage,0,32338,0,0,0.00010434768
graphsage,0,7541,1,0,0.09367848
graphsage,0,65786,1,0,0.19922587
graphsage,0,70838,0,0,0.0015177202
graphsage,0,13686,1,1,0.9990376
graphsage,0,19284,1,1,0.99812573
graphsage,0,12103,1,1,0.7660695
graphsage,0,50314,1,1,0.99150884
graphsage,0,13565,0,0,0.012796241
graphsage,0,61892,1,1,0.99421364
graphsage,0,3411,1,1,0.9999957
graphsage,0,27528,1,1,0.90122145
graphsage,0,52581,0,0,0.0001039751
graphsage,0,50665,1,1,0.87811124
graphsage,0,43984,1,1,0.9465533
graphsage,0,23172,0,0,0.022913836
graphsage,0,13090,0,0,0.0013994203
graphsage,0,25943,0,0,0.00068682834
graphsage,0,7967,1,1,0.5904261
graphsage,0,16232,1,1,0.99982613
graphsage,0,35264,1,1,0.9814088
graphsage,0,65402,1,1,0.63515043
graphsage,0,29171,1,1,0.9997912
graphsage,0,24235,0,0,0.081372105
graphsage,0,19655,0,0,0.10929519
graphsage,0,16778,0,0,0.00046780673
graphsage,0,17541,0,0,0.0069845403
graphsage,0,59367,0,0,0.007373758
graphsage,0,29765,1,0,0.16363741
graphsage,0,70655,1,1,0.99945647
graphsage,0,55651,0,0,0.018076077
graphsage,0,47787,0,0,0.11553221
graphsage,0,33332,1,1,0.9246572
graphsage,0,30646,1,0,0.08899183
graphsage,0,6292,1,1,0.99985254
graphsage,0,10969,0,0,0.00037170138
graphsage,0,42862,1,1,0.9934329
graphsage,0,11671,1,1,0.99978715
graphsage,0,23107,0,0,1.8798693e-05
graphsage,0,58415,0,0,0.00028696485
graphsage,0,31184,1,1,0.9994462
graphsage,0,1392,1,1,0.7660695
graphsage,0,33729,0,0,0.0036852977
graphsage,0,49535,1,1,0.99969673
graphsage,0,63872,1,1,0.99764246
graphsage,0,37958,0,0,3.7430495e-05
graphsage,0,26380,0,0,0.0066305236
graphsage,0,41537,0,0,0.0010827803
graphsage,0,71785,1,1,0.9941854
graphsage,0,20868,0,0,0.00038806183
graphsage,0,62657,0,0,0.093911074
graphsage,0,61154,0,0,0.016040042
graphsage,0,61215,0,0,0.0006223233
graphsage,0,32856,0,0,0.019687152
graphsage,0,67749,0,0,0.0024411108
graphsage,0,39134,1,1,0.99412835
graphsage,0,49524,1,1,0.99039453
graphsage,0,2147,1,1,0.91534513
graphsage,0,40942,0,0,0.15412723
graphsage,0,33062,0,0,0.00031902076
graphsage,0,47883,0,0,0.005267224
graphsage,0,63159,1,1,0.9640927
graphsage,0,25523,0,0,0.01549651
graphsage,0,59717,1,1,0.7006788
graphsage,0,48522,0,0,0.0188569
graphsage,0,35371,1,1,0.9997067
graphsage,0,60350,0,0,0.05011737
graphsage,0,67298,1,1,0.8131185
graphsage,0,13506,0,0,0.016277231
graphsage,0,42350,1,1,0.93461573
graphsage,0,2830,1,1,0.9999261
graphsage,0,37266,1,1,0.99997544
graphsage,0,60510,1,1,0.9998467
graphsage,0,29642,1,1,0.99612683
graphsage,0,66389,0,0,0.00044229833
graphsage,0,70371,0,0,0.015762558
graphsage,0,22029,1,1,0.9209303
graphsage,0,39650,1,1,0.85606366
graphsage,0,23328,1,1,0.9490493
graphsage,0,28976,0,1,0.9894426
graphsage,0,11237,1,1,0.98444587
graphsage,0,39149,0,0,0.015812289
graphsage,0,51086,1,1,0.9899149
graphsage,0,25578,1,1,0.61672336
graphsage,0,64095,1,1,0.96784645
graphsage,0,5695,0,0,0.00088734063
graphsage,0,62941,1,1,0.99178314
graphsage,0,2828,0,0,0.16111392
graphsage,0,32834,1,1,0.9917836
graphsage,0,4456,0,0,0.0047032605
graphsage,0,57051,0,0,5.6427292e-05
graphsage,0,51112,0,0,0.0047392678
graphsage,0,30995,1,0,0.22958624
graphsage,0,12180,0,0,0.014483052
graphsage,0,27132,0,1,0.8138614
graphsage,0,44912,0,0,0.0023755594
graphsage,0,71956,1,0,0.20807219
graphsage,0,55470,0,0,0.000108191416
graphsage,0,47963,0,0,0.26264542
graphsage,0,13229,0,0,0.0006866968
graphsage,0,39428,0,0,0.008651282
graphsage,0,36604,1,1,0.999977
graphsage,0,59504,0,1,0.685629
graphsage,0,32500,1,0,0.36417156
graphsage,0,31277,1,1,0.99991894
graphsage,0,17043,1,1,0.9989465
graphsage,0,14915,1,1,0.96311826
graphsage,0,13861,0,0,0.0025162895
graphsage,0,16653,0,1,0.5743963
graphsage,0,12118,1,1,0.99910116
graphsage,0,6500,0,0,0.036399752
graphsage,0,10566,1,1,0.953013
graphsage,0,14813,1,1,0.7170242
graphsage,0,49062,1,1,0.7440306
graphsage,0,13308,1,1,0.9121332
graphsage,0,37642,1,1,0.9874303
graphsage,0,40379,1,1,0.99999166
graphsage,0,56121,0,0,4.6512974e-05
graphsage,0,44983,0,0,0.0051674587
graphsage,0,55160,1,1,0.981311
graphsage,0,42715,1,1,0.9752627
graphsage,0,53555,0,0,0.022005092
graphsage,0,23696,0,0,0.010574898
graphsage,0,43693,0,1,0.85227233
graphsage,0,56023,1,0,0.19216199
graphsage,0,17416,1,1,0.9909411
graphsage,0,53469,1,1,0.5319912
graphsage,0,49825,0,0,0.11111003
graphsage,0,60346,1,1,0.73140347
graphsage,0,69555,1,1,0.99985325
graphsage,0,63937,0,0,0.20353332
graphsage,0,8172,0,0,0.007951674
graphsage,0,21635,0,0,0.012126588
graphsage,0,19888,0,0,0.2067836
graphsage,0,15952,0,0,0.010705554
graphsage,0,4761,0,0,0.005024703
graphsage,0,36931,0,0,0.00078587217
graphsage,0,18532,0,0,0.00024562413
graphsage,0,20996,1,1,0.9573415
graphsage,0,13303,0,0,0.00016498
graphsage,0,51130,0,0,0.16796133
graphsage,0,12494,0,0,0.00090014987
graphsage,0,12148,0,0,0.027205173
graphsage,0,5135,1,1,0.9926863
graphsage,0,11546,0,0,0.0043002455
graphsage,0,28650,1,1,0.9567217
graphsage,0,49881,1,1,0.9903875
graphsage,0,17792,0,0,0.032698866
graphsage,0,19357,1,1,0.9797274
graphsage,0,25077,0,1,0.735189
graphsage,0,39380,1,1,0.9989937
graphsage,0,8624,1,1,0.99510753
graphsage,0,20601,1,1,0.99994326
graphsage,0,30764,0,0,0.09367371
graphsage,0,65446,1,1,0.99944
graphsage,0,43592,1,1,0.99981016
graphsage,0,32904,1,1,0.6435473
graphsage,0,26087,1,1,0.97250056
graphsage,0,7301,1,1,0.8315131
graphsage,0,4959,0,0,0.0037923725
graphsage,0,48708,0,1,0.61838514
graphsage,0,36555,0,1,0.8831249
graphsage,0,12301,0,0,0.00067205913
graphsage,0,5983,0,1,0.7599246
graphsage,0,46941,1,1,0.9243652
graphsage,0,49603,0,0,0.047162104
graphsage,0,55931,0,0,0.0148093635
graphsage,0,24336,0,0,0.003976158
graphsage,0,54382,0,0,0.0015155064
graphsage,0,32974,1,1,0.99917513
graphsage,0,58853,1,1,0.9964378
graphsage,0,34838,1,1,0.92661506
graphsage,0,12042,0,0,0.014744585
graphsage,0,13703,1,1,0.9957337
graphsage,0,19482,1,0,0.4741013
graphsage,0,51212,1,1,0.99642843
graphsage,0,17662,1,1,0.99395883
graphsage,0,45711,0,0,0.12069599
graphsage,0,28033,0,0,0.10683033
graphsage,0,11525,0,0,0.00082458224
graphsage,0,18186,0,0,1.0990791e-05
graphsage,0,68384,1,1,0.9465561
graphsage,0,15171,1,1,0.9524181
graphsage,0,3910,0,0,0.24779238
graphsage,0,60609,0,1,0.5754558
graphsage,0,14015,1,1,0.6004997
graphsage,0,46337,0,0,0.000490473
graphsage,0,24896,0,0,0.2909555
graphsage,0,71388,1,1,0.98172164
graphsage,0,51904,0,0,0.0022215215
graphsage,0,21293,1,1,0.99706286
graphsage,0,23224,1,1,0.993389
graphsage,0,5951,0,0,0.30487823
graphsage,0,14502,0,0,0.0005931245
graphsage,0,64262,0,0,0.1275209
graphsage,0,44003,1,1,0.99996233
graphsage,0,65221,0,0,0.0008650491
graphsage,0,66545,1,1,0.9981908
graphsage,0,56595,1,1,0.99972564
graphsage,0,51511,1,1,0.98685765
graphsage,0,13556,0,1,0.86763364
graphsage,0,19757,0,0,0.00014715466
graphsage,0,50960,1,1,0.93437254
graphsage,0,32561,1,1,0.9998017
graphsage,0,10085,1,0,0.11730571
graphsage,0,66561,1,0,0.016954262
graphsage,0,60246,1,0,0.024819976
graphsage,0,22153,1,1,0.9999298
graphsage,0,54434,1,1,0.9891643
graphsage,0,35966,1,1,0.9906777
graphsage,0,59430,1,1,0.9997354
graphsage,0,37617,0,0,0.01892349
graphsage,0,1116,0,0,0.00010830248
graphsage,0,50022,0,0,0.17568898
graphsage,0,17347,0,0,0.0014351468
graphsage,0,57544,0,0,0.4238267
graphsage,0,61535,0,0,0.0032190064
graphsage,0,28599,0,0,0.010911433
graphsage,0,50566,1,1,0.99983764
graphsage,0,36641,0,0,0.0046112747
graphsage,0,44029,1,1,0.9997477
graphsage,0,10330,1,1,0.90211135
graphsage,0,63942,1,1,0.9980186
graphsage,0,10682,0,0,0.07840802
graphsage,0,42420,0,0,0.002343877
graphsage,0,28925,0,0,0.0015467993
graphsage,0,1476,1,1,0.99992514
graphsage,0,66374,1,1,0.96296656
graphsage,0,28717,0,0,0.026278168
graphsage,0,15298,0,0,0.0025599669
graphsage,0,61124,1,1,0.9999862
graphsage,0,48063,0,1,0.5730901
graphsage,0,13386,0,0,0.00071913266
graphsage,0,24647,0,0,0.0002475905
graphsage,0,899,0,0,0.0036043583
graphsage,0,60739,1,1,0.98245126
graphsage,0,16179,0,1,0.750639
graphsage,0,15956,1,1,0.99990654
graphsage,0,19001,1,1,0.6305582
graphsage,0,58783,1,0,0.29025304
graphsage,0,43808,1,1,0.99947566
graphsage,0,60507,1,1,0.99992967
graphsage,0,27395,0,0,9.000446e-05
graphsage,0,36261,0,0,0.0036541545
graphsage,0,4182,1,1,0.99981445
graphsage,0,8980,1,1,0.9998029
graphsage,0,8859,1,1,0.99341595
graphsage,0,69938,0,0,0.0005452283
graphsage,0,37248,1,1,0.9991873
graphsage,0,36068,1,1,0.997436
graphsage,0,61331,0,1,0.5543943
graphsage,0,9327,1,1,0.9920366
graphsage,0,49249,0,0,0.012838989
graphsage,0,20924,1,1,0.9998099
graphsage,0,47487,0,0,0.018951274
graphsage,0,13489,0,0,0.056507252
graphsage,0,8718,0,0,0.008301578
graphsage,0,34712,1,1,0.9992029
graphsage,0,45773,0,0,0.004059324
graphsage,0,69121,1,1,0.9988373
graphsage,0,11657,1,0,0.2243639
graphsage,0,44390,1,1,0.78056544
graphsage,0,61828,0,0,0.00028132345
graphsage,0,41117,1,1,0.9998504
graphsage,0,2557,1,1,0.89902884
graphsage,0,32795,1,1,0.99265665
graphsage,0,56850,0,0,0.014089503
graphsage,0,65997,1,1,0.58065146
graphsage,0,40043,1,1,0.9980502
graphsage,0,42427,0,0,0.23973022
graphsage,0,65847,0,0,0.006541254
graphsage,0,42211,0,0,0.004781136
graphsage,0,15428,0,0,0.0002763536
graphsage,0,38802,1,1,0.97803044
graphsage,0,53710,1,1,0.9986314
graphsage,0,33099,0,0,4.1361345e-05
graphsage,0,38773,1,1,0.9995012
graphsage,0,50608,1,1,0.999298
graphsage,0,51532,1,1,0.99319917
graphsage,0,31920,1,1,0.9870237
graphsage,0,36373,0,0,0.000717524
graphsage,0,8254,0,0,0.011577373
graphsage,0,24814,1,0,0.059250906
graphsage,0,28985,0,0,0.0008755979
graphsage,0,2285,1,1,0.99906474
graphsage,0,41032,0,0,0.0012670174
graphsage,0,52400,1,1,0.99891925
graphsage,0,54876,0,0,0.0009249768
graphsage,0,31898,1,1,0.9393786
graphsage,0,44475,0,0,0.03746882
graphsage,0,48733,1,1,0.5916614
graphsage,0,53263,0,0,8.8229266e-05
graphsage,0,66713,1,1,0.99930954
graphsage,0,8512,0,0,0.00012863505
graphsage,0,7558,1,1,0.9793981
graphsage,0,68460,1,1,0.99971765
graphsage,0,14857,0,0,0.00010370201
graphsage,0,1049,1,1,0.9306427
graphsage,0,55021,0,0,5.2229352e-05
graphsage,0,1196,1,1,0.970949
graphsage,0,67408,1,1,0.94993824
graphsage,0,33785,0,0,0.00059999863
graphsage,0,55523,1,1,0.7660695
graphsage,0,28626,0,0,0.019825604
graphsage,0,63830,1,1,0.99326974
graphsage,0,17909,1,1,0.96090704
graphsage,0,21956,0,0,0.0024096512
graphsage,0,13783,0,0,0.00023798877
graphsage,0,58603,0,1,0.6288973
graphsage,0,69883,0,0,0.0026246696
graphsage,0,23495,1,1,0.99972934
graphsage,0,16260,0,0,0.0005732049
graphsage,0,14879,0,0,0.0063546854
graphsage,0,70727,1,1,0.99972326
graphsage,0,6976,1,1,0.98204684
graphsage,0,7934,0,0,0.036018413
graphsage,0,57313,0,0,0.0014577078
graphsage,0,54506,1,1,0.85784274
graphsage,0,39125,1,1,0.7911213
graphsage,0,36437,0,0,0.0007722269
graphsage,0,1806,1,1,0.9956454
graphsage,0,50504,1,1,0.9745983
graphsage,0,11420,0,1,0.9790596
graphsage,0,50030,0,0,0.23717132
graphsage,0,66369,1,1,0.9928953
graphsage,0,26185,1,1,0.99992394
graphsage,0,36952,0,0,0.012417199
graphsage,0,18987,0,0,0.00014090296
graphsage,0,59154,0,0,0.05295958
graphsage,0,48796,0,0,0.00048519054
graphsage,0,38068,1,1,0.95847714
graphsage,0,60268,1,1,0.99825543
graphsage,0,37472,1,1,0.5124154
graphsage,0,41015,0,0,4.935322e-05
graphsage,0,45120,0,0,5.449389e-05
graphsage,0,10753,1,1,0.91676193
graphsage,0,43863,1,1,0.92304754
graphsage,0,66084,1,1,0.9730558
graphsage,0,55469,0,0,4.940333e-05
graphsage,0,10530,1,1,0.9946794
graphsage,0,25655,0,0,4.8894212e-06
graphsage,0,33020,1,1,0.9687987
graphsage,0,21316,1,1,0.9988299
graphsage,0,35230,0,0,1.145139e-05
graphsage,0,59216,1,1,0.9894174
graphsage,0,4064,1,1,0.99357164
graphsage,0,66923,1,1,0.98738873
graphsage,0,276,0,0,0.11504634
graphsage,0,10962,0,0,0.022880362
graphsage,0,63612,1,1,0.67364264
graphsage,0,22853,0,0,0.0028584984
graphsage,0,39117,1,1,0.90561044
graphsage,0,33390,1,1,0.994718
graphsage,0,4960,0,0,0.01621338
graphsage,0,43616,0,0,0.00084751163
graphsage,0,5741,0,0,0.049974594
graphsage,0,7417,0,0,0.00038449158
graphsage,0,9035,1,1,0.86728233
graphsage,0,7142,0,0,0.00014488627
graphsage,0,51027,0,0,0.0010352007
graphsage,0,46759,0,0,0.0014504367
graphsage,0,10803,1,1,0.6402031
graphsage,0,68301,0,0,0.0033735042
graphsage,0,34651,1,1,0.9838194
graphsage,0,56040,0,0,0.030911589
graphsage,0,25355,0,1,0.8411563
graphsage,0,39728,0,0,0.303928
graphsage,0,32798,1,0,0.4657797
graphsage,0,13975,0,0,0.3705362
graphsage,0,44689,1,1,0.99780744
graphsage,0,25187,0,0,0.00044673696
graphsage,0,30980,0,0,0.025016561
graphsage,0,62490,0,0,0.005194614
graphsage,0,41321,1,1,0.99868244
graphsage,0,66889,1,1,0.99998295
graphsage,0,12966,0,0,0.10572232
graphsage,0,47510,1,1,0.9025855
graphsage,0,66005,0,0,0.084880985
graphsage,0,5479,0,0,0.031308554
graphsage,0,43623,0,0,0.0004955279
graphsage,0,63293,1,1,0.99973243
graphsage,0,245,1,1,0.9785175
graphsage,0,61852,1,1,0.99294853
graphsage,0,62421,0,0,0.07818082
graphsage,0,44458,1,1,0.7660695
graphsage,0,30400,1,1,0.99219996
graphsage,0,51155,1,1,0.9987055
graphsage,0,56359,1,1,0.86944014
graphsage,0,70177,1,1,0.9781982
graphsage,0,67569,0,0,0.01830329
graphsage,0,64202,1,1,0.9997805
graphsage,0,31742,0,0,0.0005627539
graphsage,0,62587,1,1,0.9990946
graphsage,0,36238,1,1,0.9999356
graphsage,0,12777,1,1,0.9975551
graphsage,0,24055,0,0,0.022692936
graphsage,0,56308,0,0,0.022153331
graphsage,0,7187,1,0,0.46710777
graphsage,0,65814,1,1,0.99645245
graphsage,0,55350,1,1,0.99947566
graphsage,0,60807,0,0,0.013802646
graphsage,0,7924,0,0,0.22890833
graphsage,0,44478,1,1,0.9445719
graphsage,0,24147,1,1,0.95171714
graphsage,0,56740,0,0,0.0031665526
graphsage,0,25125,1,1,0.9839675
graphsage,0,28868,0,0,0.0027315903
graphsage,0,14800,1,1,0.9704103
graphsage,0,3430,0,0,2.0676043e-05
graphsage,0,31288,0,1,0.999721
graphsage,0,2559,0,1,0.7268929
graphsage,0,33630,0,0,0.005258669
graphsage,0,37492,1,1,0.99991703
graphsage,0,30195,0,1,0.99582654
graphsage,0,57414,1,1,0.84392935
graphsage,0,16987,1,1,0.95823437
graphsage,0,24044,1,1,0.9534246
graphsage,0,2348,0,0,0.20762609
graphsage,0,8479,0,0,0.1534043
graphsage,0,18803,0,0,0.010707872
graphsage,0,70165,0,0,0.0026307355
graphsage,0,28134,0,0,0.053143013
graphsage,0,28611,0,0,2.1480502e-05
graphsage,0,38532,1,1,0.9978403
graphsage,0,21970,1,1,0.9286306
graphsage,0,68920,1,1,0.8490465
graphsage,0,33445,1,1,0.9894107
graphsage,0,66715,1,0,0.100812204
graphsage,0,56652,1,1,0.99980825
graphsage,0,19693,0,0,0.04431115
graphsage,0,61841,1,1,0.98777384
graphsage,0,4628,0,0,0.059488483
graphsage,0,48345,1,1,0.9999809
graphsage,0,9040,0,0,0.0057946946
graphsage,0,11441,0,0,0.0011745857
graphsage,0,52415,1,1,0.9976993
graphsage,0,41367,1,1,0.9861864
graphsage,0,53945,0,0,0.00032462613
graphsage,0,15195,1,1,0.64610624
graphsage,0,12714,0,0,0.0015790444
graphsage,0,4404,0,0,0.0021864125
graphsage,0,58837,1,1,0.88770854
graphsage,0,49891,1,1,0.97378415
graphsage,0,64432,0,1,0.7948976
graphsage,0,68809,1,1,0.96169215
graphsage,0,70533,1,1,0.99743015
graphsage,0,69017,1,1,0.7450126
graphsage,0,21810,0,0,6.106799e-05
graphsage,0,64136,1,1,0.9658453
graphsage,0,47789,0,0,0.0022405067
graphsage,0,57658,0,0,0.09239961
graphsage,0,36124,1,1,0.98953027
graphsage,0,11741,1,1,0.99946576
graphsage,0,28735,1,1,0.9987109
graphsage,0,38389,0,0,0.00061692606
graphsage,0,58133,0,0,0.18341826
graphsage,0,37934,0,0,0.0049389834
graphsage,0,36644,0,0,0.0003034591
graphsage,0,52866,0,0,0.032075316
graphsage,0,1275,1,1,0.6751318
graphsage,0,4004,0,0,0.002520887
graphsage,0,14174,0,0,0.00080716825
graphsage,0,53081,1,1,0.947181
graphsage,0,54712,1,1,0.93936527
graphsage,0,19264,1,1,0.99826306
graphsage,0,28652,0,0,0.0014091053
graphsage,0,48340,1,1,0.9928906
graphsage,0,10003,1,0,0.41611513
graphsage,0,70423,0,0,9.632546e-05
graphsage,0,13807,1,1,0.8484981
graphsage,0,23576,1,1,0.9880882
graphsage,0,9188,1,1,0.8871742
graphsage,0,10293,0,1,0.5536989
graphsage,0,56167,0,0,0.007487548
graphsage,0,69855,1,1,0.9778275
graphsage,0,66157,0,0,0.00018491641
graphsage,0,51936,0,0,0.03380381
graphsage,0,26365,0,0,0.00052076165
graphsage,0,70338,1,1,0.9436254
graphsage,0,36342,0,0,0.013667167
graphsage,0,4643,0,0,0.333694
graphsage,0,22661,0,0,0.000847875
graphsage,0,1816,0,1,0.50703216
graphsage,0,63057,0,1,0.8636469
graphsage,0,29728,1,1,0.9982445
graphsage,0,34552,1,1,0.99189043
graphsage,0,48088,1,1,0.9968334
graphsage,0,18912,0,0,0.0005569423
graphsage,0,46773,0,0,0.032311797
graphsage,0,55648,0,0,7.466231e-05
graphsage,0,49333,0,0,0.40910313
graphsage,0,19131,1,1,0.99977034
graphsage,0,61523,1,1,0.99830425
graphsage,0,67517,1,1,0.9932366
graphsage,0,464,1,1,0.9995432
graphsage,0,28547,0,0,0.000104218496
graphsage,0,9656,0,0,0.0013519175
graphsage,0,25859,0,0,0.25973126
graphsage,0,26495,1,0,0.02091217
graphsage,0,53078,0,0,0.101947345
graphsage,0,57246,1,1,0.7593354
graphsage,0,31130,1,1,0.8831601
graphsage,0,2053,0,0,0.068292156
graphsage,0,25857,0,0,0.00014851072
graphsage,0,29597,1,1,0.9271799
graphsage,0,4749,1,1,0.9957047
graphsage,0,2378,0,0,0.00017462159
graphsage,0,3444,0,0,0.0007145532
graphsage,0,4688,0,0,0.057107102
graphsage,0,19830,1,0,0.24262522
graphsage,0,10386,1,1,0.9700465
graphsage,0,23306,0,0,0.00047978607
graphsage,0,33712,1,1,0.9800323
graphsage,0,3884,1,1,0.99570554
graphsage,0,8369,1,1,0.9988102
graphsage,0,36726,1,1,0.9800514
graphsage,0,71306,1,1,0.9959239
graphsage,0,14715,1,1,0.9991154
graphsage,0,67370,0,1,0.7605939
graphsage,0,45745,1,1,0.98976153
graphsage,0,66180,0,0,0.00038462685
graphsage,0,64613,0,0,0.012138338
graphsage,0,3857,1,1,0.9791133
graphsage,0,24858,0,1,0.8704791
graphsage,0,24648,0,0,0.12005956
graphsage,0,7017,1,1,0.991779
graphsage,0,62368,0,0,0.0058794855
graphsage,0,32869,0,0,0.06959116
graphsage,0,15961,1,1,0.9878414
graphsage,0,16317,1,1,0.98875344
graphsage,0,11964,0,0,3.0181342e-05
graphsage,0,65861,1,1,0.9952064
graphsage,0,19805,1,1,0.98462844
graphsage,0,31385,1,1,0.75484025
graphsage,0,20018,1,1,0.52903324
graphsage,0,33305,1,1,0.984455
graphsage,0,43697,0,0,0.10705419
graphsage,0,47502,1,1,0.98310626
graphsage,0,57706,0,0,0.33087185
graphsage,0,13355,0,0,0.0010120922
graphsage,0,32397,1,1,0.9997117
graphsage,0,61929,0,0,0.0076511796
graphsage,0,58832,1,1,0.98895735
graphsage,0,62003,0,0,0.06626514
graphsage,0,48374,0,1,0.92376477
graphsage,0,9556,1,1,0.8581926
graphsage,0,791,0,0,0.0002801031
graphsage,0,13638,1,1,0.99200624
graphsage,0,48219,0,0,0.0046605133
graphsage,0,34500,1,1,0.99798644
graphsage,0,14350,0,0,0.003482317
graphsage,0,58177,1,1,0.81081504
graphsage,0,9745,0,0,0.37096566
graphsage,0,70568,0,0,0.0023972807
graphsage,0,38579,1,1,0.99962306
graphsage,0,57106,0,0,0.03567133
graphsage,0,42647,0,0,0.00073271594
graphsage,0,26979,1,1,0.9999757
graphsage,0,64582,0,0,0.0012054663
graphsage,0,66461,1,1,0.9989177
graphsage,0,42538,0,0,0.3883128
graphsage,0,46296,0,0,0.44071716
graphsage,0,34172,1,1,0.99997604
graphsage,0,31337,1,1,0.9999274
graphsage,0,16328,1,1,0.9705221
graphsage,0,4926,1,1,0.7238432
graphsage,0,26819,0,0,0.006900926
graphsage,0,9516,0,0,0.062137973
graphsage,0,22397,0,0,0.2952527
graphsage,0,62806,1,1,0.5946304
graphsage,0,61236,0,1,0.9607596
graphsage,0,5984,1,1,0.98828214
graphsage,0,1742,1,1,0.9964824
graphsage,0,28052,0,0,0.005706556
graphsage,0,51486,0,0,0.0012023149
graphsage,0,16165,1,1,0.99901295
graphsage,0,32954,1,1,0.7660695
graphsage,0,46309,0,0,0.11497762
graphsage,0,7114,1,1,0.9954234
graphsage,0,24365,0,0,0.036401328
graphsage,0,53773,0,0,0.000111655
graphsage,0,23606,1,1,0.99999464
graphsage,0,351,0,0,0.00045820896
graphsage,0,46016,1,1,0.99965346
graphsage,0,15824,1,1,0.9882781
graphsage,0,41461,0,0,0.0005268458
graphsage,0,23914,0,0,5.020372e-06
graphsage,0,65712,0,0,0.0003911936
graphsage,0,10812,1,1,0.76616746
graphsage,0,47634,0,0,0.0011076165
graphsage,0,38610,0,0,0.003281211
graphsage,0,35971,1,1,0.9985922
graphsage,0,20890,1,1,0.999141
graphsage,0,29721,0,0,0.00027484747
graphsage,0,5129,1,1,0.9749351
graphsage,0,58566,1,1,0.99864954
graphsage,0,69162,0,0,0.0012602474
graphsage,0,59810,1,1,0.9998004
graphsage,0,64109,1,1,0.99457425
graphsage,0,47821,0,0,0.15094723
graphsage,0,21481,1,1,0.9826319
graphsage,0,20046,1,1,0.9980019
graphsage,0,24488,1,1,0.9991404
graphsage,0,33170,0,0,4.7487215e-06
graphsage,0,41951,1,1,0.85940295
graphsage,0,57025,1,1,0.998933
graphsage,0,64672,0,0,0.38402426
graphsage,0,70137,1,1,0.9999864
graphsage,0,16911,1,1,0.9990398
graphsage,0,58172,1,1,0.9934337
graphsage,0,43260,0,0,0.04126897
graphsage,0,61871,0,0,0.03947046
graphsage,0,3533,0,1,0.62538046
graphsage,0,11742,0,0,0.014923738
graphsage,0,8260,1,1,0.61583817
graphsage,0,3224,0,0,0.09201543
graphsage,0,8780,1,1,0.99144155
graphsage,0,19153,1,1,0.98686314
graphsage,0,3639,0,0,0.44674876
graphsage,0,38088,1,0,0.46864375
graphsage,0,68622,1,1,0.99972135
graphsage,0,22675,0,0,0.00024771775
graphsage,0,18802,1,1,0.71984357
graphsage,0,33133,0,0,0.00013547181
graphsage,0,53603,0,0,0.00068828
graphsage,0,18632,0,0,0.008968906
graphsage,0,16659,1,1,0.8550126
graphsage,0,15537,0,0,0.25484806
graphsage,0,42130,1,1,0.51699865
graphsage,0,31541,1,1,0.92561877
graphsage,0,63604,0,0,0.059724398
graphsage,0,35433,0,0,0.023524942
graphsage,0,25315,1,1,0.9698033
graphsage,0,68927,1,1,0.9954266
graphsage,0,26209,1,1,0.9992311
graphsage,0,46461,0,0,0.017876094
graphsage,0,32804,0,0,5.954834e-05
graphsage,0,63175,1,1,0.9713802
graphsage,0,43309,1,1,0.9856609
graphsage,0,33914,0,0,0.0042113685
graphsage,0,59778,1,1,0.9998388
graphsage,0,31962,0,0,0.0069938833
graphsage,0,60531,0,0,0.010358229
graphsage,0,44823,1,1,0.99994016
graphsage,0,68320,1,1,0.9108088
graphsage,0,9315,0,0,0.00018283357
graphsage,0,27323,0,1,0.77191705
graphsage,0,64325,1,1,0.9998946
graphsage,0,10975,1,1,0.9975817
graphsage,0,43602,1,1,0.7391665
graphsage,0,53579,0,0,0.0013102675
graphsage,0,50438,1,1,0.999795
graphsage,0,21380,1,1,0.8203214
graphsage,0,68056,1,1,0.997844
graphsage,0,50126,0,0,0.007739994
graphsage,0,38156,1,1,0.99404943
graphsage,0,54896,0,0,0.055958863
graphsage,0,727,1,1,0.9497412
graphsage,0,54864,0,0,0.46799275
graphsage,0,36942,0,1,0.9438908
graphsage,0,66311,1,1,0.9729073
graphsage,0,15739,0,0,0.0042743385
graphsage,0,19531,0,0,0.009133127
graphsage,0,52363,1,1,0.9976655
graphsage,0,21261,0,0,0.036024306
graphsage,0,66179,0,0,4.8101447e-05
graphsage,0,40171,0,0,0.00055479683
graphsage,0,15893,1,1,0.9807242
graphsage,0,42710,1,1,0.99746776
graphsage,0,23534,1,1,0.93000036
graphsage,0,28542,1,1,0.9965071
graphsage,0,49120,0,0,0.035840973
graphsage,0,4986,1,1,0.9967908
graphsage,0,53486,1,1,0.9988618
graphsage,0,62351,0,1,0.7711779
graphsage,0,28923,1,1,0.99983406
graphsage,0,65607,1,1,0.9974778
graphsage,0,19020,0,1,0.95519954
graphsage,0,65184,0,0,6.08522e-06
graphsage,0,64427,1,1,0.7660695
graphsage,0,64682,1,1,0.96503377
graphsage,0,24069,0,1,0.88260025
graphsage,0,52709,1,1,0.9900894
graphsage,0,45616,0,0,0.12884636
graphsage,0,31791,0,1,0.8642325
graphsage,0,49168,0,0,0.0150399655
graphsage,0,15415,1,1,0.9995827
graphsage,0,6902,0,0,0.05321262
graphsage,0,22474,1,1,0.994111
graphsage,0,62322,0,0,0.004843205
graphsage,0,4084,0,0,0.091582954
graphsage,0,740,0,0,0.4734474
graphsage,0,52347,0,0,0.008357636
graphsage,0,5603,0,0,6.767893e-05
graphsage,0,3650,0,0,0.0009660651
graphsage,0,1781,1,1,0.9494922
graphsage,0,25010,0,0,0.26607248
graphsage,0,39503,1,1,0.99634725
graphsage,0,36466,0,1,0.6625463
graphsage,0,40409,1,1,0.9911799
graphsage,0,11457,0,1,0.7040019
graphsage,0,41602,0,0,0.039429482
graphsage,0,61117,1,1,0.99936277
graphsage,0,31610,0,0,5.3673033e-05
graphsage,0,19525,0,0,5.3097763e-05
graphsage,0,57793,1,1,0.76160014
graphsage,0,449,0,0,0.06975484
graphsage,0,14666,0,0,0.00021274916
graphsage,0,14405,1,1,0.92868394
graphsage,0,23114,1,1,0.9997863
graphsage,0,29008,1,1,0.8720975
graphsage,0,49906,1,1,0.9970241
graphsage,0,57981,1,1,0.99269694
graphsage,0,52529,0,0,0.0015746318
graphsage,0,64528,0,0,0.39930058
graphsage,0,45350,1,1,0.8128185
graphsage,0,58418,1,1,0.9392079
graphsage,0,32876,1,1,0.9998684
graphsage,0,67087,0,0,0.00079702085
graphsage,0,69441,0,0,0.0017964398
graphsage,0,15559,0,0,0.029211538
graphsage,0,63039,1,1,0.97675484
graphsage,0,477,0,0,0.00026591623
graphsage,0,11669,0,0,0.0053250096
graphsage,0,9996,0,0,0.0018852198
graphsage,0,43770,1,1,0.9953886
graphsage,0,56641,1,1,0.9898844
graphsage,0,7706,0,0,0.0036478548
graphsage,0,51420,0,0,0.0023078157
graphsage,0,71435,1,1,0.9998903
graphsage,0,59046,0,0,0.00249889
graphsage,0,44949,1,1,0.9824822
graphsage,0,67533,1,1,0.9957325
graphsage,0,65908,0,0,0.025604598
graphsage,0,52053,0,0,0.0005585382
graphsage,0,70054,1,1,0.9333427
graphsage,0,42627,0,0,0.068192214
graphsage,0,25452,0,0,0.056950092
graphsage,0,36814,1,1,0.9470395
graphsage,0,39605,0,0,0.00012414873
graphsage,0,4115,1,1,0.9997832
graphsage,0,2330,1,1,0.9964689
graphsage,0,17352,0,0,0.19238871
graphsage,0,48260,1,1,0.7348129
graphsage,0,59461,0,0,0.30569312
graphsage,0,28927,1,1,0.99986446
graphsage,0,27109,1,1,0.76530576
graphsage,0,33364,1,1,0.99121267
graphsage,0,42182,1,1,0.9702241
graphsage,0,45971,1,1,0.9921894
graphsage,0,42329,1,1,0.5797989
graphsage,0,66242,0,0,0.37634975
graphsage,0,12343,1,1,0.72955185
graphsage,0,52814,1,0,0.07307498
graphsage,0,31881,1,1,0.96650666
graphsage,0,56116,0,0,0.022810016
graphsage,0,58109,1,1,0.6950296
graphsage,0,43241,0,0,0.024588568
graphsage,0,54529,1,1,0.7660695
graphsage,0,7027,0,0,0.00010222515
graphsage,0,4067,1,1,0.6125223
graphsage,0,46171,1,1,0.9969409
graphsage,0,47944,1,1,0.9683936
graphsage,0,2780,0,0,0.00031170365
graphsage,0,23431,1,1,0.96371657
graphsage,0,64742,1,1,0.99979717
graphsage,0,30880,1,1,0.99915373
graphsage,0,68627,0,0,0.18713519
graphsage,0,60296,1,1,0.9980452
graphsage,0,35719,1,1,0.9980952
graphsage,0,55,0,1,0.9692077
graphsage,0,38469,1,1,0.9993918
graphsage,0,62405,0,0,0.021299286
graphsage,0,71973,1,1,0.9994961
graphsage,0,51553,0,0,0.00017294979
graphsage,0,20518,1,1,0.9823799
graphsage,0,48983,0,1,0.93941796
graphsage,0,71613,1,1,0.9999696
graphsage,0,8450,1,1,0.9991597
graphsage,0,7716,0,0,0.0011779704
graphsage,0,34035,0,0,0.3803253
graphsage,0,26847,0,1,0.6940929
graphsage,0,28027,1,1,0.9974826
graphsage,0,9369,1,1,0.997436
graphsage,0,64076,1,1,0.9727984
graphsage,0,61782,0,1,0.6642386
graphsage,0,41086,1,1,0.9883025
graphsage,0,53215,0,0,0.084473394
graphsage,0,46032,0,0,0.0026553797
graphsage,0,50580,0,0,0.02558488
graphsage,0,9769,0,0,0.018528571
graphsage,0,39864,1,0,0.38271108
graphsage,0,65182,1,1,0.59756416
graphsage,0,36144,1,1,0.987722
graphsage,0,41438,0,0,0.02746027
graphsage,0,50046,1,1,0.9846373
graphsage,0,53325,1,1,0.9994438
graphsage,0,17467,1,0,0.23066409
graphsage,0,17374,1,1,0.9819579
graphsage,0,6688,0,0,0.0077307997
graphsage,0,17241,1,1,0.9703611
graphsage,0,37571,1,1,0.99995005
graphsage,0,51727,1,1,0.99747235
graphsage,0,59347,0,0,0.007358337
graphsage,0,810,1,1,0.9999689
graphsage,0,48541,0,0,0.015854666
graphsage,0,40692,1,1,0.86547726
graphsage,0,35732,0,0,0.02280578
graphsage,0,19438,1,1,0.99998474
graphsage,0,4853,0,0,0.018908259
graphsage,0,70146,1,1,0.99818677
graphsage,0,19067,1,1,0.99952555
graphsage,0,41270,1,1,0.9599139
graphsage,0,22476,0,1,0.5408557
graphsage,0,35751,0,0,0.000755659
graphsage,0,26868,1,1,0.9895001
graphsage,0,57974,0,0,0.10412178
graphsage,0,24355,0,0,0.0062026647
graphsage,0,37844,0,0,0.0055369576
graphsage,0,66166,1,1,0.9995552
graphsage,0,5184,0,0,0.0010113578
graphsage,0,33748,0,0,0.0027289246
graphsage,0,27956,0,0,0.16309626
graphsage,0,11297,1,1,0.9999161
graphsage,0,49398,1,1,0.994399
graphsage,0,32074,0,0,0.0007266544
graphsage,0,60388,0,0,0.13992612
graphsage,0,68564,0,0,0.0018903177
graphsage,0,18140,0,0,0.0006415641
graphsage,0,14239,1,1,0.5940847
graphsage,0,54344,1,1,0.9990144
graphsage,0,10569,0,0,1.2773105e-05
graphsage,0,12728,1,1,0.9986052
graphsage,0,22242,0,0,0.0025996605
graphsage,0,55985,1,1,0.81752145
graphsage,0,66023,1,1,0.7660695
graphsage,0,66541,0,0,0.00049939536
graphsage,0,12831,1,1,0.9834995
graphsage,0,70985,0,1,0.650883
graphsage,0,25182,1,1,0.9748902
graphsage,0,29846,0,0,0.004201527
graphsage,0,39242,1,1,0.997311
graphsage,0,8027,0,0,0.008969062
graphsage,0,58996,1,1,0.9998933
graphsage,0,51165,0,0,0.05151401
graphsage,0,43684,0,0,0.012698677
graphsage,0,6325,1,1,0.9103616
graphsage,0,4255,1,1,0.9679052
graphsage,0,35364,1,1,0.70044565
graphsage,0,25920,1,1,0.999017
graphsage,0,33121,0,0,9.026042e-05
graphsage,0,24169,1,1,0.9998964
graphsage,0,41054,0,0,0.013012354
graphsage,0,48014,1,1,0.73392856
graphsage,0,53862,0,0,0.0022258307
graphsage,0,19620,1,1,0.99990344
graphsage,0,41310,1,0,0.41555822
graphsage,0,52243,1,1,0.99996006
graphsage,0,64903,1,1,0.995503
graphsage,0,28842,1,1,0.9686543
graphsage,0,41125,1,1,0.9829185
graphsage,0,8642,0,0,0.008429103
graphsage,0,41578,0,0,0.0027265316
graphsage,0,51914,0,0,0.00795424
graphsage,0,1672,0,0,0.003224154
graphsage,0,25786,0,0,0.0012594555
graphsage,0,70836,1,0,0.26387903
graphsage,0,66440,0,1,0.94186693
graphsage,0,50128,0,0,0.00221312
graphsage,0,56761,1,0,0.010402521
graphsage,0,71842,1,1,0.82796544
graphsage,0,57982,0,0,0.0076116333
graphsage,0,362,0,0,0.062705524
graphsage,0,46869,1,1,0.9990709
graphsage,0,38814,0,0,0.0007426441
graphsage,0,58247,0,0,3.609464e-05
graphsage,0,63325,0,0,0.041382592
graphsage,0,8874,0,0,0.0003494464
graphsage,0,55001,0,0,0.027136419
graphsage,0,17781,1,0,0.020822285
graphsage,0,28093,1,1,0.9915686
graphsage,0,42581,1,1,0.98424244
graphsage,0,55529,0,0,0.00072457636
graphsage,0,30023,0,0,0.003268448
graphsage,0,18256,0,0,0.0052779857
graphsage,0,6644,1,1,0.99688333
graphsage,0,3141,1,1,0.9253972
graphsage,0,25349,0,0,0.0004926418
graphsage,0,9743,0,0,0.0002194634
graphsage,0,39524,0,0,0.0008397583
graphsage,0,66479,0,0,0.0001356198
graphsage,0,42034,0,0,0.00088210485
graphsage,0,35825,1,1,0.99523455
graphsage,0,58826,0,0,0.041928284
graphsage,0,68807,1,0,0.3303341
graphsage,0,18960,0,0,7.367335e-05
graphsage,0,47942,1,1,0.98830765
graphsage,0,44960,1,1,0.99593544
graphsage,0,1029,1,1,0.9915045
graphsage,0,40850,0,0,7.022386e-05
graphsage,0,19843,1,1,0.93750465
graphsage,0,38827,0,1,0.94157326
graphsage,0,5992,1,1,0.9983897
graphsage,0,22222,0,0,0.0072122016
graphsage,0,67600,1,1,0.5384161
graphsage,0,35842,0,0,0.0009644571
graphsage,0,30033,0,0,0.00017532916
graphsage,0,48126,0,0,7.473261e-05
graphsage,0,52958,0,0,0.0068689287
graphsage,0,6994,0,0,0.0010059505
graphsage,0,9302,0,0,0.0007016108
graphsage,0,25651,1,1,0.9999423
graphsage,0,6398,1,1,0.99783605
graphsage,0,6890,0,0,0.006576332
graphsage,0,57027,0,0,0.0009566497
graphsage,0,29128,1,1,0.8373445
graphsage,0,27822,1,1,0.6611852
graphsage,0,16275,0,0,0.00037603138
graphsage,0,45342,0,0,0.4922274
graphsage,0,67638,1,1,0.9509796
graphsage,0,39479,0,0,0.0007371275
graphsage,0,11244,0,0,0.0012231999
graphsage,0,22880,0,0,0.0021712377
graphsage,0,29941,1,0,0.06256724
graphsage,0,55861,1,1,0.991366
graphsage,0,35911,1,0,0.37957516
graphsage,0,49254,1,1,0.9994947
graphsage,0,44717,0,0,0.005574781
graphsage,0,30245,0,0,0.0049616187
graphsage,0,7845,1,1,0.99684465
graphsage,0,23690,1,1,0.99872273
graphsage,0,54927,1,1,0.9985505
graphsage,0,44971,0,0,0.00096259447
graphsage,0,6348,1,1,0.7361187
graphsage,0,48010,1,1,0.82956856
graphsage,0,23748,0,0,0.000484476
graphsage,0,69613,1,1,0.96885264
graphsage,0,46266,0,0,3.126366e-05
graphsage,0,43089,0,0,0.0030887378
graphsage,0,44440,1,1,0.99985147
graphsage,0,27495,0,0,0.007199416
graphsage,0,60669,1,1,0.6923663
graphsage,0,62728,1,1,0.999845
graphsage,0,54850,0,0,0.00038804248
graphsage,0,37280,0,0,0.0025100398
graphsage,0,63426,1,1,0.7660695
graphsage,0,69031,0,0,0.10628252
graphsage,0,59179,0,0,0.00024632862
graphsage,0,14396,0,0,0.4044413
graphsage,0,361,0,0,0.007659356
graphsage,0,65677,0,0,0.028674882
graphsage,0,9911,0,0,0.03722847
graphsage,0,52587,0,0,0.04761189
graphsage,0,71267,0,1,0.50619024
graphsage,0,53858,0,0,0.1028381
graphsage,0,31086,0,0,0.0025815573
graphsage,0,15022,0,0,0.00085514324
graphsage,0,59512,0,0,0.08065998
graphsage,0,16319,1,1,0.7660695
graphsage,0,14074,1,1,0.97739714
graphsage,0,50191,0,0,0.0012197839
graphsage,0,57039,0,0,0.106426165
graphsage,0,53390,0,0,0.41084725
graphsage,0,62440,1,1,0.998889
graphsage,0,53758,1,1,0.9991115
graphsage,0,64874,1,1,0.99625224
graphsage,0,9417,0,0,0.0014176206
graphsage,0,60311,0,0,0.13993278
graphsage,0,24961,0,1,0.73703253
graphsage,0,1477,1,1,0.7519063
graphsage,0,45406,0,0,0.0019842547
graphsage,0,40008,1,1,0.91846067
graphsage,0,15327,0,0,0.040990707
graphsage,0,69103,0,0,0.00053058716
graphsage,0,39353,1,1,0.99670863
graphsage,0,33103,0,0,1.8860612e-05
graphsage,0,7080,0,0,0.012131525
graphsage,0,71657,0,1,0.9484856
graphsage,0,20244,0,0,0.027677953
graphsage,0,54877,0,0,0.45602524
graphsage,0,54721,0,0,0.0016916436
graphsage,0,27794,0,0,0.0536454
graphsage,0,17407,1,1,0.99765104
graphsage,0,50624,0,1,0.7287714
graphsage,0,53815,0,0,0.04011053
graphsage,0,39685,0,0,0.012853627
graphsage,0,16682,1,1,0.99884665
graphsage,0,14207,1,1,0.9999777
graphsage,0,71200,0,0,0.0052756052
graphsage,0,49912,1,1,0.99734396
graphsage,0,9422,0,0,0.0029853955
graphsage,0,15420,1,1,0.7319931
graphsage,0,13978,0,0,0.00012565871
graphsage,0,12668,1,1,0.9991153
graphsage,0,62769,0,0,0.00010258647
graphsage,0,26295,0,0,0.01007559
graphsage,0,32737,0,0,5.9766182e-05
graphsage,0,65577,1,1,0.7712622
graphsage,0,40458,0,1,0.7804514
graphsage,0,13505,1,1,0.9888536
graphsage,0,50264,1,1,0.9960588
graphsage,0,66748,1,1,0.9874334
graphsage,0,20079,1,1,0.9031333
graphsage,0,26455,0,0,0.016493728
graphsage,0,44967,1,1,0.95055735
graphsage,0,32844,0,0,0.00063535565
graphsage,0,47948,0,0,0.4950425
graphsage,0,57505,1,1,0.9999341
graphsage,0,33557,0,0,0.0008352828
graphsage,0,32035,1,1,0.99895394
graphsage,0,36157,0,0,5.4968947e-05
graphsage,0,57815,1,1,0.9798369
graphsage,0,18040,0,0,0.028330294
graphsage,0,37942,1,1,0.9720743
graphsage,0,13627,1,1,0.986472
graphsage,0,27169,1,1,0.9894164
graphsage,0,7419,1,1,0.9975969
graphsage,0,10498,1,1,0.98353094
graphsage,0,33056,1,1,0.9998927
graphsage,0,29201,1,1,0.99985063
graphsage,0,35812,0,0,0.0005491389
graphsage,0,50657,1,1,0.9537606
graphsage,0,9840,0,0,0.04293558
graphsage,0,344,1,1,0.93632513
graphsage,0,50473,1,1,0.99400085
graphsage,0,30507,0,0,0.0019229559
graphsage,0,46791,0,0,0.008425151
graphsage,0,63779,1,1,0.9816815
graphsage,0,24620,1,1,0.9955869
graphsage,0,42474,0,1,0.8780005
graphsage,0,56874,0,0,0.01821866
graphsage,0,32841,1,1,0.99961483
graphsage,0,19976,0,0,0.005217071
graphsage,0,22785,1,1,0.9999579
graphsage,0,46627,1,1,0.99542564
graphsage,0,49420,1,1,0.97855806
graphsage,0,28629,1,0,0.32094127
graphsage,0,18288,0,0,0.0010856822
graphsage,0,40245,1,1,0.9935998
graphsage,0,23021,1,1,0.9671389
graphsage,0,40685,1,1,0.9998462
graphsage,0,39015,0,0,0.3599186
graphsage,0,9363,1,0,0.25196406
graphsage,0,62875,0,1,0.89890873
graphsage,0,28174,0,0,0.3304857
graphsage,0,59006,0,1,0.9552928
graphsage,0,5544,1,1,0.9226562
graphsage,0,8446,1,1,0.95921713
graphsage,0,45344,1,1,0.9995548
graphsage,0,2153,1,1,0.8153802
graphsage,0,36496,1,1,0.99478215
graphsage,0,34900,1,1,0.99992335
graphsage,0,22776,1,1,0.99275464
graphsage,0,56835,0,0,0.007601879
graphsage,0,68841,1,1,0.9995435
graphsage,0,59925,0,0,0.0003819726
graphsage,0,64512,0,0,0.029480014
graphsage,0,15216,1,1,0.96911657
graphsage,0,26426,0,0,0.0110281585
graphsage,0,46676,1,1,0.88747436
graphsage,0,44821,1,1,0.99797636
graphsage,0,55331,1,1,0.9996419
graphsage,0,58015,1,1,0.91466224
graphsage,0,20276,1,1,0.99971515
graphsage,0,57859,1,0,0.07804996
graphsage,0,10635,0,0,0.0560712
graphsage,0,37885,1,1,0.99983394
graphsage,0,17636,1,1,0.9914682
graphsage,0,14150,1,1,0.9990484
graphsage,0,36788,1,1,0.9981127
graphsage,0,3263,1,1,0.9453459
graphsage,0,60474,1,1,0.96878123
graphsage,0,12978,1,1,0.9773491
graphsage,0,15508,1,1,0.99071527
graphsage,0,51930,1,1,0.9999695
graphsage,0,50678,0,0,0.006564958
graphsage,0,17536,1,1,0.9957581
graphsage,0,24699,0,0,0.1368453
graphsage,0,13674,1,1,0.7169161
graphsage,0,45748,0,0,0.0004706815
graphsage,0,16840,1,1,0.9989016
graphsage,0,25550,0,0,0.00028599304
graphsage,0,66301,1,0,0.38340428
graphsage,0,27285,0,0,0.47482675
graphsage,0,17990,0,1,0.96560603
graphsage,0,61826,1,1,0.9961606
graphsage,0,62708,1,1,0.99578995
graphsage,0,52042,1,1,0.99601316
graphsage,0,19227,1,1,0.9977704
graphsage,0,58033,1,1,0.99999285
graphsage,0,70691,0,0,0.000781908
graphsage,0,58940,0,1,0.9312712
graphsage,0,26056,1,0,0.19694656
graphsage,0,10051,0,0,0.002152447
graphsage,0,59917,1,1,0.9999852
graphsage,0,21815,1,1,0.9990688
graphsage,0,71806,1,1,0.9868831
graphsage,0,3570,1,1,0.9412728
graphsage,0,36659,0,0,0.002309004
graphsage,0,4349,1,1,0.9966281
graphsage,0,14905,1,1,0.9998553
graphsage,0,43758,0,0,0.017111804
graphsage,0,16719,0,0,0.0123664
graphsage,0,33829,1,1,0.9138979
graphsage,0,38164,1,1,0.9966292
graphsage,0,25982,1,0,0.22151814
graphsage,0,65233,1,1,0.98798984
graphsage,0,10565,0,0,0.00039509241
graphsage,0,61658,0,0,0.0006346578
graphsage,0,48735,1,0,0.4408168
graphsage,0,59038,0,0,0.002762804
graphsage,0,41879,1,1,0.998738
graphsage,0,44111,1,1,0.6183181
graphsage,0,31141,0,0,0.09012141
graphsage,0,41878,1,1,0.9978756
graphsage,0,3991,1,1,0.9993117
graphsage,0,56663,0,0,0.042812746
graphsage,0,57781,1,1,0.99420255
graphsage,0,25634,0,1,0.54103214
graphsage,0,21174,0,0,0.28419974
graphsage,0,13342,0,0,0.16573887
graphsage,0,36262,0,0,0.0053768763
graphsage,0,56345,0,0,0.10081749
graphsage,0,30999,1,0,0.1297209
graphsage,0,25347,0,0,0.051297914
graphsage,0,10586,1,0,0.048851952
graphsage,0,2451,1,1,0.949361
graphsage,0,314,1,1,0.714442
graphsage,0,34567,0,0,0.00314513
graphsage,0,8986,1,1,0.9980034
graphsage,0,71003,0,0,0.3724811
graphsage,0,63263,1,1,0.9999285
graphsage,0,29079,0,0,0.22046444
graphsage,0,31725,0,0,0.0042030723
graphsage,0,70185,1,1,0.9989505
graphsage,0,15187,0,0,0.009800827
graphsage,0,35924,1,0,0.4406699
graphsage,0,25213,0,0,0.09810156
graphsage,0,25571,0,0,0.0048494716
graphsage,0,23973,0,0,0.015459743
graphsage,0,24056,0,0,0.0055954936
graphsage,0,6063,0,0,0.00058635673
graphsage,0,47985,1,1,0.99826306
graphsage,0,44557,0,0,0.0044325087
graphsage,0,34490,0,0,0.025554633
graphsage,0,28025,1,1,0.98498976
graphsage,0,2396,0,0,0.0013894176
graphsage,0,22379,1,1,0.87403166
graphsage,0,28010,1,0,0.23645398
graphsage,0,10715,0,0,0.07760408
graphsage,0,37955,1,1,0.99981827
graphsage,0,35622,0,0,0.0026079188
graphsage,0,66552,1,1,0.99717736
graphsage,0,9221,1,1,0.9961671
graphsage,0,27079,1,1,0.9998323
graphsage,0,942,1,0,0.1402235
graphsage,0,30965,0,0,0.00016977929
graphsage,0,62259,1,1,0.99779415
graphsage,0,65682,1,1,0.99968874
graphsage,0,55376,0,1,0.87887853
graphsage,0,34751,1,1,0.99186254
graphsage,0,69997,0,0,0.00012511636
graphsage,0,37833,0,1,0.54905814
graphsage,0,18640,1,1,0.999759
graphsage,0,57894,0,0,0.0030346455
graphsage,0,35134,0,0,0.00072515535
graphsage,0,2977,1,0,0.4844983
graphsage,0,17839,0,0,2.6462718e-05
graphsage,0,1541,1,1,0.99293065
graphsage,0,49039,0,0,0.011402837
graphsage,0,21869,1,1,0.9996082
graphsage,0,33117,0,0,0.011299191
graphsage,0,5902,1,1,0.95612526
graphsage,0,32686,1,1,0.9045323
graphsage,0,12397,1,1,0.8275694
graphsage,0,14294,0,0,0.00013208025
graphsage,0,55894,1,1,0.8477628
graphsage,0,53255,0,0,0.3917856
graphsage,0,64194,1,1,0.9993462
graphsage,0,68836,0,0,0.005372186
graphsage,0,12173,1,1,0.99842
graphsage,0,9635,0,1,0.57270485
graphsage,0,53541,1,1,0.99972874
graphsage,0,24650,0,0,0.00032715953
graphsage,0,8117,0,0,0.037814263
graphsage,0,52745,1,1,0.963988
graphsage,0,37718,1,1,0.99392116
graphsage,0,39653,0,0,0.2234093
graphsage,0,32051,0,0,0.014259027
graphsage,0,29168,0,0,0.0043955054
graphsage,0,63458,1,1,0.7660695
graphsage,0,27196,1,1,0.99965346
graphsage,0,60927,0,0,0.0028316206
graphsage,0,59703,0,0,9.2939554e-05
graphsage,0,8567,1,1,0.8688005
graphsage,0,47765,1,0,0.06566848
graphsage,0,68736,1,1,0.99971074
graphsage,0,2948,0,0,0.05921514
graphsage,0,12597,0,1,0.7279495
graphsage,0,1422,1,1,0.9842509
graphsage,0,2253,0,0,0.004171775
graphsage,0,47150,0,0,0.081441924
graphsage,0,42089,0,1,0.742698
graphsage,0,1897,0,0,0.0014362144
graphsage,0,28604,1,1,0.7636324
graphsage,0,54562,0,0,0.0044265725
graphsage,0,16302,1,0,0.090078026
graphsage,0,9573,1,1,0.8414706
graphsage,0,3246,0,0,0.0080793835
graphsage,0,38435,1,1,0.8084445
graphsage,0,40363,0,0,8.482605e-06
graphsage,0,26154,1,1,0.9987392
graphsage,0,25338,0,0,0.0122241
graphsage,0,26429,0,0,0.0892779
graphsage,0,10275,1,1,0.9722001
graphsage,0,17910,0,0,0.22861466
graphsage,0,14620,1,1,0.994464
graphsage,0,41719,1,1,0.98968047
graphsage,0,37316,1,1,0.9832387
graphsage,0,34755,1,1,0.84674007
graphsage,0,5169,1,1,0.99991345
graphsage,0,51357,1,1,0.73445904
graphsage,0,63725,1,1,0.9833296
graphsage,0,40109,1,0,0.22013928
graphsage,0,18689,1,1,0.88839775
graphsage,0,72026,1,1,0.992081
graphsage,0,3580,1,1,0.982644
graphsage,0,13311,0,0,0.00015720705
graphsage,0,16075,0,0,0.006344108
graphsage,0,38221,1,1,0.9177218
graphsage,0,37702,0,0,0.00032198525
graphsage,0,5155,1,1,0.9135242
graphsage,0,72079,1,1,0.99066585
graphsage,0,16039,1,1,0.9272714
graphsage,0,4527,0,1,0.97599137
graphsage,0,2490,1,0,0.33867347
graphsage,0,38735,0,0,0.037500296
graphsage,0,38809,1,1,0.99878484
graphsage,0,11844,0,0,0.12806804
graphsage,0,50612,1,1,0.9972441
graphsage,0,66495,1,1,0.99284196
graphsage,0,32913,1,1,0.99829
graphsage,0,41577,0,0,0.060604576
graphsage,0,4735,0,0,0.0048515643
graphsage,0,30430,0,0,0.004139174
graphsage,0,55927,1,1,0.7660695
graphsage,0,2448,0,0,0.013306353
graphsage,0,17542,1,1,0.9880287
graphsage,0,34920,1,1,0.9986444
graphsage,0,42042,0,0,0.11333114
graphsage,0,63878,0,0,0.038588498
graphsage,0,1071,0,0,0.002711467
graphsage,0,19522,0,0,0.000106794745
graphsage,0,15579,1,0,0.047262035
graphsage,0,5509,0,0,0.0014179884
graphsage,0,66012,0,0,0.0039088335
graphsage,0,37144,0,0,0.00076772616
graphsage,0,53623,1,1,0.99967337
graphsage,0,56624,0,0,0.0039180936
graphsage,0,20625,0,0,0.14855869
graphsage,0,54147,0,0,0.10300813
graphsage,0,21184,1,1,0.9434923
graphsage,0,67237,0,1,0.9962287
graphsage,0,70976,0,0,0.19352008
graphsage,0,51849,0,0,0.0031812645
graphsage,0,57576,1,1,0.9982503
graphsage,0,33688,0,0,0.34889805
graphsage,0,67756,1,1,0.9999534
graphsage,0,27472,0,0,9.864017e-05
graphsage,0,51643,1,1,0.9928329
graphsage,0,49091,0,0,0.0034839504
graphsage,0,22037,1,1,0.99137443
graphsage,0,57330,0,0,0.00012378112
graphsage,0,18490,1,1,0.6421958
graphsage,0,32859,1,1,0.99776626
graphsage,0,50976,0,0,6.721635e-05
graphsage,0,67531,1,1,0.55691606
graphsage,0,38075,0,0,0.015651492
graphsage,0,36858,1,1,0.9936417
graphsage,0,46193,0,0,0.00045200315
graphsage,0,51209,0,0,0.033792138
graphsage,0,48822,1,1,0.9982986
graphsage,0,36542,1,1,0.99975544
graphsage,0,33381,0,0,0.004013239
graphsage,0,5160,0,0,0.00018519255
graphsage,0,41496,0,0,0.0016164822
graphsage,0,7132,0,0,0.002293519
graphsage,0,40382,1,0,0.23739438
graphsage,0,27483,0,0,0.013783712
graphsage,0,46295,0,0,0.10021122
graphsage,0,47026,0,0,0.00011591283
graphsage,0,29673,1,1,0.8839272
graphsage,0,22211,0,0,0.04356872
graphsage,0,64873,1,1,0.9996805
graphsage,0,57528,0,0,0.0035608558
graphsage,0,4290,1,1,0.9087891
graphsage,0,45922,0,0,0.031711716
graphsage,0,37521,1,1,0.998494
graphsage,0,36977,0,0,0.019962579
graphsage,0,48707,0,0,0.00016049683
graphsage,0,49357,1,1,0.99912447
graphsage,0,31434,0,0,0.09235108
graphsage,0,30113,1,1,0.97348243
graphsage,0,34753,0,0,0.0036984396
graphsage,0,16024,1,1,0.9998659
graphsage,0,55098,0,0,0.0017157316
graphsage,0,21649,0,0,0.040801026
graphsage,0,17807,1,1,0.96648026
graphsage,0,41182,1,1,0.99986804
graphsage,0,9077,1,1,0.9974637
graphsage,0,64554,1,1,0.9987495
graphsage,0,55467,0,0,0.0050025713
graphsage,0,1550,0,0,0.029173806
graphsage,0,21000,1,1,0.91345716
graphsage,0,64167,1,1,0.9908242
graphsage,0,17894,1,0,0.16577874
graphsage,0,39770,1,1,0.7069214
graphsage,0,54817,1,1,0.99626416
graphsage,0,55042,0,0,0.003393339
graphsage,0,16326,0,0,0.18065603
graphsage,0,63490,1,1,0.9984864
graphsage,0,23656,1,1,0.8938258
graphsage,0,743,1,1,0.9987883
graphsage,0,47136,0,0,0.03540625
graphsage,0,60389,1,1,0.99880195
graphsage,0,7673,1,1,0.9999938
graphsage,0,12971,1,1,0.89916354
graphsage,0,2664,1,1,0.94120675
graphsage,0,63238,0,0,0.00028576193
graphsage,0,41995,1,1,0.9389834
graphsage,0,59437,1,1,0.7660695
graphsage,0,57046,1,1,0.999866
graphsage,0,55097,1,1,0.996986
graphsage,0,12223,0,1,0.8989136
graphsage,0,46940,0,0,0.008413492
graphsage,0,60821,0,0,0.0011520074
graphsage,0,11890,0,1,0.966131
graphsage,0,57519,1,1,0.9999219
graphsage,0,15782,0,0,0.0011226968
graphsage,0,1874,1,1,0.922286
graphsage,0,44043,1,1,0.9948201
graphsage,0,3042,0,0,0.092953876
graphsage,0,30531,0,0,4.4954093e-05
graphsage,0,20615,1,1,0.983229
graphsage,0,36900,1,1,0.9992281
graphsage,0,52526,1,1,0.562531
graphsage,0,66728,0,0,0.0018538622
graphsage,0,573,1,1,0.9973794
graphsage,0,44144,1,1,0.99218047
graphsage,0,27134,1,1,0.9990243
graphsage,0,65082,1,1,0.97643524
graphsage,0,18739,0,0,0.0010134991
graphsage,0,39050,1,0,0.093347885
graphsage,0,39163,1,1,0.9999695
graphsage,0,55960,1,1,0.93337977
graphsage,0,9757,1,0,0.0088896835
graphsage,0,44243,0,0,0.020781295
graphsage,0,1953,1,1,0.9997813
graphsage,0,61493,1,1,0.996626
graphsage,0,47395,1,0,0.23020029
graphsage,0,28261,0,0,0.1236249
graphsage,0,31140,0,0,0.06086394
graphsage,0,28959,0,0,0.0016436285
graphsage,0,37399,0,0,8.8338034e-05
graphsage,0,26038,1,0,0.05305537
graphsage,0,11105,1,1,0.9986363
graphsage,0,17389,1,1,0.99160916
graphsage,0,45222,1,1,0.50332516
graphsage,0,33127,1,1,0.9984682
graphsage,0,33042,1,1,0.82727456
graphsage,0,41644,1,1,0.9134217
graphsage,0,67689,1,1,0.99996805
graphsage,0,69077,1,1,0.99579984
graphsage,0,56414,0,0,6.283722e-05
graphsage,0,16997,0,0,0.0014309603
graphsage,0,64000,1,1,0.7660695
graphsage,0,3036,1,0,0.15305568
graphsage,0,69219,0,0,0.020570362
graphsage,0,44089,1,1,0.9996643
graphsage,0,28145,0,0,0.00018074112
graphsage,0,39558,1,1,0.9683747
graphsage,0,12249,0,0,0.00026900374
graphsage,0,21833,0,0,0.0819736
graphsage,0,34777,0,0,8.1678525e-05
graphsage,0,58992,0,0,0.4689658
graphsage,0,65532,0,0,0.0067261807
graphsage,0,27154,1,1,0.748579
graphsage,0,58804,1,1,0.9992766
graphsage,0,22560,0,0,0.0016397418
graphsage,0,63609,1,1,0.9828493
graphsage,0,14475,0,0,0.0002492033
graphsage,0,23972,0,0,0.0018124956
graphsage,0,68815,1,1,0.95608526
graphsage,0,20528,1,1,0.97494304
graphsage,0,1553,1,1,0.9901608
graphsage,0,7507,1,1,0.9999268
graphsage,0,35848,1,1,0.98274684
graphsage,0,21685,1,1,0.9830731
graphsage,0,21490,1,1,0.95854557
graphsage,0,48086,0,0,0.0050089676
graphsage,0,4052,1,1,0.9997274
graphsage,0,29473,1,1,0.999629
graphsage,0,63069,1,1,0.9998473
graphsage,0,67986,1,1,0.999879
graphsage,0,32467,0,0,0.0033033658
graphsage,0,64971,0,0,0.13459878
graphsage,0,19475,0,0,0.00044306827
graphsage,0,43237,1,1,0.9965063
graphsage,0,14648,1,1,0.99889106
graphsage,0,49534,1,1,0.9745781
graphsage,0,69428,1,1,0.711757
graphsage,0,29484,1,1,0.99956983
graphsage,0,60079,0,0,0.0043906
graphsage,0,8059,0,0,1.0182002e-05
graphsage,0,60040,1,1,0.9999069
graphsage,0,22380,1,1,0.9986355
graphsage,0,29775,0,0,0.016780516
graphsage,0,2842,1,1,0.9950087
graphsage,0,62751,0,0,0.003180099
graphsage,0,9383,0,0,0.027769415
graphsage,0,25860,1,1,0.9999728
graphsage,0,23037,0,0,0.047223937
graphsage,0,45211,0,0,0.005878223
graphsage,0,65174,1,0,0.15390599
graphsage,0,45310,0,0,0.02935668
graphsage,0,71113,0,0,0.00024043235
graphsage,0,32423,0,0,0.008221854
graphsage,0,43440,1,0,0.017925845
graphsage,0,65666,0,0,0.30024728
graphsage,0,39654,1,1,0.9225976
graphsage,0,11987,1,1,0.87069875
graphsage,0,5725,0,0,0.0008727658
graphsage,0,59892,1,1,0.99960333
graphsage,0,71865,0,0,0.01964131
graphsage,0,28359,1,1,0.99993384
graphsage,0,651,0,0,0.26556662
graphsage,0,3874,0,0,0.26445216
graphsage,0,35685,0,0,0.4562269
graphsage,0,36774,0,0,0.004725881
graphsage,0,41702,1,1,0.9990069
graphsage,0,4412,0,0,0.005565682
graphsage,0,63895,1,1,0.99884343
graphsage,0,12659,1,1,0.9979855
graphsage,0,8864,1,1,0.7660695
graphsage,0,14821,0,0,0.01171287
graphsage,0,60309,0,0,0.002246248
graphsage,0,27496,1,1,0.9989272
graphsage,0,19091,0,0,0.0010105843
graphsage,0,3253,1,1,0.99937904
graphsage,0,44567,1,0,0.013811735
graphsage,0,15493,1,1,0.99871397
graphsage,0,5988,1,1,0.9798788
graphsage,0,14788,1,1,0.9993299
graphsage,0,42645,1,1,0.9874241
graphsage,0,46829,1,1,0.8832582
graphsage,0,64834,1,1,0.9982363
graphsage,0,19878,1,1,0.99574465
graphsage,0,12188,0,0,0.0007704878
graphsage,0,10493,1,1,0.9680759
graphsage,0,66114,1,1,0.9929999
graphsage,0,40691,1,1,0.9999213
graphsage,0,42186,1,1,0.9904027
graphsage,0,56012,1,1,0.9998294
graphsage,0,42732,1,1,0.93210006
graphsage,0,1027,0,1,0.66020375
graphsage,0,375,1,1,0.9989742
graphsage,0,36397,1,1,0.99998236
graphsage,0,40338,1,1,0.9976376
graphsage,0,51111,0,0,0.009980927
graphsage,0,49172,0,0,9.207191e-05
graphsage,0,40007,1,1,0.9992238
graphsage,0,31626,0,0,0.29941744
graphsage,0,55763,0,0,0.0038396902
graphsage,0,17013,0,1,0.9472119
graphsage,0,2419,0,0,0.0001973402
graphsage,0,47994,0,0,0.00011638398
graphsage,0,39291,0,0,7.1114655e-06
graphsage,0,61945,0,0,0.0029886656
graphsage,0,56939,1,1,0.9995933
graphsage,0,1437,0,0,0.0013558011
graphsage,0,6700,1,1,0.99147063
graphsage,0,9047,1,1,0.99999714
graphsage,0,58740,0,0,0.41221443
graphsage,0,11864,0,0,0.00042428492
graphsage,0,35241,1,1,0.81215096
graphsage,0,52736,0,0,0.00052724115
graphsage,0,67644,0,0,0.0012461529
graphsage,0,38452,0,0,0.0015347749
graphsage,0,40968,0,0,0.0064865584
graphsage,0,6546,1,1,0.99266547
graphsage,0,16585,0,0,0.02655126
graphsage,0,47032,1,1,0.9946021
graphsage,0,27292,0,0,0.16602789
graphsage,0,63345,1,1,0.99279845
graphsage,0,65646,1,1,0.99898547
graphsage,0,30644,1,1,0.9950865
graphsage,0,22678,1,1,0.90535223
graphsage,0,48759,1,1,0.9662002
graphsage,0,27863,1,1,0.9999423
graphsage,0,29989,1,1,0.9692533
graphsage,0,41302,0,0,0.09497455
graphsage,0,38639,0,0,0.008767208
graphsage,0,5392,0,0,0.3045374
graphsage,0,46271,0,1,0.50230676
graphsage,0,24004,0,0,0.004913093
graphsage,0,24241,0,0,0.00034201975
graphsage,0,55389,0,1,0.9290185
graphsage,0,15042,1,1,0.9545278
graphsage,0,64534,1,1,0.98859894
graphsage,0,18125,0,0,0.00052275794
graphsage,0,40927,1,1,0.9997551
graphsage,0,42128,1,0,0.18916352
graphsage,0,28524,0,0,0.0035212443
graphsage,0,35553,0,0,0.03807324
graphsage,0,56280,1,1,0.99793625
graphsage,0,71382,1,1,0.9963468
graphsage,0,14244,1,1,0.9906632
graphsage,0,13607,0,1,0.6179711
graphsage,0,30908,1,1,0.9998734
graphsage,0,17370,1,1,0.9999825
graphsage,0,32832,0,0,0.003840686
graphsage,0,16324,0,0,0.24125005
graphsage,0,47788,1,1,0.9998466
graphsage,0,23893,0,0,0.30130145
graphsage,0,27419,1,1,0.9997788
graphsage,0,22309,0,0,0.040536586
graphsage,0,58061,0,0,0.021945756
graphsage,0,27894,1,1,0.9992939
graphsage,0,68006,1,1,0.99950707
graphsage,0,32582,1,1,0.8219608
graphsage,0,51714,0,0,0.017124994
graphsage,0,63617,0,0,0.008701392
graphsage,0,5242,1,1,0.9957761
graphsage,0,57241,1,1,0.9999893
graphsage,0,69261,1,1,0.9963766
graphsage,0,40054,0,1,0.8825851
graphsage,0,47137,0,0,0.052097652
graphsage,0,26805,0,1,0.76178825
graphsage,0,42564,0,0,0.00912944
graphsage,0,64164,1,1,0.7810335
graphsage,0,5425,0,0,0.08911244
graphsage,0,34349,0,0,0.0056513674
graphsage,0,33205,1,1,0.9995832
graphsage,0,25251,0,0,0.0058827754
graphsage,0,50968,0,0,0.47666574
graphsage,0,7378,1,1,0.525549
graphsage,0,66133,1,1,0.9916918
graphsage,0,67071,1,1,0.99315625
graphsage,0,24352,0,0,0.01713115
graphsage,0,15680,1,0,0.0018098295
graphsage,0,38022,1,1,0.98533046
graphsage,0,21210,0,0,0.006764363
graphsage,0,16398,1,1,0.9916785
graphsage,0,8377,1,1,0.57448107
graphsage,0,11208,1,1,0.98160124
graphsage,0,14135,0,0,0.0056087254
graphsage,0,52175,1,0,0.09842571
graphsage,0,47161,1,1,0.8146177
graphsage,0,8578,1,1,0.9911644
graphsage,0,4562,1,1,0.9989447
graphsage,0,11018,0,0,0.0003534913
graphsage,0,17769,1,1,0.7660695
graphsage,0,35006,0,0,0.26947805
graphsage,0,29404,1,1,0.82805485
graphsage,0,13137,0,0,0.00011310941
graphsage,0,63675,0,0,0.0014096547
graphsage,0,10757,1,1,0.66669947
graphsage,0,16255,1,1,0.9999292
graphsage,0,12446,0,0,0.0009387831
graphsage,0,43205,0,0,0.00015811082
graphsage,0,52708,0,0,0.052122157
graphsage,0,63459,0,0,0.003843807
graphsage,0,15451,1,1,0.9999006
graphsage,0,33813,0,0,5.1516443e-05
graphsage,0,66616,0,0,0.0026947802
graphsage,0,7410,1,1,0.96863043
graphsage,0,56018,0,1,0.95431745
graphsage,0,19239,1,0,0.3641905
graphsage,0,71193,0,0,0.00016004783
graphsage,0,2321,0,0,0.008164194
graphsage,0,35906,1,1,0.9917182
graphsage,0,46448,1,1,0.9856107
graphsage,0,21415,0,1,0.92561007
graphsage,0,6709,1,1,0.99899536
graphsage,0,66872,0,0,0.12858292
graphsage,0,19860,0,0,0.0020538326
graphsage,0,8509,1,1,0.7703119
graphsage,0,71109,0,0,0.0023884631
graphsage,0,40212,1,0,0.26942244
graphsage,0,35738,0,0,0.19867392
graphsage,0,21300,0,0,0.00069248956
graphsage,0,29161,1,0,0.46208155
graphsage,0,41617,1,1,0.9982041
graphsage,0,51594,0,0,0.0015121765
graphsage,0,42354,1,0,0.48042285
graphsage,0,44556,1,1,0.9636408
graphsage,0,37756,1,1,0.7660695
graphsage,0,12855,0,0,0.40917048
graphsage,0,37444,0,0,0.007018113
graphsage,0,37573,1,1,0.998879
graphsage,0,46316,1,1,0.99995613
graphsage,0,37445,0,1,0.6252256
graphsage,0,23842,1,0,0.02091217
graphsage,0,19240,1,1,0.99843925
graphsage,0,52528,0,0,0.00019098374
graphsage,0,36665,0,0,0.45928508
graphsage,0,33008,1,1,0.99942493
graphsage,0,58179,0,0,0.0005831279
graphsage,0,240,1,1,0.9999496
graphsage,0,57832,1,1,0.9919288
graphsage,0,36162,1,1,0.9674283
graphsage,0,37012,1,1,0.9989434
graphsage,0,21934,0,0,0.0008386412
graphsage,0,24226,0,0,0.0019000953
graphsage,0,49260,0,0,0.006455157
graphsage,0,52953,1,1,0.999843
graphsage,0,22760,1,1,0.9997824
graphsage,0,14076,1,1,0.9971527
graphsage,0,69251,0,0,0.00039284126
graphsage,0,43689,1,1,0.93115443
graphsage,0,6844,0,0,0.00067317445
graphsage,0,45506,0,0,0.011015707
graphsage,0,47048,1,1,0.9706527
graphsage,0,50448,0,0,0.009157543
graphsage,0,62012,1,1,0.6575133
graphsage,0,23356,0,0,0.103741795
graphsage,0,44543,1,1,0.9928349
graphsage,0,7167,0,0,0.0016531652
graphsage,0,17101,0,0,0.013454458
graphsage,0,67558,0,0,0.0002699379
graphsage,0,41573,1,1,0.99389774
graphsage,0,54942,1,0,0.14409964
graphsage,0,4605,1,1,0.9860693
graphsage,0,20539,0,0,0.0139691215
graphsage,0,4221,0,1,0.520312
graphsage,0,44323,0,0,0.0054695494
graphsage,0,65599,1,1,0.98541474
graphsage,0,7568,1,1,0.98399746
graphsage,0,53552,0,0,0.010742711
graphsage,0,2692,1,1,0.99632394
graphsage,0,50723,1,1,0.70457685
graphsage,0,27842,1,0,0.15871702
graphsage,0,64653,1,1,0.9596576
graphsage,0,64829,1,1,0.99964714
graphsage,0,13279,0,0,0.0029552123
graphsage,0,22852,0,0,0.017476235
graphsage,0,36074,0,0,0.0006874016
graphsage,0,13990,0,0,0.00018149769
graphsage,0,58766,1,1,0.9998661
graphsage,0,9951,0,0,0.025140405
graphsage,0,43910,0,0,0.35250518
graphsage,0,71549,1,1,0.99246264
graphsage,0,44693,0,0,0.00070475583
graphsage,0,55561,0,1,0.9923928
graphsage,0,47740,1,1,0.6424594
graphsage,0,61292,0,0,0.020658944
graphsage,0,15439,0,0,0.051473677
graphsage,0,61238,1,1,0.5214887
graphsage,0,39767,1,1,0.9989188
graphsage,0,49294,1,1,0.75310516
graphsage,0,30819,0,0,0.0023498947
graphsage,0,65318,0,0,0.00024816362
graphsage,0,48048,0,0,0.059822623
graphsage,0,20680,1,1,0.9999428
graphsage,0,65625,1,1,0.999941
graphsage,0,14997,1,1,0.9960989
graphsage,0,29388,1,1,0.7660695
graphsage,0,16243,1,1,0.9774994
graphsage,0,43501,1,1,0.99979323
graphsage,0,60035,0,0,0.00018181327
graphsage,0,25441,1,1,0.8374463
graphsage,0,70827,1,1,0.7660695
graphsage,0,44334,1,1,0.9977041
graphsage,0,55482,0,0,0.02090718
graphsage,0,28353,1,1,0.9991714
graphsage,0,70611,1,1,0.99989045
graphsage,0,3208,0,0,0.34039825
graphsage,0,64505,1,1,0.99426126
graphsage,0,46293,0,0,0.04944083
graphsage,0,3597,1,1,0.99982893
graphsage,0,19669,0,0,0.0029480078
graphsage,0,66672,0,0,0.004784289
graphsage,0,35720,0,0,0.0042413794
graphsage,0,57803,1,1,0.9999988
graphsage,0,19129,0,0,0.0005916003
graphsage,0,51437,0,0,0.009901643
graphsage,0,4700,1,1,0.99908435
graphsage,0,61216,0,0,0.00030548405
graphsage,0,69528,1,1,0.9999757
graphsage,0,1652,0,0,3.5017743e-05
graphsage,0,55640,0,0,0.11282408
graphsage,0,26158,1,1,0.9978054
graphsage,0,55650,1,1,0.99399406
graphsage,0,64844,0,0,0.001953286
graphsage,0,14263,0,0,0.008502331
graphsage,0,37427,0,0,0.015547238
graphsage,0,61443,1,0,0.007108076
graphsage,0,69199,1,1,0.9757488
graphsage,0,53800,1,1,0.9999652
graphsage,0,68175,1,1,0.9121808
graphsage,0,69711,1,1,0.9609121
graphsage,0,39148,1,0,0.011297679
graphsage,0,13656,1,1,0.9985576
graphsage,0,71961,0,0,0.0026109845
graphsage,0,38107,0,0,0.0014149245
graphsage,0,54871,0,0,0.02868936
graphsage,0,41357,0,0,0.019737968
graphsage,0,32679,1,0,0.0870396
graphsage,0,24794,0,0,0.00014823397
graphsage,0,26742,0,0,0.0013961012
graphsage,0,45500,0,0,0.025375532
graphsage,0,66646,1,1,0.9987072
graphsage,0,18547,1,1,0.7660695
graphsage,0,26002,0,0,0.027908076
graphsage,0,40936,1,1,0.9927281
graphsage,0,42723,1,1,0.991135
graphsage,0,33883,1,1,0.96103233
graphsage,0,40627,1,1,0.9989059
graphsage,0,11507,0,0,0.0015559767
graphsage,0,40971,1,0,0.38626838
graphsage,0,6031,0,1,0.8734225
graphsage,0,35506,1,1,0.9801634
graphsage,0,39803,0,0,0.011879696
graphsage,0,56269,0,0,0.012615954
graphsage,0,65695,0,0,0.00021277452
graphsage,0,43325,1,1,0.9985587
graphsage,0,45423,0,0,0.0027712751
graphsage,0,45994,0,0,0.03397845
graphsage,0,32476,1,1,0.99563366
graphsage,0,48856,1,1,0.82733
graphsage,0,20360,0,1,0.96476173
graphsage,0,20525,1,1,0.99863523
graphsage,0,39617,0,0,0.003327312
graphsage,0,35447,0,0,0.026397724
graphsage,0,8014,1,1,0.7660695
graphsage,0,60462,0,1,0.9911101
graphsage,0,21154,1,1,0.93874013
graphsage,0,9286,1,1,0.9971879
graphsage,0,30080,1,1,0.9999602
graphsage,0,36843,1,1,0.993138
graphsage,0,39863,0,0,0.00069167494
graphsage,0,48597,1,1,0.97172797
graphsage,0,51467,1,0,0.40154296
graphsage,0,16481,1,1,0.97309023
graphsage,0,13847,0,0,0.00096125284
graphsage,0,11014,1,1,0.7878602
graphsage,0,24442,1,1,0.9998056
graphsage,0,38742,1,0,0.28297153
graphsage,0,72061,1,1,0.98699564
graphsage,0,9959,0,0,0.22906859
graphsage,0,69761,0,1,0.6847083
graphsage,0,17124,1,1,0.99844223
graphsage,0,64566,1,1,0.6396636
graphsage,0,70755,1,1,0.99999094
graphsage,0,35654,0,0,0.06903036
graphsage,0,3835,0,0,0.062012423
graphsage,0,21240,0,0,0.016506612
graphsage,0,2999,0,0,0.0035205297
graphsage,0,49528,1,1,0.95425636
graphsage,0,58445,1,1,0.9177209
graphsage,0,57199,1,1,0.9998375
graphsage,0,37105,1,1,0.9999527
graphsage,0,11066,1,1,0.5349234
graphsage,0,56728,0,0,0.0040945257
graphsage,0,15549,0,0,0.000665148
graphsage,0,33547,1,1,0.99831843
graphsage,0,57516,0,0,0.08539616
graphsage,0,17999,0,1,0.8714556
graphsage,0,47105,1,1,0.9998043
graphsage,0,71717,0,0,0.0014276174
graphsage,0,42310,0,0,0.11581354
graphsage,0,27452,1,1,0.99991786
graphsage,0,28211,1,1,0.5641789
graphsage,0,24412,0,0,0.16593967
graphsage,0,10660,1,1,0.99882406
graphsage,0,54350,1,1,0.5886882
graphsage,0,69453,0,0,0.0012643447
graphsage,0,43896,0,0,0.010690464
graphsage,0,8476,0,0,0.27040964
graphsage,0,932,1,1,0.9434622
graphsage,0,56430,0,0,1.314095e-05
graphsage,0,15337,1,1,0.99117893
graphsage,0,25168,0,0,0.0003051804
graphsage,0,60335,0,0,0.00427088
graphsage,0,63810,1,1,0.99556655
graphsage,0,38474,1,1,0.9927625
graphsage,0,21092,0,0,2.6343392e-05
graphsage,0,56471,1,1,0.999992
graphsage,0,60513,0,0,2.0481792e-05
graphsage,0,21521,0,0,0.00069641945
graphsage,0,17678,1,1,0.9000892
graphsage,0,55879,1,1,0.9984351
graphsage,0,30217,1,1,0.7067058
graphsage,0,9966,1,1,0.9980921
graphsage,0,53596,0,1,0.6080162
graphsage,0,68964,0,0,0.0058085127
graphsage,0,19964,1,1,0.9031333
graphsage,0,53353,0,0,0.0020052008
graphsage,0,1642,0,0,0.38758945
graphsage,0,32667,0,1,0.6476746
graphsage,0,2907,1,1,0.9998301
graphsage,0,36370,1,1,0.99989307
graphsage,0,28210,1,1,0.9998516
graphsage,0,12752,1,1,0.9986815
graphsage,0,4164,1,1,0.91656095
graphsage,0,652,0,1,0.50723743
graphsage,0,26506,1,1,0.9548023
graphsage,0,34099,0,0,0.00073829654
graphsage,0,60213,0,0,0.4744778
graphsage,0,41560,0,0,0.00010722444
graphsage,0,38913,1,1,0.9976432
graphsage,0,18445,1,1,0.99870956
graphsage,0,69653,1,1,0.9999114
graphsage,0,35814,1,1,0.9988569
graphsage,0,54531,1,1,0.8559548
graphsage,0,31848,0,0,0.004381544
graphsage,0,28321,1,1,0.99886656
graphsage,0,17513,1,1,0.7660695
graphsage,0,16350,1,1,0.7924657
graphsage,0,3576,0,0,0.0020757774
graphsage,0,52099,0,0,0.010722197
graphsage,0,45877,1,1,0.9995016
graphsage,0,71873,1,1,0.99435
graphsage,0,4816,1,1,0.87500113
graphsage,0,57836,1,1,0.999833
graphsage,0,34039,1,1,0.99226284
graphsage,0,55701,0,0,0.25971696
graphsage,0,39807,1,1,0.9772142
graphsage,0,47462,0,0,0.00051122595
graphsage,0,6302,1,1,0.9625617
graphsage,0,10260,1,1,0.99996936
graphsage,0,7880,1,1,0.9996666
graphsage,0,22087,1,1,0.9949649
graphsage,0,13772,1,1,0.99357986
graphsage,0,55598,1,1,0.99148613
graphsage,0,21182,1,1,0.9993494
graphsage,0,32960,1,1,0.99823064
graphsage,0,22793,1,1,0.68793386
graphsage,0,52696,1,1,0.9999385
graphsage,0,48447,1,1,0.9998796
graphsage,0,19127,1,1,0.99897265
graphsage,0,48057,1,1,0.9999162
graphsage,0,42736,0,0,0.0003883109
graphsage,0,64481,1,1,0.9932181
graphsage,0,618,0,0,0.00022570882
graphsage,0,19055,1,1,0.9974511
graphsage,0,15577,1,1,0.9996189
graphsage,0,28207,1,1,0.98208964
graphsage,0,2743,0,0,0.059467863
graphsage,0,41004,1,1,0.9971854
graphsage,0,25766,1,1,0.99950755
graphsage,0,34991,0,0,0.055810045
graphsage,0,14102,1,1,0.99311346
graphsage,0,28120,1,1,0.9994599
graphsage,0,35204,1,1,0.9978206
graphsage,0,67719,1,1,0.98882294
graphsage,0,42465,0,0,0.0010149339
graphsage,0,27806,1,1,0.991135
graphsage,0,11951,1,1,0.9999162
graphsage,0,42,1,1,0.9424589
graphsage,0,3682,0,0,0.00508595
graphsage,0,1264,0,0,0.13412616
graphsage,0,35605,1,1,0.99899536
graphsage,0,38843,1,1,0.99903166
graphsage,0,1438,1,1,0.97660905
graphsage,0,33396,0,0,0.03883753
graphsage,0,16588,1,1,0.7660695
graphsage,0,14094,0,0,0.007526956
graphsage,0,14468,1,1,0.9981832
graphsage,0,27146,1,1,0.99868697
graphsage,0,54898,1,1,0.9995883
graphsage,0,33155,0,0,0.07435953
graphsage,0,57582,1,1,0.9943357
graphsage,0,28067,0,0,0.0043043424
graphsage,0,20032,1,1,0.991168
graphsage,0,69440,1,1,0.990391
graphsage,0,54698,0,1,0.9622371
graphsage,0,66317,1,1,0.66342413
graphsage,0,38581,1,1,0.9995216
graphsage,0,4050,0,0,0.016166087
graphsage,0,25985,0,0,0.0046620658
graphsage,0,29051,1,1,0.98011476
graphsage,0,66586,0,0,0.09372986
graphsage,0,34242,1,1,0.99932444
graphsage,0,47829,0,0,9.1630194e-05
graphsage,0,4033,0,0,0.0023084923
graphsage,0,46223,0,0,0.000443816
graphsage,0,59148,0,0,2.7439017e-05
graphsage,0,26890,0,0,1.1764072e-05
graphsage,0,4138,1,0,0.49780717
graphsage,0,43674,0,0,0.0072961953
graphsage,0,21824,0,0,0.0034288578
graphsage,0,8987,1,1,0.8111919
graphsage,0,71276,0,0,9.2020826e-05
graphsage,0,10401,1,1,0.7291202
graphsage,0,59121,0,0,0.0029254118
graphsage,0,37094,1,1,0.99640465
graphsage,0,53342,1,1,0.9983613
graphsage,0,58744,1,1,0.9758907
graphsage,0,63631,1,0,0.30203095
graphsage,0,70070,1,1,0.9995771
graphsage,0,57811,1,1,0.9973023
graphsage,0,16218,0,0,0.00036626623
graphsage,0,54371,1,1,0.9992072
graphsage,0,16100,1,1,0.9994985
graphsage,0,21062,1,1,0.99946684
graphsage,0,65782,1,1,0.9207192
graphsage,0,55127,0,0,0.15947886
graphsage,0,22186,1,1,0.9666343
graphsage,0,64355,0,0,3.506446e-05
graphsage,0,41384,1,1,0.9457506
graphsage,0,53125,1,1,0.9995016
graphsage,0,34865,0,0,0.004354937
graphsage,0,47528,0,0,0.19652775
graphsage,0,41350,0,0,0.14984518
graphsage,0,51940,0,0,0.034780487
graphsage,0,57142,1,1,0.9890205
graphsage,0,67604,0,0,0.015998846
graphsage,0,62824,0,0,0.00921387
graphsage,0,42610,0,0,0.0013708365
graphsage,0,29527,0,0,0.005990285
graphsage,0,69477,1,1,0.99890673
graphsage,0,6255,0,0,0.00010295749
graphsage,0,24743,1,1,0.9961624
graphsage,0,4021,0,0,0.0013066306
graphsage,0,54115,0,0,0.00012710957
graphsage,0,58074,0,0,0.00040756987
graphsage,0,39817,0,0,0.00092787546
graphsage,0,39527,1,1,0.99932635
graphsage,0,35774,1,1,0.9828267
graphsage,0,12967,1,1,0.9504205
graphsage,0,38943,1,1,0.9981957
graphsage,0,32837,1,1,0.993399
graphsage,0,57786,1,1,0.9982261
graphsage,0,13619,0,0,0.0151128955
graphsage,0,32242,1,1,0.9998741
graphsage,0,55114,1,1,0.9999019
graphsage,0,52195,0,0,0.0036413749
graphsage,0,20507,0,0,0.00016826867
graphsage,0,27853,0,0,0.11340839
graphsage,0,26679,1,1,0.9975949
graphsage,0,20115,0,0,0.0005304795
graphsage,0,38589,1,1,0.9998771
graphsage,0,47890,0,1,0.9675772
graphsage,0,18141,0,0,0.0005517427
graphsage,0,25378,1,1,0.926806
graphsage,0,32245,0,0,0.0002157899
graphsage,0,70640,0,0,0.00044844742
graphsage,0,11717,0,0,0.0019527783
graphsage,0,12945,0,0,0.069117345
graphsage,0,67513,0,0,0.000100428115
graphsage,0,14316,0,0,0.0003232466
graphsage,0,67412,1,1,0.99672794
graphsage,0,1998,1,1,0.9964323
graphsage,0,44548,1,1,0.9943678
graphsage,0,10686,0,0,0.00071820465
graphsage,0,11134,1,1,0.9863772
graphsage,0,21463,1,1,0.9977162
graphsage,0,68192,0,0,0.0012907278
graphsage,0,47381,1,1,0.9977449
graphsage,0,65479,1,0,0.15482731
graphsage,0,70498,0,0,0.04119502
graphsage,0,38291,0,0,0.0004981839
graphsage,0,44424,0,0,0.00079038925
graphsage,0,60404,1,1,0.98858494
graphsage,0,45177,1,1,0.9978157
graphsage,0,51388,1,0,0.019404244
graphsage,0,26867,0,1,0.9892468
graphsage,0,9945,1,1,0.9949452
graphsage,0,49644,1,1,0.9331167
graphsage,0,38092,1,1,0.99778444
graphsage,0,2902,1,1,0.99982554
graphsage,0,25218,0,0,0.00041006602
graphsage,0,42406,1,1,0.9879169
graphsage,0,36201,1,1,0.9645604
graphsage,0,48459,0,0,0.23529233
graphsage,0,34847,0,0,0.00020478576
graphsage,0,21672,1,1,0.98819613
graphsage,0,44916,0,0,0.0024024586
graphsage,0,60203,0,0,0.00016158
graphsage,0,37403,1,1,0.97663707
graphsage,0,58524,1,1,0.9974717
graphsage,0,36753,0,0,8.5470296e-05
graphsage,0,24267,1,1,0.9998758
graphsage,0,7937,0,1,0.7023903
graphsage,0,65743,0,0,0.0008360481
graphsage,0,70824,1,1,0.99960417
graphsage,0,33983,0,0,0.0034412304
graphsage,0,11840,1,1,0.9999387
graphsage,0,10789,1,1,0.99983644
graphsage,0,11928,0,0,0.23489746
graphsage,0,58717,1,1,0.74330604
graphsage,0,59603,1,1,0.9992186
graphsage,0,18732,1,1,0.99879813
graphsage,0,44594,0,0,0.23197094
graphsage,0,52919,0,0,0.018694382
graphsage,0,2102,0,1,0.85671943
graphsage,0,6380,0,0,0.3766701
graphsage,0,63559,1,0,0.49294898
graphsage,0,54778,1,0,0.44761267
graphsage,0,6301,0,0,0.0007452729
graphsage,0,10929,1,1,0.9999893
graphsage,0,59186,0,0,0.10942215
graphsage,0,44805,0,1,0.9578438
graphsage,0,45556,1,1,0.94318485
graphsage,0,4110,0,1,0.7582378
graphsage,0,66559,0,0,0.03418304
graphsage,0,1554,0,0,0.0007662406
graphsage,0,68633,0,0,0.00093813613
graphsage,0,3391,0,0,0.08563666
graphsage,0,12328,1,1,0.9996977
graphsage,0,57182,0,1,0.9159659
graphsage,0,53229,0,0,0.02040537
graphsage,0,61438,0,0,0.027870066
graphsage,0,22141,1,1,0.89092374
graphsage,0,15483,0,0,0.0050677992
graphsage,0,20565,0,0,8.8269135e-06
graphsage,0,27831,0,0,2.3331655e-05
graphsage,0,57964,1,1,0.9859169
graphsage,0,46916,0,0,0.14140625
graphsage,0,9591,1,1,0.9984829
graphsage,0,39116,1,1,0.75986564
graphsage,0,44331,1,0,0.017386945
graphsage,0,22353,1,1,0.9995963
graphsage,0,1230,0,0,0.0014206737
graphsage,0,16170,0,0,0.0012085865
graphsage,0,46499,1,0,0.18696992
graphsage,0,44125,0,0,0.012678485
graphsage,0,42824,1,1,0.99649197
graphsage,0,13795,1,1,0.9981159
graphsage,0,47918,1,0,0.13414818
graphsage,0,44698,0,0,0.005571214
graphsage,0,12799,1,1,0.9841085
graphsage,0,28387,0,0,7.85414e-05
graphsage,0,49975,1,1,0.9964849
graphsage,0,28249,0,0,0.102080576
graphsage,0,33675,1,1,0.7415025
graphsage,0,32762,1,1,0.9997948
graphsage,0,46578,0,0,0.0020577936
graphsage,0,40384,1,1,0.9797647
graphsage,0,69671,0,0,0.00037501112
graphsage,0,55518,0,0,0.00021797317
graphsage,0,34294,1,0,0.2803619
graphsage,0,22715,0,0,1.583178e-05
graphsage,0,15167,1,1,0.99735105
graphsage,0,72036,1,1,0.9998957
graphsage,0,6057,0,0,5.2605952e-05
graphsage,0,14541,1,1,0.9996902
graphsage,0,23514,0,1,0.83277225
graphsage,0,4952,1,1,0.5516152
graphsage,0,37793,1,1,0.88635844
graphsage,0,17610,0,0,0.0004123969
graphsage,0,35116,1,1,0.6268635
graphsage,0,439,0,0,0.0011452717
graphsage,0,62783,1,1,0.948179
graphsage,0,63051,0,1,0.85430545
graphsage,0,42540,0,0,0.0010138139
graphsage,0,12354,0,0,0.17484538
graphsage,0,37811,1,1,0.75696903
graphsage,0,57650,0,0,0.0009690611
graphsage,0,37350,0,0,0.01773202
graphsage,0,62848,0,0,0.30145857
graphsage,0,70937,0,0,0.44472048
graphsage,0,10958,1,1,0.99993336
graphsage,0,62164,1,1,0.9762858
graphsage,0,58188,0,0,0.0011773772
graphsage,0,11482,0,0,0.00031517778
graphsage,0,13778,1,1,0.94874364
graphsage,0,6438,1,1,0.66422504
graphsage,0,63946,1,1,0.9840465
graphsage,0,53700,0,0,0.19577938
graphsage,0,48181,0,0,0.46640128
graphsage,0,31601,1,1,0.9891332
graphsage,0,64053,0,0,0.0014168737
graphsage,0,59002,0,0,0.06394796
graphsage,0,11622,1,1,0.9387422
graphsage,0,13380,0,0,0.0076907654
graphsage,0,70380,1,1,0.99223495
graphsage,0,56621,1,1,0.9953206
graphsage,0,14717,0,0,0.004257347
graphsage,0,32255,1,1,0.6495767
graphsage,0,41549,0,0,0.0122116525
graphsage,0,54726,0,0,0.29688153
graphsage,0,67869,0,0,0.00023884598
graphsage,0,56460,0,0,0.00017769447
graphsage,0,6010,0,0,2.9438634e-05
graphsage,0,52369,1,1,0.9992994
graphsage,0,21768,1,1,0.9997819
graphsage,0,21070,1,1,0.98578876
graphsage,0,55711,0,0,0.039039474
graphsage,0,16724,0,0,0.003725358
graphsage,0,51728,0,0,0.011140158
graphsage,0,38357,0,0,0.08028433
graphsage,0,24310,1,1,0.9981061
graphsage,0,23262,1,1,0.9964226
graphsage,0,14249,0,0,0.086104065
graphsage,0,1121,1,1,0.9990854
graphsage,0,24393,1,1,0.9990895
graphsage,0,6521,0,0,0.017818436
graphsage,0,51056,1,1,0.9947162
graphsage,0,33286,1,0,0.35125902
graphsage,0,42658,0,0,0.0027680013
graphsage,0,12896,0,0,9.880087e-05
graphsage,0,59036,1,1,0.99980253
graphsage,0,4910,1,1,0.9997453
graphsage,0,47591,0,0,0.027680272
graphsage,0,28554,0,0,0.0005365274
graphsage,0,67968,0,0,0.0014497491
graphsage,0,62686,1,1,0.9998745
graphsage,0,22615,0,0,0.29071262
graphsage,0,39132,0,0,0.00092855416
graphsage,0,10016,0,0,0.00013813694
graphsage,0,19428,0,0,0.09679547
graphsage,0,52186,1,1,0.95224595
graphsage,0,24316,1,1,0.99816495
graphsage,0,6442,0,0,0.0001489387
graphsage,0,31571,0,0,0.03742825
graphsage,0,7004,0,0,0.009456242
graphsage,0,53946,0,0,0.0026694515
graphsage,0,58548,0,0,0.0054203225
graphsage,0,61529,1,1,0.9228485
graphsage,0,71917,0,0,0.0015846157
graphsage,0,1978,0,0,0.05196573
graphsage,0,44945,0,0,0.09762035
graphsage,0,44928,1,1,0.9181407
graphsage,0,27686,0,0,0.005677346
graphsage,0,49655,1,1,0.9813782
graphsage,0,23281,0,0,0.0042268843
graphsage,0,57226,0,0,0.03238938
graphsage,0,32542,0,0,3.0206882e-05
graphsage,0,49102,0,0,0.00029047334
graphsage,0,30398,1,1,0.9991794
graphsage,0,28738,0,0,0.0077944263
graphsage,0,43901,1,1,0.9995443
graphsage,0,29266,1,1,0.96750766
graphsage,0,60096,1,1,0.9953881
graphsage,0,68607,1,1,0.9983542
graphsage,0,8909,1,1,0.9990532
graphsage,0,56561,1,1,0.9999124
graphsage,0,11603,1,0,0.3319916
graphsage,0,58296,1,1,0.9992705
graphsage,0,14327,0,0,0.0071923165
graphsage,0,25569,1,1,0.9854521
graphsage,0,32345,0,0,0.0023972418
graphsage,0,52632,0,0,0.0035653792
graphsage,0,12942,0,1,0.99853516
graphsage,0,11993,0,0,0.00089121284
graphsage,0,49561,0,0,0.27152148
graphsage,0,22462,0,0,0.001983334
graphsage,0,47357,0,1,0.93515575
graphsage,0,29797,0,0,0.014164002
graphsage,0,61156,0,0,0.45172507
graphsage,0,11764,0,0,0.0061787697
graphsage,0,2421,0,0,0.0030279858
graphsage,0,67859,1,1,0.6813187
graphsage,0,31761,0,0,0.039837565
graphsage,0,33758,1,0,0.13979678
graphsage,0,60407,0,0,0.011011954
graphsage,0,16212,0,0,0.012100814
graphsage,0,30188,0,0,0.07901012
graphsage,0,39385,0,0,0.0008659801
graphsage,0,38670,1,1,0.7231823
graphsage,0,61765,0,0,0.0013923176
graphsage,0,11384,1,1,0.9966265
graphsage,0,67189,0,0,0.102343746
graphsage,0,10724,0,0,0.0015820242
graphsage,0,66260,0,0,0.0021136184
graphsage,0,19334,1,1,0.9832454
graphsage,0,27695,0,0,0.0009314824
graphsage,0,32673,1,1,0.5322053
graphsage,0,45974,0,0,0.0016465206
graphsage,0,16953,1,1,0.93703276
graphsage,0,64218,0,1,0.9704301
graphsage,0,12692,1,1,0.97223896
graphsage,0,60964,0,0,0.0007211228
graphsage,0,44525,1,0,0.13749427
graphsage,0,38385,0,1,0.6007438
graphsage,0,19917,0,0,0.0014263836
graphsage,0,56727,0,0,0.13282655
graphsage,0,8728,1,1,0.99994695
graphsage,0,11803,0,0,0.0002786397
graphsage,0,21135,0,0,0.001865663
graphsage,0,45379,0,0,4.868514e-05
graphsage,0,17827,0,0,2.3378296e-05
graphsage,0,2912,1,1,0.99980205
graphsage,0,4240,1,0,0.001055469
graphsage,0,27652,1,1,0.9986854
graphsage,0,32411,1,1,0.86218894
graphsage,0,37637,1,1,0.94061965
graphsage,0,29170,1,1,0.9996778
graphsage,0,4713,1,1,0.9875367
graphsage,0,30513,0,0,0.00079051533
graphsage,0,22035,0,0,0.04155635
graphsage,0,64858,0,0,0.06643384
graphsage,0,6484,1,1,0.9289424
graphsage,0,41547,0,0,0.02062979
graphsage,0,10820,1,1,0.98731005
graphsage,0,21988,1,1,0.9995436
graphsage,0,60577,0,0,0.037540056
graphsage,0,61347,1,1,0.99804914
graphsage,0,12174,0,0,0.00060242356
graphsage,0,57817,0,0,0.19215703
graphsage,0,2092,1,1,0.95888853
graphsage,0,35073,0,0,0.008444042
graphsage,0,38466,1,1,0.7490492
graphsage,0,2181,1,0,0.026852403
graphsage,0,35525,1,1,0.99974364
graphsage,0,65614,1,1,0.9992021
graphsage,0,71729,0,0,0.020670066
graphsage,0,57701,0,0,6.21283e-05
graphsage,0,326,1,1,0.9997776
graphsage,0,49288,1,1,0.9618141
graphsage,0,33923,1,1,0.99021226
graphsage,0,48723,1,0,0.40850735
graphsage,0,18763,0,0,0.0005067661
graphsage,0,65001,0,0,0.0005102047
graphsage,0,53028,0,0,7.604074e-05
graphsage,0,17681,0,0,0.0016970048
graphsage,0,47662,1,1,0.97862566
graphsage,0,8764,1,0,0.1466802
graphsage,0,47311,0,0,0.007783106
graphsage,0,55770,1,1,0.9941155
graphsage,0,29165,0,0,0.3379375
graphsage,0,48905,0,0,0.00022395169
graphsage,0,18595,1,1,0.99976903
graphsage,0,44139,0,0,0.00045364257
graphsage,0,54684,0,0,0.0013758235
graphsage,0,61289,0,0,0.0011375293
graphsage,0,25490,1,1,0.99787295
graphsage,0,35860,1,1,0.8613866
graphsage,0,34076,0,1,0.9963242
graphsage,0,16741,0,0,0.1023132
graphsage,0,70965,1,1,0.9993492
graphsage,0,34912,0,0,0.21126474
graphsage,0,40652,0,0,1.21418525e-05
graphsage,0,62834,1,1,0.9865241
graphsage,0,38206,1,1,0.999474
graphsage,0,20076,1,1,0.998922
graphsage,0,29549,1,1,0.9881876
graphsage,0,51324,1,1,0.99987376
graphsage,0,52727,0,0,0.037883036
graphsage,0,29281,1,1,0.64781237
graphsage,0,24540,1,1,0.9986376
graphsage,0,27118,0,0,3.4794215e-05
graphsage,0,2162,0,0,0.0019262267
graphsage,0,54813,0,0,0.0006178369
graphsage,0,2516,1,1,0.99134254
graphsage,0,8238,1,1,0.99954885
graphsage,0,29414,0,0,0.00095361896
graphsage,0,24744,1,1,0.99644935
graphsage,0,53103,1,1,0.97325677
graphsage,0,4557,1,1,0.9990476
graphsage,0,30963,1,1,0.99978226
graphsage,0,68329,1,1,0.9934674
graphsage,0,19363,1,1,0.9989743
graphsage,0,46995,0,0,0.00015783458
graphsage,0,34715,1,1,0.99830866
graphsage,0,2547,1,0,0.33768752
graphsage,0,45354,0,0,0.007282845
graphsage,0,27183,0,0,0.0030633265
graphsage,0,63354,1,1,0.9991153
graphsage,0,9540,0,0,0.024177654
graphsage,0,63171,0,0,0.030537225
graphsage,0,8110,1,1,0.8786746
graphsage,0,15183,1,1,0.98184067
graphsage,0,27816,0,0,0.006420387
graphsage,0,57724,1,1,0.76100326
graphsage,0,50323,1,1,0.73664594
graphsage,0,19335,0,0,0.15722758
graphsage,0,3782,0,0,0.0008780387
graphsage,0,21660,1,1,0.99940515
graphsage,0,33667,0,0,0.0023748588
graphsage,0,2671,1,1,0.99863523
graphsage,0,21690,1,1,0.9997631
graphsage,0,49932,0,0,0.036760516
graphsage,0,36263,1,0,0.41952556
graphsage,0,30458,1,1,0.99500316
graphsage,0,65006,1,1,0.99360377
graphsage,0,10871,1,0,0.19820975
graphsage,0,38284,0,0,0.00032563167
graphsage,0,63542,1,1,0.97560704
graphsage,0,45584,0,0,0.05867534
graphsage,0,22386,1,0,0.00096564926
graphsage,0,28807,0,0,0.00021545684
graphsage,0,7143,1,1,0.9998734
graphsage,0,51812,1,1,0.9981218
graphsage,0,60284,1,1,0.9964252
graphsage,0,31763,0,0,0.002067845
graphsage,0,30078,1,1,0.98273575
graphsage,0,43200,0,0,0.00089854497
graphsage,0,6816,0,0,0.054377068
graphsage,0,60470,0,0,0.0014758699
graphsage,0,46662,0,0,0.0009364229
graphsage,0,30892,1,1,0.99612325
graphsage,0,38883,1,1,0.814747
graphsage,0,69025,1,1,0.9726828
graphsage,0,23517,1,1,0.95168865
graphsage,0,58175,0,0,0.0038717717
graphsage,0,874,0,1,0.7459454
graphsage,0,47998,1,1,0.9998375
graphsage,0,58118,1,0,0.43364722
graphsage,0,29117,0,0,0.09345703
graphsage,0,59386,1,1,0.9995011
graphsage,0,59530,0,0,0.0027306029
graphsage,0,46711,1,1,0.9998692
graphsage,0,36468,0,0,0.0050331163
graphsage,0,12091,1,1,0.991553
graphsage,0,39706,1,1,0.99615365
graphsage,0,31081,1,1,0.7660695
graphsage,0,52028,0,0,0.00040268272
graphsage,0,15436,1,1,0.9963973
graphsage,0,28415,1,1,0.9999069
graphsage,0,23715,1,1,0.993624
graphsage,0,60120,0,0,0.006323478
graphsage,0,48201,0,1,0.94638103
graphsage,0,66881,1,1,0.9991153
graphsage,0,33425,1,1,0.99683005
graphsage,0,41906,1,1,0.98175377
graphsage,0,37925,1,0,0.43755016
graphsage,0,63778,0,0,0.031316906
graphsage,0,8264,0,0,0.0022522695
graphsage,0,56412,1,1,0.9739716
graphsage,0,45720,0,0,9.39039e-05
graphsage,0,26017,1,1,0.78925294
graphsage,0,13027,0,0,0.0014310599
graphsage,0,67714,1,1,0.9277178
graphsage,0,16320,1,1,0.9984074
graphsage,0,35935,0,0,0.00096450624
graphsage,0,39693,1,1,0.9953963
graphsage,0,25415,0,0,0.008844453
graphsage,0,64503,0,0,0.026336247
graphsage,0,48146,0,0,2.1874908e-05
graphsage,0,12358,1,1,0.9999881
graphsage,0,49363,0,0,0.0020910825
graphsage,0,50516,0,0,0.33118686
graphsage,0,8925,1,1,0.99998534
graphsage,0,3414,0,0,0.034650773
graphsage,0,60969,1,1,0.9759877
graphsage,0,36381,0,0,0.009723443
graphsage,0,24342,1,1,0.8601055
graphsage,0,41361,0,0,0.0005288992
graphsage,0,49900,0,0,0.22061452
graphsage,0,43152,0,0,0.00511668
graphsage,0,26988,1,1,0.9220046
graphsage,0,68118,1,1,0.8500789
graphsage,0,30736,1,1,0.86387604
graphsage,0,35369,1,1,0.99738044
graphsage,0,39682,0,0,0.015499797
graphsage,0,55304,1,1,0.99567837
graphsage,0,47982,1,1,0.92895824
graphsage,0,6115,0,0,0.004235415
graphsage,0,48892,1,1,0.99999547
graphsage,0,31058,1,1,0.9986802
graphsage,0,54317,0,0,0.0022730173
graphsage,0,58193,0,0,0.015558095
graphsage,0,51315,0,0,0.02051736
graphsage,0,8063,0,0,0.2705551
graphsage,0,8632,1,1,0.7660695
graphsage,0,45763,0,1,0.99084574
graphsage,0,52029,0,0,0.004631547
graphsage,0,71447,1,1,0.9935266
graphsage,0,5914,1,1,0.99722964
graphsage,0,33506,1,1,0.9814555
graphsage,0,52221,1,1,0.9938355
graphsage,0,12827,1,1,0.9925729
graphsage,0,5945,0,0,0.0020951938
graphsage,0,35624,1,1,0.995789
graphsage,0,42655,0,0,0.0005101918
graphsage,0,20998,0,0,0.00034036313
graphsage,0,15456,1,0,0.112992935
graphsage,0,7916,0,0,0.0027175935
graphsage,0,59334,1,1,0.85462165
graphsage,0,35540,1,1,0.99955994
graphsage,0,37231,1,1,0.9980977
graphsage,0,10307,0,0,0.2619318
graphsage,0,59505,0,0,0.0046781576
graphsage,0,60321,0,1,0.9108134
graphsage,0,53775,0,0,0.020174699
graphsage,0,67402,0,0,0.018900882
graphsage,0,45229,0,0,0.032389402
graphsage,0,17174,0,0,0.011952238
graphsage,0,6189,1,1,0.969713
graphsage,0,64639,1,1,0.86498964
graphsage,0,17046,0,0,0.0020190543
graphsage,0,14641,0,0,0.014136768
graphsage,0,62911,1,1,0.9759729
graphsage,0,42434,0,0,0.007905287
graphsage,0,36012,0,0,0.0003275075
graphsage,0,52580,1,1,0.99899536
graphsage,0,15479,0,0,0.0052501475
graphsage,0,57842,1,1,0.9980369
graphsage,0,47384,0,1,0.53426373
graphsage,0,52867,0,0,0.00083137926
graphsage,0,50956,1,1,0.9896193
graphsage,0,9590,1,1,0.9998135
graphsage,0,23300,0,0,0.23488492
graphsage,0,55153,1,1,0.97747654
graphsage,0,28586,0,0,0.0071545737
graphsage,0,71066,1,1,0.9880882
graphsage,0,7157,1,1,0.99947304
graphsage,0,37544,1,1,0.64859676
graphsage,0,48090,0,0,0.0009825348
graphsage,0,37415,0,0,0.056122947
graphsage,0,71363,1,1,0.98639035
graphsage,0,11518,0,0,0.025658378
graphsage,0,47605,0,0,0.0035526222
graphsage,0,34966,1,1,0.9991404
graphsage,0,33656,1,1,0.99975544
graphsage,0,4806,0,0,3.1806537e-06
graphsage,0,12935,1,1,0.99467105
graphsage,0,20352,0,0,0.00025678377
graphsage,0,46330,0,0,0.00013296634
graphsage,0,16994,0,0,0.28556886
graphsage,0,12632,0,0,0.0015984952
graphsage,0,46136,0,0,0.0015868789
graphsage,0,13292,1,0,0.2993353
graphsage,0,47631,1,1,0.97283787
graphsage,0,69603,0,0,0.00013950061
graphsage,0,18986,0,0,0.037715912
graphsage,0,24370,1,1,0.92270416
graphsage,0,15169,0,0,0.00028234103
graphsage,0,5395,0,0,0.0045681694
graphsage,0,60383,1,1,0.9507037
graphsage,0,53464,1,1,0.9918174
graphsage,0,1197,0,0,0.016660897
graphsage,0,8414,0,0,0.049707927
graphsage,0,620,1,1,0.94212836
graphsage,0,39196,0,0,0.0035657298
graphsage,0,70028,1,0,0.25355375
graphsage,0,49370,0,0,0.077729374
graphsage,0,16948,0,1,0.52357346
graphsage,0,15381,0,0,0.19974923
graphsage,0,39599,0,0,0.048458237
graphsage,0,61885,0,1,0.7478155
graphsage,0,3478,0,0,8.770133e-06
graphsage,0,51600,0,0,0.009237048
graphsage,0,60678,1,1,0.7660695
graphsage,0,42569,0,0,0.0006155053
graphsage,0,35713,0,0,0.14492182
graphsage,0,53644,0,0,0.0019544668
graphsage,0,46695,0,0,0.47082984
graphsage,0,22147,0,0,2.4419554e-05
graphsage,0,4096,1,1,0.7323375
graphsage,0,46824,0,0,0.21147378
graphsage,0,21169,0,0,0.0013881106
graphsage,0,62420,0,0,0.040761154
graphsage,0,16347,0,0,0.0012791795
graphsage,0,25624,1,1,0.9805847
graphsage,0,70541,1,1,0.75806946
graphsage,0,17750,1,1,0.9303809
graphsage,0,65059,0,0,0.002021274
graphsage,0,20474,0,0,0.058258515
graphsage,0,29804,1,0,0.4833047
graphsage,0,1431,0,0,0.00075949257
graphsage,0,3440,0,0,0.0039460454
graphsage,0,17326,1,1,0.9984706
graphsage,0,57400,0,0,0.025971286
graphsage,0,16838,0,0,0.006025506
graphsage,0,34134,0,0,0.006374443
graphsage,0,48600,0,0,0.11173182
graphsage,0,16409,0,0,0.24788411
graphsage,0,41723,1,1,0.999928
graphsage,0,66658,0,0,0.0062026414
graphsage,0,45459,0,0,0.016827524
graphsage,0,39919,1,1,0.99983156
graphsage,0,27363,1,1,0.998896
graphsage,0,4185,0,0,0.46233225
graphsage,0,62258,0,1,0.76984537
graphsage,0,34042,0,0,1.7043852e-05
graphsage,0,35055,0,0,0.00074747426
graphsage,0,59941,0,0,0.00021928728
graphsage,0,10620,0,1,0.6753122
graphsage,0,49358,0,0,0.00047105583
graphsage,0,65130,1,0,0.441815
graphsage,0,14542,1,1,0.992735
graphsage,0,22486,0,0,0.028076135
graphsage,0,23787,0,0,0.0011581327
graphsage,0,43211,0,1,0.8301248
graphsage,0,54642,0,0,0.005899614
graphsage,0,23267,1,1,0.9998642
graphsage,0,55537,1,1,0.9991153
graphsage,0,24072,1,1,0.9366233
graphsage,0,55876,0,0,0.018190479
graphsage,0,23779,1,1,0.9989324
graphsage,0,59392,1,1,0.9999186
graphsage,0,32997,1,1,0.998899
graphsage,0,49229,1,1,0.97156346
graphsage,0,69954,1,1,0.9994068
graphsage,0,38289,0,0,0.013786686
graphsage,0,17706,0,0,0.060573414
graphsage,0,40816,1,1,0.998978
graphsage,0,33493,0,0,0.0010936861
graphsage,0,69949,0,0,0.017409746
graphsage,0,22085,0,0,0.023128815
graphsage,0,21657,1,1,0.99965036
graphsage,0,48458,0,0,0.0041163475
graphsage,0,49392,0,0,0.0048060794
graphsage,0,7442,1,1,0.9996269
graphsage,0,65834,0,0,0.011948307
graphsage,0,61074,0,0,0.0045385393
graphsage,0,69754,1,1,0.99994147
graphsage,0,68258,1,1,0.9991097
graphsage,0,56633,0,0,0.007722793
graphsage,0,9899,0,0,0.00066949305
graphsage,0,58637,1,0,0.15466228
graphsage,0,50219,0,0,0.0017229033
graphsage,0,61932,1,1,0.9995963
graphsage,0,20481,0,0,0.019128835
graphsage,0,19835,1,1,0.9993954
graphsage,0,25076,1,1,0.94333994
graphsage,0,50172,1,1,0.7660695
graphsage,0,71520,0,0,1.9963794e-05
graphsage,0,21007,0,0,0.0008712207
graphsage,0,34189,1,1,0.99884856
graphsage,0,46879,1,1,0.99968505
graphsage,0,64306,0,0,0.0002917125
graphsage,0,2307,0,0,0.00047127277
graphsage,0,22896,0,0,0.020294324
graphsage,0,41513,0,0,4.7582987e-05
graphsage,0,24859,0,0,1.5508716e-05
graphsage,0,1801,0,0,0.0023746665
graphsage,0,56715,1,1,0.9998425
graphsage,0,47235,1,1,0.9949986
graphsage,0,66977,1,1,0.7660695
graphsage,0,2426,0,0,0.004423623
graphsage,0,68760,1,1,0.9998404
graphsage,0,48560,1,1,0.9917624
graphsage,0,71204,1,1,0.9998983
graphsage,0,35052,1,1,0.9794866
graphsage,0,65578,0,0,0.0022353237
graphsage,0,13735,0,0,5.954675e-05
graphsage,0,33817,0,0,0.049313042
graphsage,0,7740,1,1,0.9999919
graphsage,0,40231,0,0,0.012772121
graphsage,0,2055,1,1,0.98998463
graphsage,0,41509,0,0,0.0021637506
graphsage,0,67878,0,0,0.0013273478
graphsage,0,35179,0,1,0.72917473
graphsage,0,22360,1,1,0.99666256
graphsage,0,58098,1,1,0.99935263
graphsage,0,55400,0,1,0.9230307
graphsage,0,54043,1,1,0.9935754
graphsage,0,63711,1,1,0.9972517
graphsage,0,66653,1,1,0.97510713
graphsage,0,31258,1,1,0.99955696
graphsage,0,16688,0,0,0.00028920526
graphsage,0,5531,1,1,0.9975413
graphsage,0,62531,0,0,0.008637635
graphsage,0,20729,1,0,0.097769275
graphsage,0,40592,1,1,0.99963546
graphsage,0,13831,0,0,0.00048331992
graphsage,0,30923,1,1,0.747839
graphsage,0,28752,0,0,0.020435095
graphsage,0,36362,1,1,0.9997459
graphsage,0,25633,0,0,0.01099211
graphsage,0,18801,1,1,0.9997142
graphsage,0,38116,0,0,0.00060548825
graphsage,0,50494,0,0,4.0609135e-05
graphsage,0,49684,0,1,0.7957913
graphsage,0,23255,1,1,0.99161524
graphsage,0,7385,1,1,0.98086274
graphsage,0,5481,1,1,0.9858124
graphsage,0,34146,0,0,0.4097636
graphsage,0,23184,1,1,0.9998553
graphsage,0,64353,1,1,0.97109544
graphsage,0,69641,1,1,0.95616853
graphsage,0,24798,0,0,0.00031393356
graphsage,0,25362,1,1,0.9982135
graphsage,0,46104,1,0,0.39037248
graphsage,0,70599,0,0,0.23847431
graphsage,0,416,1,1,0.99975306
graphsage,0,66776,1,1,0.9999869
graphsage,0,18406,1,1,0.9632974
graphsage,0,9932,1,1,0.785806
graphsage,0,24619,0,0,0.006436324
graphsage,0,44612,0,0,0.008530131
graphsage,0,11011,1,1,0.97282696
graphsage,0,17731,0,0,0.00037270907
graphsage,0,24096,1,1,0.9986933
graphsage,0,18360,1,1,0.9867098
graphsage,0,35788,1,1,0.99993634
graphsage,0,58182,1,1,0.99991846
graphsage,0,59299,1,1,0.93149626
graphsage,0,34555,1,1,0.9772127
graphsage,0,14052,1,1,0.999408
graphsage,0,2322,0,0,0.001418289
graphsage,0,46135,0,0,0.000980062
graphsage,0,15047,0,0,0.009830361
graphsage,0,54405,1,1,0.98001903
graphsage,0,7852,1,1,0.87563366
graphsage,0,413,1,1,0.9996929
graphsage,0,62759,0,0,9.8232704e-05
graphsage,0,38053,0,0,0.00020284225
graphsage,0,48991,0,0,0.40243676
graphsage,0,24723,1,0,0.29271862
graphsage,0,34465,1,1,0.99967873
graphsage,0,33069,0,0,0.017650994
graphsage,0,63020,1,1,0.96327245
graphsage,0,33919,1,1,0.97316915
graphsage,0,38237,1,1,0.8559548
graphsage,0,57070,1,1,0.9999652
graphsage,0,35064,1,1,0.9999448
graphsage,0,60257,1,0,0.18733387
graphsage,0,36528,1,1,0.91068804
graphsage,0,12538,0,0,0.0047937133
graphsage,0,25351,0,1,0.78927505
graphsage,0,6106,1,1,0.9997329
graphsage,0,48628,1,1,0.9997527
graphsage,0,32193,1,1,0.9998017
graphsage,0,1889,1,1,0.8283142
graphsage,0,60098,1,1,0.9999201
graphsage,0,33488,0,0,0.009572437
graphsage,0,30054,0,0,0.00018901883
graphsage,0,18123,1,1,0.97869325
graphsage,0,32195,1,1,0.99993014
graphsage,0,18361,0,0,0.0058790725
graphsage,0,24788,1,1,0.9997012
graphsage,0,54727,0,0,0.0025539524
graphsage,0,46598,1,1,0.8079459
graphsage,0,3329,1,1,0.9694872
graphsage,0,62141,0,0,0.0020754337
graphsage,0,35993,0,0,0.0026680646
graphsage,0,2703,0,0,0.34442523
graphsage,0,28570,1,1,0.99956554
graphsage,0,16620,1,1,0.99293995
graphsage,0,4062,0,0,0.011458055
graphsage,0,41714,1,1,0.93467206
graphsage,0,38812,0,0,0.0036911343
graphsage,0,57616,0,1,0.5724211
graphsage,0,20802,1,1,0.9999728
graphsage,0,68218,0,0,0.009982586
graphsage,0,66868,0,0,0.008655475
graphsage,0,26422,0,0,0.46752405
graphsage,0,59369,1,1,0.59725094
graphsage,0,13452,1,1,0.85806936
graphsage,0,22848,1,1,0.8479629
graphsage,0,967,1,1,0.99998295
graphsage,0,25020,1,1,0.9999783
graphsage,0,34123,1,1,0.9635483
graphsage,0,53206,0,0,0.009349056
graphsage,0,35212,1,1,0.9950906
graphsage,0,26780,1,0,0.47205347
graphsage,0,47207,0,0,0.037899606
graphsage,0,15028,1,1,0.9510997
graphsage,0,62626,0,0,0.00019110652
graphsage,0,60160,1,0,0.1000719
graphsage,0,70550,1,1,0.95921713
graphsage,0,9931,0,0,0.018684201
graphsage,0,19288,1,1,0.99998844
graphsage,0,23320,0,0,0.00036079186
graphsage,0,2812,1,1,0.9878628
graphsage,0,7962,1,1,0.99672794
graphsage,0,29190,1,1,0.88574487
graphsage,0,64989,1,1,0.8677126
graphsage,0,52924,0,0,0.0033255557
graphsage,0,53401,0,0,0.037130997
graphsage,0,54679,1,1,0.9991641
graphsage,0,18903,1,1,0.9704103
graphsage,0,3901,1,1,0.9961462
graphsage,0,59029,0,0,0.0026576563
graphsage,0,37882,0,0,0.028895408
graphsage,0,70439,0,0,0.0033138823
graphsage,0,21026,1,1,0.9718257
graphsage,0,46342,1,1,0.99997056
graphsage,0,16576,0,0,0.00084803184
graphsage,0,65839,0,0,0.08967122
graphsage,0,55744,1,1,0.9998294
graphsage,0,39449,0,0,3.940484e-05
graphsage,0,48330,1,1,0.9569653
graphsage,0,64026,0,0,0.0037183687
graphsage,0,54504,0,1,0.8213367
graphsage,0,55018,1,1,0.82472104
graphsage,0,11390,1,1,0.9999871
graphsage,0,57312,1,1,0.99995244
graphsage,0,55804,1,1,0.9993119
graphsage,0,23913,0,1,0.5562306
graphsage,0,24268,0,0,0.00054693397
graphsage,0,1391,0,0,0.05387253
graphsage,0,66900,0,0,0.0071901386
graphsage,0,49704,0,1,0.99530137
graphsage,0,6825,1,1,0.9999263
graphsage,0,68274,1,1,0.95560527
graphsage,0,40619,0,0,0.0030081244
graphsage,0,31748,1,1,0.9999479
graphsage,0,36872,0,0,0.0027168943
graphsage,0,34487,0,0,0.016823037
graphsage,0,60527,1,1,0.70108044
graphsage,0,18221,0,0,0.00016318251
graphsage,0,48823,1,1,0.99526584
graphsage,0,39827,0,0,8.6299435e-05
graphsage,0,19497,1,1,0.9997242
graphsage,0,21089,0,0,0.0043760627
graphsage,0,14565,1,1,0.99526936
graphsage,0,279,0,0,0.010656471
graphsage,0,6130,1,0,0.46460986
graphsage,0,68751,1,1,0.99952877
graphsage,0,55738,0,0,0.11517613
graphsage,0,22,1,1,0.9959766
graphsage,0,4976,1,1,0.9943145
graphsage,0,57901,0,0,0.00138307
graphsage,0,53741,1,1,0.9999471
graphsage,0,50362,1,1,0.997898
graphsage,0,64745,0,0,0.11942261
graphsage,0,14880,0,0,0.010086429
graphsage,0,44328,1,1,0.9999629
graphsage,0,22110,1,1,0.9997851
graphsage,0,57915,1,1,0.99915946
graphsage,0,28656,1,1,0.998099
graphsage,0,41077,1,0,0.040153578
graphsage,0,33764,0,0,0.0039953967
graphsage,0,52496,1,1,0.9928396
graphsage,0,30455,0,0,0.02834997
graphsage,0,27880,1,1,0.95994717
graphsage,0,50647,1,1,0.98214644
graphsage,0,38506,1,1,0.9991153
graphsage,0,55248,0,0,0.0012692834
graphsage,0,6437,0,0,0.06565447
graphsage,0,40,1,1,0.999613
graphsage,0,8056,0,0,0.0016786515
graphsage,0,49995,0,0,0.0004325352
graphsage,0,50622,1,1,0.6049976
graphsage,0,54319,0,1,0.83008456
graphsage,0,56882,1,1,0.9999652
graphsage,0,45411,0,0,0.0007621976
graphsage,0,10894,1,1,0.9750704
graphsage,0,66599,0,0,0.0003272082
graphsage,0,7498,1,1,0.95302016
graphsage,0,26122,1,1,0.99672085
graphsage,0,24843,1,1,0.97537065
graphsage,0,8886,1,1,0.996424
graphsage,0,12210,0,1,0.72015107
graphsage,0,39446,0,0,0.0005149441
graphsage,0,41231,1,1,0.99996126
graphsage,0,40289,1,1,0.5702935
graphsage,0,601,0,0,0.0010223449
graphsage,0,30460,1,1,0.96750766
graphsage,0,15616,1,1,0.9924426
graphsage,0,35232,0,0,0.010438948
graphsage,0,39077,1,1,0.9986016
graphsage,0,6213,1,1,0.99938774
graphsage,0,32148,1,1,0.9687146
graphsage,0,6388,1,1,0.9999982
graphsage,0,25952,1,1,0.99998736
graphsage,0,6270,1,1,0.99509734
graphsage,0,59668,1,1,0.9999753
graphsage,0,15210,0,0,0.0025806993
graphsage,0,60798,1,1,0.9948139
graphsage,0,28430,0,0,0.33223084
graphsage,0,45127,1,1,0.9986594
graphsage,0,57554,1,1,0.7660695
graphsage,0,42915,0,1,0.7407081
graphsage,0,28639,1,1,0.99929833
graphsage,0,48091,1,1,0.9999579
graphsage,0,43296,0,0,0.005291223
graphsage,0,11436,0,1,0.70751345
graphsage,0,33092,0,0,0.018314328
graphsage,0,46960,1,1,0.99351573
graphsage,0,34282,1,1,0.91338336
graphsage,0,33791,1,1,0.9625509
graphsage,0,29308,1,1,0.9915978
graphsage,0,10419,1,1,0.98558414
graphsage,0,4298,1,1,0.99934477
graphsage,0,32903,0,0,8.947177e-05
graphsage,0,70688,0,0,0.0016069202
graphsage,0,29366,1,1,0.80129343
graphsage,0,66808,1,1,0.99894565
graphsage,0,12593,1,1,0.9874299
graphsage,0,19195,0,0,0.3436518
graphsage,0,15921,0,0,0.0024225612
graphsage,0,1811,0,0,0.0002550616
graphsage,0,17794,0,1,0.5402195
graphsage,0,34316,1,1,0.7660695
graphsage,0,48896,1,1,0.9987404
graphsage,0,16304,1,1,0.99937564
graphsage,0,66751,1,1,0.80964553
graphsage,0,8946,1,1,0.99975187
graphsage,0,20,1,1,0.9991843
graphsage,0,56922,0,0,0.47968683
graphsage,0,28406,1,1,0.9980526
graphsage,0,12988,1,1,0.98448426
graphsage,0,2491,1,1,0.9964574
graphsage,0,24820,1,1,0.71074003
graphsage,0,23102,1,1,0.95063287
graphsage,0,3229,1,1,0.9972036
graphsage,0,49303,1,1,0.9861989
graphsage,0,28395,1,1,0.6447919
graphsage,0,61341,1,1,0.99995506
graphsage,0,24708,0,0,0.00043545454
graphsage,0,39002,0,0,8.792019e-05
graphsage,0,21607,0,0,0.005222803
graphsage,0,24008,0,0,0.0647294
graphsage,0,3683,1,1,0.99989104
graphsage,0,14544,0,0,0.4104772
graphsage,0,29792,0,0,0.0792408
graphsage,0,44402,0,0,0.21393451
graphsage,0,1265,1,1,0.98846185
graphsage,0,28872,1,1,0.997997
graphsage,0,42240,0,0,0.003331244
graphsage,0,44834,1,1,0.9952231
graphsage,0,42644,1,1,0.9695444
graphsage,0,58334,1,1,0.84973675
graphsage,0,70892,0,0,0.00037621983
graphsage,0,31690,0,0,0.0010635037
graphsage,0,50642,0,0,0.06406584
graphsage,0,308,1,1,0.97941875
graphsage,0,8035,1,1,0.94795185
graphsage,0,26960,1,1,0.9943804
graphsage,0,37941,0,0,0.0026262826
graphsage,0,67555,1,1,0.9991978
graphsage,0,62716,1,1,0.99517584
graphsage,0,61576,1,1,0.9823492
graphsage,0,25074,0,0,0.018657988
graphsage,0,18307,0,0,0.00043182803
graphsage,0,56354,1,1,0.99896467
graphsage,0,54018,1,1,0.97419363
graphsage,0,2499,0,0,0.0065503274
graphsage,0,65463,0,0,0.0011706828
graphsage,0,44872,0,0,0.0014196971
graphsage,0,14842,0,0,0.0008259863
graphsage,0,51383,1,1,0.72688496
graphsage,0,22995,1,1,0.9015455
graphsage,0,65194,1,1,0.9999323
graphsage,0,53172,1,1,0.9871862
graphsage,0,70234,1,1,0.71924084
graphsage,0,66543,0,0,0.00018644414
graphsage,0,55414,1,1,0.99993956
graphsage,0,38685,1,1,0.9524286
graphsage,0,56499,1,1,0.8842393
graphsage,0,61750,1,1,0.9988519
graphsage,0,53919,0,1,0.98471606
graphsage,0,5026,0,1,0.8135996
graphsage,0,49387,1,1,0.99967086
graphsage,0,68237,0,0,0.02649575
graphsage,0,28180,0,0,0.007478871
graphsage,0,67640,0,0,0.33302024
graphsage,0,49987,0,0,0.00028640265
graphsage,0,53747,1,0,0.26706666
graphsage,0,4608,1,1,0.98850983
graphsage,0,60573,0,0,0.040023863
graphsage,0,34879,0,0,0.0018113694
graphsage,0,6423,1,0,0.3615212
graphsage,0,27711,0,0,0.034711737
graphsage,0,25896,0,0,0.0023352904
graphsage,0,61682,1,1,0.99926966
graphsage,0,7363,1,1,0.99030674
graphsage,0,2280,0,0,0.0010951144
graphsage,0,60328,0,0,0.014163568
graphsage,0,11934,0,0,0.00023634327
graphsage,0,14175,0,0,0.0015682307
graphsage,0,3057,0,0,0.0012109661
graphsage,0,69352,1,1,0.90802133
graphsage,0,66365,0,0,0.043227576
graphsage,0,54403,0,0,0.01558658
graphsage,0,41500,0,0,0.035827152
graphsage,0,60198,1,1,0.7660695
graphsage,0,14098,0,0,3.6128735e-05
graphsage,0,56235,1,1,0.99082786
graphsage,0,10825,1,1,0.9979371
graphsage,0,38498,0,0,0.003533318
graphsage,0,55874,1,0,0.22224984
graphsage,0,5998,1,1,0.995184
graphsage,0,31790,1,1,0.7733503
graphsage,0,17819,1,1,0.873684
graphsage,0,41205,1,1,0.9998305
graphsage,0,2765,1,1,0.9997863
graphsage,0,29503,0,0,0.01791383
graphsage,0,23243,1,1,0.99873155
graphsage,0,58070,1,1,0.98464334
graphsage,0,67876,0,0,0.2320418
graphsage,0,58918,1,0,0.026413046
graphsage,0,23630,0,0,0.04068119
graphsage,0,4768,0,0,0.049088176
graphsage,0,33668,1,1,0.99545115
graphsage,0,43857,0,0,1.1489457e-05
graphsage,0,39246,0,0,0.0476571
graphsage,0,30086,1,1,0.9961085
graphsage,0,41167,0,0,0.0030843506
graphsage,0,64781,1,1,0.6733365
graphsage,0,60746,1,1,0.99976593
graphsage,0,28543,1,1,0.7660695
graphsage,0,10288,1,0,0.19827975
graphsage,0,64405,1,1,0.9994541
graphsage,0,18924,0,0,8.506584e-06
graphsage,0,8351,1,1,0.996988
graphsage,0,42599,1,1,0.93205065
graphsage,0,6341,1,1,0.9989814
graphsage,0,807,1,1,0.999191
graphsage,0,60786,0,1,0.59713453
graphsage,0,68061,0,0,1.724696e-05
graphsage,0,12234,0,0,1.2589577e-06
graphsage,0,47858,1,1,0.99853075
graphsage,0,26042,0,0,0.0044109095
graphsage,0,51115,0,1,0.9972857
graphsage,0,20812,1,1,0.9999101
graphsage,0,51113,0,0,0.0055778045
graphsage,0,34888,1,1,0.85864806
graphsage,0,25645,0,0,0.0010395981
graphsage,0,5573,0,0,0.0025315133
graphsage,0,38449,1,1,0.92752147
graphsage,0,16740,0,1,0.92719066
graphsage,0,50646,1,1,0.99860245
graphsage,0,39979,1,1,0.6665216
graphsage,0,32818,0,0,0.0075701526
graphsage,0,14383,1,1,0.99070716
graphsage,0,66656,0,0,0.1879663
graphsage,0,64301,1,1,0.99975914
graphsage,0,56552,1,1,0.99987376
graphsage,0,19321,0,1,0.6082642
graphsage,0,1791,1,1,0.99744344
graphsage,0,22587,1,1,0.98699343
graphsage,0,51700,1,1,0.9987207
graphsage,0,38344,1,1,0.93839055
graphsage,0,16006,1,1,0.77447987
graphsage,0,54933,1,0,0.16366208
graphsage,0,51002,1,1,0.8450051
graphsage,0,2658,1,1,0.9756817
graphsage,0,51685,1,1,0.996675
graphsage,0,31745,0,0,0.0072850315
graphsage,0,23699,0,0,0.0009930738
graphsage,0,12841,0,0,0.0014237576
graphsage,0,56287,0,0,0.17645276
graphsage,0,37009,1,1,0.99089795
graphsage,0,2057,1,1,0.9938188
graphsage,0,43472,1,1,0.983463
graphsage,0,65009,1,1,0.9812701
graphsage,0,20410,0,0,0.018144706
graphsage,0,40317,1,1,0.99964845
graphsage,0,61861,1,1,0.9999237
graphsage,0,39975,0,0,0.015702734
graphsage,0,60460,0,0,0.008895966
graphsage,0,46777,0,0,0.4004063
graphsage,0,28348,1,1,0.9999945
graphsage,0,15422,1,1,0.9942999
graphsage,0,21228,0,0,0.078480184
graphsage,0,31492,1,1,0.9999454
graphsage,0,10472,1,1,0.8724317
graphsage,0,14605,0,0,0.270185
graphsage,0,7678,0,0,0.002473036
graphsage,0,29363,0,0,0.00084947626
graphsage,0,47748,1,1,0.97841096
graphsage,0,21747,0,0,0.056374796
graphsage,0,34618,0,0,0.061805815
graphsage,0,56117,1,1,0.56348354
graphsage,0,42026,0,1,0.752168
graphsage,0,28859,0,0,0.0014298209
graphsage,0,67072,0,0,0.001663507
graphsage,0,47382,1,1,0.9992908
graphsage,0,51235,1,1,0.9979102
graphsage,0,62860,1,1,0.99195635
graphsage,0,32924,1,1,0.99724495
graphsage,0,13950,1,1,0.99865097
graphsage,0,45130,1,1,0.9947425
graphsage,0,32892,0,0,0.0066060955
graphsage,0,34529,0,0,0.08432861
graphsage,0,12184,0,0,0.026361473
graphsage,0,38715,0,0,3.2061755e-05
graphsage,0,32110,0,1,0.70862573
graphsage,0,52383,1,1,0.95434624
graphsage,0,65081,0,0,0.02514812
graphsage,0,71892,0,0,0.06193766
graphsage,0,69479,1,1,0.99998593
graphsage,0,56409,1,1,0.5509923
graphsage,0,16809,1,1,0.98287416
graphsage,0,23123,0,0,0.007138046
graphsage,0,52547,1,1,0.96755755
graphsage,0,24526,1,1,0.97223645
graphsage,0,60290,0,0,0.00068015564
graphsage,0,30660,0,0,0.0035606981
graphsage,0,70612,0,1,0.60599315
graphsage,0,38382,1,0,0.14905494
graphsage,0,24239,1,1,0.89908725
graphsage,0,20630,0,0,0.16530845
graphsage,0,51253,1,1,0.9952571
graphsage,0,69152,1,1,0.9998318
graphsage,0,71228,0,0,0.024489662
graphsage,0,21404,0,0,0.00015594266
graphsage,0,18293,1,1,0.98183227
graphsage,0,70038,0,0,0.0012300783
graphsage,0,14683,0,0,0.0008388454
graphsage,0,24821,0,0,0.0056918166
graphsage,0,14834,0,0,0.00037165388
graphsage,0,62960,1,1,0.9257527
graphsage,0,25293,1,1,0.99967945
graphsage,0,58362,0,1,0.76761186
graphsage,0,62915,1,1,0.9988643
graphsage,0,13532,0,0,0.011981221
graphsage,0,46023,1,1,0.99853444
graphsage,0,49154,1,1,0.9242195
graphsage,0,15402,0,0,8.95345e-06
graphsage,0,26427,1,1,0.9954928
graphsage,0,16975,1,1,0.9984074
graphsage,0,53948,0,0,0.0039515356
graphsage,0,71772,1,1,0.9997054
graphsage,0,47046,1,1,0.7660695
graphsage,0,21500,1,0,0.080573924
graphsage,0,4071,1,1,0.99831283
graphsage,0,58553,0,0,0.023583349
graphsage,0,23282,0,0,0.20588605
graphsage,0,3541,0,0,1.3627212e-05
graphsage,0,68703,1,1,0.9988042
graphsage,0,68509,0,0,0.43660155
graphsage,0,57755,0,0,0.1308852
graphsage,0,23756,0,0,0.0049074404
graphsage,0,6977,1,1,0.8302758
graphsage,0,10880,1,1,0.99499774
graphsage,0,45534,1,1,0.9835079
graphsage,0,38509,1,1,0.94314563
graphsage,0,18153,0,0,0.069296345
graphsage,0,29204,0,0,0.05618775
graphsage,0,70428,0,0,1.8500548e-05
graphsage,0,11223,1,1,0.9171558
graphsage,0,11674,0,0,0.08435259
graphsage,0,34764,0,0,0.0010061512
graphsage,0,20776,0,0,0.31426385
graphsage,0,8246,1,1,0.9998342
graphsage,0,64785,1,1,0.9323054
graphsage,0,69509,1,1,0.9864355
graphsage,0,15410,1,1,0.7660695
graphsage,0,30954,1,1,0.999395
graphsage,0,6374,1,1,0.9996111
graphsage,0,40080,1,1,0.9524286
graphsage,0,3975,0,0,0.16969681
graphsage,0,25335,1,1,0.99893314
graphsage,0,41241,0,0,0.0037642927
graphsage,0,2509,0,0,0.009036576
graphsage,0,37080,0,0,0.009453501
graphsage,0,40388,1,1,0.9983559
graphsage,0,3366,0,0,0.011300517
graphsage,0,8568,1,1,0.8690279
graphsage,0,56798,0,1,0.6542479
graphsage,0,36265,1,1,0.99487877
graphsage,0,58081,1,1,0.99974865
graphsage,0,30542,1,1,0.9975617
graphsage,0,3973,0,0,0.07158031
graphsage,0,54109,0,0,0.0003353511
graphsage,0,17289,1,1,0.9416683
graphsage,0,7584,0,0,0.024344139
graphsage,0,9456,1,1,0.9999559
graphsage,0,2619,1,1,0.976595
graphsage,0,16924,0,0,0.003697217
graphsage,0,7826,1,1,0.9794206
graphsage,0,29238,0,0,0.004590653
graphsage,0,6818,1,1,0.99672204
graphsage,0,60854,1,1,0.7660695
graphsage,0,20275,1,1,0.99989414
graphsage,0,13150,1,1,0.98241675
graphsage,0,23585,1,1,0.9995833
graphsage,0,14338,1,1,0.6986755
graphsage,0,61809,1,1,0.98758185
graphsage,0,54616,1,1,0.99926597
graphsage,0,27834,0,0,0.010785732
graphsage,0,53941,0,0,0.0007377322
graphsage,0,37703,1,1,0.99996686
graphsage,0,20041,1,1,0.9993498
graphsage,0,24581,1,1,0.5960334
graphsage,0,14701,1,1,0.98800594
graphsage,0,13900,1,1,0.9945426
graphsage,0,58178,1,1,0.546056
graphsage,0,28594,1,1,0.9849878
graphsage,0,39426,1,1,0.9598255
graphsage,0,47930,0,0,0.23367462
graphsage,0,22616,1,1,0.9998696
graphsage,0,56327,0,0,0.0013654212
graphsage,0,49796,1,0,0.041805416
graphsage,0,60622,1,1,0.9268748
graphsage,0,23126,1,1,0.93753517
graphsage,0,29337,0,0,0.21788174
graphsage,0,16981,1,1,0.87170345
graphsage,0,31887,1,1,0.859279
graphsage,0,177,1,1,0.63187385
graphsage,0,51225,1,1,0.99643767
graphsage,0,45425,1,0,0.14958109
graphsage,0,31731,0,0,3.5503967e-05
graphsage,0,17853,1,1,0.9973851
graphsage,0,43599,0,0,0.026943138
graphsage,0,25389,0,0,0.014250887
graphsage,0,23006,1,1,0.8330265
graphsage,0,8710,1,1,0.965475
graphsage,0,5347,1,1,0.99098915
graphsage,0,58079,0,0,0.05744041
graphsage,0,13415,0,0,0.0007312169
graphsage,0,14665,0,0,0.0010171031
graphsage,0,44375,1,1,0.74612117
graphsage,0,38390,1,1,0.998749
graphsage,0,52638,1,1,0.99796814
graphsage,0,33550,0,1,0.75406456
graphsage,0,52450,0,0,0.0014641631
graphsage,0,5134,0,0,0.060554244
graphsage,0,51473,1,1,0.9996592
graphsage,0,21152,0,0,0.01324954
graphsage,0,27303,1,1,0.9998307
graphsage,0,17795,0,0,0.01386125
graphsage,0,22521,0,0,0.00030823698
graphsage,0,48200,0,0,0.025080575
graphsage,0,55088,1,1,0.9931278
graphsage,0,2152,0,0,0.0016958766
graphsage,0,61242,0,0,0.008149983
graphsage,0,48195,0,0,0.11648932
graphsage,0,66499,1,1,0.9764568
graphsage,0,7529,0,0,0.118649915
graphsage,0,28848,0,0,0.00021896887
graphsage,0,58907,0,0,0.35239753
graphsage,0,60861,1,0,0.2713087
graphsage,0,1452,0,0,0.12852378
graphsage,0,18584,0,0,0.009766669
graphsage,0,32801,1,1,0.9996995
graphsage,0,66274,0,0,0.19574103
graphsage,0,5661,1,1,0.9949921
graphsage,0,37171,0,0,5.0894345e-05
graphsage,0,54047,0,0,0.0065000216
graphsage,0,26916,1,1,0.9999938
graphsage,0,32611,0,0,0.027923267
graphsage,0,56276,0,0,0.49882466
graphsage,0,41735,1,1,0.9969175
graphsage,0,52395,0,0,0.002514186
graphsage,0,48566,0,0,0.013301557
graphsage,0,31363,0,0,0.00015422126
graphsage,0,46718,0,0,0.05398755
graphsage,0,39528,0,0,0.0507475
graphsage,0,4107,0,0,0.0012418585
graphsage,0,68367,0,0,0.001370137
graphsage,0,24475,1,1,0.8417385
graphsage,0,17158,0,0,0.0013573735
graphsage,0,38740,1,1,0.6684896
graphsage,0,46510,1,1,0.96163374
graphsage,0,17230,0,0,0.02085885
graphsage,0,39431,1,1,0.97932476
graphsage,0,36709,1,1,0.9983382
graphsage,0,55468,0,0,0.009620378
graphsage,0,15266,1,1,0.99869686
graphsage,0,11363,0,0,0.0063229455
graphsage,0,64401,0,1,0.987457
graphsage,0,37823,1,1,0.8836518
graphsage,0,31306,0,0,0.02141117
graphsage,0,19562,0,0,0.0002389592
graphsage,0,24111,1,1,0.99992144
graphsage,0,11929,0,0,0.00038863663
graphsage,0,62333,0,0,0.010642972
graphsage,0,48928,1,1,0.9978483
graphsage,0,22362,1,1,0.99437404
graphsage,0,60319,0,0,6.123471e-05
graphsage,0,41304,1,1,0.9265266
graphsage,0,48580,1,1,0.9866425
graphsage,0,69067,1,1,0.99777716
graphsage,0,4921,1,1,0.9740393
graphsage,0,8386,0,0,0.000102985876
graphsage,0,33840,0,0,0.1902132
graphsage,0,15425,1,1,0.9833941
graphsage,0,41596,0,0,0.10433335
graphsage,0,38183,0,0,0.104772806
graphsage,0,1348,1,1,0.9996928
graphsage,0,28806,1,1,0.5461443
graphsage,0,31360,0,0,0.00017645418
graphsage,0,43515,0,0,0.020881131
graphsage,0,64403,0,0,0.0018618293
graphsage,0,43363,1,1,0.9000892
graphsage,0,57644,0,0,0.00013192618
graphsage,0,1319,1,1,0.9863463
graphsage,0,6536,1,1,0.9700412
graphsage,0,41043,0,0,0.0002788696
graphsage,0,29107,1,1,0.99988294
graphsage,0,13125,1,1,0.9987679
graphsage,0,29761,1,1,0.998874
graphsage,0,53920,0,1,0.83064693
graphsage,0,43262,0,0,0.010166817
graphsage,0,57976,1,0,0.10234382
graphsage,0,22936,0,0,0.0069824876
graphsage,0,40751,1,1,0.9532001
graphsage,0,48186,1,1,0.9977399
graphsage,0,15878,1,1,0.638833
graphsage,0,42571,1,1,0.98671186
graphsage,0,21376,1,1,0.9995316
graphsage,0,60125,0,0,0.011449179
graphsage,0,22020,0,0,0.070923425
graphsage,0,27727,0,0,0.057529334
graphsage,0,53759,1,1,0.9996001
graphsage,0,14711,0,0,0.00016599365
graphsage,0,3998,1,1,0.99950564
graphsage,0,60508,0,0,0.0050427024
graphsage,0,36198,1,1,0.9952619
graphsage,0,24122,1,0,0.32803962
graphsage,0,33060,0,0,0.0015028557
graphsage,0,47694,1,1,0.52745
graphsage,0,45778,1,1,0.9690545
graphsage,0,22973,1,1,0.9983308
graphsage,0,49904,0,0,0.0014482648
graphsage,0,35309,0,0,0.00058916246
graphsage,0,43596,1,1,0.87442124
graphsage,0,15686,0,0,0.012814373
graphsage,0,56385,1,1,0.9929395
graphsage,0,61622,1,1,0.9600829
graphsage,0,6647,1,1,0.945985
graphsage,0,53337,1,1,0.99986506
graphsage,0,57122,1,1,0.965974
graphsage,0,14584,0,1,0.54286253
graphsage,0,49334,0,0,9.209123e-05
graphsage,0,22934,1,1,0.753577
graphsage,0,7465,1,1,0.99895287
graphsage,0,68532,0,0,0.0067677796
graphsage,0,13498,0,0,0.0034902187
graphsage,0,52225,0,0,0.041928317
graphsage,0,43769,1,1,0.992274
graphsage,0,26729,0,0,0.08429975
graphsage,0,17657,1,0,0.15052581
graphsage,0,48586,0,0,0.00053684996
graphsage,0,23786,1,0,0.14198014
graphsage,0,59164,1,1,0.8794222
graphsage,0,71199,0,0,0.0057841446
graphsage,0,46213,1,1,0.747839
graphsage,0,19658,0,0,0.00439471
graphsage,0,69141,1,1,0.9969933
graphsage,0,48654,1,0,0.47269234
graphsage,0,12414,0,0,0.00091915374
graphsage,0,44433,0,0,0.012127629
graphsage,0,49094,0,0,0.0005179921
graphsage,0,61632,1,0,0.06750101
graphsage,0,58373,1,1,0.999954
graphsage,0,35761,1,1,0.9997484
graphsage,0,17887,0,1,0.6266489
graphsage,0,47702,1,1,0.9965938
graphsage,0,68573,1,1,0.9927906
graphsage,0,46901,1,1,0.99795866
graphsage,0,17969,1,1,0.6463771
graphsage,0,33878,0,0,0.1015978
graphsage,0,70187,1,0,0.31487623
graphsage,0,39983,0,0,0.008625606
graphsage,0,23009,1,1,0.99849975
graphsage,0,66820,1,1,0.99482626
graphsage,0,31916,0,0,0.4323043
graphsage,0,20034,1,1,0.6560547
graphsage,0,29621,1,1,0.77445084
graphsage,0,8009,1,1,0.99984646
graphsage,0,9034,1,1,0.9811141
graphsage,0,49806,1,1,0.9974305
graphsage,0,53012,1,1,0.99815446
graphsage,0,59005,1,1,0.95594126
graphsage,0,920,1,1,0.9995277
graphsage,0,30270,0,1,0.9681541
graphsage,0,60455,0,0,0.06842349
graphsage,0,49026,0,0,0.16603228
graphsage,0,28719,1,1,0.9989361
graphsage,0,61228,0,0,0.0006966916
graphsage,0,22332,0,0,0.0012471754
graphsage,0,55991,1,1,0.9999547
graphsage,0,19422,0,0,0.01073085
graphsage,0,51088,1,1,0.99895823
graphsage,0,65896,0,0,0.00859543
graphsage,0,20514,0,0,0.038665537
graphsage,0,24121,0,0,0.00054676767
graphsage,0,44391,0,0,0.00018681925
graphsage,0,49298,0,0,0.0015665689
graphsage,0,56027,0,0,1.37411125e-05
graphsage,0,39129,1,1,0.96487325
graphsage,0,47543,1,1,0.9258011
graphsage,0,54981,0,0,0.00069340353
graphsage,0,32379,1,1,0.94566655
graphsage,0,35767,0,0,0.0089445
graphsage,0,38665,1,1,0.9999653
graphsage,0,59124,0,0,0.21995854
graphsage,0,65089,1,1,0.8538569
graphsage,0,11212,0,0,0.0045687244
graphsage,0,53895,0,0,0.018722355
graphsage,0,50395,0,0,0.00033595847
graphsage,0,40377,0,0,0.012845959
graphsage,0,12465,1,1,0.9986217
graphsage,0,63846,0,0,0.0014869395
graphsage,0,29,1,1,0.90550166
graphsage,0,15033,0,0,0.0068874913
graphsage,0,4472,1,1,0.9996356
graphsage,0,7345,0,0,0.000695297
graphsage,0,27570,0,0,0.05277313
graphsage,0,44553,0,1,0.691911
graphsage,0,70822,0,0,0.0014207304
graphsage,0,11118,0,1,0.84370035
graphsage,0,37944,1,1,0.9783409
graphsage,0,2960,0,0,0.01613272
graphsage,0,61122,0,0,0.0035003119
graphsage,0,8382,1,1,0.9966947
graphsage,0,67758,0,0,0.002261229
graphsage,0,3632,0,0,2.6285046e-05
graphsage,0,47586,0,0,2.3402832e-05
graphsage,0,8463,1,1,0.99314284
graphsage,0,46014,1,1,0.99997103
graphsage,0,33314,1,1,0.9958483
graphsage,0,20711,0,0,0.0421854
graphsage,0,15283,0,1,0.518548
graphsage,0,3822,0,0,0.0009096244
graphsage,0,4832,0,0,0.06932471
graphsage,0,59833,1,1,0.8839685
graphsage,0,4354,1,1,0.9242573
graphsage,0,54084,1,1,0.7660695
graphsage,0,65835,1,1,0.9128144
graphsage,0,44181,1,1,0.7660695
graphsage,0,50360,0,0,0.027709052
graphsage,0,28689,0,0,0.2450101
graphsage,0,65459,1,1,0.99947804
graphsage,0,8637,0,0,0.00026234836
graphsage,0,46095,1,1,0.99405
graphsage,0,29898,1,1,0.997656
graphsage,0,49222,0,0,0.0058765206
graphsage,0,39317,0,0,0.08415021
graphsage,0,42969,1,1,0.99762803
graphsage,0,23082,1,1,0.99873406
graphsage,0,54049,0,0,0.00020385571
graphsage,0,32789,1,1,0.9983387
graphsage,0,39270,0,1,0.69374263
graphsage,0,71543,0,0,0.007108904
graphsage,0,35546,1,1,0.9989924
graphsage,0,33872,1,1,0.962538
graphsage,0,14147,1,1,0.9828231
graphsage,0,71192,1,1,0.81516963
graphsage,0,54377,0,0,0.0066443724
graphsage,0,30505,1,1,0.9982766
graphsage,0,43921,0,0,0.17074263
graphsage,0,29077,1,1,0.8607101
graphsage,0,32538,0,0,0.0011224027
graphsage,0,4165,0,0,0.31623122
graphsage,0,22331,1,1,0.87399006
graphsage,0,13914,0,0,0.009277494
graphsage,0,30811,1,1,0.99726933
graphsage,0,56527,0,0,0.00044822434
graphsage,0,67490,0,0,0.002079269
graphsage,0,44224,1,1,0.9002765
graphsage,0,27457,1,1,0.9734727
graphsage,0,1732,1,1,0.77486223
graphsage,0,46723,1,0,0.09396682
graphsage,0,7045,1,1,0.9803623
graphsage,0,59707,1,1,0.9872208
graphsage,0,41779,1,1,0.9940055
graphsage,0,19653,1,1,0.74459857
graphsage,0,66291,1,1,0.9969708
graphsage,0,66445,0,0,0.0061677964
graphsage,0,53377,0,0,0.00038199697
graphsage,0,64176,0,0,7.273341e-05
graphsage,0,26413,0,0,0.0025684396
graphsage,0,27612,0,0,0.0007752274
graphsage,0,11629,1,1,0.99899536
graphsage,0,57731,1,1,0.7620573
graphsage,0,38281,1,1,0.90197295
graphsage,0,66815,1,1,0.6139992
graphsage,0,68276,1,1,0.9725902
graphsage,0,27165,0,0,0.045467928
graphsage,0,53786,1,1,0.99950004
graphsage,0,65033,0,0,0.00019888404
graphsage,0,40113,1,1,0.9802514
graphsage,0,56823,1,0,0.074105635
graphsage,0,59351,1,1,0.9995542
graphsage,0,69573,0,0,0.0036120554
graphsage,0,46740,0,0,0.0020556406
graphsage,0,37513,0,0,5.1737907e-06
graphsage,0,2151,0,0,0.0001275772
graphsage,0,66116,1,1,0.9917378
graphsage,0,35798,0,0,0.05812893
graphsage,0,7823,0,0,0.0007623109
graphsage,0,55268,1,1,0.99300545
graphsage,0,17899,0,0,0.0019601583
graphsage,0,3814,0,0,0.00015585702
graphsage,0,58899,0,0,0.09760233
graphsage,0,7120,0,0,0.00029402948
graphsage,0,24198,1,1,0.99611264
graphsage,0,63786,0,0,0.053996842
graphsage,0,71978,0,1,0.70621425
graphsage,0,48999,0,0,0.00036026226
graphsage,0,44065,0,1,0.8571749
graphsage,0,56857,1,1,0.9999242
graphsage,0,2257,0,0,0.0010766033
graphsage,0,52599,0,0,0.06392278
graphsage,0,50271,1,1,0.9985189
graphsage,0,26356,1,1,0.99977285
graphsage,0,58507,1,1,0.93318206
graphsage,0,61048,1,1,0.9810317
graphsage,0,38016,1,1,0.99716115
graphsage,0,6418,0,0,0.037037913
graphsage,0,31922,0,0,0.25505066
graphsage,0,42460,1,1,0.998887
graphsage,0,35626,0,0,0.3229433
graphsage,0,26846,1,1,0.99879944
graphsage,0,56152,1,1,0.9999237
graphsage,0,60175,0,0,0.014282181
graphsage,0,26661,1,1,0.9992072
graphsage,0,11280,0,0,0.0052027274
graphsage,0,20119,1,1,0.99987864
graphsage,0,31369,1,1,0.99905413
graphsage,0,32822,0,0,0.020620137
graphsage,0,49452,0,0,0.097865134
graphsage,0,36117,1,1,0.9991936
graphsage,0,58221,0,0,0.08104123
graphsage,0,38719,1,1,0.99936134
graphsage,0,52285,0,0,0.0869479
graphsage,0,13007,0,0,0.049496472
graphsage,0,18577,0,0,0.057119142
graphsage,0,4432,0,0,8.054255e-05
graphsage,0,52634,1,1,0.9975553
graphsage,0,4077,1,0,0.22310305
graphsage,0,54179,1,1,0.9936208
graphsage,0,23201,0,0,0.00044723527
graphsage,0,6482,1,0,0.18928927
graphsage,0,60023,1,1,0.9905778
graphsage,0,9218,1,1,0.66669947
graphsage,0,54755,1,1,0.94155604
graphsage,0,30706,0,0,0.22574289
graphsage,0,50475,1,1,0.9956607
graphsage,0,55477,1,1,0.99953735
graphsage,0,9977,1,1,0.9999585
graphsage,0,57068,1,1,0.9999167
graphsage,0,50123,1,1,0.99835217
graphsage,0,46896,0,0,0.00033419195
graphsage,0,6479,1,0,0.20830481
graphsage,0,69669,0,0,0.05396616
graphsage,0,45143,1,0,0.024408892
graphsage,0,61708,0,0,0.0180162
graphsage,0,41950,1,1,0.70086825
graphsage,0,52811,1,1,0.9618586
graphsage,0,60904,0,0,0.025681859
graphsage,0,17304,0,0,0.0009143296
graphsage,0,12264,0,0,0.023972586
graphsage,0,50486,0,0,0.09381691
graphsage,0,64830,0,0,0.014394474
graphsage,0,49197,0,0,3.3606306e-05
graphsage,0,36043,1,1,0.9756207
graphsage,0,24275,1,1,0.69515646
graphsage,0,1944,0,0,0.29564962
graphsage,0,6611,0,0,0.00016426719
graphsage,0,16333,0,0,0.19559024
graphsage,0,6406,1,1,0.9948494
graphsage,0,4920,0,0,0.01135066
graphsage,0,26372,1,1,0.9994704
graphsage,0,13422,0,0,0.020188669
graphsage,0,38936,0,0,0.04764193
graphsage,0,4339,0,0,0.0010451055
graphsage,0,71896,1,1,0.9980096
graphsage,0,43554,1,1,0.9999602
graphsage,0,59122,0,0,0.01649785
graphsage,0,35542,0,0,0.002721925
graphsage,0,46775,1,1,0.5979668
graphsage,0,5114,1,1,0.99668604
graphsage,0,8926,1,1,0.98154676
graphsage,0,27870,0,0,0.0005094803
graphsage,0,71087,1,1,0.81116843
graphsage,0,17974,0,0,0.005168849
graphsage,0,47565,1,1,0.8662037
graphsage,0,71728,1,1,0.9903616
graphsage,0,18115,1,1,0.99742293
graphsage,0,11882,1,1,0.94970095
graphsage,0,48400,0,0,0.006020825
graphsage,0,10048,0,0,0.0017648016
graphsage,0,9922,1,1,0.95140046
graphsage,0,61152,0,0,0.18897465
graphsage,0,22940,0,1,0.8960611
graphsage,0,35681,1,1,0.99987626
graphsage,0,31190,0,0,0.00039170374
graphsage,0,8442,0,0,0.00037390806
graphsage,0,37282,0,0,0.04964975
graphsage,0,60688,0,0,0.003561345
graphsage,0,62086,1,1,0.92705023
graphsage,0,38106,0,0,0.0026202793
graphsage,0,69085,0,0,0.0008873009
graphsage,0,10756,1,1,0.9988393
graphsage,0,3364,0,1,0.6125432
graphsage,0,3480,1,1,0.9274865
graphsage,0,36266,1,1,0.68477225
graphsage,0,52143,1,1,0.58095896
graphsage,0,70914,0,0,0.34992164
graphsage,0,22033,0,0,0.0011691895
graphsage,0,50618,0,0,0.0881254
graphsage,0,48080,0,0,0.025841583
graphsage,0,29943,1,0,0.2261142
graphsage,0,26838,1,1,0.9999527
graphsage,0,57622,1,1,0.9921291
graphsage,0,13060,1,0,0.14524618
graphsage,0,19136,1,1,0.99952424
graphsage,0,45240,1,1,0.99230146
graphsage,0,43699,1,1,0.97129864
graphsage,0,55213,1,1,0.99645966
graphsage,0,56805,1,1,0.9996151
graphsage,0,18563,1,1,0.9711236
graphsage,0,68120,1,1,0.99832827
graphsage,0,16747,1,1,0.99636614
graphsage,0,31238,0,0,0.49750292
graphsage,0,18137,1,0,0.1441943
graphsage,0,44950,1,1,0.9992091
graphsage,0,50419,1,1,0.9996239
graphsage,0,55028,0,0,0.089950494
graphsage,0,37561,1,0,0.1964666
graphsage,0,40533,0,1,0.6960905
graphsage,0,14916,0,0,6.938844e-05
graphsage,0,52624,1,0,0.27766928
graphsage,0,54384,0,0,0.0070361327
graphsage,0,2901,1,1,0.9751788
graphsage,0,17549,0,0,0.05569448
graphsage,0,14835,1,1,0.7660695
graphsage,0,35080,1,1,0.9993962
graphsage,0,5720,0,1,0.50020796
graphsage,0,50630,0,0,0.00017686028
graphsage,0,32637,0,0,0.06282427
graphsage,0,66901,1,1,0.9977817
graphsage,0,50844,1,1,0.6613408
graphsage,0,61315,0,0,0.0016931681
graphsage,0,47633,0,0,0.0068739066
graphsage,0,37755,1,1,0.67292964
graphsage,0,53754,0,0,0.0002600446
graphsage,0,44580,0,0,0.0008224796
graphsage,0,38864,1,1,0.8847043
graphsage,0,41108,0,0,0.0004171897
graphsage,0,64180,1,1,0.9773661
graphsage,0,52538,0,0,0.109509036
graphsage,0,28710,0,1,0.62571466
graphsage,0,430,0,0,0.13301031
graphsage,0,29822,0,1,0.83281314
graphsage,0,69942,0,0,0.0032717073
graphsage,0,56326,0,0,0.48262876
graphsage,0,5046,0,0,4.7301626e-05
graphsage,0,71246,0,0,0.002752793
graphsage,0,58935,1,1,0.71325636
graphsage,0,54845,0,0,0.04879045
graphsage,0,68327,1,1,0.9793158
graphsage,0,44913,0,0,0.0022503799
graphsage,0,42470,0,0,0.0066908607
graphsage,0,22944,0,0,0.013364846
graphsage,0,36385,0,0,0.005916272
graphsage,0,20931,0,0,6.0395203e-05
graphsage,0,41561,1,1,0.91482025
graphsage,0,61954,0,0,0.017056458
graphsage,0,60909,1,1,0.99546
graphsage,0,11219,1,1,0.9344597
graphsage,0,65250,1,1,0.9806551
graphsage,0,29784,1,1,0.9899664
graphsage,0,70761,0,0,0.0037833792
graphsage,0,1830,1,1,0.9041784
graphsage,0,30267,0,0,5.6057757e-05
graphsage,0,33490,1,1,0.9456268
graphsage,0,29303,1,1,0.9881407
graphsage,0,53999,1,1,0.99950075
graphsage,0,18977,0,0,0.0011734483
graphsage,0,28044,1,1,0.9808715
graphsage,0,524,0,0,0.07166144
graphsage,0,25266,1,1,0.99914145
graphsage,0,58119,0,0,0.117311545
graphsage,0,5807,0,0,0.0016883677
graphsage,0,47279,0,0,0.19150971
graphsage,0,2876,0,0,0.112459145
graphsage,0,33974,1,1,0.98413855
graphsage,0,7123,0,0,0.41192603
graphsage,0,28908,0,0,0.059785146
graphsage,0,7542,1,1,0.9999597
graphsage,0,59930,1,1,0.6032605
graphsage,0,9504,1,1,0.94300294
graphsage,0,28106,0,0,0.00024630353
graphsage,0,20627,0,0,0.0016038776
graphsage,0,70481,0,0,0.0027363251
graphsage,0,11534,1,1,0.9999347
graphsage,0,57536,1,1,0.98152804
graphsage,0,53262,0,0,0.0048625283
graphsage,0,45694,1,1,0.99976236
graphsage,0,15324,0,1,0.516717
graphsage,0,44310,0,0,0.31503993
graphsage,0,43842,0,0,0.0045731845
graphsage,0,15098,0,0,0.23936978
graphsage,0,52679,0,0,0.012202137
graphsage,0,24565,1,1,0.99979275
graphsage,0,62568,1,1,0.63300884
graphsage,0,48253,1,0,0.43473423
graphsage,0,3507,0,0,6.9608606e-05
graphsage,0,22374,1,1,0.993168
graphsage,0,50238,0,0,0.00050218304
graphsage,0,58406,0,0,0.001541383
graphsage,0,44992,1,1,0.9800756
graphsage,0,2630,1,1,0.99981827
graphsage,0,14515,0,0,0.034301955
graphsage,0,15633,0,0,0.00036052664
graphsage,0,5687,0,0,0.045602147
graphsage,0,18340,1,1,0.911382
graphsage,0,44483,0,0,4.2094754e-05
graphsage,0,31681,0,0,4.625527e-05
graphsage,0,67814,0,1,0.7109826
graphsage,0,70757,1,1,0.9997757
graphsage,0,46560,1,1,0.56190705
graphsage,0,59726,1,1,0.99960464
graphsage,0,40873,0,0,0.00077896146
graphsage,0,27529,1,1,0.9990094
graphsage,0,31225,0,0,0.008076029
graphsage,0,39061,1,1,0.99770397
graphsage,0,13149,0,0,0.00029770433
graphsage,0,20283,1,1,0.9988207
graphsage,0,19301,1,1,0.9983053
graphsage,0,35216,0,1,0.8972244
graphsage,0,9111,1,1,0.999907
graphsage,0,60384,1,1,0.9944536
graphsage,0,66690,1,1,0.7924204
graphsage,0,12881,1,1,0.99157107
graphsage,0,42085,0,0,0.007917548
graphsage,0,27860,0,0,0.053917203
graphsage,0,20140,1,1,0.98647773
graphsage,0,60774,0,0,0.016480837
graphsage,0,22004,0,0,0.11097465
graphsage,0,53535,1,1,0.9983304
graphsage,0,3431,0,0,0.055046227
graphsage,0,10244,0,1,0.98972744
graphsage,0,41604,0,0,0.0031308045
graphsage,0,71868,1,1,0.9988009
graphsage,0,24479,0,0,0.00016418076
graphsage,0,22914,1,1,0.9868831
graphsage,0,38822,1,0,0.017222662
graphsage,0,59709,1,0,0.38227102
graphsage,0,18818,1,1,0.9991684
graphsage,0,47629,0,0,0.0013949223
graphsage,0,58858,0,0,0.0030279858
graphsage,0,55851,1,1,0.99666256
graphsage,0,40025,0,0,0.012494459
graphsage,0,68406,0,0,0.0006954694
graphsage,0,37847,1,1,0.9653228
graphsage,0,9455,1,1,0.9833735
graphsage,0,16931,0,0,0.23514807
graphsage,0,50954,1,1,0.9997621
graphsage,0,63106,0,0,0.0022741142
graphsage,0,9485,0,0,0.059161663
graphsage,0,50482,1,1,0.9486089
graphsage,0,41286,0,1,0.57971394
graphsage,0,30134,0,0,0.009575168
graphsage,0,69625,0,0,0.022785695
graphsage,0,51568,1,1,0.9988207
graphsage,0,13788,1,0,0.4003599
graphsage,0,1500,0,0,0.012346017
graphsage,0,57785,1,1,0.99899536
graphsage,0,16597,0,0,0.0048727808
graphsage,0,1511,1,1,0.99548244
graphsage,0,30259,1,0,0.42641985
graphsage,0,13786,1,1,0.99998665
graphsage,0,69585,1,1,0.82899934
graphsage,0,37141,0,0,4.212355e-05
graphsage,0,71690,0,0,0.0003888642
graphsage,0,44072,1,1,0.97109544
graphsage,0,35285,0,1,0.52327657
graphsage,0,44566,1,1,0.7776757
graphsage,0,35972,1,1,0.8019885
graphsage,0,49543,0,0,0.0007457368
graphsage,0,70217,0,0,0.014386292
graphsage,0,39003,0,0,0.011393075
graphsage,0,9711,1,1,0.9985281
graphsage,0,69124,1,1,0.79019916
graphsage,0,23159,0,0,0.0013531349
graphsage,0,56020,1,1,0.97129905
graphsage,0,17570,1,1,0.7301216
graphsage,0,71594,0,0,0.0021201922
graphsage,0,52604,0,0,0.24186957
graphsage,0,49359,0,0,0.008611395
graphsage,0,67669,0,1,0.64201015
graphsage,0,56211,1,1,0.9936034
graphsage,0,57632,1,1,0.89873356
graphsage,0,12891,1,1,0.89610326
graphsage,0,62336,0,0,0.0020565111
graphsage,0,55362,0,0,0.01996049
graphsage,0,55963,0,0,0.041310742
graphsage,0,11913,1,1,0.93622273
graphsage,0,1756,0,0,0.010150174
graphsage,0,69802,1,1,0.9983346
graphsage,0,60283,1,1,0.9999968
graphsage,0,28998,0,0,0.070705
graphsage,0,48898,0,0,8.439781e-05
graphsage,0,63933,1,0,0.4780272
graphsage,0,19801,0,0,0.0024969643
graphsage,0,69410,1,1,0.9871492
graphsage,0,9149,1,1,0.9999212
graphsage,0,4313,0,0,0.002530672
graphsage,0,47034,0,0,0.009737773
graphsage,0,51832,1,1,0.9994735
graphsage,0,7612,0,0,0.051524136
graphsage,0,1336,0,0,0.00014183024
graphsage,0,33472,0,0,0.13250667
graphsage,0,46631,0,1,0.98141
graphsage,0,34942,1,1,0.90898585
graphsage,0,10313,0,0,0.00055262324
graphsage,0,44753,1,0,0.24596328
graphsage,0,14627,0,0,0.25784293
graphsage,0,64437,1,0,0.05080997
graphsage,0,50771,1,1,0.9984137
graphsage,0,28155,1,0,0.17320853
graphsage,0,24917,0,0,8.26355e-05
graphsage,0,59538,0,0,0.0014894713
graphsage,0,24126,1,1,0.53270257
graphsage,0,19180,0,0,0.041262582
graphsage,0,19070,1,1,0.5721287
graphsage,0,9604,1,1,0.9759936
graphsage,0,43969,0,0,7.2509734e-05
graphsage,0,34704,1,1,0.99870825
graphsage,0,38423,0,0,0.30159718
graphsage,0,68217,1,1,0.9969586
graphsage,0,304,0,0,0.00058329187
graphsage,0,1043,0,0,0.07367577
graphsage,0,67344,0,0,0.0010273032
graphsage,0,43364,0,1,0.50025266
graphsage,0,6231,0,0,0.0013059133
graphsage,0,41559,1,1,0.9991805
graphsage,0,11372,1,1,0.999119
graphsage,0,39085,0,1,0.7653982
graphsage,0,14380,1,1,0.93905514
graphsage,0,42266,1,1,0.98494315
graphsage,0,4537,0,0,0.048370246
graphsage,0,35459,1,1,0.93907785
graphsage,0,54079,0,0,0.0013443845
graphsage,0,15030,0,0,0.13960369
graphsage,0,6627,1,1,0.7660695
graphsage,0,25918,0,0,0.0034199369
graphsage,0,57019,0,0,3.8355018e-05
graphsage,0,56592,1,1,0.99960774
graphsage,0,39600,1,1,0.9956593
graphsage,0,40980,0,0,0.1566876
graphsage,0,47483,1,1,0.9382493
graphsage,0,50534,1,1,0.9993274
graphsage,0,9167,1,1,0.94585174
graphsage,0,17803,1,1,0.99965215
graphsage,0,41888,0,0,0.001330484
graphsage,0,42410,1,1,0.9998135
graphsage,0,8368,1,1,0.9989937
graphsage,0,42140,1,1,0.999997
graphsage,0,42479,1,1,0.9957898
graphsage,0,24197,1,1,0.51679534
graphsage,0,57971,0,0,0.00017338635
graphsage,0,55819,0,0,0.00020189906
graphsage,0,17462,0,0,0.009750588
graphsage,0,50225,0,0,0.04396632
graphsage,0,27322,1,1,0.98498976
graphsage,0,124,0,0,0.3037435
graphsage,0,16088,1,1,0.91462445
graphsage,0,65812,1,1,0.98424107
graphsage,0,16905,0,0,0.00014830835
graphsage,0,57255,1,1,0.998116
graphsage,0,71819,0,0,0.0023294773
graphsage,0,33107,0,0,1.1686716e-05
graphsage,0,48138,0,1,0.61611336
graphsage,0,24623,1,1,0.96108705
graphsage,0,59067,1,1,0.947605
graphsage,0,5250,0,0,0.00097318256
graphsage,0,37333,0,0,0.0032265827
graphsage,0,12304,0,0,0.020352034
graphsage,0,3262,1,1,0.9947631
graphsage,0,4139,0,0,0.011244656
graphsage,0,290,1,1,0.99860364
graphsage,0,22218,0,0,0.00024840672
graphsage,0,55573,0,0,0.0019948645
graphsage,0,24518,1,1,0.99046904
graphsage,0,5600,0,0,0.11573127
graphsage,0,840,0,0,0.008326938
graphsage,0,17519,1,1,0.76921177
graphsage,0,18995,1,1,0.99984944
graphsage,0,28963,0,0,0.0018533893
graphsage,0,25680,0,0,0.043914683
graphsage,0,71991,0,0,0.00016743627
graphsage,0,11342,1,1,0.7715641
graphsage,0,49550,1,1,0.9843805
graphsage,0,50048,0,0,0.00014733944
graphsage,0,66096,0,0,0.0015239634
graphsage,0,60201,1,1,0.99994695
graphsage,0,15140,0,0,0.009227579
graphsage,0,61970,1,1,0.8085753
graphsage,0,55652,0,0,0.018012311
graphsage,0,30183,0,0,0.00016556925
graphsage,0,28658,0,0,0.040846217
graphsage,0,41191,0,0,0.0006792811
graphsage,0,8054,1,1,0.9972441
graphsage,0,67536,0,0,0.00022060615
graphsage,0,48412,1,1,0.99795234
graphsage,0,70802,1,1,0.9973878
graphsage,0,68334,0,0,0.3045864
graphsage,0,28580,1,1,0.9994041
graphsage,0,60738,0,0,0.026671821
graphsage,0,47469,0,0,0.0005389603
graphsage,0,56955,1,1,0.99987113
graphsage,0,58127,0,0,0.009092222
graphsage,0,61209,1,1,0.9969505
graphsage,0,59001,1,0,0.029104067
graphsage,0,26086,1,1,0.9903985
graphsage,0,49636,1,1,0.6290205
graphsage,0,57776,0,0,0.13829844
graphsage,0,6545,1,1,0.99978966
graphsage,0,71497,0,0,0.019177435
graphsage,0,58757,0,1,0.9856806
graphsage,0,11277,1,1,0.9842554
graphsage,0,52788,0,0,0.0012851811
graphsage,0,42558,1,1,0.980187
graphsage,0,46267,0,0,0.084412195
graphsage,0,9823,0,0,0.31267622
graphsage,0,68699,1,1,0.995836
graphsage,0,38309,0,0,0.008415428
graphsage,0,61188,0,0,0.015156579
graphsage,0,47949,0,0,0.0077862665
graphsage,0,42786,0,0,0.030046318
graphsage,0,18711,1,1,0.99979466
graphsage,0,8720,0,0,0.093183726
graphsage,0,54336,0,0,0.007547273
graphsage,0,17002,0,0,0.000107808635
graphsage,0,47230,0,0,0.0063475356
graphsage,0,56437,0,0,1.4887282e-05
graphsage,0,14156,0,0,0.00058834715
graphsage,0,17751,0,0,0.42698604
graphsage,0,40129,1,1,0.99621326
graphsage,0,431,0,0,0.0022200404
graphsage,0,43503,1,1,0.8990124
graphsage,0,3556,0,1,0.67621034
graphsage,0,2633,0,0,0.007086725
graphsage,0,52123,1,1,0.9979716
graphsage,0,12503,1,1,0.99950755
graphsage,0,40907,0,0,4.010185e-06
graphsage,1,23810,0,1,0.6038242
graphsage,1,2342,0,0,0.0027683445
graphsage,1,60546,1,1,0.98132
graphsage,1,58815,1,1,0.9685186
graphsage,1,1126,0,0,0.0032181616
graphsage,1,39904,1,1,0.99453896
graphsage,1,48384,0,0,2.5034418e-05
graphsage,1,43491,1,1,0.99754614
graphsage,1,44356,1,1,0.7234468
graphsage,1,25783,1,1,0.9202657
graphsage,1,38906,1,1,0.99980086
graphsage,1,14591,1,1,0.99991226
graphsage,1,8948,0,0,0.0007966837
graphsage,1,58678,1,1,0.7609902
graphsage,1,46506,1,1,0.7541036
graphsage,1,10272,1,1,0.6150495
graphsage,1,33641,0,1,0.6842022
graphsage,1,818,1,1,0.99397475
graphsage,1,23631,1,1,0.9995968
graphsage,1,37145,0,0,0.00042053772
graphsage,1,67832,1,1,0.99898916
graphsage,1,4211,1,1,0.99884665
graphsage,1,34797,1,1,0.9254756
graphsage,1,260,0,0,0.19525328
graphsage,1,6929,1,1,0.97326475
graphsage,1,71265,1,1,0.9289659
graphsage,1,36582,1,1,0.9949384
graphsage,1,57922,0,0,0.00042418347
graphsage,1,26346,0,0,0.043453075
graphsage,1,27970,1,1,0.9952371
graphsage,1,48901,0,0,0.010323786
graphsage,1,20386,0,0,0.00083645043
graphsage,1,32840,1,1,0.92136276
graphsage,1,36585,1,1,0.9969398
graphsage,1,71987,1,1,0.7541036
graphsage,1,53797,1,1,0.9994116
graphsage,1,21775,1,1,0.9927105
graphsage,1,44943,0,1,0.5868957
graphsage,1,70442,0,0,0.00018672556
graphsage,1,2248,1,1,0.7541036
graphsage,1,27657,1,1,0.9833508
graphsage,1,52070,1,0,0.19298328
graphsage,1,59003,1,1,0.99992096
graphsage,1,18074,0,0,0.0035730088
graphsage,1,27473,1,0,0.03403205
graphsage,1,31828,1,1,0.8373482
graphsage,1,62051,0,0,0.07320868
graphsage,1,30982,1,1,0.99824035
graphsage,1,26210,1,1,0.9999671
graphsage,1,20569,0,0,0.01971647
graphsage,1,65928,0,0,6.647862e-05
graphsage,1,34093,1,1,0.98905635
graphsage,1,27486,1,1,0.99985456
graphsage,1,5253,0,0,0.094957456
graphsage,1,21101,0,0,0.009359263
graphsage,1,45141,1,1,0.9792325
graphsage,1,1159,1,1,0.907442
graphsage,1,33150,1,1,0.97120494
graphsage,1,52352,0,0,0.003318131
graphsage,1,36840,0,0,0.0006870663
graphsage,1,66496,0,1,0.658114
graphsage,1,58723,0,0,0.0033860996
graphsage,1,1163,0,0,0.07901126
graphsage,1,57236,1,1,0.9859184
graphsage,1,26327,1,1,0.899263
graphsage,1,18687,1,1,0.99988186
graphsage,1,53791,0,0,0.30372566
graphsage,1,22574,1,1,0.99810225
graphsage,1,13748,1,1,0.99985015
graphsage,1,12136,1,1,0.99410534
graphsage,1,39443,1,1,0.5137245
graphsage,1,25807,1,1,0.7541036
graphsage,1,55261,0,0,0.010397809
graphsage,1,27044,1,1,0.9953967
graphsage,1,46368,0,0,0.00033822423
graphsage,1,13799,0,0,0.028382188
graphsage,1,23440,0,0,0.018186355
graphsage,1,69193,1,1,0.935511
graphsage,1,60382,0,0,0.27468646
graphsage,1,19034,1,1,0.99520665
graphsage,1,17808,0,0,0.0021235058
graphsage,1,42713,0,0,0.01018677
graphsage,1,51093,0,0,0.0010823904
graphsage,1,10681,0,0,0.00054712326
graphsage,1,1229,1,1,0.7786569
graphsage,1,45045,1,1,0.95724565
graphsage,1,40416,0,0,7.0017915e-05
graphsage,1,26585,1,1,0.8040276
graphsage,1,62810,0,0,0.0018753508
graphsage,1,24494,1,1,0.90205723
graphsage,1,4314,1,1,0.5842756
graphsage,1,67316,0,0,0.010561455
graphsage,1,66299,0,0,0.01614472
graphsage,1,6509,1,1,0.9992384
graphsage,1,58186,0,0,0.00032771236
graphsage,1,6988,0,1,0.52437955
graphsage,1,3734,0,0,5.32954e-05
graphsage,1,10795,1,1,0.9968905
graphsage,1,42993,0,0,0.0073321885
graphsage,1,20640,1,1,0.9978604
graphsage,1,54537,1,1,0.50674736
graphsage,1,64417,1,0,0.46946964
graphsage,1,4308,1,1,0.998733
graphsage,1,68806,0,1,0.939614
graphsage,1,2675,1,1,0.993548
graphsage,1,37762,0,0,8.39974e-05
graphsage,1,53564,1,0,0.16060655
graphsage,1,22451,0,1,0.6659092
graphsage,1,40688,0,0,0.0008634992
graphsage,1,63858,0,0,0.0021924586
graphsage,1,33206,1,1,0.9924591
graphsage,1,28753,0,0,0.0029788779
graphsage,1,59449,1,1,0.9764138
graphsage,1,68562,1,0,0.23597609
graphsage,1,70106,1,1,0.79819286
graphsage,1,45038,0,0,0.0011270451
graphsage,1,488,0,0,0.3615971
graphsage,1,70189,0,0,0.0003435072
graphsage,1,5437,1,1,0.9997845
graphsage,1,16393,0,0,0.009739131
graphsage,1,28240,0,0,0.009940088
graphsage,1,20446,0,0,0.00512476
graphsage,1,17852,0,1,0.926672
graphsage,1,21534,1,1,0.9901287
graphsage,1,32218,0,0,0.004759826
graphsage,1,18665,1,1,0.7541036
graphsage,1,62777,1,1,0.835866
graphsage,1,24130,0,0,4.894914e-05
graphsage,1,65897,1,1,0.6452064
graphsage,1,47377,1,1,0.99990344
graphsage,1,59796,1,1,0.97589093
graphsage,1,55003,0,0,0.14317138
graphsage,1,19349,0,0,0.15210523
graphsage,1,71533,1,1,0.7746459
graphsage,1,14474,0,0,0.0019286007
graphsage,1,22384,0,0,0.0023272166
graphsage,1,33545,1,1,0.9706659
graphsage,1,17250,1,1,0.99653023
graphsage,1,54657,1,1,0.97278756
graphsage,1,43983,1,1,0.9982216
graphsage,1,62346,1,1,0.89821947
graphsage,1,32207,1,1,0.99941945
graphsage,1,29055,1,1,0.9996935
graphsage,1,51805,1,1,0.99996865
graphsage,1,68302,1,1,0.9263027
graphsage,1,17324,0,0,0.0044926093
graphsage,1,18713,0,0,0.34055063
graphsage,1,65856,1,1,0.87993306
graphsage,1,67765,1,0,0.40117636
graphsage,1,46776,1,1,0.9550946
graphsage,1,63558,1,1,0.9875481
graphsage,1,46172,1,0,0.14978926
graphsage,1,55012,1,1,0.99801093
graphsage,1,8917,0,0,0.006745021
graphsage,1,1536,0,0,0.0022622817
graphsage,1,27701,1,1,0.99895453
graphsage,1,40482,1,1,0.9996307
graphsage,1,64051,1,1,0.9672134
graphsage,1,54599,1,1,0.96449274
graphsage,1,23553,0,0,0.00054721296
graphsage,1,13002,0,1,0.8996581
graphsage,1,22912,1,1,0.9876288
graphsage,1,22926,1,1,0.9706252
graphsage,1,18511,0,0,0.010911221
graphsage,1,64892,0,0,0.24901451
graphsage,1,69296,0,0,0.003173111
graphsage,1,6158,0,0,0.0066239024
graphsage,1,43974,1,1,0.99926907
graphsage,1,33806,0,0,0.00038656392
graphsage,1,55010,0,1,0.6031143
graphsage,1,66509,1,1,0.9991874
graphsage,1,20440,0,0,0.0076907077
graphsage,1,51877,0,0,0.00039252534
graphsage,1,37581,1,1,0.99371815
graphsage,1,44393,0,0,0.0010049237
graphsage,1,23358,0,0,0.04734481
graphsage,1,28487,0,1,0.83476394
graphsage,1,9416,0,0,0.00058068417
graphsage,1,56881,1,0,0.114408925
graphsage,1,24213,1,1,0.9984694
graphsage,1,35474,1,1,0.791177
graphsage,1,46643,1,1,0.9994124
graphsage,1,45025,0,0,0.000100512334
graphsage,1,50546,1,1,0.9960503
graphsage,1,68624,0,0,0.049576867
graphsage,1,55125,0,0,0.054120544
graphsage,1,36966,0,0,0.007868797
graphsage,1,20967,0,1,0.9854881
graphsage,1,32794,1,1,0.9789604
graphsage,1,1785,1,1,0.95237356
graphsage,1,46774,1,1,0.7383443
graphsage,1,17617,1,1,0.8707418
graphsage,1,18787,1,1,0.9997719
graphsage,1,27550,1,1,0.9995875
graphsage,1,24986,0,1,0.6571345
graphsage,1,14828,0,0,0.0013033964
graphsage,1,37397,0,0,0.07630612
graphsage,1,49312,1,1,0.9976223
graphsage,1,40999,0,0,0.00047155222
graphsage,1,36884,1,1,0.9997042
graphsage,1,65967,1,1,0.9155296
graphsage,1,71492,1,1,0.9999424
graphsage,1,34951,1,1,0.9999424
graphsage,1,1223,1,1,0.9925075
graphsage,1,70119,0,0,0.0026173037
graphsage,1,20300,0,0,0.0127874715
graphsage,1,14137,0,0,0.16208318
graphsage,1,36963,1,1,0.9984882
graphsage,1,53217,1,1,0.8597607
graphsage,1,13031,1,1,0.99942446
graphsage,1,25788,0,0,0.29011253
graphsage,1,30637,1,1,0.9998678
graphsage,1,44209,1,1,0.99859756
graphsage,1,55192,0,0,0.00046090304
graphsage,1,65979,1,1,0.99009037
graphsage,1,52593,0,0,0.013125891
graphsage,1,21024,1,1,0.99915874
graphsage,1,44629,1,1,0.8134524
graphsage,1,61761,1,1,0.99036694
graphsage,1,18454,0,0,0.042385202
graphsage,1,33241,0,0,0.0022741854
graphsage,1,41570,0,1,0.5921827
graphsage,1,45533,1,1,0.99970007
graphsage,1,59138,1,1,0.99977654
graphsage,1,40732,0,0,0.072119676
graphsage,1,46257,0,0,0.007892317
graphsage,1,20986,0,1,0.8859314
graphsage,1,21289,0,0,0.00050863286
graphsage,1,71553,1,1,0.97926885
graphsage,1,29340,0,0,0.0040824767
graphsage,1,11093,1,1,0.99132526
graphsage,1,33437,1,1,0.9990319
graphsage,1,59799,0,0,0.027795361
graphsage,1,70314,0,0,0.15440647
graphsage,1,13870,1,1,0.9982889
graphsage,1,71462,1,0,0.13500816
graphsage,1,15189,1,1,0.9997446
graphsage,1,58716,1,1,0.99995923
graphsage,1,36608,0,0,5.012517e-05
graphsage,1,20928,1,1,0.986102
graphsage,1,10809,1,0,0.03160465
graphsage,1,66641,1,1,0.59293115
graphsage,1,60716,0,0,0.0024566583
graphsage,1,68603,0,0,0.00068280316
graphsage,1,20742,0,0,0.0012949173
graphsage,1,52277,1,1,0.99955755
graphsage,1,54386,1,1,0.98034954
graphsage,1,71665,1,1,0.9537527
graphsage,1,49617,1,1,0.98721606
graphsage,1,62897,0,0,0.00029636992
graphsage,1,2693,1,1,0.9985851
graphsage,1,21795,1,1,0.9968527
graphsage,1,20605,0,1,0.59664494
graphsage,1,39347,0,0,0.00011418487
graphsage,1,15848,1,1,0.9993451
graphsage,1,39657,1,1,0.9888832
graphsage,1,16007,1,1,0.99739766
graphsage,1,33753,1,1,0.99944395
graphsage,1,66136,1,1,0.993666
graphsage,1,38535,1,1,0.9995858
graphsage,1,12581,1,1,0.9934341
graphsage,1,15443,1,1,0.99988186
graphsage,1,24720,1,0,0.2720272
graphsage,1,52008,1,1,0.936618
graphsage,1,787,1,1,0.9999255
graphsage,1,68185,0,0,0.0005358048
graphsage,1,1326,0,0,0.008977831
graphsage,1,2606,0,0,0.00027527465
graphsage,1,52043,1,1,0.87256986
graphsage,1,57963,0,0,0.21433456
graphsage,1,41594,1,0,0.427453
graphsage,1,4860,1,1,0.8064085
graphsage,1,49192,1,1,0.9967499
graphsage,1,40200,1,1,0.99396354
graphsage,1,23171,1,1,0.9997849
graphsage,1,45241,0,1,0.7693157
graphsage,1,18623,0,0,0.00042605467
graphsage,1,66725,1,0,0.07632269
graphsage,1,14712,0,0,3.171687e-05
graphsage,1,10541,1,1,0.993425
graphsage,1,33879,0,0,0.0033633919
graphsage,1,23518,1,1,0.6179349
graphsage,1,53371,0,0,0.0008958085
graphsage,1,32240,1,1,0.98478556
graphsage,1,58820,0,0,0.00041913977
graphsage,1,35934,1,1,0.99990666
graphsage,1,7097,1,1,0.9227059
graphsage,1,63001,0,0,0.010462494
graphsage,1,4813,0,0,0.0001916766
graphsage,1,18428,1,1,0.999941
graphsage,1,4644,1,1,0.9824241
graphsage,1,56781,0,0,0.24185956
graphsage,1,54555,0,1,0.9042194
graphsage,1,33592,1,1,0.95851225
graphsage,1,38996,1,1,0.9994991
graphsage,1,8608,0,0,0.00014580264
graphsage,1,45212,0,0,0.015012323
graphsage,1,46116,0,0,0.006655195
graphsage,1,19258,1,1,0.99919623
graphsage,1,5216,0,1,0.8339189
graphsage,1,64980,1,1,0.99954957
graphsage,1,41757,1,1,0.99473876
graphsage,1,62850,1,1,0.97730595
graphsage,1,2305,1,1,0.98735774
graphsage,1,35411,0,0,0.038560577
graphsage,1,60202,1,1,0.7541036
graphsage,1,67891,0,0,9.3412506e-05
graphsage,1,13312,0,0,0.0007881517
graphsage,1,70279,0,0,0.025300777
graphsage,1,28645,1,1,0.9991405
graphsage,1,43867,0,0,0.2953143
graphsage,1,48594,0,0,0.17149213
graphsage,1,39959,0,0,0.00023396646
graphsage,1,27385,1,1,0.99601257
graphsage,1,71915,1,1,0.93388957
graphsage,1,18149,0,1,0.6604347
graphsage,1,7236,1,1,0.9999267
graphsage,1,8061,0,0,0.0015515005
graphsage,1,36656,0,0,0.000183232
graphsage,1,36326,1,1,0.99984086
graphsage,1,33343,1,1,0.99831843
graphsage,1,1658,1,1,0.9980019
graphsage,1,58012,1,1,0.9992004
graphsage,1,7742,0,0,0.00064102374
graphsage,1,6919,0,0,0.0044080596
graphsage,1,48772,0,0,0.18036345
graphsage,1,1122,0,0,0.114681266
graphsage,1,37020,0,0,0.009117818
graphsage,1,19832,0,0,0.0022325763
graphsage,1,65918,1,1,0.96723217
graphsage,1,41725,1,1,0.9985544
graphsage,1,40512,0,1,0.7981476
graphsage,1,64042,1,1,0.85924697
graphsage,1,57303,1,1,0.99932957
graphsage,1,39860,1,1,0.99040926
graphsage,1,2427,0,0,0.002483394
graphsage,1,18403,1,1,0.7541036
graphsage,1,38499,1,0,0.23684864
graphsage,1,55076,0,0,0.020961177
graphsage,1,66643,1,1,0.9997739
graphsage,1,51125,1,1,0.9704348
graphsage,1,12948,1,1,0.85973775
graphsage,1,27438,1,1,0.9999776
graphsage,1,56144,1,1,0.99640864
graphsage,1,24461,0,1,0.6493995
graphsage,1,46231,0,1,0.57126695
graphsage,1,10234,1,0,0.27928612
graphsage,1,50848,1,0,0.32074744
graphsage,1,31432,1,1,0.9658303
graphsage,1,22985,1,1,0.855006
graphsage,1,38739,0,0,0.0013850457
graphsage,1,26623,0,0,0.0002444376
graphsage,1,15075,0,0,0.06134074
graphsage,1,65003,0,1,0.5678492
graphsage,1,3738,1,1,0.8672083
graphsage,1,48258,0,0,0.016372718
graphsage,1,20190,0,0,0.0006358627
graphsage,1,8222,0,0,0.09329667
graphsage,1,2769,1,1,0.99996376
graphsage,1,64575,1,1,0.685561
graphsage,1,23038,1,1,0.9828924
graphsage,1,36126,0,1,0.89706624
graphsage,1,57636,0,0,0.00013259436
graphsage,1,64574,0,0,0.046552334
graphsage,1,25510,1,1,0.99433774
graphsage,1,45798,0,0,0.22961676
graphsage,1,45230,1,1,0.99903035
graphsage,1,9942,1,1,0.99934095
graphsage,1,61902,1,0,0.29144797
graphsage,1,13522,1,1,0.8873647
graphsage,1,35967,0,0,0.22210042
graphsage,1,21134,1,1,0.9995148
graphsage,1,2146,0,0,0.009894881
graphsage,1,28785,1,1,0.81484747
graphsage,1,64779,1,1,0.98894846
graphsage,1,60832,1,1,0.5329202
graphsage,1,9484,1,1,0.99996126
graphsage,1,22027,1,1,0.993327
graphsage,1,4340,1,1,0.9995055
graphsage,1,39127,1,1,0.99827635
graphsage,1,55228,0,0,0.0033087519
graphsage,1,63254,0,0,0.0339474
graphsage,1,36803,0,0,0.19951107
graphsage,1,38613,0,0,0.0012374643
graphsage,1,10259,1,1,0.9738437
graphsage,1,19987,0,0,0.00246596
graphsage,1,10973,0,0,0.24676143
graphsage,1,26360,0,0,0.0046274727
graphsage,1,71275,0,0,0.025699953
graphsage,1,24296,0,0,0.00048820928
graphsage,1,55342,1,1,0.99164045
graphsage,1,35151,1,1,0.9733901
graphsage,1,9649,1,1,0.998533
graphsage,1,44946,1,1,0.92025393
graphsage,1,70532,0,0,2.8912043e-05
graphsage,1,2484,0,0,0.48597392
graphsage,1,27555,1,1,0.9926307
graphsage,1,10028,1,1,0.99994445
graphsage,1,57602,0,0,0.087124884
graphsage,1,45295,0,0,0.017310524
graphsage,1,615,0,0,0.0019472621
graphsage,1,61934,1,1,0.9965701
graphsage,1,58220,1,1,0.9835392
graphsage,1,20403,0,0,0.07245837
graphsage,1,2939,1,1,0.99914885
graphsage,1,14720,0,0,0.0035890075
graphsage,1,63118,0,0,0.0038396718
graphsage,1,56659,0,0,0.077783726
graphsage,1,9836,1,1,0.90932256
graphsage,1,69743,0,0,0.22655505
graphsage,1,9112,1,1,0.9911315
graphsage,1,6937,1,1,0.9993517
graphsage,1,65223,0,0,0.0030445075
graphsage,1,58457,0,0,0.3591389
graphsage,1,49331,0,0,0.014296146
graphsage,1,29907,1,1,0.86510843
graphsage,1,41140,0,0,0.16277598
graphsage,1,61485,1,1,0.94688225
graphsage,1,61524,1,1,0.98566717
graphsage,1,41778,1,1,0.9969145
graphsage,1,19905,1,1,0.94196254
graphsage,1,64114,1,1,0.7975818
graphsage,1,67761,1,1,0.99219114
graphsage,1,37592,0,0,2.5512687e-05
graphsage,1,36188,1,1,0.9967738
graphsage,1,32750,0,0,0.005782017
graphsage,1,64146,1,1,0.9999335
graphsage,1,10450,1,1,0.95578045
graphsage,1,60117,1,1,0.5350266
graphsage,1,40605,1,1,0.8300189
graphsage,1,70839,1,1,0.999859
graphsage,1,71014,1,1,0.9996182
graphsage,1,15604,0,0,0.04774868
graphsage,1,53176,1,1,0.98444897
graphsage,1,6839,1,1,0.92950314
graphsage,1,51229,1,1,0.99996257
graphsage,1,7184,0,0,0.09986948
graphsage,1,33115,1,1,0.55434036
graphsage,1,21347,0,0,0.0043781404
graphsage,1,27259,0,0,0.00062247075
graphsage,1,53448,1,1,0.99532145
graphsage,1,44062,0,0,0.3008661
graphsage,1,29140,0,0,0.0031885782
graphsage,1,30715,1,1,0.9997266
graphsage,1,13814,0,0,0.42086494
graphsage,1,68747,1,1,0.94192904
graphsage,1,5212,0,0,0.00011708034
graphsage,1,67946,0,0,0.0034861665
graphsage,1,60605,1,1,0.52738667
graphsage,1,8437,1,1,0.7541036
graphsage,1,69498,0,0,0.034519836
graphsage,1,31459,0,0,0.008820559
graphsage,1,42818,1,1,0.99934334
graphsage,1,38299,1,1,0.74620277
graphsage,1,39620,1,1,0.9987657
graphsage,1,29801,0,0,0.003624507
graphsage,1,44194,0,0,0.053937953
graphsage,1,642,1,1,0.9995178
graphsage,1,15486,1,1,0.99249905
graphsage,1,47974,1,1,0.87933683
graphsage,1,49075,1,1,0.999992
graphsage,1,4377,0,0,0.0006268301
graphsage,1,10561,0,0,0.002458501
graphsage,1,66211,0,0,0.0014424915
graphsage,1,11403,1,1,0.96428275
graphsage,1,47574,0,1,0.83078295
graphsage,1,25854,1,1,0.8928045
graphsage,1,32347,1,0,0.30865017
graphsage,1,64712,0,0,0.0012871908
graphsage,1,49375,1,1,0.9938643
graphsage,1,9908,1,1,0.77324
graphsage,1,20530,0,0,0.00029302508
graphsage,1,44850,1,1,0.96395034
graphsage,1,8831,1,1,0.9997557
graphsage,1,17217,1,0,0.12742178
graphsage,1,69911,1,1,0.95705837
graphsage,1,4727,1,1,0.93847454
graphsage,1,31274,1,1,0.5084133
graphsage,1,44447,1,0,0.19374299
graphsage,1,35790,1,0,0.053085573
graphsage,1,46370,0,0,0.043576166
graphsage,1,28484,0,0,0.002801934
graphsage,1,28040,0,0,0.10038746
graphsage,1,2495,1,1,0.9759521
graphsage,1,26736,0,0,0.15432474
graphsage,1,65149,0,0,0.30920032
graphsage,1,59945,1,1,0.97299904
graphsage,1,21351,1,1,0.97389495
graphsage,1,20785,1,1,0.999778
graphsage,1,26581,0,0,0.012567108
graphsage,1,52761,0,0,0.008931161
graphsage,1,44080,1,1,0.944139
graphsage,1,55533,1,1,0.9964288
graphsage,1,21673,0,0,2.2625632e-05
graphsage,1,3312,1,1,0.8189975
graphsage,1,4270,0,0,0.0066629383
graphsage,1,35121,0,1,0.99633324
graphsage,1,58989,1,1,0.9794692
graphsage,1,25385,0,0,0.01909273
graphsage,1,42001,0,0,0.014696197
graphsage,1,20882,1,0,0.41961876
graphsage,1,62929,0,0,0.04402664
graphsage,1,46471,1,1,0.9981141
graphsage,1,7486,0,0,0.023858204
graphsage,1,3757,1,1,0.98454607
graphsage,1,31160,0,0,6.874084e-05
graphsage,1,62544,1,0,0.46151143
graphsage,1,9714,0,0,0.04708862
graphsage,1,41272,0,0,0.0048221326
graphsage,1,68716,1,1,0.99988174
graphsage,1,54390,1,1,0.6983516
graphsage,1,9473,0,0,0.033249564
graphsage,1,24882,0,0,0.0005599012
graphsage,1,26773,1,1,0.9983259
graphsage,1,50471,1,1,0.9886594
graphsage,1,36924,0,0,0.069878995
graphsage,1,27962,1,1,0.99936515
graphsage,1,7254,0,0,0.12304009
graphsage,1,46779,0,0,0.1316272
graphsage,1,4965,0,0,0.039454408
graphsage,1,20113,0,0,9.885836e-05
graphsage,1,37250,0,0,0.005887808
graphsage,1,3704,0,1,0.76723135
graphsage,1,54069,1,1,0.9989661
graphsage,1,43068,1,1,0.9998673
graphsage,1,6441,1,1,0.7541036
graphsage,1,63592,0,1,0.6711106
graphsage,1,24478,1,1,0.9970312
graphsage,1,37493,1,1,0.9403082
graphsage,1,36706,1,1,0.99915683
graphsage,1,59139,1,1,0.99120075
graphsage,1,3854,1,1,0.98961616
graphsage,1,16711,0,0,0.0020237097
graphsage,1,5874,0,0,0.0012853423
graphsage,1,43894,0,1,0.94500583
graphsage,1,38643,0,0,0.012446096
graphsage,1,53832,0,0,0.031158697
graphsage,1,44860,1,1,0.9987142
graphsage,1,48887,1,1,0.7541036
graphsage,1,47568,1,1,0.99989235
graphsage,1,18586,1,1,0.9996482
graphsage,1,19656,1,1,0.9999274
graphsage,1,24537,1,1,0.94588995
graphsage,1,34761,1,1,0.99982315
graphsage,1,63807,0,0,0.12859604
graphsage,1,41399,0,0,0.01342372
graphsage,1,10037,0,0,0.14939962
graphsage,1,51743,1,1,0.7541036
graphsage,1,71417,0,0,8.659456e-05
graphsage,1,50708,1,1,0.9783835
graphsage,1,60816,1,1,0.9938386
graphsage,1,36576,0,1,0.7863238
graphsage,1,44115,1,1,0.9904578
graphsage,1,16405,0,0,0.023636537
graphsage,1,11997,1,1,0.9943902
graphsage,1,21028,0,0,0.026129935
graphsage,1,28597,1,0,0.35936618
graphsage,1,47133,1,1,0.9846884
graphsage,1,27619,1,1,0.7853498
graphsage,1,26645,0,0,0.066700965
graphsage,1,50168,0,0,0.021717163
graphsage,1,69755,1,1,0.70536435
graphsage,1,69212,0,0,0.11118596
graphsage,1,18104,1,1,0.5361766
graphsage,1,64332,1,1,0.6196757
graphsage,1,67038,1,1,0.9888657
graphsage,1,42678,0,0,0.008702749
graphsage,1,5109,0,0,0.013782486
graphsage,1,35242,1,0,0.43787664
graphsage,1,56820,1,1,0.99992096
graphsage,1,23908,1,1,0.98448414
graphsage,1,60067,0,0,3.771139e-05
graphsage,1,12551,1,1,0.9724782
graphsage,1,25171,1,1,0.97675157
graphsage,1,33059,0,0,0.005362154
graphsage,1,54174,1,1,0.9996289
graphsage,1,5150,1,1,0.9970477
graphsage,1,69520,1,0,0.07173497
graphsage,1,35580,1,1,0.9726993
graphsage,1,4808,1,1,0.9996779
graphsage,1,38232,0,0,0.002052114
graphsage,1,44624,0,0,0.0010221067
graphsage,1,27227,1,0,0.35805538
graphsage,1,47473,1,1,0.99937326
graphsage,1,52668,1,1,0.9999118
graphsage,1,66605,1,1,0.9812501
graphsage,1,28309,1,1,0.9794931
graphsage,1,46474,0,0,0.004428772
graphsage,1,9304,0,0,3.7681628e-05
graphsage,1,5084,1,1,0.65427715
graphsage,1,47549,0,0,0.065681286
graphsage,1,12829,1,0,0.14816155
graphsage,1,19032,1,1,0.9999548
graphsage,1,13922,0,0,0.062395345
graphsage,1,37697,1,1,0.9961139
graphsage,1,23410,1,1,0.9939978
graphsage,1,64406,1,1,0.99949026
graphsage,1,9522,1,1,0.9289108
graphsage,1,44434,0,1,0.5723411
graphsage,1,26994,0,0,0.00045561304
graphsage,1,20746,1,1,0.99917275
graphsage,1,60958,1,1,0.93508947
graphsage,1,32111,0,0,0.0027312394
graphsage,1,58786,1,1,0.9948757
graphsage,1,29181,1,1,0.93938684
graphsage,1,67321,0,0,0.008225872
graphsage,1,54481,1,1,0.99448436
graphsage,1,53968,1,1,0.89743716
graphsage,1,40418,0,0,0.03879378
graphsage,1,33851,0,0,0.012505453
graphsage,1,56258,1,0,0.31209475
graphsage,1,16134,0,0,0.3277436
graphsage,1,11010,1,1,0.99889815
graphsage,1,343,0,1,0.7078499
graphsage,1,57816,1,1,0.9990294
graphsage,1,52487,1,1,0.9945147
graphsage,1,18297,0,0,0.0005448605
graphsage,1,38076,1,1,0.9961773
graphsage,1,19850,0,0,0.09467805
graphsage,1,31784,0,0,0.0025883387
graphsage,1,59074,0,1,0.80361146
graphsage,1,22116,0,0,0.12753648
graphsage,1,9361,1,1,0.9879923
graphsage,1,50321,1,0,0.48916057
graphsage,1,61887,0,0,3.371715e-05
graphsage,1,7585,1,1,0.99987423
graphsage,1,10650,1,1,0.7433542
graphsage,1,61200,1,1,0.69808483
graphsage,1,69293,1,1,0.994662
graphsage,1,21701,1,1,0.98843354
graphsage,1,32233,0,0,0.0007654444
graphsage,1,66015,0,0,0.399783
graphsage,1,64770,1,1,0.99978536
graphsage,1,7373,1,1,0.9996238
graphsage,1,63626,1,1,0.89547247
graphsage,1,60530,1,1,0.9991223
graphsage,1,51355,0,0,0.026382653
graphsage,1,38154,0,0,0.0015568475
graphsage,1,54860,1,1,0.9989625
graphsage,1,70951,1,1,0.87395555
graphsage,1,7628,1,1,0.99615955
graphsage,1,21170,0,0,0.40417454
graphsage,1,27809,1,1,0.9998927
graphsage,1,55163,0,0,0.07485057
graphsage,1,37891,1,1,0.9788376
graphsage,1,29083,0,0,0.18670261
graphsage,1,39967,1,1,0.9997342
graphsage,1,55262,0,0,0.008175559
graphsage,1,62049,1,1,0.99944955
graphsage,1,9858,1,1,0.7541036
graphsage,1,7068,1,1,0.9913555
graphsage,1,16593,0,0,0.0021965373
graphsage,1,22454,0,0,0.00085347245
graphsage,1,7920,1,1,0.9999907
graphsage,1,9095,1,1,0.99986374
graphsage,1,32485,0,0,0.00019988383
graphsage,1,69749,1,1,0.71219045
graphsage,1,2456,1,1,0.9998579
graphsage,1,24180,1,1,0.9998652
graphsage,1,29119,0,0,0.14312252
graphsage,1,55806,0,1,0.72825605
graphsage,1,26215,1,0,0.09117389
graphsage,1,69381,1,1,0.9986273
graphsage,1,68502,0,1,0.7336388
graphsage,1,35704,0,0,0.000104403305
graphsage,1,5800,0,0,0.09320214
graphsage,1,64434,1,1,0.9991322
graphsage,1,5602,0,0,0.036889285
graphsage,1,2736,0,0,0.03838481
graphsage,1,17532,0,0,0.37057588
graphsage,1,43771,1,1,0.9999856
graphsage,1,41756,0,0,0.080333866
graphsage,1,4343,1,1,0.8421966
graphsage,1,40780,0,0,0.0036275925
graphsage,1,7867,0,0,0.13072243
graphsage,1,70319,1,1,0.80335647
graphsage,1,63447,0,0,0.04262713
graphsage,1,6171,0,0,0.0007644745
graphsage,1,18658,1,1,0.9975032
graphsage,1,27022,1,1,0.9986374
graphsage,1,15084,1,1,0.99981385
graphsage,1,11828,1,1,0.9998123
graphsage,1,66468,1,1,0.9843098
graphsage,1,37154,0,0,0.00011195843
graphsage,1,66538,0,0,0.0027807846
graphsage,1,68410,0,0,0.00021254987
graphsage,1,49035,0,0,0.0155487275
graphsage,1,35747,1,1,0.9957718
graphsage,1,36203,0,0,0.42145157
graphsage,1,40550,0,0,0.05354824
graphsage,1,23143,0,0,0.066871785
graphsage,1,31473,1,0,0.079747744
graphsage,1,49604,0,0,0.00048340927
graphsage,1,68724,1,0,0.26228437
graphsage,1,64284,0,0,0.05436168
graphsage,1,12009,0,0,0.40118125
graphsage,1,42845,1,1,0.941139
graphsage,1,29646,0,0,0.0009100422
graphsage,1,36997,1,1,0.9975055
graphsage,1,8310,0,0,0.0023321274
graphsage,1,66250,1,1,0.99508226
graphsage,1,69140,0,1,0.9752787
graphsage,1,49838,1,1,0.95582545
graphsage,1,70903,0,0,0.004796046
graphsage,1,26477,1,0,0.1271354
graphsage,1,11905,0,0,0.00022572154
graphsage,1,30812,1,1,0.9995881
graphsage,1,8735,0,0,0.0035397643
graphsage,1,31138,0,0,0.14296041
graphsage,1,13199,0,0,0.47187787
graphsage,1,60988,1,1,0.9998807
graphsage,1,64103,0,0,0.000860835
graphsage,1,52167,0,0,0.023688326
graphsage,1,22928,1,0,0.4113389
graphsage,1,20989,1,1,0.9961708
graphsage,1,4306,0,0,0.00043177613
graphsage,1,54857,0,0,0.070867546
graphsage,1,51574,1,1,0.9836466
graphsage,1,24663,1,1,0.9986816
graphsage,1,16648,1,1,0.999966
graphsage,1,3101,0,0,0.1054958
graphsage,1,10139,0,1,0.64699185
graphsage,1,8872,0,0,0.0019310456
graphsage,1,37880,0,0,0.0042787464
graphsage,1,4345,1,1,0.9986333
graphsage,1,14643,0,0,0.06935184
graphsage,1,16835,0,0,0.0076715862
graphsage,1,65871,0,0,0.056251746
graphsage,1,15626,0,0,0.021652712
graphsage,1,15542,0,0,0.0003729282
graphsage,1,36838,1,1,0.9919139
graphsage,1,42293,0,0,0.00037354036
graphsage,1,23694,0,0,0.002535988
graphsage,1,50337,0,0,0.0011938212
graphsage,1,70955,0,0,0.012420067
graphsage,1,11371,0,0,0.0011641696
graphsage,1,66503,0,0,0.0058754906
graphsage,1,22633,1,1,0.5190805
graphsage,1,61198,1,1,0.5096148
graphsage,1,29768,0,0,0.40155897
graphsage,1,14577,0,0,0.007929793
graphsage,1,42129,1,1,0.99852306
graphsage,1,22501,1,1,0.97675586
graphsage,1,9721,0,0,0.0003777672
graphsage,1,9403,0,0,0.0016239361
graphsage,1,57234,1,1,0.7233992
graphsage,1,60817,0,0,0.043914985
graphsage,1,31868,1,1,0.996139
graphsage,1,30493,1,1,0.9812501
graphsage,1,23466,0,0,0.00043752286
graphsage,1,8083,0,0,0.012177654
graphsage,1,36748,1,1,0.63820827
graphsage,1,8055,0,0,0.0061733467
graphsage,1,33655,0,0,0.003979678
graphsage,1,50159,1,1,0.96945524
graphsage,1,18855,1,1,0.9997291
graphsage,1,70400,1,1,0.7541036
graphsage,1,36614,1,1,0.9971859
graphsage,1,15432,1,1,0.9994991
graphsage,1,62348,1,1,0.98161924
graphsage,1,15822,0,0,0.00258162
graphsage,1,34585,0,0,0.00053994235
graphsage,1,39240,0,0,0.10503537
graphsage,1,8968,1,1,0.99994385
graphsage,1,42516,1,1,0.99742633
graphsage,1,18846,1,1,0.9999547
graphsage,1,67682,1,1,0.99986243
graphsage,1,15179,1,1,0.999469
graphsage,1,20732,1,1,0.7476404
graphsage,1,3532,1,1,0.9442475
graphsage,1,38587,0,0,0.00050559774
graphsage,1,41431,0,0,2.4841522e-06
graphsage,1,58533,0,0,0.0016628116
graphsage,1,16368,0,0,0.00266655
graphsage,1,50285,1,1,0.8753515
graphsage,1,16751,1,1,0.99778795
graphsage,1,55524,1,1,0.99160576
graphsage,1,49478,1,1,0.9921685
graphsage,1,56055,0,0,0.00044427364
graphsage,1,8044,0,0,0.0063027283
graphsage,1,66516,1,0,0.09269821
graphsage,1,24727,1,1,0.5286817
graphsage,1,35077,1,1,0.7541036
graphsage,1,49573,0,0,0.004926915
graphsage,1,30663,1,1,0.99449486
graphsage,1,17504,0,0,0.010200125
graphsage,1,1674,1,1,0.65022373
graphsage,1,66747,0,0,0.00016615042
graphsage,1,52047,1,1,0.99959797
graphsage,1,1594,1,1,0.9993394
graphsage,1,50817,1,1,0.99998724
graphsage,1,44119,0,0,0.32055813
graphsage,1,2134,0,0,0.064870246
graphsage,1,35315,1,1,0.9328594
graphsage,1,59319,0,0,0.012636658
graphsage,1,57383,1,1,0.99332315
graphsage,1,28337,1,1,0.9979492
graphsage,1,48690,1,1,0.9920548
graphsage,1,35662,1,1,0.8730103
graphsage,1,54986,1,1,0.7541036
graphsage,1,67201,0,0,0.1124592
graphsage,1,32116,1,1,0.9930988
graphsage,1,72003,1,1,0.9999393
graphsage,1,30255,1,1,0.92380655
graphsage,1,68282,0,0,0.00023683344
graphsage,1,60481,1,1,0.9479591
graphsage,1,46772,1,0,0.45131978
graphsage,1,20176,1,1,0.99958915
graphsage,1,5321,0,0,0.0053989105
graphsage,1,18071,0,0,0.0008241918
graphsage,1,67428,1,1,0.9764132
graphsage,1,62628,1,1,0.9765711
graphsage,1,19551,1,1,0.7541036
graphsage,1,6127,1,0,0.08210188
graphsage,1,69151,0,0,0.29338068
graphsage,1,32742,0,0,0.0001860481
graphsage,1,9143,1,1,0.92745787
graphsage,1,294,1,1,0.9819213
graphsage,1,47901,0,0,0.0028494177
graphsage,1,53254,0,0,0.02624828
graphsage,1,68303,1,1,0.9998332
graphsage,1,15398,0,0,0.00031301007
graphsage,1,53814,0,0,0.05436691
graphsage,1,29812,0,0,0.009772481
graphsage,1,24575,1,1,0.9996935
graphsage,1,70785,1,1,0.9999957
graphsage,1,7907,0,0,0.28415337
graphsage,1,37313,0,0,0.0033996112
graphsage,1,37700,1,1,0.99505424
graphsage,1,25286,0,0,0.006381424
graphsage,1,28364,1,1,0.8990992
graphsage,1,42377,0,1,0.8404065
graphsage,1,60310,0,1,0.5783703
graphsage,1,39472,1,1,0.65106565
graphsage,1,59837,0,0,0.114136465
graphsage,1,5781,1,1,0.8826696
graphsage,1,18945,0,0,9.897927e-06
graphsage,1,52563,0,0,0.3622078
graphsage,1,40228,1,1,0.70137304
graphsage,1,15160,0,0,0.0065555233
graphsage,1,42544,1,1,0.99917895
graphsage,1,55972,0,0,0.01897019
graphsage,1,60168,1,1,0.5406053
graphsage,1,12424,1,1,0.98266095
graphsage,1,51820,0,0,0.0009410855
graphsage,1,25620,0,0,0.4716569
graphsage,1,53516,1,1,0.99992454
graphsage,1,44352,1,1,0.9936098
graphsage,1,70336,0,0,0.068929315
graphsage,1,20522,1,1,0.85198367
graphsage,1,42205,1,1,0.9976737
graphsage,1,66144,1,0,0.2244787
graphsage,1,63067,0,0,0.1685803
graphsage,1,23801,0,0,0.00016502482
graphsage,1,33800,1,1,0.99813336
graphsage,1,26986,0,0,0.00016876085
graphsage,1,64442,1,0,0.3435542
graphsage,1,20702,1,1,0.99188274
graphsage,1,47794,0,0,0.002294627
graphsage,1,56341,0,0,0.00012856365
graphsage,1,1316,1,1,0.95922154
graphsage,1,21233,0,1,0.5936248
graphsage,1,41373,1,0,0.44179472
graphsage,1,45254,1,1,0.98289055
graphsage,1,2525,1,1,0.9879875
graphsage,1,16493,1,1,0.83646315
graphsage,1,28569,0,1,0.892208
graphsage,1,20803,1,1,0.8181349
graphsage,1,23494,1,1,0.7541036
graphsage,1,24443,0,0,0.07900406
graphsage,1,41283,1,1,0.9972926
graphsage,1,41636,0,1,0.7717834
graphsage,1,66357,0,0,0.0051832963
graphsage,1,68046,1,1,0.9942221
graphsage,1,42276,1,1,0.9992982
graphsage,1,3663,0,0,0.08966802
graphsage,1,64788,1,1,0.99590164
graphsage,1,54316,1,0,0.3469454
graphsage,1,13459,0,0,0.15185268
graphsage,1,34467,0,0,0.0260297
graphsage,1,17555,0,0,2.2884386e-05
graphsage,1,4677,0,0,0.0016914255
graphsage,1,53764,1,1,0.99342763
graphsage,1,25559,1,1,0.9939135
graphsage,1,71154,1,1,0.9320048
graphsage,1,62699,0,0,0.0036717118
graphsage,1,49762,0,0,0.017834116
graphsage,1,25962,0,0,0.022984533
graphsage,1,22721,1,1,0.9946957
graphsage,1,56975,0,0,0.018296704
graphsage,1,29533,0,0,0.05963622
graphsage,1,47218,1,1,0.9873088
graphsage,1,50095,0,0,0.0030172048
graphsage,1,17337,0,0,0.00014791009
graphsage,1,13066,1,1,0.9995803
graphsage,1,28465,0,0,0.05931707
graphsage,1,21559,0,0,0.0009346714
graphsage,1,9662,0,0,5.7741283e-05
graphsage,1,55025,0,0,0.004494092
graphsage,1,11379,1,1,0.9994579
graphsage,1,3799,1,1,0.9241814
graphsage,1,29286,1,1,0.9989054
graphsage,1,9605,1,1,0.8122862
graphsage,1,5314,0,0,0.025575252
graphsage,1,55919,1,1,0.99390054
graphsage,1,17034,1,1,0.99927133
graphsage,1,11736,0,0,0.02014792
graphsage,1,3419,0,0,0.00022737525
graphsage,1,65572,1,1,0.99342936
graphsage,1,27812,1,1,0.9989298
graphsage,1,62467,0,1,0.8927812
graphsage,1,48242,1,1,0.97365123
graphsage,1,58350,1,1,0.8452313
graphsage,1,3525,0,0,0.15480018
graphsage,1,62174,0,0,0.00074047345
graphsage,1,59163,0,0,0.30428556
graphsage,1,32881,0,0,0.36777747
graphsage,1,31875,1,1,0.9969733
graphsage,1,69102,0,0,0.013037131
graphsage,1,42337,1,1,0.95101935
graphsage,1,6972,1,1,0.95046043
graphsage,1,3448,1,1,0.99898607
graphsage,1,59546,1,1,0.8588604
graphsage,1,29144,1,1,0.99108934
graphsage,1,34414,1,1,0.9996898
graphsage,1,44186,1,1,0.9999684
graphsage,1,68076,0,0,0.00031076305
graphsage,1,63585,1,1,0.99215263
graphsage,1,62758,1,1,0.9181466
graphsage,1,26438,0,0,0.21255264
graphsage,1,46758,0,1,0.80768
graphsage,1,13148,1,1,0.9865253
graphsage,1,45762,1,1,0.54899126
graphsage,1,56484,0,1,0.7659745
graphsage,1,70378,0,0,0.06600176
graphsage,1,12850,0,0,0.0026129992
graphsage,1,38223,0,0,0.009148474
graphsage,1,50415,1,1,0.9988814
graphsage,1,39379,0,0,0.010269837
graphsage,1,37711,0,0,0.0033974873
graphsage,1,12611,0,0,0.00089890463
graphsage,1,14733,0,0,0.0038552464
graphsage,1,25547,1,1,0.86513656
graphsage,1,10997,0,0,0.016274925
graphsage,1,220,1,1,0.96599793
graphsage,1,71548,0,0,0.03716952
graphsage,1,20911,1,1,0.9989542
graphsage,1,65449,1,1,0.99997425
graphsage,1,45135,1,1,0.8875263
graphsage,1,36366,0,0,9.559315e-05
graphsage,1,54585,0,0,0.00020138592
graphsage,1,213,0,0,0.031939656
graphsage,1,25274,0,1,0.9978811
graphsage,1,41036,0,0,0.053951822
graphsage,1,7913,0,0,0.007890282
graphsage,1,10045,1,0,0.34084585
graphsage,1,70573,1,1,0.9453673
graphsage,1,53183,0,0,0.18032545
graphsage,1,61247,1,1,0.99019706
graphsage,1,2972,1,0,0.3795354
graphsage,1,4446,0,1,0.7292205
graphsage,1,16307,1,1,0.9867122
graphsage,1,49976,1,1,0.9952884
graphsage,1,18289,0,0,0.0016128877
graphsage,1,56800,0,0,0.0013486858
graphsage,1,70989,1,1,0.9999914
graphsage,1,13711,0,0,0.07535054
graphsage,1,9991,0,1,0.9190011
graphsage,1,47252,0,0,0.32541004
graphsage,1,68383,1,1,0.91436654
graphsage,1,18129,0,0,0.0040686266
graphsage,1,60467,1,1,0.9991015
graphsage,1,946,0,0,0.17240441
graphsage,1,54138,1,1,0.9962315
graphsage,1,31949,1,1,0.955844
graphsage,1,22984,0,0,0.0062728296
graphsage,1,39788,1,1,0.995559
graphsage,1,46967,1,1,0.87897116
graphsage,1,43199,1,1,0.99994874
graphsage,1,58897,1,1,0.9981012
graphsage,1,51464,1,1,0.8057157
graphsage,1,11039,1,1,0.99889237
graphsage,1,9256,1,1,0.9150208
graphsage,1,27777,1,1,0.9999696
graphsage,1,39495,0,0,0.0013591249
graphsage,1,8830,1,1,0.9065964
graphsage,1,3298,0,0,0.006541837
graphsage,1,30714,1,1,0.8799067
graphsage,1,69758,1,1,0.6954642
graphsage,1,60405,1,1,0.91486204
graphsage,1,53958,1,1,0.99899215
graphsage,1,59989,1,1,0.9980673
graphsage,1,69414,1,1,0.99987555
graphsage,1,53441,1,1,0.5257809
graphsage,1,54320,1,1,0.9952218
graphsage,1,26174,1,1,0.997703
graphsage,1,60436,1,0,0.1019713
graphsage,1,58793,1,1,0.9998481
graphsage,1,27144,1,1,0.9983589
graphsage,1,9428,0,0,0.0061931782
graphsage,1,14123,1,1,0.99992526
graphsage,1,6584,1,1,0.9988978
graphsage,1,11265,0,0,6.5239287e-06
graphsage,1,64110,1,1,0.981093
graphsage,1,66480,0,1,0.8883719
graphsage,1,63594,1,0,0.44584125
graphsage,1,44289,0,0,0.070989974
graphsage,1,23426,0,0,0.162972
graphsage,1,39764,1,1,0.9157413
graphsage,1,48022,0,0,0.0040579247
graphsage,1,48672,0,1,0.6692127
graphsage,1,6814,1,1,0.9976768
graphsage,1,58967,1,1,0.9959914
graphsage,1,9956,1,0,0.4206026
graphsage,1,6027,0,0,0.041001257
graphsage,1,924,1,1,0.53998554
graphsage,1,60254,1,1,0.9957677
graphsage,1,4979,1,1,0.97101843
graphsage,1,38027,1,1,0.9981238
graphsage,1,70682,0,0,0.0018104833
graphsage,1,45323,0,0,0.07250156
graphsage,1,27917,1,1,0.9999498
graphsage,1,14964,1,1,0.99771726
graphsage,1,24020,0,0,0.08859672
graphsage,1,68859,1,1,0.9832365
graphsage,1,30592,1,1,0.8307264
graphsage,1,69309,0,0,0.12673278
graphsage,1,23179,0,0,0.003213995
graphsage,1,48569,1,1,0.98488903
graphsage,1,69376,1,1,0.98078936
graphsage,1,31015,0,0,0.012205176
graphsage,1,65373,1,1,0.9970714
graphsage,1,19397,1,1,0.9822083
graphsage,1,53772,1,1,0.9993144
graphsage,1,6879,0,0,0.0096205175
graphsage,1,42188,1,1,0.8409122
graphsage,1,17761,0,0,0.00021910838
graphsage,1,57691,0,0,0.09065606
graphsage,1,16076,1,1,0.9933503
graphsage,1,41672,1,1,0.7835985
graphsage,1,41476,0,0,0.08667796
graphsage,1,69941,0,0,0.11593112
graphsage,1,52435,0,0,0.0048128054
graphsage,1,67823,0,0,0.00069295993
graphsage,1,63348,0,0,0.0022286102
graphsage,1,52372,1,1,0.99709845
graphsage,1,45503,0,0,0.03133997
graphsage,1,57116,0,1,0.6110542
graphsage,1,56082,0,0,0.00059845974
graphsage,1,40586,0,0,0.0021624425
graphsage,1,16014,0,0,0.02320971
graphsage,1,11085,1,0,0.21538587
graphsage,1,71004,0,1,0.95029616
graphsage,1,22549,1,1,0.95965487
graphsage,1,25068,1,1,0.9952199
graphsage,1,2385,0,1,0.8077925
graphsage,1,18126,0,0,0.00020041493
graphsage,1,12026,0,1,0.66064143
graphsage,1,59183,0,0,0.0009786828
graphsage,1,8180,1,1,0.98708665
graphsage,1,64386,0,0,0.00033252058
graphsage,1,51869,1,1,0.9786573
graphsage,1,43793,1,1,0.7650528
graphsage,1,31476,0,0,0.008117285
graphsage,1,49171,1,1,0.9998124
graphsage,1,69392,0,0,9.060346e-05
graphsage,1,67113,0,0,0.14125012
graphsage,1,25673,1,1,0.99989927
graphsage,1,66189,1,1,0.617475
graphsage,1,24176,0,0,0.4120103
graphsage,1,10872,1,1,0.9932197
graphsage,1,49351,1,1,0.9839318
graphsage,1,69835,1,1,0.9994568
graphsage,1,53146,0,0,0.00022389296
graphsage,1,35150,0,0,0.0022651292
graphsage,1,40199,0,0,0.0059227846
graphsage,1,40430,1,1,0.9999751
graphsage,1,2785,0,0,0.010048876
graphsage,1,41419,0,0,0.04567364
graphsage,1,41875,1,1,0.70350224
graphsage,1,13200,1,1,0.9775239
graphsage,1,26456,1,0,0.4170477
graphsage,1,28030,0,0,0.00010499405
graphsage,1,63568,1,1,0.99869883
graphsage,1,38538,1,1,0.5782705
graphsage,1,15841,1,1,0.8987082
graphsage,1,46660,0,0,0.0076880264
graphsage,1,58949,1,1,0.90615857
graphsage,1,51923,0,0,0.00042564468
graphsage,1,25341,0,0,0.002318373
graphsage,1,68759,1,1,0.5576781
graphsage,1,35011,0,0,0.0064433143
graphsage,1,58519,1,1,0.9999418
graphsage,1,57705,1,1,0.8562887
graphsage,1,60152,0,0,0.10623984
graphsage,1,12192,0,0,0.026036823
graphsage,1,36669,1,0,0.3692232
graphsage,1,3214,0,0,0.0016936854
graphsage,1,12835,1,1,0.99963844
graphsage,1,50036,1,1,0.9496335
graphsage,1,13503,1,1,0.99980325
graphsage,1,61309,0,0,0.23178393
graphsage,1,57630,0,0,0.05449474
graphsage,1,39730,0,1,0.50813824
graphsage,1,19728,1,1,0.99550015
graphsage,1,27713,0,0,0.022617113
graphsage,1,71853,0,0,0.00299225
graphsage,1,36059,1,1,0.960133
graphsage,1,26706,0,0,0.10577695
graphsage,1,61585,0,0,0.0006830986
graphsage,1,10372,1,1,0.98805076
graphsage,1,66452,0,0,0.04273779
graphsage,1,32187,0,0,0.13849677
graphsage,1,567,0,0,0.05680496
graphsage,1,67880,0,0,0.00070060533
graphsage,1,71811,1,1,0.78017
graphsage,1,48176,1,1,0.999223
graphsage,1,49036,1,1,0.98018575
graphsage,1,41363,0,0,0.0027734132
graphsage,1,56572,0,1,0.81789017
graphsage,1,65225,0,0,0.27703094
graphsage,1,70403,0,1,0.8620674
graphsage,1,65148,1,1,0.9909916
graphsage,1,47770,0,1,0.69636756
graphsage,1,31671,1,1,0.98304844
graphsage,1,47680,1,1,0.9989998
graphsage,1,48523,0,0,0.005146013
graphsage,1,58922,1,1,0.7689039
graphsage,1,39665,0,0,0.014488294
graphsage,1,8706,1,1,0.9944258
graphsage,1,45333,0,0,0.035240896
graphsage,1,29331,0,0,0.00017488854
graphsage,1,19807,0,0,0.0003461742
graphsage,1,43414,0,1,0.79014844
graphsage,1,48545,1,1,0.95013434
graphsage,1,33952,0,0,0.017638464
graphsage,1,60072,0,0,0.0021440582
graphsage,1,37636,1,1,0.97224045
graphsage,1,13050,0,0,0.012073819
graphsage,1,40466,0,1,0.5956116
graphsage,1,22129,0,0,0.2395888
graphsage,1,30001,1,0,0.3900916
graphsage,1,12150,1,1,0.9996518
graphsage,1,67985,1,1,0.9984168
graphsage,1,10678,1,0,0.020688185
graphsage,1,15617,1,1,0.9998958
graphsage,1,31115,1,1,0.98739517
graphsage,1,38934,0,0,0.0044175964
graphsage,1,64193,0,1,0.9440081
graphsage,1,59790,1,1,0.99973077
graphsage,1,17132,0,0,0.059084635
graphsage,1,59542,0,0,0.017321493
graphsage,1,47397,1,1,0.9990646
graphsage,1,24185,1,1,0.99950004
graphsage,1,59230,1,1,0.99998415
graphsage,1,44055,0,0,7.3414216e-05
graphsage,1,1855,0,0,0.052961778
graphsage,1,22970,0,0,0.016898856
graphsage,1,57784,0,0,0.0026829038
graphsage,1,18810,1,1,0.99854726
graphsage,1,57947,1,0,0.04855439
graphsage,1,24879,0,0,0.0004905358
graphsage,1,51725,0,0,0.003979678
graphsage,1,24527,0,1,0.86760896
graphsage,1,52439,1,1,0.9999629
graphsage,1,16643,0,0,0.0010712174
graphsage,1,15668,0,0,0.0058633145
graphsage,1,11026,0,0,0.04139032
graphsage,1,21884,0,1,0.8106397
graphsage,1,2813,1,1,0.8697786
graphsage,1,7767,1,1,0.9999691
graphsage,1,68095,0,0,0.06216056
graphsage,1,68196,1,1,0.999762
graphsage,1,63291,1,1,0.9886817
graphsage,1,10138,0,0,0.0073999953
graphsage,1,29066,1,1,0.99382496
graphsage,1,2764,0,0,4.2639822e-05
graphsage,1,53837,1,1,0.997502
graphsage,1,4495,0,0,0.004289153
graphsage,1,38541,0,0,0.048195682
graphsage,1,47828,0,0,0.00026195846
graphsage,1,7487,1,1,0.96081096
graphsage,1,4258,1,1,0.95144933
graphsage,1,4418,0,0,0.060479295
graphsage,1,3321,1,1,0.6218661
graphsage,1,23714,0,0,0.0012557493
graphsage,1,69272,0,0,0.04287638
graphsage,1,26348,0,0,0.00019764339
graphsage,1,54307,0,0,0.00023986427
graphsage,1,55947,0,0,0.0071056066
graphsage,1,66738,1,1,0.9401611
graphsage,1,20247,0,0,1.7333727e-05
graphsage,1,38962,0,0,0.0025225997
graphsage,1,47275,0,0,0.00019945017
graphsage,1,16732,1,1,0.9999969
graphsage,1,48335,1,1,0.86510843
graphsage,1,60565,1,1,0.983928
graphsage,1,48680,0,0,0.0009356274
graphsage,1,3495,1,1,0.87048465
graphsage,1,48211,0,0,0.025985029
graphsage,1,27587,1,1,0.992038
graphsage,1,38848,1,1,0.728454
graphsage,1,25756,1,1,0.85661405
graphsage,1,69079,1,1,0.9469233
graphsage,1,11761,1,1,0.99054116
graphsage,1,48329,1,1,0.9973833
graphsage,1,10853,0,0,0.0010381888
graphsage,1,60374,0,0,7.687498e-05
graphsage,1,1949,1,1,0.9485857
graphsage,1,523,0,0,0.00020471585
graphsage,1,69282,0,0,0.07937879
graphsage,1,66763,1,1,0.9999099
graphsage,1,12488,1,1,0.99975985
graphsage,1,30791,0,0,0.18136339
graphsage,1,64365,1,0,0.09126415
graphsage,1,42091,0,0,0.0038035621
graphsage,1,61439,0,0,0.005761312
graphsage,1,5405,1,1,0.9999814
graphsage,1,38667,1,1,0.9993931
graphsage,1,24616,0,0,0.008713155
graphsage,1,23830,1,1,0.9832849
graphsage,1,11586,1,1,0.99924755
graphsage,1,566,1,1,0.99899286
graphsage,1,18052,1,1,0.99806994
graphsage,1,30719,0,0,0.07026881
graphsage,1,52382,1,1,0.7597613
graphsage,1,50679,1,1,0.9993469
graphsage,1,746,0,0,0.06693084
graphsage,1,65696,0,0,0.0054904493
graphsage,1,68484,1,1,0.9986486
graphsage,1,68519,1,1,0.92280537
graphsage,1,66518,0,1,0.8550905
graphsage,1,12836,0,0,0.00522333
graphsage,1,6753,1,1,0.99928975
graphsage,1,68679,1,1,0.99811816
graphsage,1,65898,1,1,0.9998497
graphsage,1,66813,0,0,0.045977667
graphsage,1,41280,0,0,0.0021444499
graphsage,1,41152,0,0,0.001273477
graphsage,1,56386,1,1,0.97691613
graphsage,1,24890,0,0,0.19613898
graphsage,1,18827,1,1,0.99979657
graphsage,1,26749,0,0,0.020038098
graphsage,1,17197,0,0,0.027128123
graphsage,1,71047,1,1,0.85575837
graphsage,1,8690,1,1,0.99553114
graphsage,1,15246,0,0,0.0040597096
graphsage,1,19168,0,0,0.022975562
graphsage,1,2023,1,1,0.9998288
graphsage,1,16570,0,0,0.0022520456
graphsage,1,37620,0,0,0.022892185
graphsage,1,40497,0,0,0.0065258737
graphsage,1,28905,1,1,0.98789513
graphsage,1,8200,1,1,0.99325305
graphsage,1,13816,1,1,0.99974185
graphsage,1,33670,0,0,0.43531218
graphsage,1,40628,1,1,0.9981256
graphsage,1,19007,0,0,0.074001744
graphsage,1,65881,0,0,0.44605345
graphsage,1,2956,0,0,0.008501723
graphsage,1,40210,0,1,0.9332849
graphsage,1,65680,0,0,6.42857e-05
graphsage,1,20000,0,0,0.0019629623
graphsage,1,1955,1,1,0.9942702
graphsage,1,9136,1,1,0.99924314
graphsage,1,62519,1,1,0.7207388
graphsage,1,8485,1,1,0.9643864
graphsage,1,60364,1,1,0.99394906
graphsage,1,57745,0,0,0.00022688495
graphsage,1,12741,0,0,0.0013733493
graphsage,1,54536,1,1,0.99994016
graphsage,1,20799,0,0,1.6259743e-05
graphsage,1,71558,1,1,0.5600742
graphsage,1,70448,1,1,0.9999615
graphsage,1,54785,1,1,0.99987507
graphsage,1,17724,1,1,0.9906719
graphsage,1,4305,0,0,0.2970902
graphsage,1,2536,1,1,0.9999056
graphsage,1,56637,1,1,0.9912288
graphsage,1,11109,0,0,0.035334487
graphsage,1,60116,1,1,0.99999464
graphsage,1,54233,1,1,0.9600409
graphsage,1,66035,1,1,0.99990666
graphsage,1,17379,1,1,0.7074814
graphsage,1,1360,0,0,0.1627303
graphsage,1,25313,1,1,0.99983895
graphsage,1,63395,1,1,0.99996114
graphsage,1,14248,1,1,0.91987604
graphsage,1,68598,0,0,0.0028708174
graphsage,1,70907,1,1,0.7005989
graphsage,1,20910,1,1,0.99852896
graphsage,1,20039,1,1,0.9981261
graphsage,1,33440,0,0,0.018395685
graphsage,1,23556,1,1,0.9988205
graphsage,1,67380,0,0,0.09365202
graphsage,1,13822,0,0,0.0012456606
graphsage,1,49388,1,1,0.99947125
graphsage,1,71534,0,0,0.00037220865
graphsage,1,49042,1,1,0.96824765
graphsage,1,65450,1,1,0.9606718
graphsage,1,4539,0,0,0.017770823
graphsage,1,40499,0,0,0.0045646015
graphsage,1,37785,0,0,0.04559159
graphsage,1,3439,1,1,0.99972516
graphsage,1,5237,0,0,0.009523961
graphsage,1,36327,0,0,0.045373756
graphsage,1,60184,1,1,0.9869233
graphsage,1,60022,0,0,0.00073125237
graphsage,1,45819,1,1,0.93357956
graphsage,1,23848,1,1,0.9739015
graphsage,1,68974,0,0,0.02143296
graphsage,1,52210,1,1,0.9997689
graphsage,1,33839,0,0,8.8983455e-05
graphsage,1,64690,1,1,0.9978666
graphsage,1,18342,0,0,0.0019195463
graphsage,1,12975,0,0,0.049242947
graphsage,1,69886,1,1,0.998618
graphsage,1,47336,0,0,9.8292885e-06
graphsage,1,48806,1,1,0.7950038
graphsage,1,43224,1,1,0.9998846
graphsage,1,39748,1,1,0.9916338
graphsage,1,20205,0,0,0.00055869267
graphsage,1,19439,1,0,0.3226746
graphsage,1,51381,0,0,0.0008924731
graphsage,1,67643,1,1,0.9778162
graphsage,1,66385,1,1,0.9999163
graphsage,1,4618,1,1,0.9895504
graphsage,1,21931,1,1,0.9694304
graphsage,1,25224,1,1,0.95046043
graphsage,1,68193,1,1,0.99732673
graphsage,1,12521,0,0,0.0029636123
graphsage,1,3707,0,0,0.0017881938
graphsage,1,25588,0,0,0.40621895
graphsage,1,33491,1,1,0.9982279
graphsage,1,3279,1,1,0.9997372
graphsage,1,2239,1,1,0.99712235
graphsage,1,44524,0,0,0.021912333
graphsage,1,7032,1,1,0.9998877
graphsage,1,8325,0,0,0.009389232
graphsage,1,41883,0,0,0.0031145862
graphsage,1,9360,0,1,0.8552929
graphsage,1,66719,0,1,0.66144437
graphsage,1,52459,0,0,0.0152489375
graphsage,1,24065,0,0,8.5262145e-05
graphsage,1,45530,0,0,0.001263791
graphsage,1,18737,1,1,0.99990165
graphsage,1,24332,1,1,0.79475796
graphsage,1,54310,0,0,0.011319953
graphsage,1,10057,0,0,0.004775073
graphsage,1,51616,0,0,0.001079934
graphsage,1,28916,1,1,0.65197635
graphsage,1,54,0,0,0.0612459
graphsage,1,36413,1,1,0.9985061
graphsage,1,44497,1,1,0.9969073
graphsage,1,35143,1,1,0.99788135
graphsage,1,27670,1,1,0.9144841
graphsage,1,26624,0,1,0.86532557
graphsage,1,42161,1,1,0.9999436
graphsage,1,33365,1,1,0.9995983
graphsage,1,23048,0,0,0.032499183
graphsage,1,48883,0,0,0.0010128707
graphsage,1,26927,0,0,0.009846272
graphsage,1,42948,0,0,0.0005005868
graphsage,1,71789,1,1,0.99034554
graphsage,1,25563,1,1,0.97031873
graphsage,1,38717,0,0,0.0005578482
graphsage,1,6567,0,0,0.4160913
graphsage,1,17586,0,0,5.0940085e-05
graphsage,1,56907,1,1,0.97589093
graphsage,1,13457,0,0,0.009780241
graphsage,1,52644,1,1,0.9975079
graphsage,1,46842,1,1,0.9993155
graphsage,1,8828,0,0,0.0007768854
graphsage,1,30831,1,1,0.9928831
graphsage,1,53142,0,0,0.4216692
graphsage,1,25057,1,1,0.99992895
graphsage,1,45432,0,0,0.02061845
graphsage,1,31525,0,0,0.00035208277
graphsage,1,1716,1,1,0.9235423
graphsage,1,71712,1,1,0.9863516
graphsage,1,48356,1,1,0.9997632
graphsage,1,9748,0,0,0.00013074886
graphsage,1,10100,1,1,0.9648613
graphsage,1,6061,1,1,0.98362654
graphsage,1,69827,1,1,0.99946064
graphsage,1,4977,1,1,0.99853873
graphsage,1,58919,1,0,0.030206334
graphsage,1,57910,0,0,0.004082511
graphsage,1,11957,1,1,0.99790704
graphsage,1,56197,1,1,0.99929404
graphsage,1,52815,0,0,0.0002144123
graphsage,1,21538,0,0,0.012773791
graphsage,1,15496,0,0,0.04481792
graphsage,1,2837,1,1,0.99919134
graphsage,1,69916,1,1,0.9615272
graphsage,1,50972,1,1,0.948158
graphsage,1,50560,0,0,0.031707704
graphsage,1,47484,0,0,0.019590085
graphsage,1,21226,1,1,0.9462381
graphsage,1,33985,0,0,0.000557155
graphsage,1,48110,1,1,0.98215693
graphsage,1,133,0,0,0.07111569
graphsage,1,41936,0,0,0.00170649
graphsage,1,12368,1,1,0.9991111
graphsage,1,35508,1,1,0.9996656
graphsage,1,33116,0,0,0.090993434
graphsage,1,62361,1,1,0.9875893
graphsage,1,65788,1,1,0.98547757
graphsage,1,12789,1,1,0.73170745
graphsage,1,30272,1,1,0.99921143
graphsage,1,48241,0,0,0.018482123
graphsage,1,37189,0,0,0.0002704601
graphsage,1,70022,1,1,0.98771024
graphsage,1,31877,1,1,0.98594254
graphsage,1,9763,1,1,0.9999547
graphsage,1,17298,0,1,0.9371823
graphsage,1,29498,1,1,0.9994367
graphsage,1,53292,0,0,0.485009
graphsage,1,10188,1,1,0.84803784
graphsage,1,21738,1,1,0.9831701
graphsage,1,886,0,0,0.0077227573
graphsage,1,25820,1,1,0.99614054
graphsage,1,28295,1,1,0.98566127
graphsage,1,59969,0,0,0.016625414
graphsage,1,313,0,0,0.0045257634
graphsage,1,55709,0,0,0.0027754428
graphsage,1,22857,1,1,0.98404723
graphsage,1,62624,0,0,9.403688e-05
graphsage,1,18447,1,1,0.99824905
graphsage,1,39758,1,1,0.9443736
graphsage,1,26516,0,0,0.005644124
graphsage,1,63266,0,0,0.0035853821
graphsage,1,29649,0,0,0.02203865
graphsage,1,23806,0,0,0.09838074
graphsage,1,68203,1,1,0.9994429
graphsage,1,52793,1,1,0.9818765
graphsage,1,71053,1,1,0.99736124
graphsage,1,67026,0,0,0.0007848963
graphsage,1,36102,1,1,0.9931426
graphsage,1,29063,1,1,0.7541036
graphsage,1,69624,0,0,0.0062380363
graphsage,1,19872,0,0,0.02632363
graphsage,1,44033,0,0,0.0042595915
graphsage,1,60486,0,0,0.15344273
graphsage,1,34362,0,0,7.181705e-05
graphsage,1,43759,1,1,0.7121867
graphsage,1,17308,1,1,0.99998426
graphsage,1,40469,1,1,0.99985456
graphsage,1,37222,0,0,0.000111053574
graphsage,1,22846,1,1,0.9372133
graphsage,1,50268,0,0,0.006490461
graphsage,1,46443,1,1,0.9981419
graphsage,1,42214,1,1,0.99713326
graphsage,1,56980,1,1,0.69517124
graphsage,1,53271,0,0,0.11645616
graphsage,1,70058,1,1,0.65606093
graphsage,1,39209,1,1,0.98355824
graphsage,1,41348,0,0,0.007350759
graphsage,1,32165,1,1,0.95354337
graphsage,1,56135,0,0,0.07250156
graphsage,1,28574,1,1,0.99222857
graphsage,1,43384,1,1,0.75147736
graphsage,1,17103,0,0,0.03595738
graphsage,1,26689,1,1,0.9998099
graphsage,1,5148,1,1,0.99999535
graphsage,1,68768,1,1,0.9716039
graphsage,1,36303,1,1,0.998524
graphsage,1,65533,0,0,0.0032521468
graphsage,1,71975,0,1,0.7528384
graphsage,1,65964,0,0,0.0017562957
graphsage,1,64186,1,1,0.7867991
graphsage,1,11859,0,1,0.94604343
graphsage,1,21236,0,0,0.10548995
graphsage,1,41957,1,1,0.9992512
graphsage,1,32384,0,0,0.022702824
graphsage,1,25044,1,1,0.78057873
graphsage,1,49473,0,0,0.003050411
graphsage,1,4256,0,0,0.021826215
graphsage,1,35239,0,1,0.8558876
graphsage,1,54409,0,0,0.034676123
graphsage,1,60505,1,1,0.99391985
graphsage,1,35075,1,1,0.98477757
graphsage,1,12974,0,0,0.06032715
graphsage,1,13780,0,0,0.13571991
graphsage,1,20753,1,1,0.84077483
graphsage,1,36793,0,0,0.017744659
graphsage,1,46930,1,1,0.9999099
graphsage,1,53913,1,1,0.993547
graphsage,1,53432,0,0,0.00048019332
graphsage,1,39424,0,0,9.623759e-05
graphsage,1,61277,1,1,0.7541036
graphsage,1,47282,1,1,0.9595774
graphsage,1,44071,0,0,0.0022837266
graphsage,1,55777,0,0,0.0028306986
graphsage,1,70061,0,0,0.0011122344
graphsage,1,17854,0,0,0.00041447158
graphsage,1,9202,0,0,0.00054361287
graphsage,1,22390,0,0,0.0025413358
graphsage,1,34907,1,1,0.98008955
graphsage,1,31795,0,0,0.0001030015
graphsage,1,43362,1,1,0.99962366
graphsage,1,12429,0,0,0.0007650761
graphsage,1,60063,1,1,0.99903333
graphsage,1,17560,0,0,0.015453191
graphsage,1,29011,0,0,0.02734635
graphsage,1,31362,0,0,0.00028583143
graphsage,1,52917,0,0,0.0052951397
graphsage,1,36544,1,1,0.7686029
graphsage,1,65246,0,0,0.0017114647
graphsage,1,22138,0,1,0.99658763
graphsage,1,60984,0,0,0.0075481664
graphsage,1,38782,0,0,0.00037272577
graphsage,1,65117,0,0,0.0016135214
graphsage,1,59263,0,0,0.007606075
graphsage,1,60138,0,0,0.0054489593
graphsage,1,70530,0,0,0.010793168
graphsage,1,24837,1,1,0.99011874
graphsage,1,61989,0,0,9.326387e-05
graphsage,1,10748,1,1,0.9898233
graphsage,1,60700,0,0,0.0006531637
graphsage,1,1673,0,0,0.0059816963
graphsage,1,7266,0,0,0.006483869
graphsage,1,49582,0,0,0.009431487
graphsage,1,63513,0,0,0.0012941929
graphsage,1,8495,0,0,0.0010769039
graphsage,1,15086,1,1,0.99358505
graphsage,1,45895,1,1,0.99918824
graphsage,1,5737,0,0,0.028966319
graphsage,1,31472,0,0,0.0004730981
graphsage,1,61711,1,1,0.98407876
graphsage,1,57906,0,0,0.025752483
graphsage,1,27371,1,1,0.99999547
graphsage,1,45109,1,1,0.9999491
graphsage,1,37432,1,1,0.99996734
graphsage,1,69075,0,0,0.06444316
graphsage,1,48388,0,0,0.0008236878
graphsage,1,56158,1,1,0.8873906
graphsage,1,16528,0,0,0.042483885
graphsage,1,59387,0,0,0.024116699
graphsage,1,26230,1,1,0.92675674
graphsage,1,42202,1,1,0.999569
graphsage,1,15286,1,1,0.94372106
graphsage,1,38257,1,1,0.96422
graphsage,1,45236,0,1,0.9362075
graphsage,1,48409,1,1,0.99227893
graphsage,1,58287,0,0,0.0020237041
graphsage,1,66784,1,1,0.8795513
graphsage,1,38473,0,0,0.015045829
graphsage,1,55237,1,1,0.98392165
graphsage,1,66323,1,1,0.9999665
graphsage,1,38375,1,1,0.9265305
graphsage,1,42080,0,0,0.00045734845
graphsage,1,68491,0,0,0.026248267
graphsage,1,39108,0,0,0.3290654
graphsage,1,53274,1,0,0.012269888
graphsage,1,44979,0,0,0.0056878347
graphsage,1,4988,0,0,0.0015862959
graphsage,1,10017,1,1,0.9999809
graphsage,1,1818,0,0,0.030752162
graphsage,1,63827,1,1,0.988138
graphsage,1,61138,0,0,0.0017998804
graphsage,1,68790,0,0,0.0062056053
graphsage,1,53493,1,1,0.99164736
graphsage,1,28579,1,1,0.97135586
graphsage,1,18554,1,1,0.99682707
graphsage,1,45419,1,1,0.93640804
graphsage,1,24870,0,0,0.0018019713
graphsage,1,1665,0,0,0.06032658
graphsage,1,31614,0,0,0.0330709
graphsage,1,5300,1,1,0.9814192
graphsage,1,50001,0,0,0.020500463
graphsage,1,68418,0,0,0.0027577917
graphsage,1,28834,1,1,0.98779756
graphsage,1,9322,0,0,0.0007318429
graphsage,1,23155,1,1,0.7541036
graphsage,1,8431,1,1,0.9999535
graphsage,1,48473,1,0,0.43057606
graphsage,1,54271,0,0,0.0029454567
graphsage,1,16309,0,0,0.00029764412
graphsage,1,16501,0,1,0.9549005
graphsage,1,4635,0,0,0.02740999
graphsage,1,51906,1,1,0.91639173
graphsage,1,23278,1,1,0.9619212
graphsage,1,34570,1,1,0.9999205
graphsage,1,7237,1,1,0.9994342
graphsage,1,50003,0,0,0.0003210124
graphsage,1,38084,1,1,0.9812966
graphsage,1,31562,0,0,5.520023e-05
graphsage,1,27304,1,1,0.99964845
graphsage,1,22254,0,0,0.04475063
graphsage,1,37049,0,0,0.00015735131
graphsage,1,49509,0,0,0.19933909
graphsage,1,54488,0,0,0.07292247
graphsage,1,23157,1,1,0.9986076
graphsage,1,63761,0,0,0.0008859973
graphsage,1,49403,0,0,0.20872165
graphsage,1,49198,0,0,0.0012796231
graphsage,1,33509,1,1,0.9704926
graphsage,1,49405,0,0,0.28046298
graphsage,1,363,0,0,0.300741
graphsage,1,66295,0,0,0.00037954698
graphsage,1,54400,1,1,0.99926955
graphsage,1,54020,1,1,0.9995746
graphsage,1,58049,1,1,0.9636974
graphsage,1,33710,1,1,0.9998361
graphsage,1,29162,1,1,0.9991136
graphsage,1,54928,0,0,0.0010653974
graphsage,1,17048,1,1,0.9989029
graphsage,1,51418,1,1,0.99877197
graphsage,1,31674,1,1,0.9805089
graphsage,1,1862,0,0,0.49754518
graphsage,1,21604,0,0,0.002182659
graphsage,1,41933,0,0,0.0039862003
graphsage,1,4469,1,1,0.89792407
graphsage,1,30387,0,0,8.785851e-05
graphsage,1,21498,0,1,0.76442164
graphsage,1,257,1,1,0.95833015
graphsage,1,55786,1,1,0.7134818
graphsage,1,58254,1,1,0.9999081
graphsage,1,15897,1,1,0.9980781
graphsage,1,25851,1,1,0.99924785
graphsage,1,23050,1,1,0.9997811
graphsage,1,68866,0,0,0.02205655
graphsage,1,57868,1,1,0.9950867
graphsage,1,57439,1,1,0.998538
graphsage,1,23099,1,1,0.66760224
graphsage,1,64591,0,0,0.02131684
graphsage,1,43996,1,1,0.999964
graphsage,1,58256,1,1,0.9101526
graphsage,1,1929,1,1,0.5279348
graphsage,1,64235,0,0,0.022954736
graphsage,1,7672,0,0,0.00013797054
graphsage,1,15969,1,1,0.99993443
graphsage,1,20550,1,1,0.99932957
graphsage,1,38784,0,0,0.00034239693
graphsage,1,46519,0,0,0.23852515
graphsage,1,57384,0,1,0.53883785
graphsage,1,37547,0,0,0.017833248
graphsage,1,11724,0,0,0.0017295781
graphsage,1,43591,1,1,0.82120645
graphsage,1,45722,1,1,0.99256283
graphsage,1,63058,1,1,0.9999807
graphsage,1,43093,0,0,0.052318215
graphsage,1,34206,0,0,0.0020880755
graphsage,1,61649,0,0,0.2049396
graphsage,1,1738,0,0,0.13027905
graphsage,1,53570,1,0,0.48394734
graphsage,1,6025,1,1,0.9554031
graphsage,1,16300,1,1,0.9734055
graphsage,1,61575,0,0,0.00033142933
graphsage,1,18440,1,1,0.8850372
graphsage,1,66735,0,0,1.948448e-05
graphsage,1,62237,0,0,7.282697e-05
graphsage,1,40323,1,1,0.9999125
graphsage,1,39696,0,0,0.0012264941
graphsage,1,12440,0,0,0.0028888995
graphsage,1,14664,1,1,0.73051447
graphsage,1,19015,0,0,0.011910363
graphsage,1,54395,1,1,0.99874544
graphsage,1,11427,0,0,0.0809702
graphsage,1,29905,1,1,0.95344585
graphsage,1,55068,1,1,0.99998176
graphsage,1,4141,0,0,0.0047814646
graphsage,1,54782,0,0,0.0004415077
graphsage,1,40376,1,1,0.9962799
graphsage,1,26191,0,0,0.0035932167
graphsage,1,59127,1,1,0.9577609
graphsage,1,36015,1,1,0.9996891
graphsage,1,13136,1,1,0.9626502
graphsage,1,49637,1,1,0.9490158
graphsage,1,60295,0,1,0.8160574
graphsage,1,20132,1,1,0.9968286
graphsage,1,52515,1,1,0.9994324
graphsage,1,69033,1,1,0.7541036
graphsage,1,60872,0,0,0.004830453
graphsage,1,26684,1,1,0.9987451
graphsage,1,957,0,0,0.057630822
graphsage,1,36985,1,0,0.007554717
graphsage,1,40381,0,0,0.011245272
graphsage,1,41490,1,1,0.99995744
graphsage,1,46675,0,0,0.01964603
graphsage,1,4058,1,1,0.91339654
graphsage,1,66071,1,1,0.99882895
graphsage,1,68066,0,0,0.26998034
graphsage,1,35423,1,1,0.7476375
graphsage,1,46335,1,1,0.9997454
graphsage,1,55398,0,0,0.007713715
graphsage,1,14233,0,0,0.0016258082
graphsage,1,12281,0,1,0.6891381
graphsage,1,25863,0,0,0.0052034087
graphsage,1,44590,0,0,0.00060611265
graphsage,1,6409,1,1,0.9812626
graphsage,1,16013,1,1,0.9958054
graphsage,1,68273,0,0,0.007378397
graphsage,1,9679,0,0,0.15192989
graphsage,1,70547,1,1,0.9966492
graphsage,1,9960,1,1,0.9987471
graphsage,1,54760,1,1,0.9997789
graphsage,1,31514,0,0,0.09512057
graphsage,1,27606,0,0,0.0019146503
graphsage,1,40319,0,0,0.034764983
graphsage,1,37296,0,0,0.014693323
graphsage,1,14432,0,0,0.025425538
graphsage,1,71561,0,0,0.00913569
graphsage,1,40471,0,0,0.008986924
graphsage,1,49554,1,1,0.9998646
graphsage,1,30472,1,1,0.9981975
graphsage,1,21519,1,1,0.84846056
graphsage,1,26975,0,0,0.00086481665
graphsage,1,36830,0,0,0.00012680872
graphsage,1,24356,0,0,7.019113e-05
graphsage,1,2528,1,1,0.97877043
graphsage,1,1214,1,1,0.90733916
graphsage,1,1790,1,1,0.9883074
graphsage,1,53529,1,1,0.66089
graphsage,1,30002,0,0,0.010066301
graphsage,1,8684,0,0,0.00011161519
graphsage,1,60489,1,1,0.9622623
graphsage,1,53586,0,0,0.00403283
graphsage,1,3090,1,1,0.9451581
graphsage,1,60697,0,0,2.8789188e-06
graphsage,1,49263,0,0,0.016138883
graphsage,1,57552,1,1,0.9917177
graphsage,1,27823,1,1,0.9993006
graphsage,1,57761,0,0,0.0014679156
graphsage,1,45194,0,0,5.0657658e-05
graphsage,1,8491,1,0,0.42270678
graphsage,1,13369,0,0,0.0026005004
graphsage,1,16661,0,0,0.10724779
graphsage,1,29844,1,1,0.7541036
graphsage,1,14870,0,0,0.06145231
graphsage,1,65397,0,0,0.000108235596
graphsage,1,10774,1,1,0.9654658
graphsage,1,69365,0,0,0.0012322261
graphsage,1,48194,1,1,0.9919767
graphsage,1,4297,0,0,4.842935e-05
graphsage,1,4772,1,1,0.97895765
graphsage,1,29458,0,0,0.0001511347
graphsage,1,64120,0,0,0.11695882
graphsage,1,41780,1,1,0.9815228
graphsage,1,67879,1,1,0.9026127
graphsage,1,22927,0,0,0.0012823237
graphsage,1,45441,1,1,0.99824834
graphsage,1,36003,1,1,0.9986576
graphsage,1,30174,0,1,0.83480555
graphsage,1,22948,1,1,0.9805832
graphsage,1,58802,0,0,0.036850143
graphsage,1,16623,1,1,0.9998265
graphsage,1,10525,1,1,0.69944376
graphsage,1,21644,1,1,0.9494375
graphsage,1,15329,1,1,0.9997067
graphsage,1,48610,1,1,0.9972217
graphsage,1,8601,1,1,0.9976077
graphsage,1,40553,0,0,0.0008646494
graphsage,1,45421,0,0,0.0012300677
graphsage,1,8711,1,1,0.99557257
graphsage,1,48533,1,1,0.9998691
graphsage,1,13575,0,0,0.002548276
graphsage,1,25979,1,1,0.98833406
graphsage,1,30877,0,0,0.4457899
graphsage,1,10118,1,1,0.83050483
graphsage,1,55441,0,0,0.016059479
graphsage,1,24444,0,0,0.0007544032
graphsage,1,57315,0,0,0.47984794
graphsage,1,66322,0,0,0.2640671
graphsage,1,65394,1,1,0.9383984
graphsage,1,15465,1,1,0.9570752
graphsage,1,52098,0,0,0.027603578
graphsage,1,40230,1,1,0.9900017
graphsage,1,2428,1,1,0.97453713
graphsage,1,19846,0,0,0.010549275
graphsage,1,21524,1,1,0.9911327
graphsage,1,4237,0,0,0.0031929673
graphsage,1,47271,0,0,0.015233048
graphsage,1,31569,1,1,0.972056
graphsage,1,49605,1,1,0.90482664
graphsage,1,71160,0,0,0.013542413
graphsage,1,71387,1,1,0.9822129
graphsage,1,9140,1,1,0.9999068
graphsage,1,61320,1,1,0.9956435
graphsage,1,67088,1,0,0.47581053
graphsage,1,59885,1,1,0.89324474
graphsage,1,24784,0,0,0.23269604
graphsage,1,26472,0,0,0.0012956694
graphsage,1,22553,0,0,0.08037108
graphsage,1,56073,0,1,0.9415809
graphsage,1,16033,1,0,0.19650017
graphsage,1,31031,1,1,0.9876202
graphsage,1,45985,1,1,0.9980228
graphsage,1,9806,1,1,0.9992781
graphsage,1,48018,0,0,0.015649142
graphsage,1,61179,0,0,0.0018790443
graphsage,1,47242,1,1,0.9989164
graphsage,1,48827,1,1,0.99991393
graphsage,1,9868,1,1,0.92692447
graphsage,1,71458,0,0,0.4292184
graphsage,1,670,1,1,0.7541036
graphsage,1,5554,1,1,0.9992489
graphsage,1,29963,1,1,0.9976509
graphsage,1,15756,0,0,0.37281165
graphsage,1,52498,0,0,0.04154878
graphsage,1,32788,1,1,0.9983553
graphsage,1,45372,1,1,0.9714318
graphsage,1,67100,1,1,0.54234666
graphsage,1,66865,1,1,0.86715657
graphsage,1,55266,1,1,0.99807954
graphsage,1,15850,1,1,0.99675155
graphsage,1,41064,1,1,0.99726725
graphsage,1,13180,0,0,0.0018206355
graphsage,1,42522,1,1,0.9982906
graphsage,1,32232,1,1,0.9999703
graphsage,1,44104,1,1,0.98375344
graphsage,1,20488,1,1,0.9936147
graphsage,1,13739,1,1,0.9996867
graphsage,1,48769,0,0,0.04570278
graphsage,1,21885,1,1,0.9834415
graphsage,1,72057,0,1,0.9976948
graphsage,1,7897,0,1,0.92329144
graphsage,1,10079,1,1,0.99960274
graphsage,1,227,1,1,0.9890087
graphsage,1,49521,0,0,1.2785438e-05
graphsage,1,66877,0,0,0.00030532738
graphsage,1,9237,1,1,0.99852425
graphsage,1,27387,0,0,0.0012025292
graphsage,1,22481,1,1,0.7541036
graphsage,1,14557,1,1,0.99369097
graphsage,1,5145,0,0,0.021979773
graphsage,1,49389,0,0,0.012338657
graphsage,1,34368,1,0,0.37096524
graphsage,1,17759,0,1,0.9933522
graphsage,1,15931,1,1,0.99485743
graphsage,1,71662,1,1,0.85527456
graphsage,1,64151,1,1,0.85571307
graphsage,1,48719,1,1,0.9914112
graphsage,1,32508,0,0,0.0006292603
graphsage,1,57350,1,1,0.7966445
graphsage,1,30813,1,0,0.09666686
graphsage,1,45804,1,1,0.96466774
graphsage,1,38893,1,1,0.9990514
graphsage,1,69389,1,1,0.99998546
graphsage,1,36621,0,0,0.14177555
graphsage,1,29298,0,1,0.59749144
graphsage,1,24377,1,1,0.9883333
graphsage,1,8861,0,0,0.00089959777
graphsage,1,22265,0,0,0.03638668
graphsage,1,27767,0,0,0.020461585
graphsage,1,26389,1,1,0.9994276
graphsage,1,58225,1,1,0.9853754
graphsage,1,51218,1,1,0.9999647
graphsage,1,25364,1,1,0.9828182
graphsage,1,63082,1,1,0.9999107
graphsage,1,40394,0,0,0.014997987
graphsage,1,37979,0,1,0.78859985
graphsage,1,37788,0,1,0.81645
graphsage,1,12540,0,0,0.03545043
graphsage,1,58169,0,0,0.0025964784
graphsage,1,54193,0,0,0.067698285
graphsage,1,19820,0,0,0.0011062887
graphsage,1,15593,1,1,0.9997681
graphsage,1,57972,0,0,0.024856333
graphsage,1,28352,0,0,0.022471251
graphsage,1,38642,0,0,0.0034017283
graphsage,1,17311,0,1,0.5615188
graphsage,1,30709,1,1,0.99845445
graphsage,1,54918,1,1,0.8562872
graphsage,1,47603,1,1,0.98929554
graphsage,1,47693,0,0,0.050029863
graphsage,1,39260,1,1,0.7541036
graphsage,1,49801,0,0,0.0054822583
graphsage,1,56016,1,1,0.99716383
graphsage,1,28179,1,1,0.99903846
graphsage,1,46198,1,1,0.92445153
graphsage,1,66669,0,0,0.0049526906
graphsage,1,8090,0,0,0.0041905213
graphsage,1,27201,0,0,2.3265091e-05
graphsage,1,12099,0,0,0.001340842
graphsage,1,58003,0,0,0.018417148
graphsage,1,7927,0,0,0.309832
graphsage,1,17247,0,0,0.040254112
graphsage,1,29482,0,0,0.0014609874
graphsage,1,44292,1,1,0.9975969
graphsage,1,44721,1,1,0.5968885
graphsage,1,11702,1,1,0.9976826
graphsage,1,52397,0,1,0.67006737
graphsage,1,4199,0,0,0.0064305183
graphsage,1,40530,0,0,0.00043886583
graphsage,1,34597,0,0,0.04190563
graphsage,1,3359,0,0,0.0015254572
graphsage,1,22990,1,1,0.99966407
graphsage,1,17177,0,0,0.13925284
graphsage,1,4266,1,1,0.99948657
graphsage,1,58735,0,0,0.049782854
graphsage,1,44820,0,0,0.21228418
graphsage,1,4214,0,0,0.059577923
graphsage,1,59841,0,0,0.0011520468
graphsage,1,19097,0,0,0.0037277353
graphsage,1,55532,1,0,0.18465742
graphsage,1,32088,0,0,0.0002834055
graphsage,1,42946,0,0,0.039818645
graphsage,1,44255,1,1,0.8971042
graphsage,1,55964,1,1,0.99967504
graphsage,1,52406,1,1,0.99991477
graphsage,1,58213,1,1,0.9352473
graphsage,1,27791,0,0,0.0045107943
graphsage,1,2781,1,1,0.9998963
graphsage,1,34837,1,1,0.9273646
graphsage,1,23682,0,0,0.0018876807
graphsage,1,25492,1,1,0.984809
graphsage,1,31709,0,1,0.95769984
graphsage,1,18488,1,1,0.99840707
graphsage,1,59239,1,1,0.9996056
graphsage,1,48564,0,0,0.030894829
graphsage,1,54579,0,0,0.37776646
graphsage,1,476,0,0,0.0018038361
graphsage,1,43796,0,0,0.0051539815
graphsage,1,21588,1,1,0.7881089
graphsage,1,44801,0,1,0.78492326
graphsage,1,47990,0,0,0.0006074168
graphsage,1,15091,0,1,0.93302596
graphsage,1,28418,1,1,0.988186
graphsage,1,24988,0,0,0.0008444299
graphsage,1,40527,1,1,0.53886944
graphsage,1,42990,1,1,0.9685546
graphsage,1,7954,1,1,0.98179215
graphsage,1,67830,1,1,0.99727863
graphsage,1,64643,1,1,0.9952478
graphsage,1,11560,0,0,0.23391773
graphsage,1,3934,0,0,0.0010272063
graphsage,1,47989,0,0,0.0011509461
graphsage,1,15736,1,1,0.6452239
graphsage,1,42216,0,0,0.035703424
graphsage,1,29109,0,0,0.0052979277
graphsage,1,72042,1,1,0.9942205
graphsage,1,53905,1,1,0.9999893
graphsage,1,62089,1,1,0.9901945
graphsage,1,25344,0,0,0.011484934
graphsage,1,5381,0,0,0.063469715
graphsage,1,72021,1,1,0.99165124
graphsage,1,57207,1,1,0.99996674
graphsage,1,13994,0,0,0.0026214959
graphsage,1,31186,0,1,0.6779551
graphsage,1,64875,1,1,0.7974739
graphsage,1,65619,0,0,0.0011052481
graphsage,1,71205,1,1,0.9879617
graphsage,1,66635,0,0,0.042617638
graphsage,1,39147,0,0,0.027177356
graphsage,1,42652,0,0,0.0145677775
graphsage,1,13263,0,0,0.004203441
graphsage,1,36297,0,0,0.007410169
graphsage,1,16891,1,1,0.53954124
graphsage,1,39494,1,1,0.99795735
graphsage,1,30251,0,0,0.08562573
graphsage,1,20452,0,0,0.000584451
graphsage,1,23311,1,1,0.91762483
graphsage,1,34445,1,1,0.9979646
graphsage,1,18781,0,0,0.0002456499
graphsage,1,16366,1,1,0.9882839
graphsage,1,55837,1,1,0.7541036
graphsage,1,65096,1,1,0.92147285
graphsage,1,21602,1,1,0.99999964
graphsage,1,14089,1,1,0.99984336
graphsage,1,68824,1,1,0.9985037
graphsage,1,69303,0,0,0.12032422
graphsage,1,41327,0,0,0.028609682
graphsage,1,61538,0,1,0.85696995
graphsage,1,2953,0,0,0.013425431
graphsage,1,46732,1,1,0.7120388
graphsage,1,71019,0,0,0.24818076
graphsage,1,49970,0,0,0.14431603
graphsage,1,62680,0,0,0.020445155
graphsage,1,1445,0,0,0.019985035
graphsage,1,61230,1,1,0.87103546
graphsage,1,17191,0,0,0.0016068025
graphsage,1,36019,0,0,0.03993099
graphsage,1,37239,0,0,0.0010960161
graphsage,1,48485,0,0,0.0003802224
graphsage,1,25546,1,1,0.98923814
graphsage,1,10703,1,1,0.6775481
graphsage,1,39326,0,0,0.0032321082
graphsage,1,71926,1,1,0.9980787
graphsage,1,50600,0,0,0.008469779
graphsage,1,32791,1,1,0.88940024
graphsage,1,28822,1,1,0.93997705
graphsage,1,11091,0,0,0.0003544789
graphsage,1,22283,1,1,0.99916697
graphsage,1,11985,0,0,0.047404036
graphsage,1,41855,1,1,0.952266
graphsage,1,63586,1,1,0.9818017
graphsage,1,51325,1,1,0.5455167
graphsage,1,21822,0,0,0.0062498716
graphsage,1,70868,0,0,0.10197124
graphsage,1,170,0,0,0.00010778036
graphsage,1,36908,1,1,0.9483612
graphsage,1,5434,1,1,0.99029
graphsage,1,20328,0,0,0.00026563343
graphsage,1,62592,0,0,0.0032362018
graphsage,1,43938,0,0,0.0011343197
graphsage,1,53687,0,0,0.09827987
graphsage,1,46857,1,1,0.9847692
graphsage,1,4429,0,1,0.7907924
graphsage,1,71744,0,0,0.051410247
graphsage,1,57887,0,0,2.6847565e-05
graphsage,1,57820,1,1,0.9998559
graphsage,1,18821,1,0,0.078649916
graphsage,1,48149,1,1,0.83989793
graphsage,1,34458,1,1,0.7541036
graphsage,1,43746,1,1,0.7541036
graphsage,1,23782,0,0,0.016068438
graphsage,1,13982,0,0,0.026713038
graphsage,1,1499,0,0,0.0005702817
graphsage,1,66404,0,0,0.034343414
graphsage,1,1172,0,0,0.005042789
graphsage,1,28196,0,1,0.79373884
graphsage,1,39514,0,0,0.0028688246
graphsage,1,30610,1,1,0.7541036
graphsage,1,17886,1,1,0.99896455
graphsage,1,48449,1,1,0.99775416
graphsage,1,67532,1,1,0.7840399
graphsage,1,61964,0,0,0.0017254222
graphsage,1,55216,0,0,0.036323138
graphsage,1,19078,0,0,4.2536623e-05
graphsage,1,27052,1,1,0.95560384
graphsage,1,65596,0,0,0.024859408
graphsage,1,50082,0,0,0.11372144
graphsage,1,63679,0,0,0.00023154862
graphsage,1,33336,1,1,0.7541036
graphsage,1,37576,1,1,0.9939281
graphsage,1,22154,0,0,0.00039651166
graphsage,1,21099,1,0,0.40882513
graphsage,1,10768,1,1,0.99944216
graphsage,1,50044,0,0,0.031439286
graphsage,1,45481,0,0,0.0065679383
graphsage,1,37291,0,0,0.0050711706
graphsage,1,50016,1,1,0.82447857
graphsage,1,54964,0,0,0.0022466872
graphsage,1,24883,0,1,0.9496154
graphsage,1,5769,1,1,0.9948447
graphsage,1,47084,1,1,0.9999261
graphsage,1,38825,1,1,0.9999144
graphsage,1,22751,1,1,0.8840361
graphsage,1,11148,1,1,0.8049428
graphsage,1,57205,1,1,0.9984078
graphsage,1,41005,1,1,0.98695546
graphsage,1,1872,1,0,0.3431716
graphsage,1,17155,1,0,0.46207243
graphsage,1,28397,0,0,0.0013902764
graphsage,1,56466,1,1,0.99962854
graphsage,1,41668,0,0,0.00027637125
graphsage,1,55604,1,1,0.94255453
graphsage,1,61336,0,0,0.027449973
graphsage,1,48795,1,1,0.99943703
graphsage,1,21527,1,1,0.97154003
graphsage,1,20728,1,1,0.99958175
graphsage,1,43738,1,0,0.06597672
graphsage,1,22269,0,0,0.00044280797
graphsage,1,42672,1,1,0.9991504
graphsage,1,36541,1,1,0.9158211
graphsage,1,47869,1,1,0.8908627
graphsage,1,44716,1,1,0.99978393
graphsage,1,70359,1,1,0.9988475
graphsage,1,17510,1,1,0.9995648
graphsage,1,54572,0,0,0.17321102
graphsage,1,19990,1,1,0.75747454
graphsage,1,71191,1,1,0.99935955
graphsage,1,7053,0,0,0.095417105
graphsage,1,3931,1,1,0.9998647
graphsage,1,30953,1,1,0.84428984
graphsage,1,51259,1,1,0.9997367
graphsage,1,39345,1,1,0.9809294
graphsage,1,30776,0,0,0.006131827
graphsage,1,53155,0,0,0.017171197
graphsage,1,57135,0,0,0.04366245
graphsage,1,67340,0,0,0.00056476326
graphsage,1,31582,0,0,0.004983665
graphsage,1,21552,1,1,0.99987686
graphsage,1,12838,1,1,0.99020594
graphsage,1,63765,1,1,0.997045
graphsage,1,28890,1,1,0.9309902
graphsage,1,50826,1,1,0.95896447
graphsage,1,19383,1,1,0.98561656
graphsage,1,21272,0,0,0.0363736
graphsage,1,40079,1,1,0.99757093
graphsage,1,66449,0,0,0.010332803
graphsage,1,45934,1,1,0.9999218
graphsage,1,72072,1,1,0.9935715
graphsage,1,7813,0,0,0.0050143935
graphsage,1,64804,1,1,0.9428229
graphsage,1,59066,0,0,0.06412446
graphsage,1,11682,1,1,0.99526393
graphsage,1,22300,0,0,0.0030335707
graphsage,1,31129,0,1,0.97754914
graphsage,1,22319,0,0,0.057367966
graphsage,1,11781,0,0,0.021568002
graphsage,1,2811,0,0,0.13973388
graphsage,1,67768,0,0,0.20725602
graphsage,1,11396,1,1,0.9924218
graphsage,1,16011,0,0,0.010849671
graphsage,1,41119,1,1,0.97441757
graphsage,1,18427,1,1,0.988675
graphsage,1,62878,1,1,0.98536694
graphsage,1,5465,0,0,0.010574633
graphsage,1,39818,0,1,0.6965344
graphsage,1,45080,0,0,0.00020227308
graphsage,1,59253,0,0,0.109713785
graphsage,1,70444,1,1,0.99924254
graphsage,1,50964,0,0,0.0029292693
graphsage,1,2373,1,1,0.99989355
graphsage,1,46290,1,1,0.9966808
graphsage,1,15080,1,1,0.99993527
graphsage,1,8685,1,1,0.99055266
graphsage,1,56988,0,0,0.00091805274
graphsage,1,21491,0,0,0.0109848175
graphsage,1,55252,1,1,0.99971074
graphsage,1,10633,0,0,0.1495651
graphsage,1,9772,0,0,0.01797752
graphsage,1,14681,1,1,0.95936215
graphsage,1,3600,0,0,0.15402712
graphsage,1,28463,0,0,0.034678668
graphsage,1,13407,0,0,0.26700976
graphsage,1,58253,0,0,0.00012625517
graphsage,1,20965,1,1,0.99984086
graphsage,1,47296,1,1,0.99996805
graphsage,1,559,1,1,0.9583902
graphsage,1,43820,0,0,0.034694426
graphsage,1,45041,0,0,0.042465597
graphsage,1,35786,0,0,0.0019637828
graphsage,1,59381,0,0,0.004444848
graphsage,1,48574,0,0,0.034310494
graphsage,1,7679,0,0,4.824018e-05
graphsage,1,59268,1,1,0.7541036
graphsage,1,71584,0,0,4.9273467e-06
graphsage,1,68024,1,1,0.86089385
graphsage,1,18890,0,0,0.00477105
graphsage,1,3235,0,1,0.8590766
graphsage,1,31806,0,0,0.015119215
graphsage,1,58997,1,1,0.948417
graphsage,1,63442,1,1,0.7591385
graphsage,1,48536,0,0,0.0017637232
graphsage,1,64693,0,0,0.0007122383
graphsage,1,62910,1,1,0.991774
graphsage,1,18570,0,0,0.03718161
graphsage,1,27015,1,1,0.99815565
graphsage,1,49182,0,0,0.02513937
graphsage,1,55487,0,0,0.000639408
graphsage,1,71128,1,1,0.9999925
graphsage,1,35760,0,0,0.3556399
graphsage,1,44797,0,0,0.37428004
graphsage,1,51378,1,1,0.9037734
graphsage,1,7148,1,1,0.9986389
graphsage,1,53853,0,1,0.8869076
graphsage,1,42150,0,1,0.7372151
graphsage,1,57548,0,0,0.00017431531
graphsage,1,15088,1,1,0.9998574
graphsage,1,22779,1,1,0.9811999
graphsage,1,26752,0,0,0.00014127132
graphsage,1,18910,1,1,0.9145874
graphsage,1,54463,1,1,0.8593279
graphsage,1,8767,0,0,0.0015862671
graphsage,1,61674,0,0,0.003742317
graphsage,1,49368,1,1,0.86231285
graphsage,1,8406,0,0,0.09371489
graphsage,1,35773,0,0,0.020912914
graphsage,1,35443,1,1,0.9995499
graphsage,1,27305,1,1,0.99985766
graphsage,1,9758,0,0,0.3873804
graphsage,1,53846,0,0,0.011216697
graphsage,1,68990,0,0,0.12804647
graphsage,1,71599,1,1,0.99997556
graphsage,1,65283,1,1,0.9887339
graphsage,1,17562,1,1,0.9930981
graphsage,1,7957,1,1,0.9995028
graphsage,1,28516,1,1,0.99996376
graphsage,1,40926,1,1,0.9950381
graphsage,1,58650,0,0,0.0031557477
graphsage,1,27008,1,1,0.98440623
graphsage,1,300,0,0,0.0010274525
graphsage,1,838,0,0,0.03111662
graphsage,1,51071,0,0,0.0006188169
graphsage,1,4561,0,0,0.0005747218
graphsage,1,26013,1,1,0.9999713
graphsage,1,69714,1,1,0.90517396
graphsage,1,54222,0,0,0.0003955597
graphsage,1,64263,1,1,0.99383646
graphsage,1,62989,1,1,0.99823654
graphsage,1,49201,1,0,0.19761997
graphsage,1,5222,0,0,2.0700742e-05
graphsage,1,34078,1,1,0.98457783
graphsage,1,42812,1,0,0.07390388
graphsage,1,25474,1,1,0.99686
graphsage,1,69869,1,1,0.99952257
graphsage,1,60971,0,0,0.00045395398
graphsage,1,36121,1,1,0.7874356
graphsage,1,65610,1,1,0.9783957
graphsage,1,36409,1,0,0.42665222
graphsage,1,42058,1,1,0.9988569
graphsage,1,69786,0,1,0.9173752
graphsage,1,7425,1,1,0.8976926
graphsage,1,53731,0,0,0.0054969746
graphsage,1,48098,0,0,0.00084887026
graphsage,1,41469,0,0,0.00024224485
graphsage,1,62790,0,0,0.0020203863
graphsage,1,25476,1,0,0.29294363
graphsage,1,12782,1,1,0.91672665
graphsage,1,44431,0,1,0.9858758
graphsage,1,7595,1,1,0.9458647
graphsage,1,37151,0,0,0.0003869564
graphsage,1,18985,1,1,0.9058701
graphsage,1,48801,0,0,0.015276364
graphsage,1,56559,1,1,0.9919132
graphsage,1,10296,1,0,0.06740475
graphsage,1,68729,1,1,0.9983639
graphsage,1,65323,0,0,0.009847834
graphsage,1,6618,0,0,0.24019165
graphsage,1,62103,1,1,0.99861526
graphsage,1,66654,1,1,0.9987288
graphsage,1,23284,0,0,0.011059043
graphsage,1,21825,0,1,0.8908938
graphsage,1,21476,1,1,0.9992211
graphsage,1,3269,0,0,0.22980577
graphsage,1,36739,1,1,0.9008079
graphsage,1,19176,0,0,0.020221097
graphsage,1,51181,1,1,0.89996666
graphsage,1,11414,0,0,0.031895693
graphsage,1,57538,1,1,0.9175012
graphsage,1,7162,0,0,0.0090191625
graphsage,1,7615,1,1,0.89924127
graphsage,1,7405,0,0,3.2413638e-05
graphsage,1,45540,1,1,0.5413198
graphsage,1,52882,1,1,0.9998733
graphsage,1,70571,1,1,0.6509016
graphsage,1,13009,0,0,0.056839235
graphsage,1,32920,0,0,0.09283915
graphsage,1,61684,1,1,0.99979836
graphsage,1,54745,1,1,0.6921305
graphsage,1,55906,1,1,0.7201831
graphsage,1,44639,1,1,0.98758507
graphsage,1,59295,1,1,0.9457671
graphsage,1,17063,1,1,0.99947745
graphsage,1,26019,1,1,0.99889815
graphsage,1,47546,0,0,0.024441388
graphsage,1,10212,0,0,0.0006435758
graphsage,1,28921,0,0,0.002048782
graphsage,1,22843,1,1,0.6541239
graphsage,1,37495,1,1,0.9673318
graphsage,1,9313,0,0,0.0043195453
graphsage,1,36425,0,0,0.0019294581
graphsage,1,31567,0,0,0.00041227663
graphsage,1,23673,1,1,0.92773277
graphsage,1,25203,1,1,0.9997335
graphsage,1,44480,0,0,0.0010020351
graphsage,1,42381,0,0,0.23013125
graphsage,1,12244,1,1,0.9999057
graphsage,1,67226,1,1,0.9999671
graphsage,1,27271,0,0,0.0001018863
graphsage,1,53161,1,1,0.8722971
graphsage,1,41765,0,0,0.00025623644
graphsage,1,19058,1,1,0.99111396
graphsage,1,28,0,0,0.03438955
graphsage,1,13980,0,0,0.00021097134
graphsage,1,42409,1,1,0.9985713
graphsage,1,18119,0,0,0.011754823
graphsage,1,38885,1,1,0.88509125
graphsage,1,31206,1,1,0.9976809
graphsage,1,64563,1,1,0.95613563
graphsage,1,61769,1,1,0.9998247
graphsage,1,44735,0,0,0.0007171968
graphsage,1,59648,0,0,0.0012734234
graphsage,1,26969,0,1,0.60775185
graphsage,1,17126,1,1,0.999508
graphsage,1,53514,1,1,0.99994385
graphsage,1,46275,0,0,0.034906153
graphsage,1,8469,0,0,0.004199916
graphsage,1,44457,0,0,0.0016836021
graphsage,1,49319,0,0,3.3878216e-05
graphsage,1,69950,0,0,0.4021583
graphsage,1,57138,0,0,0.011224358
graphsage,1,69404,0,0,0.005039699
graphsage,1,49236,1,1,0.7541036
graphsage,1,8248,1,1,0.9989784
graphsage,1,50280,0,0,0.002744316
graphsage,1,11446,0,0,0.0024117404
graphsage,1,68026,0,0,0.00026468514
graphsage,1,25487,0,1,0.54800105
graphsage,1,38188,1,0,0.29921284
graphsage,1,52504,0,0,0.15733655
graphsage,1,30970,1,1,0.9769895
graphsage,1,30881,1,1,0.9638134
graphsage,1,28614,1,1,0.9855951
graphsage,1,50696,1,1,0.7541036
graphsage,1,59757,0,0,0.008795976
graphsage,1,11016,1,1,0.9944405
graphsage,1,37417,1,0,0.19034842
graphsage,1,53847,0,0,0.00596631
graphsage,1,48605,1,1,0.9828096
graphsage,1,13971,0,0,0.00057466025
graphsage,1,30720,0,0,8.874914e-05
graphsage,1,35035,0,0,0.1085919
graphsage,1,19579,1,1,0.9981505
graphsage,1,3165,0,1,0.59201765
graphsage,1,31056,0,0,0.007977335
graphsage,1,54787,0,0,0.012746484
graphsage,1,36588,0,0,0.021846086
graphsage,1,58514,0,0,0.4768989
graphsage,1,57119,1,1,0.999213
graphsage,1,11498,0,1,0.527815
graphsage,1,22232,1,0,0.33259907
graphsage,1,52451,0,0,0.0010004643
graphsage,1,69435,0,0,0.00013498582
graphsage,1,65720,0,0,0.0023192337
graphsage,1,52049,0,0,9.959963e-05
graphsage,1,47402,0,0,0.00021205554
graphsage,1,53849,0,0,0.0042562946
graphsage,1,58260,1,1,0.99984634
graphsage,1,52388,1,1,0.9986749
graphsage,1,70268,0,0,0.0002701176
graphsage,1,2391,1,1,0.9916652
graphsage,1,7131,1,0,0.025166133
graphsage,1,14087,1,1,0.99692494
graphsage,1,17721,0,0,0.0018516171
graphsage,1,70911,0,0,0.004917503
graphsage,1,46630,0,0,0.009692714
graphsage,1,17032,1,0,0.059047237
graphsage,1,35435,0,0,0.09950486
graphsage,1,15046,1,1,0.9999528
graphsage,1,87,0,0,0.47560707
graphsage,1,23571,0,0,0.012525012
graphsage,1,20351,0,0,0.00016646266
graphsage,1,31293,1,1,0.99987304
graphsage,1,42146,0,0,0.0009606837
graphsage,1,35483,0,0,0.036535412
graphsage,1,49390,0,0,0.016582537
graphsage,1,43939,1,1,0.9106902
graphsage,1,71021,0,0,0.00041466975
graphsage,1,17578,1,1,0.9974826
graphsage,1,28965,0,0,2.625148e-05
graphsage,1,19393,0,0,0.0005697189
graphsage,1,71289,0,0,0.0013296733
graphsage,1,45670,1,1,0.9999765
graphsage,1,31668,0,0,0.37784222
graphsage,1,42501,1,1,0.99269
graphsage,1,55385,0,0,0.033603705
graphsage,1,39742,0,0,0.0069731334
graphsage,1,60804,1,1,0.99941945
graphsage,1,55412,0,0,0.4924313
graphsage,1,27074,0,0,0.0007284997
graphsage,1,18106,1,1,0.99639326
graphsage,1,11643,0,0,0.0001070133
graphsage,1,29928,0,0,1.0434299e-05
graphsage,1,34397,1,1,0.67057097
graphsage,1,17455,0,0,0.01721799
graphsage,1,24811,1,1,0.9994697
graphsage,1,29641,0,0,0.35683712
graphsage,1,71025,1,1,0.81850106
graphsage,1,23602,0,0,0.0011232327
graphsage,1,6865,1,1,0.9998951
graphsage,1,1851,1,1,0.9985507
graphsage,1,45317,1,1,0.8535501
graphsage,1,31793,0,0,1.5924223e-05
graphsage,1,28400,1,1,0.9984571
graphsage,1,39203,1,1,0.9951963
graphsage,1,9756,1,1,0.9969681
graphsage,1,10461,0,0,0.00076226855
graphsage,1,14186,1,1,0.99995506
graphsage,1,39567,0,0,0.004717333
graphsage,1,48155,0,0,0.0071362527
graphsage,1,25276,1,1,0.9997154
graphsage,1,38373,1,0,0.22541815
graphsage,1,50049,0,0,0.003318131
graphsage,1,48548,0,0,0.0030965083
graphsage,1,7697,0,1,0.87480986
graphsage,1,32854,1,0,0.47693223
graphsage,1,67770,1,1,0.99997866
graphsage,1,30615,1,1,0.92550796
graphsage,1,19485,0,0,0.00033591792
graphsage,1,35981,0,0,0.00065548264
graphsage,1,50303,1,1,0.9998288
graphsage,1,49648,0,0,0.02259033
graphsage,1,31413,1,1,0.99435484
graphsage,1,34661,0,0,0.002108302
graphsage,1,8755,1,1,0.9782019
graphsage,1,51021,0,1,0.71801144
graphsage,1,30559,0,0,0.19050974
graphsage,1,40788,1,1,0.9898233
graphsage,1,66305,1,1,0.99235874
graphsage,1,38491,1,1,0.9871492
graphsage,1,71664,0,0,0.39687085
graphsage,1,43580,0,0,0.034272697
graphsage,1,12289,0,0,0.01878771
graphsage,1,64371,1,1,0.7541036
graphsage,1,68201,1,1,0.98011667
graphsage,1,35310,0,0,0.1577165
graphsage,1,16923,1,1,0.9992824
graphsage,1,13122,1,1,0.9955165
graphsage,1,29964,1,1,0.998055
graphsage,1,24997,1,1,0.9992716
graphsage,1,15839,1,1,0.9655336
graphsage,1,23005,0,0,0.0070950845
graphsage,1,51481,0,0,0.00079509895
graphsage,1,48857,1,1,0.99948967
graphsage,1,47185,1,1,0.99946934
graphsage,1,31663,0,0,0.005623326
graphsage,1,32466,0,0,0.4070148
graphsage,1,21528,0,0,0.0027412924
graphsage,1,50211,0,0,0.0017937192
graphsage,1,49807,1,1,0.6645186
graphsage,1,30855,0,0,0.14169848
graphsage,1,62957,0,0,0.0025785153
graphsage,1,30252,1,1,0.7541036
graphsage,1,12121,0,0,0.16410512
graphsage,1,60014,0,0,1.5468302e-05
graphsage,1,25363,1,1,0.9993963
graphsage,1,56136,1,1,0.98273945
graphsage,1,28657,1,1,0.99932075
graphsage,1,35838,1,1,0.99567974
graphsage,1,22516,1,1,0.9998729
graphsage,1,58605,0,1,0.8758027
graphsage,1,56549,0,0,0.44049907
graphsage,1,9999,1,1,0.7505281
graphsage,1,8418,1,1,0.9871013
graphsage,1,50706,0,0,7.7352364e-05
graphsage,1,52670,0,0,0.036686644
graphsage,1,53652,0,0,0.0017992321
graphsage,1,62176,1,1,0.82323843
graphsage,1,56978,0,0,0.014207018
graphsage,1,58570,0,0,0.027856365
graphsage,1,14741,1,1,0.9957847
graphsage,1,43431,1,1,0.9816996
graphsage,1,47369,0,0,0.004603271
graphsage,1,24379,1,1,0.9999958
graphsage,1,52834,1,1,0.9998652
graphsage,1,36009,0,0,0.03544352
graphsage,1,33801,0,0,0.048924476
graphsage,1,61311,1,1,0.9801225
graphsage,1,65561,1,1,0.9900122
graphsage,1,68872,0,0,0.0018576593
graphsage,1,56838,1,1,0.9940823
graphsage,1,28297,0,0,0.005114481
graphsage,1,51208,0,0,0.0007662647
graphsage,1,5272,1,1,0.9410912
graphsage,1,46441,0,0,0.038209014
graphsage,1,29149,0,0,9.541301e-05
graphsage,1,64746,0,0,0.12168958
graphsage,1,23436,1,1,0.62003577
graphsage,1,52160,0,0,0.00018534376
graphsage,1,24152,1,1,0.9982659
graphsage,1,30704,0,0,0.0050358432
graphsage,1,51855,0,0,0.0009621181
graphsage,1,46315,0,0,0.02375601
graphsage,1,12675,0,0,0.021027891
graphsage,1,43964,1,1,0.8422059
graphsage,1,10689,0,0,0.1954592
graphsage,1,57354,1,1,0.758518
graphsage,1,18249,0,0,0.004126327
graphsage,1,3546,1,1,0.9906193
graphsage,1,31619,1,1,0.89071476
graphsage,1,32336,1,1,0.85590565
graphsage,1,23604,0,0,0.0025958316
graphsage,1,49542,0,1,0.93012327
graphsage,1,52523,0,0,0.0001467858
graphsage,1,27522,0,0,0.015634928
graphsage,1,63550,1,1,0.97447115
graphsage,1,4691,1,1,0.9905409
graphsage,1,43084,1,1,0.7285113
graphsage,1,61460,0,0,0.00044709013
graphsage,1,52516,0,0,0.0011171025
graphsage,1,29814,1,1,0.98650163
graphsage,1,45729,1,1,0.99461293
graphsage,1,70670,1,1,0.999951
graphsage,1,14506,1,1,0.99996674
graphsage,1,42803,0,1,0.5060293
graphsage,1,26168,0,1,0.9386358
graphsage,1,49615,0,0,0.005114003
graphsage,1,33255,0,0,0.023260403
graphsage,1,1715,0,0,0.00024380564
graphsage,1,11428,1,1,0.99997056
graphsage,1,33784,0,0,0.48840538
graphsage,1,57991,1,1,0.9994709
graphsage,1,49005,1,1,0.99859816
graphsage,1,61208,1,1,0.9999238
graphsage,1,28672,1,1,0.9922497
graphsage,1,44769,1,1,0.99919134
graphsage,1,27209,0,0,0.08168665
graphsage,1,41558,0,0,0.0011178124
graphsage,1,1303,1,1,0.9985397
graphsage,1,67767,1,1,0.9958633
graphsage,1,1635,0,0,0.4012134
graphsage,1,68601,1,1,0.98416543
graphsage,1,63206,0,0,6.223201e-05
graphsage,1,57103,0,0,0.0020871318
graphsage,1,3466,0,0,0.027460162
graphsage,1,11062,0,0,0.0042754654
graphsage,1,58544,0,0,0.015840787
graphsage,1,66760,1,1,0.9862861
graphsage,1,59471,1,1,0.99567693
graphsage,1,13,1,1,0.9988242
graphsage,1,432,1,1,0.99915993
graphsage,1,35839,0,0,0.0006943151
graphsage,1,21107,0,0,0.0014245509
graphsage,1,19639,1,0,0.3783484
graphsage,1,57228,0,0,0.11349337
graphsage,1,33389,1,0,0.15056562
graphsage,1,62476,0,0,0.0072560287
graphsage,1,24194,1,1,0.96791327
graphsage,1,41680,0,0,0.0012558246
graphsage,1,8975,0,0,0.0033414552
graphsage,1,26626,1,1,0.7906562
graphsage,1,42545,0,1,0.7375812
graphsage,1,22828,0,0,0.013428595
graphsage,1,36107,1,1,0.99906045
graphsage,1,27980,0,0,0.002302486
graphsage,1,55536,1,1,0.7541036
graphsage,1,41094,1,1,0.9950433
graphsage,1,67853,0,0,0.0011153283
graphsage,1,63216,1,1,0.99971026
graphsage,1,3698,0,0,6.1126775e-05
graphsage,1,6595,1,1,0.77762574
graphsage,1,61890,1,1,0.99692494
graphsage,1,4893,0,0,0.0021768298
graphsage,1,33265,0,0,0.01199094
graphsage,1,61095,0,0,0.168238
graphsage,1,3275,1,1,0.9956584
graphsage,1,10824,1,1,0.99962306
graphsage,1,48766,1,1,0.9764033
graphsage,1,59535,1,1,0.99980646
graphsage,1,27640,0,0,0.096103996
graphsage,1,1203,1,1,0.9903257
graphsage,1,53890,0,1,0.6686854
graphsage,1,71369,0,0,0.06447813
graphsage,1,51955,1,1,0.99555236
graphsage,1,49060,0,0,0.0004304155
graphsage,1,9895,0,0,0.003595249
graphsage,1,30025,0,0,0.027621107
graphsage,1,35153,0,0,0.03575901
graphsage,1,63515,0,0,0.17995214
graphsage,1,27697,1,1,0.9992872
graphsage,1,22057,0,0,0.011841347
graphsage,1,62995,0,0,3.90067e-05
graphsage,1,67487,0,0,0.117296204
graphsage,1,1585,1,1,0.8967282
graphsage,1,29392,1,1,0.99984
graphsage,1,36139,0,0,3.816799e-05
graphsage,1,62977,1,1,0.9992219
graphsage,1,13178,0,0,0.3647003
graphsage,1,14057,1,1,0.6453065
graphsage,1,29402,1,1,0.7308841
graphsage,1,65914,1,0,0.08612841
graphsage,1,71544,0,0,0.08320033
graphsage,1,30856,1,1,0.97088695
graphsage,1,16856,0,0,0.010531288
graphsage,1,71912,0,0,0.007023671
graphsage,1,34374,0,0,0.39641106
graphsage,1,53505,1,1,0.9985732
graphsage,1,27732,1,1,0.9998691
graphsage,1,27332,1,1,0.9514318
graphsage,1,4038,1,1,0.96579105
graphsage,1,43742,0,0,0.0005146369
graphsage,1,44537,1,1,0.8535019
graphsage,1,12962,1,0,0.43925744
graphsage,1,56263,1,1,0.9813052
graphsage,1,44379,0,0,0.00051891105
graphsage,1,2586,1,1,0.9998312
graphsage,1,13596,0,0,0.0014230803
graphsage,1,7806,1,1,0.9388702
graphsage,1,23563,0,0,6.288554e-05
graphsage,1,66789,1,1,0.9980117
graphsage,1,41541,1,1,0.99933904
graphsage,1,44180,0,0,0.00051311945
graphsage,1,4598,1,1,0.9975177
graphsage,1,19210,1,1,0.99899286
graphsage,1,14114,0,0,0.0043062605
graphsage,1,38242,0,0,0.0003781965
graphsage,1,11139,0,0,0.015811177
graphsage,1,9089,0,0,0.015234723
graphsage,1,3007,1,1,0.9915888
graphsage,1,44163,1,1,0.9997483
graphsage,1,34322,1,1,0.9880816
graphsage,1,27372,1,1,0.99603206
graphsage,1,67192,0,0,0.076363645
graphsage,1,33536,0,1,0.65668076
graphsage,1,23665,0,0,0.0043405057
graphsage,1,6866,1,1,0.9987888
graphsage,1,27600,0,0,0.00072493555
graphsage,1,52193,1,1,0.99345857
graphsage,1,36825,1,1,0.56831294
graphsage,1,8856,1,1,0.9987423
graphsage,1,12112,1,1,0.99888664
graphsage,1,50701,1,0,0.16755441
graphsage,1,37875,0,0,0.00014452972
graphsage,1,36782,0,0,0.01660518
graphsage,1,48082,0,0,0.010831622
graphsage,1,39138,1,1,0.9271981
graphsage,1,8163,1,1,0.9949698
graphsage,1,24673,0,0,0.105408534
graphsage,1,2930,0,0,0.0024775676
graphsage,1,42343,1,1,0.99962676
graphsage,1,53437,1,1,0.9995091
graphsage,1,27399,1,1,0.9123954
graphsage,1,34875,1,0,0.47381186
graphsage,1,68748,0,0,0.07858874
graphsage,1,42671,1,1,0.98730785
graphsage,1,68644,0,0,0.0067729647
graphsage,1,25424,1,1,0.9998344
graphsage,1,38711,1,1,0.9998964
graphsage,1,67498,0,0,0.019992054
graphsage,1,37534,0,0,0.0054315445
graphsage,1,64059,0,0,0.052372847
graphsage,1,2987,1,1,0.99363846
graphsage,1,4468,0,0,0.009990723
graphsage,1,14149,1,1,0.99863166
graphsage,1,35332,0,0,0.044164155
graphsage,1,10705,1,1,0.9840095
graphsage,1,34711,0,0,0.05330259
graphsage,1,7248,0,0,0.09528851
graphsage,1,40993,0,0,0.001266927
graphsage,1,26547,0,0,0.0025348617
graphsage,1,24051,1,1,0.97996247
graphsage,1,44783,1,1,0.99943644
graphsage,1,30530,1,1,0.65799886
graphsage,1,41436,0,0,0.003318131
graphsage,1,52785,1,1,0.9926097
graphsage,1,20950,0,0,0.033524465
graphsage,1,22301,1,1,0.99979323
graphsage,1,24964,1,1,0.979803
graphsage,1,18257,1,1,0.8696962
graphsage,1,31513,0,0,0.23654865
graphsage,1,28096,0,0,0.0027339086
graphsage,1,34400,1,1,0.9984731
graphsage,1,66171,0,0,0.00086015114
graphsage,1,33804,0,0,0.0011241382
graphsage,1,21071,1,1,0.79056966
graphsage,1,48056,1,1,0.9998852
graphsage,1,61685,0,0,0.03193287
graphsage,1,70715,1,1,0.93654954
graphsage,1,69148,1,1,0.9984281
graphsage,1,49438,0,0,0.16767421
graphsage,1,24818,0,1,0.75977546
graphsage,1,42614,0,0,0.00061870075
graphsage,1,19923,1,1,0.999506
graphsage,1,70596,1,1,0.9178957
graphsage,1,19937,0,0,0.055641137
graphsage,1,71969,1,1,0.92501056
graphsage,1,52149,1,1,0.98394936
graphsage,1,48383,1,1,0.99963915
graphsage,1,17196,1,1,0.9977176
graphsage,1,27694,0,0,0.0014584326
graphsage,1,63342,0,0,0.049618986
graphsage,1,17085,0,0,9.8236545e-05
graphsage,1,7841,0,0,0.0010305272
graphsage,1,57320,0,0,0.00016501635
graphsage,1,54899,1,1,0.9675355
graphsage,1,70197,1,1,0.9998896
graphsage,1,26269,0,0,0.40521157
graphsage,1,59349,0,0,0.009867315
graphsage,1,781,0,0,0.0007425977
graphsage,1,55415,1,1,0.99998593
graphsage,1,63448,1,0,0.14080536
graphsage,1,11573,1,1,0.9959054
graphsage,1,46141,0,0,0.04214159
graphsage,1,52948,1,1,0.9982912
graphsage,1,21515,1,1,0.9258516
graphsage,1,22293,0,0,0.0004416466
graphsage,1,25665,1,1,0.91193646
graphsage,1,51379,0,0,0.032995008
graphsage,1,71705,0,0,0.1436714
graphsage,1,71825,0,0,0.0019778155
graphsage,1,37796,0,0,1.5708503e-05
graphsage,1,70283,0,1,0.5734725
graphsage,1,14635,1,1,0.98757344
graphsage,1,47946,1,1,0.9940545
graphsage,1,40561,0,0,0.0060378388
graphsage,1,2459,0,0,1.4620239e-05
graphsage,1,20314,0,0,0.010704306
graphsage,1,57100,0,0,0.004025408
graphsage,1,66798,1,1,0.9937204
graphsage,1,62899,0,0,0.03167299
graphsage,1,10144,0,1,0.6912106
graphsage,1,39971,1,1,0.95075226
graphsage,1,67667,1,1,0.9658303
graphsage,1,66332,0,0,0.123763874
graphsage,1,48202,1,1,0.9917624
graphsage,1,5356,0,0,0.23806788
graphsage,1,22247,1,1,0.98418695
graphsage,1,71070,0,0,0.019401886
graphsage,1,52404,1,1,0.8215569
graphsage,1,52428,0,0,0.0009480331
graphsage,1,44260,0,0,0.016551415
graphsage,1,26734,1,1,0.99537635
graphsage,1,15510,1,1,0.7541036
graphsage,1,43379,1,1,0.75785154
graphsage,1,50996,0,0,0.0063655037
graphsage,1,9614,1,1,0.99999034
graphsage,1,36831,1,1,0.9996278
graphsage,1,16701,0,0,4.7680467e-05
graphsage,1,25496,0,0,0.0006105853
graphsage,1,21765,0,0,0.07246056
graphsage,1,40454,1,1,0.9984883
graphsage,1,22890,1,0,0.030925032
graphsage,1,8668,1,1,0.99994063
graphsage,1,25811,0,1,0.9691975
graphsage,1,51974,1,1,0.9957963
graphsage,1,22394,1,1,0.97775966
graphsage,1,5911,0,0,0.14812635
graphsage,1,20145,0,0,0.018189855
graphsage,1,67439,0,0,0.014381296
graphsage,1,10375,0,0,0.00023352119
graphsage,1,49730,1,1,0.97814536
graphsage,1,9402,1,1,0.8435618
graphsage,1,23181,0,0,0.005203821
graphsage,1,19938,1,1,0.9995097
graphsage,1,3076,0,0,0.007008324
graphsage,1,55388,1,1,0.87203205
graphsage,1,10467,1,1,0.959689
graphsage,1,571,1,1,0.94188744
graphsage,1,27199,1,1,0.9392476
graphsage,1,79,1,0,0.32290468
graphsage,1,46010,1,1,0.6319744
graphsage,1,27443,0,1,0.88663334
graphsage,1,10336,1,1,0.9981511
graphsage,1,29005,1,1,0.9988906
graphsage,1,58041,0,0,0.21679716
graphsage,1,53728,1,1,0.99020267
graphsage,1,56398,1,1,0.99950707
graphsage,1,37073,1,1,0.9979457
graphsage,1,35142,1,1,0.9389396
graphsage,1,23220,0,0,0.00030500707
graphsage,1,14288,0,0,0.005881448
graphsage,1,10312,0,0,3.2019132e-05
graphsage,1,55494,1,1,0.52174425
graphsage,1,46749,0,0,0.001301398
graphsage,1,48276,0,0,0.013674542
graphsage,1,41713,1,1,0.99498934
graphsage,1,53004,1,1,0.9980242
graphsage,1,48007,0,0,0.01695284
graphsage,1,49284,1,1,0.9998869
graphsage,1,16438,1,1,0.9988274
graphsage,1,55345,0,0,0.03382653
graphsage,1,25026,0,0,4.366228e-05
graphsage,1,46724,1,1,0.9938711
graphsage,1,13564,1,1,0.9626491
graphsage,1,40410,0,0,0.000638059
graphsage,1,18338,1,0,0.346858
graphsage,1,22720,0,0,0.074591585
graphsage,1,19718,1,1,0.9998728
graphsage,1,59037,0,0,0.024014411
graphsage,1,40084,1,1,0.99895346
graphsage,1,64347,1,1,0.99997675
graphsage,1,29897,0,0,0.00048002807
graphsage,1,62808,1,1,0.98659515
graphsage,1,846,1,1,0.99959546
graphsage,1,19229,0,0,0.3698523
graphsage,1,24802,1,1,0.9987703
graphsage,1,33921,1,1,0.75265837
graphsage,1,64430,0,0,0.002859664
graphsage,1,50073,0,0,0.053010922
graphsage,1,4304,1,1,0.98823416
graphsage,1,13952,0,0,0.12907301
graphsage,1,39502,0,0,0.06787301
graphsage,1,46559,0,0,0.0037154867
graphsage,1,58625,0,0,0.20965342
graphsage,1,29830,0,0,0.01522168
graphsage,1,35273,0,0,0.000720275
graphsage,1,8580,1,1,0.9816522
graphsage,1,5508,1,1,0.99869305
graphsage,1,31783,1,1,0.95580006
graphsage,1,10974,0,0,0.0002406876
graphsage,1,56266,1,1,0.99099755
graphsage,1,65774,1,0,0.15888034
graphsage,1,60940,1,1,0.888997
graphsage,1,3902,0,0,0.0068709645
graphsage,1,68941,0,0,0.0060308552
graphsage,1,38121,1,1,0.51712215
graphsage,1,21365,0,0,0.011995182
graphsage,1,62339,1,1,0.9992198
graphsage,1,68486,1,1,0.99514824
graphsage,1,12331,1,0,0.49820384
graphsage,1,25304,0,0,0.0012650851
graphsage,1,63350,1,1,0.995852
graphsage,1,26519,0,1,0.51142055
graphsage,1,24015,0,0,9.932951e-05
graphsage,1,28856,0,1,0.9329622
graphsage,1,71307,1,1,0.99991703
graphsage,1,64546,0,0,0.017419951
graphsage,1,20540,0,0,7.6499964e-05
graphsage,1,34474,1,1,0.9960802
graphsage,1,68305,0,0,0.00022829197
graphsage,1,59541,0,0,0.05289633
graphsage,1,60908,1,1,0.99971324
graphsage,1,52286,0,0,0.0034478009
graphsage,1,3974,1,1,0.99964964
graphsage,1,26591,1,1,0.9886059
graphsage,1,35830,0,0,0.0021340929
graphsage,1,50223,1,1,0.7541036
graphsage,1,21281,0,0,2.7416261e-05
graphsage,1,36618,1,1,0.9978126
graphsage,1,225,0,0,0.00013951099
graphsage,1,40414,1,1,0.97203135
graphsage,1,15817,0,0,0.081835866
graphsage,1,23598,1,1,0.9983785
graphsage,1,28557,1,1,0.88760245
graphsage,1,37989,0,0,0.26219705
graphsage,1,13477,0,0,0.021119583
graphsage,1,33492,0,0,0.0022546044
graphsage,1,38079,1,1,0.81948787
graphsage,1,37733,0,0,0.0009923677
graphsage,1,59823,1,1,0.9874927
graphsage,1,16299,0,0,0.21992725
graphsage,1,26323,0,0,0.012702551
graphsage,1,61898,0,0,0.0055014994
graphsage,1,24590,1,1,0.99559516
graphsage,1,39923,1,1,0.99675304
graphsage,1,68800,1,1,0.9817153
graphsage,1,49974,1,1,0.98544574
graphsage,1,7700,0,0,0.04072472
graphsage,1,3922,1,1,0.9988482
graphsage,1,24374,0,0,0.0008186135
graphsage,1,18425,1,1,0.73007596
graphsage,1,45962,1,1,0.9943164
graphsage,1,49770,0,0,0.002018087
graphsage,1,34343,0,0,0.0007057646
graphsage,1,10563,0,0,0.027621862
graphsage,1,67309,1,1,0.9999316
graphsage,1,13630,1,1,0.98300016
graphsage,1,47673,0,0,0.006223675
graphsage,1,64189,0,0,0.26518556
graphsage,1,34104,1,1,0.9732607
graphsage,1,32474,1,1,0.6977852
graphsage,1,50407,0,0,0.00012645022
graphsage,1,35266,0,0,0.012649117
graphsage,1,27017,0,1,0.7409339
graphsage,1,16126,0,0,0.00064504525
graphsage,1,21612,1,1,0.9998005
graphsage,1,56110,1,1,0.88266945
graphsage,1,64728,1,1,0.9641708
graphsage,1,47865,1,1,0.54463404
graphsage,1,59942,0,1,0.7741936
graphsage,1,20724,0,0,0.0041905055
graphsage,1,54953,0,0,0.0004131826
graphsage,1,63373,1,1,0.99990153
graphsage,1,52990,1,1,0.99877626
graphsage,1,12080,1,1,0.99936503
graphsage,1,19460,0,0,0.0006939168
graphsage,1,9958,0,0,0.13554783
graphsage,1,34339,0,0,0.0035657217
graphsage,1,56644,0,0,0.21195589
graphsage,1,60685,0,0,0.0096699875
graphsage,1,31328,1,1,0.63656896
graphsage,1,60221,0,0,0.00060974766
graphsage,1,12353,1,1,0.99872977
graphsage,1,34336,0,1,0.6572949
graphsage,1,40046,1,1,0.9998677
graphsage,1,28265,0,0,0.0032971026
graphsage,1,11358,0,0,0.00035502884
graphsage,1,24675,0,0,0.00088672194
graphsage,1,41997,1,1,0.9963127
graphsage,1,11854,0,0,0.003571631
graphsage,1,29242,1,1,0.70804864
graphsage,1,54199,1,1,0.9995441
graphsage,1,63577,1,1,0.9901065
graphsage,1,36682,0,0,0.00020628533
graphsage,1,59794,0,1,0.54704934
graphsage,1,13939,1,1,0.99961
graphsage,1,28761,0,0,0.16622445
graphsage,1,40020,0,0,0.011150884
graphsage,1,37822,0,0,0.03147732
graphsage,1,56435,0,0,0.010893143
graphsage,1,13435,1,1,0.99013066
graphsage,1,43977,0,0,0.020668862
graphsage,1,36546,0,0,0.014788631
graphsage,1,51205,0,0,0.0016716054
graphsage,1,61834,1,1,0.9925689
graphsage,1,38772,1,1,0.6314609
graphsage,1,48728,1,1,0.9926328
graphsage,1,13773,1,1,0.9999794
graphsage,1,40047,1,1,0.8618984
graphsage,1,6727,1,1,0.98576164
graphsage,1,9420,0,0,0.0005170878
graphsage,1,67056,1,1,0.9920672
graphsage,1,12030,1,0,0.07558033
graphsage,1,43944,0,0,2.390768e-05
graphsage,1,19852,1,1,0.98973733
graphsage,1,23725,0,0,0.0073890956
graphsage,1,13368,1,1,0.89795667
graphsage,1,38614,1,1,0.9999138
graphsage,1,43678,0,0,0.08095537
graphsage,1,42561,0,0,0.0006274993
graphsage,1,55320,1,0,0.02664715
graphsage,1,58484,0,0,0.00013467083
graphsage,1,27231,1,1,0.94721144
graphsage,1,57334,0,0,0.0011031632
graphsage,1,61578,1,1,0.99906725
graphsage,1,39677,0,0,0.006831928
graphsage,1,67096,1,1,0.9987097
graphsage,1,42228,0,0,0.017753812
graphsage,1,6167,1,1,0.9935875
graphsage,1,48420,1,0,0.22387482
graphsage,1,15575,1,1,0.9999907
graphsage,1,33101,1,1,0.9770915
graphsage,1,62330,0,0,0.002054506
graphsage,1,36401,0,0,0.010556864
graphsage,1,24517,1,1,0.92900586
graphsage,1,45732,0,0,0.010503106
graphsage,1,17202,0,0,0.043973662
graphsage,1,46083,0,0,0.033770714
graphsage,1,266,1,1,0.98608845
graphsage,1,58730,0,0,0.0068388437
graphsage,1,31897,0,0,0.13431193
graphsage,1,18283,1,1,0.9913412
graphsage,1,19751,1,1,0.9220461
graphsage,1,68752,1,1,0.9995116
graphsage,1,7423,1,1,0.8220784
graphsage,1,62236,0,0,0.061175503
graphsage,1,64460,1,1,0.99991894
graphsage,1,8147,1,1,0.8686239
graphsage,1,18908,0,0,0.14799415
graphsage,1,39526,0,0,0.008933018
graphsage,1,57298,0,0,0.008798524
graphsage,1,1038,0,0,0.0028563044
graphsage,1,30128,0,0,0.07910355
graphsage,1,36767,0,0,0.05648831
graphsage,1,35692,0,0,0.0061855875
graphsage,1,21632,1,1,0.9985732
graphsage,1,31108,0,1,0.6725029
graphsage,1,65534,0,0,0.0044035
graphsage,1,71176,1,1,0.99206984
graphsage,1,59250,0,0,0.0024803823
graphsage,1,46304,0,0,0.001002024
graphsage,1,45973,1,1,0.99108815
graphsage,1,44802,0,0,0.09512325
graphsage,1,44771,1,1,0.81316006
graphsage,1,19981,1,1,0.9997317
graphsage,1,44773,1,1,0.7541036
graphsage,1,42037,1,1,0.9887475
graphsage,1,31484,0,0,0.0009870619
graphsage,1,16705,1,0,0.2138788
graphsage,1,63394,0,0,0.0027957081
graphsage,1,65158,0,0,0.0099068815
graphsage,1,31823,0,0,0.00027436233
graphsage,1,48311,1,1,0.86588347
graphsage,1,60768,1,1,0.8697849
graphsage,1,22468,1,1,0.9997812
graphsage,1,51348,0,0,0.0013800944
graphsage,1,11155,0,1,0.63204163
graphsage,1,41121,0,0,0.008502326
graphsage,1,62422,0,1,0.72444963
graphsage,1,48192,0,0,0.0032939578
graphsage,1,67610,1,1,0.77900344
graphsage,1,26592,0,0,0.21940528
graphsage,1,59948,0,0,0.1793175
graphsage,1,49078,0,0,0.005329654
graphsage,1,38804,0,0,0.033450536
graphsage,1,66564,1,1,0.60272807
graphsage,1,14947,0,0,0.0002453199
graphsage,1,65671,0,0,0.0019047417
graphsage,1,38340,1,1,0.99907744
graphsage,1,4224,1,1,0.9999448
graphsage,1,25208,0,0,0.00030569997
graphsage,1,63003,0,0,0.3503562
graphsage,1,52373,1,1,0.63056403
graphsage,1,50209,0,0,0.0051385774
graphsage,1,17637,0,0,0.0011709934
graphsage,1,42667,1,1,0.98896956
graphsage,1,48826,1,1,0.9999901
graphsage,1,1962,0,0,1.62004e-05
graphsage,1,7830,0,0,0.00037595522
graphsage,1,44373,0,0,0.00035753142
graphsage,1,67013,0,0,0.039779663
graphsage,1,52562,0,0,0.0002496844
graphsage,1,2091,1,1,0.99603003
graphsage,1,66092,1,1,0.9992144
graphsage,1,67806,1,1,0.8738204
graphsage,1,23752,1,1,0.99979025
graphsage,1,40206,1,1,0.99474996
graphsage,1,921,1,1,0.9983182
graphsage,1,59135,1,1,0.9919018
graphsage,1,46802,0,1,0.998207
graphsage,1,64013,0,0,0.0013925106
graphsage,1,60220,1,1,0.9807829
graphsage,1,39626,0,0,0.00028330987
graphsage,1,42044,0,0,0.031972565
graphsage,1,25177,0,0,0.00023195121
graphsage,1,44366,1,1,0.9646693
graphsage,1,41623,1,1,0.96917623
graphsage,1,70600,0,0,0.0076368162
graphsage,1,32031,0,0,0.003908228
graphsage,1,7685,0,0,0.010388609
graphsage,1,26178,0,0,0.07306273
graphsage,1,29522,1,1,0.99904984
graphsage,1,60701,0,0,0.00010475313
graphsage,1,23619,0,0,0.13749255
graphsage,1,35119,0,0,0.0060916236
graphsage,1,34901,0,0,0.004665685
graphsage,1,27331,0,0,0.0009399099
graphsage,1,48434,1,1,0.9996723
graphsage,1,2656,0,0,0.005251637
graphsage,1,64553,0,1,0.98760146
graphsage,1,59978,1,1,0.99728346
graphsage,1,46685,1,1,0.9996145
graphsage,1,21634,0,0,0.032715026
graphsage,1,27148,0,0,0.001756181
graphsage,1,36815,0,0,2.2985016e-05
graphsage,1,66546,1,0,0.11032158
graphsage,1,51549,1,1,0.91222304
graphsage,1,66113,0,0,0.0047842935
graphsage,1,15786,0,0,0.079038925
graphsage,1,51559,1,1,0.9999337
graphsage,1,52241,0,0,5.8220383e-05
graphsage,1,21503,1,1,0.9711086
graphsage,1,33406,0,0,0.005533835
graphsage,1,18179,1,0,0.17276801
graphsage,1,26106,1,1,0.9746465
graphsage,1,47304,1,1,0.9653725
graphsage,1,54882,0,0,0.0013387194
graphsage,1,67475,1,1,0.9670536
graphsage,1,35128,0,0,0.0004920674
graphsage,1,62620,0,0,0.025833542
graphsage,1,33683,1,1,0.9511685
graphsage,1,61151,1,1,0.79543394
graphsage,1,63671,0,0,0.13069455
graphsage,1,2021,0,0,0.00011431233
graphsage,1,31212,0,0,5.649216e-06
graphsage,1,16443,0,0,0.0084782485
graphsage,1,44069,0,0,0.00028312329
graphsage,1,12038,1,1,0.99996185
graphsage,1,61860,0,0,0.0003193232
graphsage,1,4831,1,1,0.9991223
graphsage,1,45300,0,0,0.40395856
graphsage,1,68279,0,0,4.8306796e-05
graphsage,1,38875,1,1,0.9989428
graphsage,1,53061,1,1,0.77074885
graphsage,1,70411,0,0,0.09719754
graphsage,1,35721,0,1,0.92999834
graphsage,1,36483,0,0,0.023418952
graphsage,1,46100,1,1,0.99856794
graphsage,1,40354,1,1,0.9999956
graphsage,1,7503,1,1,0.9999187
graphsage,1,6743,0,0,0.0010363448
graphsage,1,47703,0,0,0.002479854
graphsage,1,13446,1,1,0.97904783
graphsage,1,69186,1,1,0.99927
graphsage,1,22406,1,0,0.21042426
graphsage,1,11412,0,0,0.00033437644
graphsage,1,63431,1,0,0.04651677
graphsage,1,37861,0,0,0.05274607
graphsage,1,18035,1,0,0.107386455
graphsage,1,6170,1,1,0.99990356
graphsage,1,6152,0,0,0.00067740795
graphsage,1,34962,1,1,0.8985596
graphsage,1,33512,1,1,0.6471278
graphsage,1,68993,0,0,0.48464027
graphsage,1,33633,0,0,0.02661799
graphsage,1,21618,1,1,0.67325777
graphsage,1,13550,1,1,0.99927
graphsage,1,64702,1,1,0.9768991
graphsage,1,68161,0,0,0.0022911832
graphsage,1,41079,1,1,0.99996674
graphsage,1,30375,1,1,0.7541036
graphsage,1,23986,1,1,0.9994671
graphsage,1,2223,1,1,0.9999032
graphsage,1,57610,0,0,0.33556876
graphsage,1,13913,1,1,0.90046823
graphsage,1,64381,1,1,0.99540555
graphsage,1,28478,1,1,0.96074843
graphsage,1,53230,0,0,0.00440891
graphsage,1,66106,0,0,0.01881747
graphsage,1,69981,0,0,0.003862538
graphsage,1,18533,0,0,0.030047623
graphsage,1,61393,1,1,0.78653777
graphsage,1,13048,1,1,0.99899226
graphsage,1,15898,0,0,0.00019867784
graphsage,1,42872,0,0,0.00013471
graphsage,1,47362,1,1,0.9760508
graphsage,1,3552,1,1,0.6482298
graphsage,1,38849,1,1,0.9983329
graphsage,1,35337,1,1,0.9994178
graphsage,1,62063,1,1,0.9817153
graphsage,1,32206,1,1,0.99583507
graphsage,1,70015,0,0,0.00097485294
graphsage,1,67971,1,1,0.9278276
graphsage,1,15624,1,1,0.9988852
graphsage,1,58458,0,0,4.9876184e-05
graphsage,1,9166,0,0,0.0060449406
graphsage,1,56837,1,1,0.7058487
graphsage,1,67122,0,0,0.0097896345
graphsage,1,47017,0,0,0.3324806
graphsage,1,66421,0,1,0.95672107
graphsage,1,41608,1,1,0.5374956
graphsage,1,4661,1,1,0.993403
graphsage,1,50444,1,1,0.98532224
graphsage,1,53833,1,1,0.9967025
graphsage,1,32645,1,1,0.96849334
graphsage,1,61947,0,1,0.9299785
graphsage,1,51127,1,1,0.99832004
graphsage,1,59732,1,1,0.999959
graphsage,1,13400,0,0,0.04017514
graphsage,1,10785,1,1,0.9999931
graphsage,1,51778,1,1,0.9997596
graphsage,1,68590,0,0,0.00928972
graphsage,1,18709,1,1,0.601078
graphsage,1,55593,1,1,0.9997564
graphsage,1,64205,1,1,0.71836007
graphsage,1,45255,1,1,0.9999831
graphsage,1,13761,0,0,0.29139674
graphsage,1,34292,0,0,0.005015897
graphsage,1,16522,0,1,0.68121433
graphsage,1,11346,1,1,0.9999273
graphsage,1,24135,0,0,0.025550624
graphsage,1,53166,0,0,0.07178385
graphsage,1,49590,1,1,0.99846554
graphsage,1,19069,0,1,0.51364195
graphsage,1,11492,1,1,0.9999571
graphsage,1,20572,0,1,0.97244644
graphsage,1,40828,0,0,0.009314038
graphsage,1,6974,0,0,0.00035335656
graphsage,1,26745,0,0,5.5266333e-05
graphsage,1,68811,0,0,0.0034737592
graphsage,1,22008,1,0,0.44825444
graphsage,1,69469,0,0,0.008516004
graphsage,1,41574,1,1,0.98033625
graphsage,1,22961,1,1,0.96720773
graphsage,1,33129,1,1,0.9971487
graphsage,1,55443,1,0,0.27130815
graphsage,1,8571,1,1,0.9152825
graphsage,1,55929,1,1,0.97873026
graphsage,1,68746,1,1,0.8590514
graphsage,1,7079,0,0,0.00023001537
graphsage,1,10387,1,1,0.9984445
graphsage,1,13611,0,0,0.0030972783
graphsage,1,67494,1,1,0.98109424
graphsage,1,5407,0,0,0.01981978
graphsage,1,10428,0,0,0.00039582263
graphsage,1,19352,1,1,0.99996364
graphsage,1,14321,0,0,0.015794044
graphsage,1,69210,0,1,0.65983224
graphsage,1,35897,1,1,0.9997696
graphsage,1,24104,1,1,0.99545896
graphsage,1,49591,0,0,0.00076923834
graphsage,1,35294,1,1,0.9333929
graphsage,1,36666,0,1,0.9944936
graphsage,1,4053,1,1,0.9446585
graphsage,1,46033,1,1,0.98797077
graphsage,1,26271,1,1,0.9824686
graphsage,1,14374,1,1,0.99795973
graphsage,1,72015,1,1,0.9919843
graphsage,1,24745,0,0,0.1645873
graphsage,1,57406,1,1,0.7029135
graphsage,1,27879,0,0,7.747705e-05
graphsage,1,42553,1,1,0.9998988
graphsage,1,49066,1,1,0.99988854
graphsage,1,40326,0,0,0.000958547
graphsage,1,51461,0,0,0.009268565
graphsage,1,15287,1,1,0.9827555
graphsage,1,71346,0,0,0.028769221
graphsage,1,22581,0,0,0.0051417546
graphsage,1,48357,0,0,0.00055764406
graphsage,1,13000,1,1,0.9982577
graphsage,1,6126,1,1,0.9495722
graphsage,1,7274,0,0,0.001358194
graphsage,1,67433,1,1,0.99993885
graphsage,1,6496,0,1,0.9014625
graphsage,1,11731,1,1,0.9905233
graphsage,1,63368,1,0,0.25247154
graphsage,1,10030,0,0,0.022736408
graphsage,1,14958,0,1,0.7711415
graphsage,1,24576,1,1,0.99566853
graphsage,1,2217,1,1,0.99987936
graphsage,1,9170,0,0,0.00017424385
graphsage,1,70819,1,1,0.7531423
graphsage,1,49803,1,1,0.9999143
graphsage,1,7145,0,0,0.3314008
graphsage,1,63381,0,0,0.09007224
graphsage,1,26885,1,1,0.99964595
graphsage,1,1823,0,0,0.07348883
graphsage,1,18914,0,0,0.21119162
graphsage,1,58483,1,1,0.9585171
graphsage,1,64478,0,0,0.0014431195
graphsage,1,13431,1,1,0.9994592
graphsage,1,4766,1,0,0.02171597
graphsage,1,59195,0,0,0.005309497
graphsage,1,51962,1,1,0.9967694
graphsage,1,4620,0,0,0.013346606
graphsage,1,47737,0,1,0.52034855
graphsage,1,50440,0,0,0.012804351
graphsage,1,2720,1,1,0.9816518
graphsage,1,19483,0,0,2.450608e-05
graphsage,1,54124,1,1,0.8289186
graphsage,1,23387,1,1,0.95508933
graphsage,1,10110,0,0,0.003394074
graphsage,1,7543,0,0,0.13202214
graphsage,1,62798,0,0,0.038645256
graphsage,1,19997,1,0,0.25990465
graphsage,1,20610,1,1,0.99578756
graphsage,1,37956,0,0,0.0009860551
graphsage,1,62417,1,1,0.895515
graphsage,1,56610,0,0,0.02894129
graphsage,1,14124,0,0,0.0032942381
graphsage,1,57831,1,1,0.8085529
graphsage,1,63814,0,0,0.049713537
graphsage,1,43713,0,0,0.09841422
graphsage,1,16064,1,0,0.4490869
graphsage,1,58367,1,1,0.97387683
graphsage,1,7827,0,0,0.021244714
graphsage,1,53897,1,1,0.99986255
graphsage,1,64907,1,0,0.30815768
graphsage,1,71281,1,1,0.9563758
graphsage,1,40932,0,0,0.115675695
graphsage,1,6556,1,1,0.9813068
graphsage,1,66,1,1,0.999749
graphsage,1,33420,0,0,0.14902197
graphsage,1,13871,0,1,0.9392626
graphsage,1,749,0,0,0.039670818
graphsage,1,45996,0,1,0.9061119
graphsage,1,57327,1,1,0.9967871
graphsage,1,13823,0,1,0.6360437
graphsage,1,6421,0,1,0.66030157
graphsage,1,25637,1,0,0.4295848
graphsage,1,22371,0,0,0.0086494675
graphsage,1,22897,1,1,0.9975176
graphsage,1,30173,0,0,0.040127948
graphsage,1,59543,0,0,0.48734477
graphsage,1,4086,1,1,0.9987068
graphsage,1,40623,0,0,0.43244135
graphsage,1,49275,1,0,0.04730929
graphsage,1,17725,1,1,0.9998852
graphsage,1,46959,1,1,0.9991942
graphsage,1,23273,1,1,0.96935433
graphsage,1,51014,0,0,0.086452074
graphsage,1,64825,1,1,0.99935585
graphsage,1,55047,1,1,0.9928416
graphsage,1,71503,0,0,0.0036958966
graphsage,1,20097,0,0,0.00011834127
graphsage,1,51336,1,1,0.99928147
graphsage,1,44526,0,0,1.707382e-05
graphsage,1,3956,1,1,0.94566953
graphsage,1,57480,0,0,0.05398984
graphsage,1,12965,1,1,0.9933068
graphsage,1,426,0,0,0.0026372268
graphsage,1,2323,1,1,0.991039
graphsage,1,66946,0,0,0.0010974067
graphsage,1,34740,1,1,0.9997588
graphsage,1,49643,0,0,0.011845297
graphsage,1,55686,0,0,0.013790124
graphsage,1,37916,1,1,0.9994191
graphsage,1,28313,0,0,0.006673756
graphsage,1,62041,0,0,0.0031961591
graphsage,1,62099,1,1,0.99973565
graphsage,1,8166,1,1,0.99989474
graphsage,1,57962,0,0,0.0016177031
graphsage,1,40253,1,1,0.9993349
graphsage,1,67152,1,1,0.7541036
graphsage,1,21859,0,1,0.7905766
graphsage,1,60644,0,0,0.0039796876
graphsage,1,44818,1,1,0.99962485
graphsage,1,27188,0,1,0.66584045
graphsage,1,19253,1,0,0.3109169
graphsage,1,51150,0,1,0.5893082
graphsage,1,9248,1,1,0.99930215
graphsage,1,21904,0,0,0.0017234209
graphsage,1,3190,1,1,0.9987373
graphsage,1,71096,0,0,0.14895736
graphsage,1,23327,1,0,0.41412953
graphsage,1,8169,0,0,0.018642517
graphsage,1,34244,0,0,0.10408484
graphsage,1,56046,0,0,0.011855854
graphsage,1,36222,1,1,0.9996699
graphsage,1,37060,1,1,0.9988223
graphsage,1,39456,1,1,0.9998901
graphsage,1,41326,1,0,0.057446554
graphsage,1,39642,0,0,0.06623026
graphsage,1,67064,0,0,0.20795503
graphsage,1,54815,0,0,0.030699562
graphsage,1,21713,0,0,0.40579244
graphsage,1,71089,0,0,0.04157327
graphsage,1,52345,0,0,0.4327418
graphsage,1,50232,1,1,0.99911255
graphsage,1,48287,1,1,0.9748897
graphsage,1,55049,0,0,0.0759442
graphsage,1,69645,1,1,0.99993825
graphsage,1,51863,1,1,0.9974496
graphsage,1,58371,0,0,0.0047510085
graphsage,1,65110,0,0,0.097619675
graphsage,1,55027,0,0,0.10554449
graphsage,1,57063,0,0,0.20203534
graphsage,1,27904,0,0,0.00067951967
graphsage,1,62020,1,1,0.9999584
graphsage,1,49563,1,1,0.9590624
graphsage,1,68365,1,1,0.8228198
graphsage,1,26984,1,1,0.88669294
graphsage,1,29704,1,1,0.92122525
graphsage,1,48647,0,0,1.41536e-05
graphsage,1,32419,0,0,4.9347673e-05
graphsage,1,23557,0,0,0.0031754274
graphsage,1,62067,1,1,0.998769
graphsage,1,48553,1,1,0.7541036
graphsage,1,2655,1,1,0.9983242
graphsage,1,36768,0,0,0.09012733
graphsage,1,8962,0,0,0.00028167106
graphsage,1,62664,1,1,0.8894862
graphsage,1,24967,0,0,0.0027722663
graphsage,1,7007,0,0,6.881423e-05
graphsage,1,5703,1,1,0.7981673
graphsage,1,34517,0,0,0.00023032987
graphsage,1,18990,1,1,0.7630245
graphsage,1,13558,1,1,0.9987662
graphsage,1,27135,1,1,0.9818765
graphsage,1,42367,0,1,0.59865147
graphsage,1,7185,0,0,0.099083655
graphsage,1,26616,1,1,0.9957936
graphsage,1,2874,0,0,0.0040910332
graphsage,1,27487,0,0,0.0022302386
graphsage,1,27851,0,0,0.0050893384
graphsage,1,754,1,0,0.0038966842
graphsage,1,25353,1,1,0.7961739
graphsage,1,16841,1,1,0.98230433
graphsage,1,30226,1,1,0.9997209
graphsage,1,70595,1,1,0.99431086
graphsage,1,48512,0,0,0.014549069
graphsage,1,41223,0,0,0.0005476996
graphsage,1,10889,1,1,0.800996
graphsage,1,10480,0,0,0.000110754925
graphsage,1,22088,0,0,0.014057241
graphsage,1,27610,0,0,0.00016145309
graphsage,1,41309,0,1,0.6487295
graphsage,1,2281,1,1,0.99704295
graphsage,1,34592,1,1,0.948221
graphsage,1,18068,1,1,0.9979291
graphsage,1,64577,1,1,0.73927814
graphsage,1,16846,0,0,0.08457861
graphsage,1,31299,1,1,0.9927861
graphsage,1,51590,1,1,0.99982846
graphsage,1,36120,0,0,0.0028900497
graphsage,1,18026,0,0,0.016337952
graphsage,1,50661,1,1,0.9992483
graphsage,1,55700,0,0,0.061675634
graphsage,1,62009,1,1,0.9997509
graphsage,1,5197,0,0,0.063649654
graphsage,1,34867,0,0,0.00029734918
graphsage,1,42761,0,0,0.02347277
graphsage,1,55401,0,0,6.584172e-05
graphsage,1,57483,0,0,0.16607243
graphsage,1,27503,0,0,6.900533e-05
graphsage,1,65679,0,0,0.06331457
graphsage,1,22327,1,1,0.98497367
graphsage,1,23505,0,0,0.0008934873
graphsage,1,52939,0,0,0.42962834
graphsage,1,32036,1,0,0.43726006
graphsage,1,57577,0,1,0.8775345
graphsage,1,14312,1,1,0.95954335
graphsage,1,47786,0,0,0.0002902062
graphsage,1,45136,1,1,0.5469216
graphsage,1,46131,0,0,0.0473811
graphsage,1,21373,1,1,0.99948406
graphsage,1,51092,1,1,0.9320256
graphsage,1,58469,0,0,0.34287563
graphsage,1,27741,0,1,0.82302016
graphsage,1,50613,1,1,0.64694923
graphsage,1,30187,1,1,0.98246473
graphsage,1,26878,0,0,0.012372103
graphsage,1,57065,0,0,0.004975755
graphsage,1,5416,0,0,0.00031203163
graphsage,1,66007,0,0,0.04491771
graphsage,1,44114,0,0,0.0014890118
graphsage,1,6956,1,1,0.99035925
graphsage,1,9598,0,1,0.96785486
graphsage,1,12073,0,0,0.00017118704
graphsage,1,33886,1,0,0.30421612
graphsage,1,37626,1,1,0.942818
graphsage,1,46904,0,0,1.3743235e-05
graphsage,1,54470,0,0,0.00011599597
graphsage,1,37578,1,1,0.7764535
graphsage,1,27384,1,1,0.99644923
graphsage,1,59474,1,1,0.9301405
graphsage,1,4191,1,1,0.99993753
graphsage,1,27119,1,1,0.99919194
graphsage,1,32618,1,1,0.9995147
graphsage,1,6625,1,0,0.2542544
graphsage,1,58998,0,0,0.016881468
graphsage,1,51415,0,0,0.17436434
graphsage,1,51211,1,1,0.99888414
graphsage,1,3292,0,1,0.62598413
graphsage,1,69844,1,1,0.99950135
graphsage,1,4243,0,0,0.0017237425
graphsage,1,51776,0,0,0.005657129
graphsage,1,40785,1,1,0.8366531
graphsage,1,48532,1,1,0.990045
graphsage,1,45297,0,0,0.06235177
graphsage,1,31533,0,0,0.026868122
graphsage,1,63914,0,0,0.41360822
graphsage,1,38863,1,1,0.9853474
graphsage,1,21035,1,1,0.9980167
graphsage,1,46564,1,1,0.99763536
graphsage,1,70831,0,0,0.0010885249
graphsage,1,33185,1,1,0.79066235
graphsage,1,48437,0,0,0.009189309
graphsage,1,41471,0,0,0.0485792
graphsage,1,25826,1,1,0.886404
graphsage,1,68631,0,0,0.010906767
graphsage,1,45003,0,0,3.8817857e-06
graphsage,1,16434,1,0,0.40191343
graphsage,1,62123,1,1,0.8393359
graphsage,1,25181,1,1,0.97589374
graphsage,1,29058,1,1,0.9521444
graphsage,1,17869,1,1,0.9976998
graphsage,1,27031,1,1,0.9995078
graphsage,1,34065,1,1,0.99939144
graphsage,1,26146,0,0,0.03535946
graphsage,1,30966,1,0,0.18576752
graphsage,1,62013,1,1,0.9783716
graphsage,1,32338,0,0,0.00013157655
graphsage,1,7541,1,0,0.10001386
graphsage,1,65786,1,0,0.21269347
graphsage,1,70838,0,0,0.0020905035
graphsage,1,13686,1,1,0.9987482
graphsage,1,19284,1,1,0.9980704
graphsage,1,12103,1,1,0.7541036
graphsage,1,50314,1,1,0.9899184
graphsage,1,13565,0,0,0.017857837
graphsage,1,61892,1,1,0.99470276
graphsage,1,3411,1,1,0.99999535
graphsage,1,27528,1,1,0.92196465
graphsage,1,52581,0,0,0.00019800176
graphsage,1,50665,1,1,0.8604874
graphsage,1,43984,1,1,0.9504263
graphsage,1,23172,0,0,0.03123026
graphsage,1,13090,0,0,0.0015668456
graphsage,1,25943,0,0,0.000858406
graphsage,1,7967,1,1,0.6212449
graphsage,1,16232,1,1,0.999729
graphsage,1,35264,1,1,0.9794931
graphsage,1,65402,1,1,0.6150495
graphsage,1,29171,1,1,0.9997645
graphsage,1,24235,0,0,0.06811784
graphsage,1,19655,0,0,0.13179441
graphsage,1,16778,0,0,0.0005094783
graphsage,1,17541,0,0,0.0070635043
graphsage,1,59367,0,0,0.007434961
graphsage,1,29765,1,0,0.16319077
graphsage,1,70655,1,1,0.9993333
graphsage,1,55651,0,0,0.024765294
graphsage,1,47787,0,0,0.13083309
graphsage,1,33332,1,1,0.91387075
graphsage,1,30646,1,0,0.06952666
graphsage,1,6292,1,1,0.99978596
graphsage,1,10969,0,0,0.00048666904
graphsage,1,42862,1,1,0.9914619
graphsage,1,11671,1,1,0.99973303
graphsage,1,23107,0,0,2.3860055e-05
graphsage,1,58415,0,0,0.00032558697
graphsage,1,31184,1,1,0.99951875
graphsage,1,1392,1,1,0.7541036
graphsage,1,33729,0,0,0.0043418007
graphsage,1,49535,1,1,0.9997607
graphsage,1,63872,1,1,0.997292
graphsage,1,37958,0,0,4.826659e-05
graphsage,1,26380,0,0,0.0070509077
graphsage,1,41537,0,0,0.0014135545
graphsage,1,71785,1,1,0.9921699
graphsage,1,20868,0,0,0.00043233813
graphsage,1,62657,0,0,0.11118102
graphsage,1,61154,0,0,0.015765173
graphsage,1,61215,0,0,0.00085501943
graphsage,1,32856,0,0,0.019663246
graphsage,1,67749,0,0,0.0032347161
graphsage,1,39134,1,1,0.9930646
graphsage,1,49524,1,1,0.9894874
graphsage,1,2147,1,1,0.91461146
graphsage,1,40942,0,0,0.1261377
graphsage,1,33062,0,0,0.0004558711
graphsage,1,47883,0,0,0.0060685338
graphsage,1,63159,1,1,0.9661918
graphsage,1,25523,0,0,0.015349464
graphsage,1,59717,1,1,0.73220056
graphsage,1,48522,0,0,0.02591872
graphsage,1,35371,1,1,0.9996431
graphsage,1,60350,0,0,0.05000881
graphsage,1,67298,1,1,0.74534225
graphsage,1,13506,0,0,0.016280584
graphsage,1,42350,1,1,0.9371405
graphsage,1,2830,1,1,0.99991524
graphsage,1,37266,1,1,0.99997306
graphsage,1,60510,1,1,0.9998312
graphsage,1,29642,1,1,0.99646604
graphsage,1,66389,0,0,0.00043275478
graphsage,1,70371,0,0,0.016305935
graphsage,1,22029,1,1,0.9257623
graphsage,1,39650,1,1,0.8498247
graphsage,1,23328,1,1,0.9299549
graphsage,1,28976,0,1,0.9893227
graphsage,1,11237,1,1,0.9851777
graphsage,1,39149,0,0,0.019976778
graphsage,1,51086,1,1,0.9879562
graphsage,1,25578,1,1,0.5624835
graphsage,1,64095,1,1,0.9648807
graphsage,1,5695,0,0,0.0009896383
graphsage,1,62941,1,1,0.99217343
graphsage,1,2828,0,0,0.1613022
graphsage,1,32834,1,1,0.99220395
graphsage,1,4456,0,0,0.0052988986
graphsage,1,57051,0,0,6.245316e-05
graphsage,1,51112,0,0,0.0065396833
graphsage,1,30995,1,0,0.2421847
graphsage,1,12180,0,0,0.015197447
graphsage,1,27132,0,1,0.8125251
graphsage,1,44912,0,0,0.0030224852
graphsage,1,71956,1,0,0.290764
graphsage,1,55470,0,0,0.00016996264
graphsage,1,47963,0,0,0.320678
graphsage,1,13229,0,0,0.0008128831
graphsage,1,39428,0,0,0.007853881
graphsage,1,36604,1,1,0.9999765
graphsage,1,59504,0,1,0.6719513
graphsage,1,32500,1,0,0.37674755
graphsage,1,31277,1,1,0.99991524
graphsage,1,17043,1,1,0.9986848
graphsage,1,14915,1,1,0.9612863
graphsage,1,13861,0,0,0.0031073552
graphsage,1,16653,0,1,0.5917087
graphsage,1,12118,1,1,0.99891376
graphsage,1,6500,0,0,0.036108274
graphsage,1,10566,1,1,0.95168126
graphsage,1,14813,1,1,0.72819346
graphsage,1,49062,1,1,0.7414812
graphsage,1,13308,1,1,0.92297655
graphsage,1,37642,1,1,0.9852756
graphsage,1,40379,1,1,0.99999106
graphsage,1,56121,0,0,7.689726e-05
graphsage,1,44983,0,0,0.005504406
graphsage,1,55160,1,1,0.97887665
graphsage,1,42715,1,1,0.9757042
graphsage,1,53555,0,0,0.025051596
graphsage,1,23696,0,0,0.01271266
graphsage,1,43693,0,1,0.8681158
graphsage,1,56023,1,0,0.22071053
graphsage,1,17416,1,1,0.99079263
graphsage,1,53469,1,0,0.46989262
graphsage,1,49825,0,0,0.12243307
graphsage,1,60346,1,1,0.75132805
graphsage,1,69555,1,1,0.9998217
graphsage,1,63937,0,0,0.2098306
graphsage,1,8172,0,0,0.010380522
graphsage,1,21635,0,0,0.01520899
graphsage,1,19888,0,0,0.2757928
graphsage,1,15952,0,0,0.008373616
graphsage,1,4761,0,0,0.0061878473
graphsage,1,36931,0,0,0.0010211972
graphsage,1,18532,0,0,0.0004000964
graphsage,1,20996,1,1,0.946151
graphsage,1,13303,0,0,0.00022397986
graphsage,1,51130,0,0,0.16500503
graphsage,1,12494,0,0,0.0011121798
graphsage,1,12148,0,0,0.036344435
graphsage,1,5135,1,1,0.9932461
graphsage,1,11546,0,0,0.0052773673
graphsage,1,28650,1,1,0.95801944
graphsage,1,49881,1,1,0.98981655
graphsage,1,17792,0,0,0.042057093
graphsage,1,19357,1,1,0.97438306
graphsage,1,25077,0,1,0.7906654
graphsage,1,39380,1,1,0.99897635
graphsage,1,8624,1,1,0.99301106
graphsage,1,20601,1,1,0.99992216
graphsage,1,30764,0,0,0.10297945
graphsage,1,65446,1,1,0.9994894
graphsage,1,43592,1,1,0.9998204
graphsage,1,32904,1,1,0.70900697
graphsage,1,26087,1,1,0.9689516
graphsage,1,7301,1,1,0.83291113
graphsage,1,4959,0,0,0.0055561312
graphsage,1,48708,0,1,0.6230972
graphsage,1,36555,0,1,0.85703844
graphsage,1,12301,0,0,0.00064536254
graphsage,1,5983,0,1,0.80547744
graphsage,1,46941,1,1,0.9085532
graphsage,1,49603,0,0,0.04525824
graphsage,1,55931,0,0,0.013602232
graphsage,1,24336,0,0,0.0040955488
graphsage,1,54382,0,0,0.0018703226
graphsage,1,32974,1,1,0.99882704
graphsage,1,58853,1,1,0.9964412
graphsage,1,34838,1,1,0.91568124
graphsage,1,12042,0,0,0.01816018
graphsage,1,13703,1,1,0.99380106
graphsage,1,19482,1,1,0.5151934
graphsage,1,51212,1,1,0.99536705
graphsage,1,17662,1,1,0.99412316
graphsage,1,45711,0,0,0.11160847
graphsage,1,28033,0,0,0.1133471
graphsage,1,11525,0,0,0.0012945345
graphsage,1,18186,0,0,1.369663e-05
graphsage,1,68384,1,1,0.94721144
graphsage,1,15171,1,1,0.96028036
graphsage,1,3910,0,0,0.30714637
graphsage,1,60609,0,1,0.552144
graphsage,1,14015,1,1,0.63560724
graphsage,1,46337,0,0,0.00051311945
graphsage,1,24896,0,0,0.33252805
graphsage,1,71388,1,1,0.9777329
graphsage,1,51904,0,0,0.0030565567
graphsage,1,21293,1,1,0.9950063
graphsage,1,23224,1,1,0.9934076
graphsage,1,5951,0,0,0.32607415
graphsage,1,14502,0,0,0.00082026847
graphsage,1,64262,0,0,0.14977032
graphsage,1,44003,1,1,0.9999578
graphsage,1,65221,0,0,0.00088473194
graphsage,1,66545,1,1,0.99792165
graphsage,1,56595,1,1,0.9997056
graphsage,1,51511,1,1,0.98100775
graphsage,1,13556,0,1,0.8701083
graphsage,1,19757,0,0,0.0002181266
graphsage,1,50960,1,1,0.9261685
graphsage,1,32561,1,1,0.9996877
graphsage,1,10085,1,0,0.0986442
graphsage,1,66561,1,0,0.02226319
graphsage,1,60246,1,0,0.02286058
graphsage,1,22153,1,1,0.99993944
graphsage,1,54434,1,1,0.9864738
graphsage,1,35966,1,1,0.9893706
graphsage,1,59430,1,1,0.9996908
graphsage,1,37617,0,0,0.020031545
graphsage,1,1116,0,0,0.00013322524
graphsage,1,50022,0,0,0.21350826
graphsage,1,17347,0,0,0.0018690118
graphsage,1,57544,0,0,0.4064295
graphsage,1,61535,0,0,0.0036794664
graphsage,1,28599,0,0,0.009456073
graphsage,1,50566,1,1,0.99984026
graphsage,1,36641,0,0,0.005838073
graphsage,1,44029,1,1,0.99970716
graphsage,1,10330,1,1,0.88789666
graphsage,1,63942,1,1,0.9969861
graphsage,1,10682,0,0,0.095851876
graphsage,1,42420,0,0,0.0023381438
graphsage,1,28925,0,0,0.0017730615
graphsage,1,1476,1,1,0.9999182
graphsage,1,66374,1,1,0.96353525
graphsage,1,28717,0,0,0.033765264
graphsage,1,15298,0,0,0.0033444942
graphsage,1,61124,1,1,0.9999838
graphsage,1,48063,0,1,0.6939099
graphsage,1,13386,0,0,0.00087682216
graphsage,1,24647,0,0,0.00031821063
graphsage,1,899,0,0,0.0046859663
graphsage,1,60739,1,1,0.9779514
graphsage,1,16179,0,1,0.74086183
graphsage,1,15956,1,1,0.9999168
graphsage,1,19001,1,1,0.6509653
graphsage,1,58783,1,0,0.31553647
graphsage,1,43808,1,1,0.9993666
graphsage,1,60507,1,1,0.9999075
graphsage,1,27395,0,0,0.00012767332
graphsage,1,36261,0,0,0.0038881318
graphsage,1,4182,1,1,0.999706
graphsage,1,8980,1,1,0.9997677
graphsage,1,8859,1,1,0.99425703
graphsage,1,69938,0,0,0.0004987564
graphsage,1,37248,1,1,0.9992236
graphsage,1,36068,1,1,0.9976023
graphsage,1,61331,0,1,0.59210014
graphsage,1,9327,1,1,0.9926253
graphsage,1,49249,0,0,0.015971541
graphsage,1,20924,1,1,0.99978155
graphsage,1,47487,0,0,0.018865148
graphsage,1,13489,0,0,0.074424736
graphsage,1,8718,0,0,0.009559701
graphsage,1,34712,1,1,0.9990325
graphsage,1,45773,0,0,0.0059618885
graphsage,1,69121,1,1,0.99851197
graphsage,1,11657,1,0,0.24343288
graphsage,1,44390,1,1,0.7395397
graphsage,1,61828,0,0,0.0003030208
graphsage,1,41117,1,1,0.99984705
graphsage,1,2557,1,1,0.9196809
graphsage,1,32795,1,1,0.9908755
graphsage,1,56850,0,0,0.017162876
graphsage,1,65997,1,1,0.5805689
graphsage,1,40043,1,1,0.9981505
graphsage,1,42427,0,0,0.31329125
graphsage,1,65847,0,0,0.008085331
graphsage,1,42211,0,0,0.00458495
graphsage,1,15428,0,0,0.0003431266
graphsage,1,38802,1,1,0.9793097
graphsage,1,53710,1,1,0.99867094
graphsage,1,33099,0,0,5.3740227e-05
graphsage,1,38773,1,1,0.99940836
graphsage,1,50608,1,1,0.99942684
graphsage,1,51532,1,1,0.99054855
graphsage,1,31920,1,1,0.9881974
graphsage,1,36373,0,0,0.0008889993
graphsage,1,8254,0,0,0.018726299
graphsage,1,24814,1,0,0.073794656
graphsage,1,28985,0,0,0.000897448
graphsage,1,2285,1,1,0.99862146
graphsage,1,41032,0,0,0.0015973191
graphsage,1,52400,1,1,0.99856454
graphsage,1,54876,0,0,0.0011850102
graphsage,1,31898,1,1,0.9424517
graphsage,1,44475,0,0,0.03858144
graphsage,1,48733,1,1,0.56614155
graphsage,1,53263,0,0,0.00011966656
graphsage,1,66713,1,1,0.9993042
graphsage,1,8512,0,0,0.00018737548
graphsage,1,7558,1,1,0.9717594
graphsage,1,68460,1,1,0.9996146
graphsage,1,14857,0,0,0.00012722585
graphsage,1,1049,1,1,0.9372821
graphsage,1,55021,0,0,8.015111e-05
graphsage,1,1196,1,1,0.9620453
graphsage,1,67408,1,1,0.95461416
graphsage,1,33785,0,0,0.000825674
graphsage,1,55523,1,1,0.7541036
graphsage,1,28626,0,0,0.016570324
graphsage,1,63830,1,1,0.990616
graphsage,1,17909,1,1,0.958775
graphsage,1,21956,0,0,0.0029172155
graphsage,1,13783,0,0,0.00026283305
graphsage,1,58603,0,1,0.6751307
graphsage,1,69883,0,0,0.0025734957
graphsage,1,23495,1,1,0.99955314
graphsage,1,16260,0,0,0.0008079204
graphsage,1,14879,0,0,0.007940976
graphsage,1,70727,1,1,0.99970055
graphsage,1,6976,1,1,0.9841719
graphsage,1,7934,0,0,0.04615216
graphsage,1,57313,0,0,0.0023091326
graphsage,1,54506,1,1,0.874828
graphsage,1,39125,1,1,0.8164972
graphsage,1,36437,0,0,0.0008732586
graphsage,1,1806,1,1,0.99399793
graphsage,1,50504,1,1,0.971367
graphsage,1,11420,0,1,0.97583973
graphsage,1,50030,0,0,0.2404354
graphsage,1,66369,1,1,0.9908332
graphsage,1,26185,1,1,0.9999118
graphsage,1,36952,0,0,0.014568162
graphsage,1,18987,0,0,0.000165903
graphsage,1,59154,0,0,0.06498128
graphsage,1,48796,0,0,0.00072154903
graphsage,1,38068,1,1,0.9627704
graphsage,1,60268,1,1,0.9979359
graphsage,1,37472,1,1,0.53943765
graphsage,1,41015,0,0,5.6375116e-05
graphsage,1,45120,0,0,6.473817e-05
graphsage,1,10753,1,1,0.9218824
graphsage,1,43863,1,1,0.92185324
graphsage,1,66084,1,1,0.96734333
graphsage,1,55469,0,0,7.3068215e-05
graphsage,1,10530,1,1,0.9912362
graphsage,1,25655,0,0,6.689373e-06
graphsage,1,33020,1,1,0.9641899
graphsage,1,21316,1,1,0.9985178
graphsage,1,35230,0,0,1.2200225e-05
graphsage,1,59216,1,1,0.9829875
graphsage,1,4064,1,1,0.9933734
graphsage,1,66923,1,1,0.9874955
graphsage,1,276,0,0,0.114650756
graphsage,1,10962,0,0,0.022228232
graphsage,1,63612,1,1,0.69906676
graphsage,1,22853,0,0,0.0036647234
graphsage,1,39117,1,1,0.9036992
graphsage,1,33390,1,1,0.9937977
graphsage,1,4960,0,0,0.01528956
graphsage,1,43616,0,0,0.0010309338
graphsage,1,5741,0,0,0.07066084
graphsage,1,7417,0,0,0.00044714933
graphsage,1,9035,1,1,0.89745635
graphsage,1,7142,0,0,0.00016615978
graphsage,1,51027,0,0,0.0013681757
graphsage,1,46759,0,0,0.0014962459
graphsage,1,10803,1,1,0.6499944
graphsage,1,68301,0,0,0.0048456513
graphsage,1,34651,1,1,0.984361
graphsage,1,56040,0,0,0.034490556
graphsage,1,25355,0,1,0.8356911
graphsage,1,39728,0,0,0.3959547
graphsage,1,32798,1,0,0.44604653
graphsage,1,13975,0,0,0.4073006
graphsage,1,44689,1,1,0.9966757
graphsage,1,25187,0,0,0.00064782816
graphsage,1,30980,0,0,0.024407132
graphsage,1,62490,0,0,0.0049605104
graphsage,1,41321,1,1,0.9985557
graphsage,1,66889,1,1,0.9999809
graphsage,1,12966,0,0,0.11693622
graphsage,1,47510,1,1,0.91187054
graphsage,1,66005,0,0,0.08860981
graphsage,1,5479,0,0,0.025510272
graphsage,1,43623,0,0,0.00052829256
graphsage,1,63293,1,1,0.9995559
graphsage,1,245,1,1,0.98200387
graphsage,1,61852,1,1,0.9907612
graphsage,1,62421,0,0,0.07537011
graphsage,1,44458,1,1,0.7541036
graphsage,1,30400,1,1,0.98913413
graphsage,1,51155,1,1,0.9986072
graphsage,1,56359,1,1,0.8724353
graphsage,1,70177,1,1,0.97612906
graphsage,1,67569,0,0,0.020204496
graphsage,1,64202,1,1,0.9997595
graphsage,1,31742,0,0,0.000857365
graphsage,1,62587,1,1,0.9992092
graphsage,1,36238,1,1,0.99990916
graphsage,1,12777,1,1,0.99756634
graphsage,1,24055,0,0,0.024423202
graphsage,1,56308,0,0,0.02713073
graphsage,1,7187,1,0,0.39182404
graphsage,1,65814,1,1,0.99649626
graphsage,1,55350,1,1,0.99938786
graphsage,1,60807,0,0,0.013567217
graphsage,1,7924,0,0,0.22467598
graphsage,1,44478,1,1,0.9529698
graphsage,1,24147,1,1,0.96400136
graphsage,1,56740,0,0,0.0038903148
graphsage,1,25125,1,1,0.98212564
graphsage,1,28868,0,0,0.0031750123
graphsage,1,14800,1,1,0.96938133
graphsage,1,3430,0,0,2.9518613e-05
graphsage,1,31288,0,1,0.9996494
graphsage,1,2559,0,1,0.7148956
graphsage,1,33630,0,0,0.0054977178
graphsage,1,37492,1,1,0.99992156
graphsage,1,30195,0,1,0.99604344
graphsage,1,57414,1,1,0.8371066
graphsage,1,16987,1,1,0.9676471
graphsage,1,24044,1,1,0.9593888
graphsage,1,2348,0,0,0.203066
graphsage,1,8479,0,0,0.1509565
graphsage,1,18803,0,0,0.013440123
graphsage,1,70165,0,0,0.0031835714
graphsage,1,28134,0,0,0.058847535
graphsage,1,28611,0,0,2.9027302e-05
graphsage,1,38532,1,1,0.9963833
graphsage,1,21970,1,1,0.9233937
graphsage,1,68920,1,1,0.8699475
graphsage,1,33445,1,1,0.99014866
graphsage,1,66715,1,0,0.11892205
graphsage,1,56652,1,1,0.99974424
graphsage,1,19693,0,0,0.05126852
graphsage,1,61841,1,1,0.98826665
graphsage,1,4628,0,0,0.06539469
graphsage,1,48345,1,1,0.9999819
graphsage,1,9040,0,0,0.009654774
graphsage,1,11441,0,0,0.0010928847
graphsage,1,52415,1,1,0.99762326
graphsage,1,41367,1,1,0.9851236
graphsage,1,53945,0,0,0.00035168996
graphsage,1,15195,1,1,0.7099093
graphsage,1,12714,0,0,0.0022111307
graphsage,1,4404,0,0,0.0023642527
graphsage,1,58837,1,1,0.8984945
graphsage,1,49891,1,1,0.9721699
graphsage,1,64432,0,1,0.8310178
graphsage,1,68809,1,1,0.96836275
graphsage,1,70533,1,1,0.99716175
graphsage,1,69017,1,1,0.7059728
graphsage,1,21810,0,0,9.145711e-05
graphsage,1,64136,1,1,0.9686816
graphsage,1,47789,0,0,0.0025037169
graphsage,1,57658,0,0,0.100671515
graphsage,1,36124,1,1,0.9879644
graphsage,1,11741,1,1,0.9993284
graphsage,1,28735,1,1,0.9986665
graphsage,1,38389,0,0,0.0009978551
graphsage,1,58133,0,0,0.19532956
graphsage,1,37934,0,0,0.0053739394
graphsage,1,36644,0,0,0.0003467865
graphsage,1,52866,0,0,0.032390606
graphsage,1,1275,1,1,0.68674755
graphsage,1,4004,0,0,0.0024312988
graphsage,1,14174,0,0,0.0009387079
graphsage,1,53081,1,1,0.94565517
graphsage,1,54712,1,1,0.9514318
graphsage,1,19264,1,1,0.9976809
graphsage,1,28652,0,0,0.0017629887
graphsage,1,48340,1,1,0.9936826
graphsage,1,10003,1,0,0.43287963
graphsage,1,70423,0,0,0.00011090776
graphsage,1,13807,1,1,0.8151687
graphsage,1,23576,1,1,0.98747534
graphsage,1,9188,1,1,0.8689389
graphsage,1,10293,0,1,0.594428
graphsage,1,56167,0,0,0.013127052
graphsage,1,69855,1,1,0.97924614
graphsage,1,66157,0,0,0.00021111521
graphsage,1,51936,0,0,0.04032023
graphsage,1,26365,0,0,0.0006141124
graphsage,1,70338,1,1,0.933007
graphsage,1,36342,0,0,0.017744659
graphsage,1,4643,0,0,0.41460913
graphsage,1,22661,0,0,0.00096776575
graphsage,1,1816,0,1,0.5498814
graphsage,1,63057,0,1,0.8791168
graphsage,1,29728,1,1,0.99791914
graphsage,1,34552,1,1,0.9911781
graphsage,1,48088,1,1,0.9967062
graphsage,1,18912,0,0,0.00076175295
graphsage,1,46773,0,0,0.028946089
graphsage,1,55648,0,0,0.00010869502
graphsage,1,49333,0,0,0.41635936
graphsage,1,19131,1,1,0.9997383
graphsage,1,61523,1,1,0.9976922
graphsage,1,67517,1,1,0.9942471
graphsage,1,464,1,1,0.9994836
graphsage,1,28547,0,0,0.00022540538
graphsage,1,9656,0,0,0.001874444
graphsage,1,25859,0,0,0.2472145
graphsage,1,26495,1,0,0.024065036
graphsage,1,53078,0,0,0.10524457
graphsage,1,57246,1,1,0.7771747
graphsage,1,31130,1,1,0.89037937
graphsage,1,2053,0,0,0.0677204
graphsage,1,25857,0,0,0.00018575774
graphsage,1,29597,1,1,0.9382009
graphsage,1,4749,1,1,0.9951597
graphsage,1,2378,0,0,0.0002581826
graphsage,1,3444,0,0,0.00088667835
graphsage,1,4688,0,0,0.073930494
graphsage,1,19830,1,0,0.30123472
graphsage,1,10386,1,1,0.9731861
graphsage,1,23306,0,0,0.0006300696
graphsage,1,33712,1,1,0.9834741
graphsage,1,3884,1,1,0.994422
graphsage,1,8369,1,1,0.9988393
graphsage,1,36726,1,1,0.98120475
graphsage,1,71306,1,1,0.9962858
graphsage,1,14715,1,1,0.99884087
graphsage,1,67370,0,1,0.73704344
graphsage,1,45745,1,1,0.98988265
graphsage,1,66180,0,0,0.00046740667
graphsage,1,64613,0,0,0.013406516
graphsage,1,3857,1,1,0.97892135
graphsage,1,24858,0,1,0.8912742
graphsage,1,24648,0,0,0.10978747
graphsage,1,7017,1,1,0.99122685
graphsage,1,62368,0,0,0.0060986374
graphsage,1,32869,0,0,0.06629907
graphsage,1,15961,1,1,0.98501325
graphsage,1,16317,1,1,0.9860115
graphsage,1,11964,0,0,3.8134116e-05
graphsage,1,65861,1,1,0.9950647
graphsage,1,19805,1,1,0.9844626
graphsage,1,31385,1,1,0.7729342
graphsage,1,20018,1,1,0.50377166
graphsage,1,33305,1,1,0.9851285
graphsage,1,43697,0,0,0.098465726
graphsage,1,47502,1,1,0.9847318
graphsage,1,57706,0,0,0.41544998
graphsage,1,13355,0,0,0.0011400579
graphsage,1,32397,1,1,0.99973494
graphsage,1,61929,0,0,0.00936561
graphsage,1,58832,1,1,0.98991895
graphsage,1,62003,0,0,0.07280755
graphsage,1,48374,0,1,0.91587067
graphsage,1,9556,1,1,0.87609977
graphsage,1,791,0,0,0.0003644429
graphsage,1,13638,1,1,0.9929387
graphsage,1,48219,0,0,0.0056152795
graphsage,1,34500,1,1,0.99742895
graphsage,1,14350,0,0,0.004443857
graphsage,1,58177,1,1,0.8408716
graphsage,1,9745,0,0,0.28144097
graphsage,1,70568,0,0,0.0028532438
graphsage,1,38579,1,1,0.9996158
graphsage,1,57106,0,0,0.03624584
graphsage,1,42647,0,0,0.0009892917
graphsage,1,26979,1,1,0.99996257
graphsage,1,64582,0,0,0.0014988226
graphsage,1,66461,1,1,0.99870026
graphsage,1,42538,0,0,0.45129552
graphsage,1,46296,0,0,0.47612393
graphsage,1,34172,1,1,0.99997854
graphsage,1,31337,1,1,0.99992883
graphsage,1,16328,1,1,0.96696144
graphsage,1,4926,1,1,0.7262002
graphsage,1,26819,0,0,0.008933791
graphsage,1,9516,0,0,0.07915514
graphsage,1,22397,0,0,0.36454538
graphsage,1,62806,1,1,0.5715329
graphsage,1,61236,0,1,0.95113635
graphsage,1,5984,1,1,0.98352975
graphsage,1,1742,1,1,0.9965
graphsage,1,28052,0,0,0.0074565914
graphsage,1,51486,0,0,0.0016706524
graphsage,1,16165,1,1,0.99886286
graphsage,1,32954,1,1,0.7541036
graphsage,1,46309,0,0,0.11096457
graphsage,1,7114,1,1,0.9948998
graphsage,1,24365,0,0,0.051122785
graphsage,1,53773,0,0,0.00013878268
graphsage,1,23606,1,1,0.9999943
graphsage,1,351,0,0,0.00049922446
graphsage,1,46016,1,1,0.99960047
graphsage,1,15824,1,1,0.9834086
graphsage,1,41461,0,0,0.0007597169
graphsage,1,23914,0,0,7.940324e-06
graphsage,1,65712,0,0,0.000497951
graphsage,1,10812,1,1,0.7392402
graphsage,1,47634,0,0,0.0011692418
graphsage,1,38610,0,0,0.004012332
graphsage,1,35971,1,1,0.99859124
graphsage,1,20890,1,1,0.99892646
graphsage,1,29721,0,0,0.000365125
graphsage,1,5129,1,1,0.9809622
graphsage,1,58566,1,1,0.9987197
graphsage,1,69162,0,0,0.001652723
graphsage,1,59810,1,1,0.99984276
graphsage,1,64109,1,1,0.9950106
graphsage,1,47821,0,0,0.15188314
graphsage,1,21481,1,1,0.98258334
graphsage,1,20046,1,1,0.99769527
graphsage,1,24488,1,1,0.9989435
graphsage,1,33170,0,0,6.157666e-06
graphsage,1,41951,1,1,0.8309205
graphsage,1,57025,1,1,0.9990495
graphsage,1,64672,0,0,0.3885793
graphsage,1,70137,1,1,0.9999875
graphsage,1,16911,1,1,0.9989208
graphsage,1,58172,1,1,0.99423826
graphsage,1,43260,0,0,0.050299395
graphsage,1,61871,0,0,0.03505112
graphsage,1,3533,0,1,0.6394278
graphsage,1,11742,0,0,0.01680289
graphsage,1,8260,1,1,0.59444356
graphsage,1,3224,0,0,0.085176714
graphsage,1,8780,1,1,0.99104065
graphsage,1,19153,1,1,0.98575586
graphsage,1,3639,0,1,0.50221676
graphsage,1,38088,1,0,0.43498483
graphsage,1,68622,1,1,0.9996511
graphsage,1,22675,0,0,0.0002616482
graphsage,1,18802,1,1,0.7974739
graphsage,1,33133,0,0,0.00018188854
graphsage,1,53603,0,0,0.0008551177
graphsage,1,18632,0,0,0.009017918
graphsage,1,16659,1,1,0.82903063
graphsage,1,15537,0,0,0.28062806
graphsage,1,42130,1,0,0.47186804
graphsage,1,31541,1,1,0.9277225
graphsage,1,63604,0,0,0.05368223
graphsage,1,35433,0,0,0.020845428
graphsage,1,25315,1,1,0.9689068
graphsage,1,68927,1,1,0.9951894
graphsage,1,26209,1,1,0.998931
graphsage,1,46461,0,0,0.021544063
graphsage,1,32804,0,0,6.4704895e-05
graphsage,1,63175,1,1,0.969056
graphsage,1,43309,1,1,0.98375815
graphsage,1,33914,0,0,0.0050792564
graphsage,1,59778,1,1,0.9998311
graphsage,1,31962,0,0,0.007924338
graphsage,1,60531,0,0,0.012432834
graphsage,1,44823,1,1,0.99994993
graphsage,1,68320,1,1,0.89056134
graphsage,1,9315,0,0,0.00022977778
graphsage,1,27323,0,1,0.786385
graphsage,1,64325,1,1,0.99991655
graphsage,1,10975,1,1,0.9977591
graphsage,1,43602,1,1,0.7141481
graphsage,1,53579,0,0,0.0012388121
graphsage,1,50438,1,1,0.99975747
graphsage,1,21380,1,1,0.8348954
graphsage,1,68056,1,1,0.99684
graphsage,1,50126,0,0,0.0070036263
graphsage,1,38156,1,1,0.9933728
graphsage,1,54896,0,0,0.051697563
graphsage,1,727,1,1,0.9549776
graphsage,1,54864,0,1,0.5690946
graphsage,1,36942,0,1,0.93769914
graphsage,1,66311,1,1,0.9698178
graphsage,1,15739,0,0,0.004773831
graphsage,1,19531,0,0,0.010659056
graphsage,1,52363,1,1,0.99718744
graphsage,1,21261,0,0,0.037194423
graphsage,1,66179,0,0,5.091556e-05
graphsage,1,40171,0,0,0.0009466688
graphsage,1,15893,1,1,0.9761713
graphsage,1,42710,1,1,0.9970391
graphsage,1,23534,1,1,0.91633177
graphsage,1,28542,1,1,0.99667525
graphsage,1,49120,0,0,0.040148553
graphsage,1,4986,1,1,0.99694437
graphsage,1,53486,1,1,0.99854016
graphsage,1,62351,0,1,0.7961936
graphsage,1,28923,1,1,0.99981743
graphsage,1,65607,1,1,0.9972371
graphsage,1,19020,0,1,0.9508391
graphsage,1,65184,0,0,7.995156e-06
graphsage,1,64427,1,1,0.7541036
graphsage,1,64682,1,1,0.9428789
graphsage,1,24069,0,1,0.87802017
graphsage,1,52709,1,1,0.98930746
graphsage,1,45616,0,0,0.13815095
graphsage,1,31791,0,1,0.83401865
graphsage,1,49168,0,0,0.015517956
graphsage,1,15415,1,1,0.9993808
graphsage,1,6902,0,0,0.057819936
graphsage,1,22474,1,1,0.99331313
graphsage,1,62322,0,0,0.0072859246
graphsage,1,4084,0,0,0.11137236
graphsage,1,740,0,0,0.45785448
graphsage,1,52347,0,0,0.012931851
graphsage,1,5603,0,0,7.1968825e-05
graphsage,1,3650,0,0,0.0014101637
graphsage,1,1781,1,1,0.957376
graphsage,1,25010,0,0,0.3065934
graphsage,1,39503,1,1,0.9962
graphsage,1,36466,0,1,0.6718437
graphsage,1,40409,1,1,0.9899075
graphsage,1,11457,0,1,0.66865635
graphsage,1,41602,0,0,0.03673448
graphsage,1,61117,1,1,0.99925846
graphsage,1,31610,0,0,8.7827095e-05
graphsage,1,19525,0,0,8.7386084e-05
graphsage,1,57793,1,1,0.73277336
graphsage,1,449,0,0,0.07112244
graphsage,1,14666,0,0,0.00022990993
graphsage,1,14405,1,1,0.92731386
graphsage,1,23114,1,1,0.9997286
graphsage,1,29008,1,1,0.8809505
graphsage,1,49906,1,1,0.9960757
graphsage,1,57981,1,1,0.99194473
graphsage,1,52529,0,0,0.0022426804
graphsage,1,64528,0,0,0.3841433
graphsage,1,45350,1,1,0.8218474
graphsage,1,58418,1,1,0.94019157
graphsage,1,32876,1,1,0.99987376
graphsage,1,67087,0,0,0.0008131125
graphsage,1,69441,0,0,0.0026217229
graphsage,1,15559,0,0,0.028367702
graphsage,1,63039,1,1,0.9568658
graphsage,1,477,0,0,0.000291678
graphsage,1,11669,0,0,0.005711501
graphsage,1,9996,0,0,0.0023532968
graphsage,1,43770,1,1,0.9950695
graphsage,1,56641,1,1,0.98920375
graphsage,1,7706,0,0,0.003594774
graphsage,1,51420,0,0,0.0024514988
graphsage,1,71435,1,1,0.9998877
graphsage,1,59046,0,0,0.0039165644
graphsage,1,44949,1,1,0.9775508
graphsage,1,67533,1,1,0.99582136
graphsage,1,65908,0,0,0.032033395
graphsage,1,52053,0,0,0.0005763255
graphsage,1,70054,1,1,0.9264598
graphsage,1,42627,0,0,0.07207709
graphsage,1,25452,0,0,0.05439456
graphsage,1,36814,1,1,0.93947554
graphsage,1,39605,0,0,0.00013819755
graphsage,1,4115,1,1,0.99975723
graphsage,1,2330,1,1,0.9965874
graphsage,1,17352,0,0,0.20430996
graphsage,1,48260,1,1,0.73949116
graphsage,1,59461,0,0,0.3168646
graphsage,1,28927,1,1,0.999866
graphsage,1,27109,1,1,0.7537834
graphsage,1,33364,1,1,0.99265397
graphsage,1,42182,1,1,0.9693969
graphsage,1,45971,1,1,0.99281454
graphsage,1,42329,1,1,0.5176334
graphsage,1,66242,0,0,0.38959283
graphsage,1,12343,1,1,0.7018472
graphsage,1,52814,1,0,0.080181435
graphsage,1,31881,1,1,0.958635
graphsage,1,56116,0,0,0.021989362
graphsage,1,58109,1,1,0.749483
graphsage,1,43241,0,0,0.029203745
graphsage,1,54529,1,1,0.7541036
graphsage,1,7027,0,0,0.00013074886
graphsage,1,4067,1,1,0.66384655
graphsage,1,46171,1,1,0.9968527
graphsage,1,47944,1,1,0.9668297
graphsage,1,2780,0,0,0.00040340814
graphsage,1,23431,1,1,0.9654551
graphsage,1,64742,1,1,0.9998056
graphsage,1,30880,1,1,0.9986972
graphsage,1,68627,0,0,0.22445835
graphsage,1,60296,1,1,0.99774396
graphsage,1,35719,1,1,0.9981185
graphsage,1,55,0,1,0.96937156
graphsage,1,38469,1,1,0.99943537
graphsage,1,62405,0,0,0.02366649
graphsage,1,71973,1,1,0.9992613
graphsage,1,51553,0,0,0.0003210173
graphsage,1,20518,1,1,0.97775316
graphsage,1,48983,0,1,0.9545945
graphsage,1,71613,1,1,0.999966
graphsage,1,8450,1,1,0.99906963
graphsage,1,7716,0,0,0.0017478706
graphsage,1,34035,0,0,0.3513614
graphsage,1,26847,0,1,0.640152
graphsage,1,28027,1,1,0.99760133
graphsage,1,9369,1,1,0.9976023
graphsage,1,64076,1,1,0.96474564
graphsage,1,61782,0,1,0.6757151
graphsage,1,41086,1,1,0.9866637
graphsage,1,53215,0,0,0.07952994
graphsage,1,46032,0,0,0.0036138615
graphsage,1,50580,0,0,0.02522788
graphsage,1,9769,0,0,0.021085912
graphsage,1,39864,1,0,0.36905378
graphsage,1,65182,1,1,0.608245
graphsage,1,36144,1,1,0.9893917
graphsage,1,41438,0,0,0.029052284
graphsage,1,50046,1,1,0.98480475
graphsage,1,53325,1,1,0.99928814
graphsage,1,17467,1,0,0.23947918
graphsage,1,17374,1,1,0.97454697
graphsage,1,6688,0,0,0.0075307405
graphsage,1,17241,1,1,0.9734055
graphsage,1,37571,1,1,0.9999467
graphsage,1,51727,1,1,0.99672157
graphsage,1,59347,0,0,0.009359448
graphsage,1,810,1,1,0.9999597
graphsage,1,48541,0,0,0.01752548
graphsage,1,40692,1,1,0.830962
graphsage,1,35732,0,0,0.027576841
graphsage,1,19438,1,1,0.9999846
graphsage,1,4853,0,0,0.02235052
graphsage,1,70146,1,1,0.9982925
graphsage,1,19067,1,1,0.9995852
graphsage,1,41270,1,1,0.95340043
graphsage,1,22476,0,1,0.50774276
graphsage,1,35751,0,0,0.0008225411
graphsage,1,26868,1,1,0.9871078
graphsage,1,57974,0,0,0.12827086
graphsage,1,24355,0,0,0.006275268
graphsage,1,37844,0,0,0.0071790293
graphsage,1,66166,1,1,0.99962795
graphsage,1,5184,0,0,0.0011643942
graphsage,1,33748,0,0,0.0033363646
graphsage,1,27956,0,0,0.16092734
graphsage,1,11297,1,1,0.99993336
graphsage,1,49398,1,1,0.99303955
graphsage,1,32074,0,0,0.00091846916
graphsage,1,60388,0,0,0.16151401
graphsage,1,68564,0,0,0.0019402575
graphsage,1,18140,0,0,0.00097206596
graphsage,1,14239,1,1,0.60242045
graphsage,1,54344,1,1,0.99890375
graphsage,1,10569,0,0,1.840087e-05
graphsage,1,12728,1,1,0.9983546
graphsage,1,22242,0,0,0.0031288886
graphsage,1,55985,1,1,0.76530415
graphsage,1,66023,1,1,0.7541036
graphsage,1,66541,0,0,0.00053399865
graphsage,1,12831,1,1,0.9848402
graphsage,1,70985,0,1,0.6515345
graphsage,1,25182,1,1,0.9738201
graphsage,1,29846,0,0,0.0072577083
graphsage,1,39242,1,1,0.99755883
graphsage,1,8027,0,0,0.010986358
graphsage,1,58996,1,1,0.9998641
graphsage,1,51165,0,0,0.067236036
graphsage,1,43684,0,0,0.012958134
graphsage,1,6325,1,1,0.9110992
graphsage,1,4255,1,1,0.9608094
graphsage,1,35364,1,1,0.708224
graphsage,1,25920,1,1,0.99875283
graphsage,1,33121,0,0,0.00012049971
graphsage,1,24169,1,1,0.9999027
graphsage,1,41054,0,0,0.015551091
graphsage,1,48014,1,1,0.73180854
graphsage,1,53862,0,0,0.0019798495
graphsage,1,19620,1,1,0.9999033
graphsage,1,41310,1,0,0.44187662
graphsage,1,52243,1,1,0.9999528
graphsage,1,64903,1,1,0.9959572
graphsage,1,28842,1,1,0.97290593
graphsage,1,41125,1,1,0.9825341
graphsage,1,8642,0,0,0.010505853
graphsage,1,41578,0,0,0.0031753804
graphsage,1,51914,0,0,0.009273291
graphsage,1,1672,0,0,0.003000138
graphsage,1,25786,0,0,0.0021347397
graphsage,1,70836,1,0,0.23543015
graphsage,1,66440,0,1,0.9159848
graphsage,1,50128,0,0,0.0022797599
graphsage,1,56761,1,0,0.01318091
graphsage,1,71842,1,1,0.85356134
graphsage,1,57982,0,0,0.007306429
graphsage,1,362,0,0,0.06499926
graphsage,1,46869,1,1,0.9988722
graphsage,1,38814,0,0,0.0008202931
graphsage,1,58247,0,0,5.122906e-05
graphsage,1,63325,0,0,0.049479783
graphsage,1,8874,0,0,0.00040722228
graphsage,1,55001,0,0,0.034477208
graphsage,1,17781,1,0,0.024059284
graphsage,1,28093,1,1,0.9930708
graphsage,1,42581,1,1,0.98475826
graphsage,1,55529,0,0,0.0007061414
graphsage,1,30023,0,0,0.0038096083
graphsage,1,18256,0,0,0.00633715
graphsage,1,6644,1,1,0.99653375
graphsage,1,3141,1,1,0.9344469
graphsage,1,25349,0,0,0.00053448015
graphsage,1,9743,0,0,0.00028652936
graphsage,1,39524,0,0,0.0015608491
graphsage,1,66479,0,0,0.00016293436
graphsage,1,42034,0,0,0.0011561123
graphsage,1,35825,1,1,0.9950595
graphsage,1,58826,0,0,0.040153053
graphsage,1,68807,1,0,0.32492012
graphsage,1,18960,0,0,0.00010889607
graphsage,1,47942,1,1,0.98429674
graphsage,1,44960,1,1,0.9957064
graphsage,1,1029,1,1,0.9928364
graphsage,1,40850,0,0,0.00010583106
graphsage,1,19843,1,1,0.92742807
graphsage,1,38827,0,1,0.9437863
graphsage,1,5992,1,1,0.9980463
graphsage,1,22222,0,0,0.007935786
graphsage,1,67600,1,1,0.5632079
graphsage,1,35842,0,0,0.0013634136
graphsage,1,30033,0,0,0.00023179181
graphsage,1,48126,0,0,0.0001251949
graphsage,1,52958,0,0,0.00968175
graphsage,1,6994,0,0,0.0010851527
graphsage,1,9302,0,0,0.0008089665
graphsage,1,25651,1,1,0.999933
graphsage,1,6398,1,1,0.9975248
graphsage,1,6890,0,0,0.0065986738
graphsage,1,57027,0,0,0.0011199153
graphsage,1,29128,1,1,0.81948787
graphsage,1,27822,1,1,0.69671077
graphsage,1,16275,0,0,0.0004249903
graphsage,1,45342,0,1,0.5452242
graphsage,1,67638,1,1,0.9474295
graphsage,1,39479,0,0,0.0008382449
graphsage,1,11244,0,0,0.0013365804
graphsage,1,22880,0,0,0.002548579
graphsage,1,29941,1,0,0.058278326
graphsage,1,55861,1,1,0.99036497
graphsage,1,35911,1,0,0.42426884
graphsage,1,49254,1,1,0.99944705
graphsage,1,44717,0,0,0.0065447125
graphsage,1,30245,0,0,0.005662101
graphsage,1,7845,1,1,0.99653673
graphsage,1,23690,1,1,0.99860793
graphsage,1,54927,1,1,0.99863005
graphsage,1,44971,0,0,0.0012976107
graphsage,1,6348,1,1,0.7660251
graphsage,1,48010,1,1,0.8205292
graphsage,1,23748,0,0,0.00058240554
graphsage,1,69613,1,1,0.9671303
graphsage,1,46266,0,0,4.0250186e-05
graphsage,1,43089,0,0,0.0035172007
graphsage,1,44440,1,1,0.99981576
graphsage,1,27495,0,0,0.0088458
graphsage,1,60669,1,1,0.6633611
graphsage,1,62728,1,1,0.9998097
graphsage,1,54850,0,0,0.0005311752
graphsage,1,37280,0,0,0.0026115554
graphsage,1,63426,1,1,0.7541036
graphsage,1,69031,0,0,0.13197412
graphsage,1,59179,0,0,0.0003325608
graphsage,1,14396,0,0,0.47697952
graphsage,1,361,0,0,0.007198768
graphsage,1,65677,0,0,0.04254905
graphsage,1,9911,0,0,0.03256682
graphsage,1,52587,0,0,0.042417016
graphsage,1,71267,0,1,0.5289573
graphsage,1,53858,0,0,0.16050433
graphsage,1,31086,0,0,0.0028443104
graphsage,1,15022,0,0,0.00079111906
graphsage,1,59512,0,0,0.09337569
graphsage,1,16319,1,1,0.7541036
graphsage,1,14074,1,1,0.9832134
graphsage,1,50191,0,0,0.0013211494
graphsage,1,57039,0,0,0.09102952
graphsage,1,53390,0,0,0.42239025
graphsage,1,62440,1,1,0.9984825
graphsage,1,53758,1,1,0.9992487
graphsage,1,64874,1,1,0.9971693
graphsage,1,9417,0,0,0.0016227099
graphsage,1,60311,0,0,0.16924353
graphsage,1,24961,0,1,0.7553774
graphsage,1,1477,1,1,0.77252
graphsage,1,45406,0,0,0.0028138864
graphsage,1,40008,1,1,0.9249407
graphsage,1,15327,0,0,0.04584139
graphsage,1,69103,0,0,0.00050796743
graphsage,1,39353,1,1,0.9968958
graphsage,1,33103,0,0,2.2502827e-05
graphsage,1,7080,0,0,0.015938109
graphsage,1,71657,0,1,0.95111233
graphsage,1,20244,0,0,0.030755408
graphsage,1,54877,0,0,0.43124077
graphsage,1,54721,0,0,0.0019726304
graphsage,1,27794,0,0,0.05696807
graphsage,1,17407,1,1,0.9962321
graphsage,1,50624,0,1,0.74335116
graphsage,1,53815,0,0,0.043057304
graphsage,1,39685,0,0,0.014809558
graphsage,1,16682,1,1,0.9986104
graphsage,1,14207,1,1,0.99998105
graphsage,1,71200,0,0,0.006320777
graphsage,1,49912,1,1,0.9971372
graphsage,1,9422,0,0,0.0035884124
graphsage,1,15420,1,1,0.74558806
graphsage,1,13978,0,0,0.00013229328
graphsage,1,12668,1,1,0.9988814
graphsage,1,62769,0,0,0.00015150466
graphsage,1,26295,0,0,0.012210185
graphsage,1,32737,0,0,6.537474e-05
graphsage,1,65577,1,1,0.7302253
graphsage,1,40458,0,1,0.7429456
graphsage,1,13505,1,1,0.98817366
graphsage,1,50264,1,1,0.99703753
graphsage,1,66748,1,1,0.98507744
graphsage,1,20079,1,1,0.90910655
graphsage,1,26455,0,0,0.022481875
graphsage,1,44967,1,1,0.939841
graphsage,1,32844,0,0,0.0007337868
graphsage,1,47948,0,1,0.5128156
graphsage,1,57505,1,1,0.9999063
graphsage,1,33557,0,0,0.001180548
graphsage,1,32035,1,1,0.99881065
graphsage,1,36157,0,0,6.99527e-05
graphsage,1,57815,1,1,0.97925866
graphsage,1,18040,0,0,0.032167256
graphsage,1,37942,1,1,0.9685892
graphsage,1,13627,1,1,0.98595005
graphsage,1,27169,1,1,0.98899186
graphsage,1,7419,1,1,0.9970619
graphsage,1,10498,1,1,0.98367983
graphsage,1,33056,1,1,0.99988484
graphsage,1,29201,1,1,0.9998198
graphsage,1,35812,0,0,0.00059213204
graphsage,1,50657,1,1,0.9499947
graphsage,1,9840,0,0,0.042060822
graphsage,1,344,1,1,0.9149128
graphsage,1,50473,1,1,0.99317074
graphsage,1,30507,0,0,0.0029264158
graphsage,1,46791,0,0,0.009503077
graphsage,1,63779,1,1,0.9808688
graphsage,1,24620,1,1,0.99543214
graphsage,1,42474,0,1,0.9153802
graphsage,1,56874,0,0,0.021743111
graphsage,1,32841,1,1,0.9996474
graphsage,1,19976,0,0,0.005583289
graphsage,1,22785,1,1,0.9999509
graphsage,1,46627,1,1,0.9945644
graphsage,1,49420,1,1,0.97731405
graphsage,1,28629,1,0,0.3469454
graphsage,1,18288,0,0,0.0011068002
graphsage,1,40245,1,1,0.99468696
graphsage,1,23021,1,1,0.9528613
graphsage,1,40685,1,1,0.9997248
graphsage,1,39015,0,0,0.34683213
graphsage,1,9363,1,0,0.31101513
graphsage,1,62875,0,1,0.86781144
graphsage,1,28174,0,0,0.34321615
graphsage,1,59006,0,1,0.94408715
graphsage,1,5544,1,1,0.92194796
graphsage,1,8446,1,1,0.9676423
graphsage,1,45344,1,1,0.99950707
graphsage,1,2153,1,1,0.7839816
graphsage,1,36496,1,1,0.9943744
graphsage,1,34900,1,1,0.9998635
graphsage,1,22776,1,1,0.9893768
graphsage,1,56835,0,0,0.006980127
graphsage,1,68841,1,1,0.999577
graphsage,1,59925,0,0,0.0004441214
graphsage,1,64512,0,0,0.037843443
graphsage,1,15216,1,1,0.9652502
graphsage,1,26426,0,0,0.013467019
graphsage,1,46676,1,1,0.90249103
graphsage,1,44821,1,1,0.9982028
graphsage,1,55331,1,1,0.99959165
graphsage,1,58015,1,1,0.90340203
graphsage,1,20276,1,1,0.99968636
graphsage,1,57859,1,0,0.09655616
graphsage,1,10635,0,0,0.050379824
graphsage,1,37885,1,1,0.99985015
graphsage,1,17636,1,1,0.98961616
graphsage,1,14150,1,1,0.99884796
graphsage,1,36788,1,1,0.997603
graphsage,1,3263,1,1,0.9456353
graphsage,1,60474,1,1,0.9703626
graphsage,1,12978,1,1,0.9781269
graphsage,1,15508,1,1,0.9889798
graphsage,1,51930,1,1,0.9999707
graphsage,1,50678,0,0,0.008388335
graphsage,1,17536,1,1,0.99509275
graphsage,1,24699,0,0,0.1387487
graphsage,1,13674,1,1,0.7112242
graphsage,1,45748,0,0,0.00051100843
graphsage,1,16840,1,1,0.9988335
graphsage,1,25550,0,0,0.000314206
graphsage,1,66301,1,0,0.4249219
graphsage,1,27285,0,0,0.4727545
graphsage,1,17990,0,1,0.9613396
graphsage,1,61826,1,1,0.9951331
graphsage,1,62708,1,1,0.9945543
graphsage,1,52042,1,1,0.99604
graphsage,1,19227,1,1,0.9977685
graphsage,1,58033,1,1,0.9999932
graphsage,1,70691,0,0,0.0010268014
graphsage,1,58940,0,1,0.91510016
graphsage,1,26056,1,0,0.2556768
graphsage,1,10051,0,0,0.0026829573
graphsage,1,59917,1,1,0.9999814
graphsage,1,21815,1,1,0.99897623
graphsage,1,71806,1,1,0.9821426
graphsage,1,3570,1,1,0.93553984
graphsage,1,36659,0,0,0.0030049202
graphsage,1,4349,1,1,0.9965054
graphsage,1,14905,1,1,0.999861
graphsage,1,43758,0,0,0.024438858
graphsage,1,16719,0,0,0.013453977
graphsage,1,33829,1,1,0.93205863
graphsage,1,38164,1,1,0.996723
graphsage,1,25982,1,0,0.20928952
graphsage,1,65233,1,1,0.9862969
graphsage,1,10565,0,0,0.00043219165
graphsage,1,61658,0,0,0.00083250896
graphsage,1,48735,1,0,0.46582326
graphsage,1,59038,0,0,0.0030371002
graphsage,1,41879,1,1,0.9986578
graphsage,1,44111,1,1,0.64687216
graphsage,1,31141,0,0,0.10185263
graphsage,1,41878,1,1,0.99756587
graphsage,1,3991,1,1,0.99928147
graphsage,1,56663,0,0,0.04303949
graphsage,1,57781,1,1,0.99324644
graphsage,1,25634,0,1,0.5247421
graphsage,1,21174,0,0,0.31883073
graphsage,1,13342,0,0,0.1847577
graphsage,1,36262,0,0,0.006736536
graphsage,1,56345,0,0,0.12830603
graphsage,1,30999,1,0,0.13379891
graphsage,1,25347,0,0,0.060243294
graphsage,1,10586,1,0,0.055260148
graphsage,1,2451,1,1,0.94578755
graphsage,1,314,1,1,0.7260976
graphsage,1,34567,0,0,0.003979678
graphsage,1,8986,1,1,0.9967308
graphsage,1,71003,0,0,0.38043642
graphsage,1,63263,1,1,0.99992394
graphsage,1,29079,0,0,0.24348763
graphsage,1,31725,0,0,0.004217492
graphsage,1,70185,1,1,0.9985966
graphsage,1,15187,0,0,0.0121460315
graphsage,1,35924,1,0,0.43866563
graphsage,1,25213,0,0,0.100839555
graphsage,1,25571,0,0,0.0054804464
graphsage,1,23973,0,0,0.017139029
graphsage,1,24056,0,0,0.007856461
graphsage,1,6063,0,0,0.00091414066
graphsage,1,47985,1,1,0.9976809
graphsage,1,44557,0,0,0.005050302
graphsage,1,34490,0,0,0.030138845
graphsage,1,28025,1,1,0.98357856
graphsage,1,2396,0,0,0.0016091213
graphsage,1,22379,1,1,0.8827683
graphsage,1,28010,1,0,0.23489515
graphsage,1,10715,0,0,0.07044576
graphsage,1,37955,1,1,0.99979573
graphsage,1,35622,0,0,0.003235185
graphsage,1,66552,1,1,0.99695873
graphsage,1,9221,1,1,0.9965216
graphsage,1,27079,1,1,0.999778
graphsage,1,942,1,0,0.1368979
graphsage,1,30965,0,0,0.00028433814
graphsage,1,62259,1,1,0.99748886
graphsage,1,65682,1,1,0.9996705
graphsage,1,55376,0,1,0.85001665
graphsage,1,34751,1,1,0.99142283
graphsage,1,69997,0,0,0.00016499432
graphsage,1,37833,0,1,0.54947424
graphsage,1,18640,1,1,0.9997502
graphsage,1,57894,0,0,0.0029157167
graphsage,1,35134,0,0,0.0012553798
graphsage,1,2977,1,0,0.46272612
graphsage,1,17839,0,0,3.9190665e-05
graphsage,1,1541,1,1,0.99422956
graphsage,1,49039,0,0,0.013260966
graphsage,1,21869,1,1,0.9994561
graphsage,1,33117,0,0,0.011316523
graphsage,1,5902,1,1,0.9565538
graphsage,1,32686,1,1,0.8814089
graphsage,1,12397,1,1,0.793912
graphsage,1,14294,0,0,0.0001785217
graphsage,1,55894,1,1,0.86247593
graphsage,1,53255,0,0,0.4580475
graphsage,1,64194,1,1,0.99933344
graphsage,1,68836,0,0,0.0055230833
graphsage,1,12173,1,1,0.9984648
graphsage,1,9635,0,1,0.54914135
graphsage,1,53541,1,1,0.9996408
graphsage,1,24650,0,0,0.00048417985
graphsage,1,8117,0,0,0.04402674
graphsage,1,52745,1,1,0.9652785
graphsage,1,37718,1,1,0.9920067
graphsage,1,39653,0,0,0.28945723
graphsage,1,32051,0,0,0.014959447
graphsage,1,29168,0,0,0.0050422964
graphsage,1,63458,1,1,0.7541036
graphsage,1,27196,1,1,0.99946564
graphsage,1,60927,0,0,0.0035467222
graphsage,1,59703,0,0,0.00011604542
graphsage,1,8567,1,1,0.8820694
graphsage,1,47765,1,0,0.077985264
graphsage,1,68736,1,1,0.9997322
graphsage,1,2948,0,0,0.060456384
graphsage,1,12597,0,1,0.7196371
graphsage,1,1422,1,1,0.9841223
graphsage,1,2253,0,0,0.0043441304
graphsage,1,47150,0,0,0.08766906
graphsage,1,42089,0,1,0.7464323
graphsage,1,1897,0,0,0.0018398629
graphsage,1,28604,1,1,0.74628264
graphsage,1,54562,0,0,0.0059376233
graphsage,1,16302,1,0,0.09442065
graphsage,1,9573,1,1,0.8114662
graphsage,1,3246,0,0,0.0069668917
graphsage,1,38435,1,1,0.80457324
graphsage,1,40363,0,0,1.195261e-05
graphsage,1,26154,1,1,0.9987766
graphsage,1,25338,0,0,0.014424841
graphsage,1,26429,0,0,0.09095075
graphsage,1,10275,1,1,0.9619776
graphsage,1,17910,0,0,0.24198957
graphsage,1,14620,1,1,0.99492645
graphsage,1,41719,1,1,0.9863061
graphsage,1,37316,1,1,0.9807637
graphsage,1,34755,1,1,0.85285497
graphsage,1,5169,1,1,0.9998863
graphsage,1,51357,1,1,0.83015084
graphsage,1,63725,1,1,0.98598886
graphsage,1,40109,1,0,0.2788885
graphsage,1,18689,1,1,0.88151354
graphsage,1,72026,1,1,0.99228305
graphsage,1,3580,1,1,0.9826582
graphsage,1,13311,0,0,0.00018609
graphsage,1,16075,0,0,0.0077737956
graphsage,1,38221,1,1,0.91344434
graphsage,1,37702,0,0,0.00044983657
graphsage,1,5155,1,1,0.91275847
graphsage,1,72079,1,1,0.99061394
graphsage,1,16039,1,1,0.92478997
graphsage,1,4527,0,1,0.97229123
graphsage,1,2490,1,0,0.32613757
graphsage,1,38735,0,0,0.042287078
graphsage,1,38809,1,1,0.99848014
graphsage,1,11844,0,0,0.12853684
graphsage,1,50612,1,1,0.99689096
graphsage,1,66495,1,1,0.99164045
graphsage,1,32913,1,1,0.9981645
graphsage,1,41577,0,0,0.061146133
graphsage,1,4735,0,0,0.0053899433
graphsage,1,30430,0,0,0.0045599667
graphsage,1,55927,1,1,0.7541036
graphsage,1,2448,0,0,0.013337924
graphsage,1,17542,1,1,0.9849909
graphsage,1,34920,1,1,0.9983012
graphsage,1,42042,0,0,0.107756145
graphsage,1,63878,0,0,0.041855555
graphsage,1,1071,0,0,0.004048381
graphsage,1,19522,0,0,0.00013325548
graphsage,1,15579,1,0,0.049635157
graphsage,1,5509,0,0,0.0014872722
graphsage,1,66012,0,0,0.0042618797
graphsage,1,37144,0,0,0.00095260545
graphsage,1,53623,1,1,0.9995845
graphsage,1,56624,0,0,0.005457781
graphsage,1,20625,0,0,0.16352788
graphsage,1,54147,0,0,0.114312805
graphsage,1,21184,1,1,0.9412315
graphsage,1,67237,0,1,0.99575114
graphsage,1,70976,0,0,0.19264553
graphsage,1,51849,0,0,0.003825263
graphsage,1,57576,1,1,0.99813443
graphsage,1,33688,0,0,0.3530414
graphsage,1,67756,1,1,0.99993086
graphsage,1,27472,0,0,0.00012677269
graphsage,1,51643,1,1,0.99183977
graphsage,1,49091,0,0,0.0037643658
graphsage,1,22037,1,1,0.9922597
graphsage,1,57330,0,0,0.0001464782
graphsage,1,18490,1,1,0.53953207
graphsage,1,32859,1,1,0.99742234
graphsage,1,50976,0,0,8.740142e-05
graphsage,1,67531,1,1,0.50668615
graphsage,1,38075,0,0,0.012540373
graphsage,1,36858,1,1,0.9927093
graphsage,1,46193,0,0,0.0006821748
graphsage,1,51209,0,0,0.05226143
graphsage,1,48822,1,1,0.9980798
graphsage,1,36542,1,1,0.9997559
graphsage,1,33381,0,0,0.00537898
graphsage,1,5160,0,0,0.00020071575
graphsage,1,41496,0,0,0.0023025582
graphsage,1,7132,0,0,0.0032974975
graphsage,1,40382,1,0,0.31765202
graphsage,1,27483,0,0,0.01909934
graphsage,1,46295,0,0,0.124564536
graphsage,1,47026,0,0,0.00017329346
graphsage,1,29673,1,1,0.8895513
graphsage,1,22211,0,0,0.043365642
graphsage,1,64873,1,1,0.99974686
graphsage,1,57528,0,0,0.004858902
graphsage,1,4290,1,1,0.91533005
graphsage,1,45922,0,0,0.053591415
graphsage,1,37521,1,1,0.99812835
graphsage,1,36977,0,0,0.023033392
graphsage,1,48707,0,0,0.00023740565
graphsage,1,49357,1,1,0.9987895
graphsage,1,31434,0,0,0.11412758
graphsage,1,30113,1,1,0.9585967
graphsage,1,34753,0,0,0.004881434
graphsage,1,16024,1,1,0.99984014
graphsage,1,55098,0,0,0.0019479388
graphsage,1,21649,0,0,0.040546212
graphsage,1,17807,1,1,0.96996325
graphsage,1,41182,1,1,0.99987376
graphsage,1,9077,1,1,0.9967173
graphsage,1,64554,1,1,0.9983602
graphsage,1,55467,0,0,0.005404162
graphsage,1,1550,0,0,0.039967034
graphsage,1,21000,1,1,0.9339008
graphsage,1,64167,1,1,0.9898491
graphsage,1,17894,1,0,0.18117765
graphsage,1,39770,1,1,0.67374176
graphsage,1,54817,1,1,0.99582785
graphsage,1,55042,0,0,0.0046060947
graphsage,1,16326,0,0,0.24066432
graphsage,1,63490,1,1,0.9985096
graphsage,1,23656,1,1,0.9017825
graphsage,1,743,1,1,0.9986546
graphsage,1,47136,0,0,0.04256889
graphsage,1,60389,1,1,0.9983564
graphsage,1,7673,1,1,0.99999464
graphsage,1,12971,1,1,0.91811806
graphsage,1,2664,1,1,0.9427741
graphsage,1,63238,0,0,0.0003379949
graphsage,1,41995,1,1,0.94958335
graphsage,1,59437,1,1,0.7541036
graphsage,1,57046,1,1,0.9998272
graphsage,1,55097,1,1,0.9959649
graphsage,1,12223,0,1,0.92430097
graphsage,1,46940,0,0,0.008946326
graphsage,1,60821,0,0,0.001266573
graphsage,1,11890,0,1,0.9614227
graphsage,1,57519,1,1,0.9998859
graphsage,1,15782,0,0,0.0016176063
graphsage,1,1874,1,1,0.91857946
graphsage,1,44043,1,1,0.993212
graphsage,1,3042,0,0,0.098194785
graphsage,1,30531,0,0,5.018922e-05
graphsage,1,20615,1,1,0.9823294
graphsage,1,36900,1,1,0.9992539
graphsage,1,52526,1,1,0.54767245
graphsage,1,66728,0,0,0.0019148946
graphsage,1,573,1,1,0.9973115
graphsage,1,44144,1,1,0.991626
graphsage,1,27134,1,1,0.9988242
graphsage,1,65082,1,1,0.9718978
graphsage,1,18739,0,0,0.0015173242
graphsage,1,39050,1,0,0.13046049
graphsage,1,39163,1,1,0.9999707
graphsage,1,55960,1,1,0.930489
graphsage,1,9757,1,0,0.013193437
graphsage,1,44243,0,0,0.026209494
graphsage,1,1953,1,1,0.99978906
graphsage,1,61493,1,1,0.9948421
graphsage,1,47395,1,0,0.26703376
graphsage,1,28261,0,0,0.12071662
graphsage,1,31140,0,0,0.055686805
graphsage,1,28959,0,0,0.0022832474
graphsage,1,37399,0,0,0.00011943036
graphsage,1,26038,1,0,0.05316546
graphsage,1,11105,1,1,0.9986731
graphsage,1,17389,1,1,0.9921097
graphsage,1,45222,1,1,0.50919104
graphsage,1,33127,1,1,0.998038
graphsage,1,33042,1,1,0.83979803
graphsage,1,41644,1,1,0.90537506
graphsage,1,67689,1,1,0.9999685
graphsage,1,69077,1,1,0.9944805
graphsage,1,56414,0,0,7.876619e-05
graphsage,1,16997,0,0,0.0014154682
graphsage,1,64000,1,1,0.7541036
graphsage,1,3036,1,0,0.15957001
graphsage,1,69219,0,0,0.027439358
graphsage,1,44089,1,1,0.99961996
graphsage,1,28145,0,0,0.00024199462
graphsage,1,39558,1,1,0.9713585
graphsage,1,12249,0,0,0.00036643614
graphsage,1,21833,0,0,0.1000923
graphsage,1,34777,0,0,9.25603e-05
graphsage,1,58992,0,0,0.4629326
graphsage,1,65532,0,0,0.0066510667
graphsage,1,27154,1,1,0.7829899
graphsage,1,58804,1,1,0.9991499
graphsage,1,22560,0,0,0.002306641
graphsage,1,63609,1,1,0.98055595
graphsage,1,14475,0,0,0.00030924362
graphsage,1,23972,0,0,0.0028281638
graphsage,1,68815,1,1,0.9531684
graphsage,1,20528,1,1,0.969638
graphsage,1,1553,1,1,0.9889824
graphsage,1,7507,1,1,0.9999163
graphsage,1,35848,1,1,0.98402864
graphsage,1,21685,1,1,0.9781015
graphsage,1,21490,1,1,0.95847756
graphsage,1,48086,0,0,0.0069585084
graphsage,1,4052,1,1,0.99963415
graphsage,1,29473,1,1,0.99948597
graphsage,1,63069,1,1,0.999851
graphsage,1,67986,1,1,0.999879
graphsage,1,32467,0,0,0.0037520847
graphsage,1,64971,0,0,0.14422126
graphsage,1,19475,0,0,0.00056589453
graphsage,1,43237,1,1,0.9962823
graphsage,1,14648,1,1,0.9988205
graphsage,1,49534,1,1,0.97803724
graphsage,1,69428,1,1,0.7298415
graphsage,1,29484,1,1,0.9994785
graphsage,1,60079,0,0,0.0049619367
graphsage,1,8059,0,0,1.5389158e-05
graphsage,1,60040,1,1,0.9999114
graphsage,1,22380,1,1,0.99865425
graphsage,1,29775,0,0,0.019773792
graphsage,1,2842,1,1,0.9953849
graphsage,1,62751,0,0,0.004021311
graphsage,1,9383,0,0,0.028955076
graphsage,1,25860,1,1,0.9999629
graphsage,1,23037,0,0,0.050003923
graphsage,1,45211,0,0,0.0062216343
graphsage,1,65174,1,0,0.14841107
graphsage,1,45310,0,0,0.035247583
graphsage,1,71113,0,0,0.00032653724
graphsage,1,32423,0,0,0.0081942165
graphsage,1,43440,1,0,0.02132434
graphsage,1,65666,0,0,0.28823563
graphsage,1,39654,1,1,0.93475413
graphsage,1,11987,1,1,0.88336027
graphsage,1,5725,0,0,0.0010916906
graphsage,1,59892,1,1,0.9994392
graphsage,1,71865,0,0,0.02384656
graphsage,1,28359,1,1,0.99993205
graphsage,1,651,0,0,0.2975826
graphsage,1,3874,0,0,0.2815743
graphsage,1,35685,0,0,0.45768213
graphsage,1,36774,0,0,0.0048414376
graphsage,1,41702,1,1,0.99892837
graphsage,1,4412,0,0,0.0047825775
graphsage,1,63895,1,1,0.9986003
graphsage,1,12659,1,1,0.9974021
graphsage,1,8864,1,1,0.7541036
graphsage,1,14821,0,0,0.010649496
graphsage,1,60309,0,0,0.002946904
graphsage,1,27496,1,1,0.9986816
graphsage,1,19091,0,0,0.001523396
graphsage,1,3253,1,1,0.99913687
graphsage,1,44567,1,0,0.020287873
graphsage,1,15493,1,1,0.9981159
graphsage,1,5988,1,1,0.976299
graphsage,1,14788,1,1,0.9991756
graphsage,1,42645,1,1,0.9838675
graphsage,1,46829,1,1,0.85955405
graphsage,1,64834,1,1,0.9982951
graphsage,1,19878,1,1,0.99525464
graphsage,1,12188,0,0,0.00087503274
graphsage,1,10493,1,1,0.967985
graphsage,1,66114,1,1,0.9937729
graphsage,1,40691,1,1,0.99988484
graphsage,1,42186,1,1,0.983743
graphsage,1,56012,1,1,0.9998636
graphsage,1,42732,1,1,0.92682177
graphsage,1,1027,0,1,0.66965854
graphsage,1,375,1,1,0.9987147
graphsage,1,36397,1,1,0.9999722
graphsage,1,40338,1,1,0.9979569
graphsage,1,51111,0,0,0.011409929
graphsage,1,49172,0,0,0.00012979793
graphsage,1,40007,1,1,0.9990522
graphsage,1,31626,0,0,0.3657092
graphsage,1,55763,0,0,0.0042282213
graphsage,1,17013,0,1,0.93790394
graphsage,1,2419,0,0,0.00027372272
graphsage,1,47994,0,0,0.00013658471
graphsage,1,39291,0,0,8.311702e-06
graphsage,1,61945,0,0,0.0046920925
graphsage,1,56939,1,1,0.9995522
graphsage,1,1437,0,0,0.0014758629
graphsage,1,6700,1,1,0.98708284
graphsage,1,9047,1,1,0.99999654
graphsage,1,58740,0,0,0.45009995
graphsage,1,11864,0,0,0.0005385456
graphsage,1,35241,1,1,0.822149
graphsage,1,52736,0,0,0.0008201013
graphsage,1,67644,0,0,0.0012554982
graphsage,1,38452,0,0,0.0013822312
graphsage,1,40968,0,0,0.008229814
graphsage,1,6546,1,1,0.98943543
graphsage,1,16585,0,0,0.03297427
graphsage,1,47032,1,1,0.9921862
graphsage,1,27292,0,0,0.15339713
graphsage,1,63345,1,1,0.9930841
graphsage,1,65646,1,1,0.99877185
graphsage,1,30644,1,1,0.99315923
graphsage,1,22678,1,1,0.9355808
graphsage,1,48759,1,1,0.9672408
graphsage,1,27863,1,1,0.99993885
graphsage,1,29989,1,1,0.97011125
graphsage,1,41302,0,0,0.11721745
graphsage,1,38639,0,0,0.012034023
graphsage,1,5392,0,0,0.28922737
graphsage,1,46271,0,1,0.55135584
graphsage,1,24004,0,0,0.0049672583
graphsage,1,24241,0,0,0.000412356
graphsage,1,55389,0,1,0.9212247
graphsage,1,15042,1,1,0.94774663
graphsage,1,64534,1,1,0.9879188
graphsage,1,18125,0,0,0.00083209015
graphsage,1,40927,1,1,0.9997526
graphsage,1,42128,1,0,0.20290993
graphsage,1,28524,0,0,0.0044922424
graphsage,1,35553,0,0,0.036406945
graphsage,1,56280,1,1,0.99795
graphsage,1,71382,1,1,0.995871
graphsage,1,14244,1,1,0.9905041
graphsage,1,13607,0,1,0.6647067
graphsage,1,30908,1,1,0.99987304
graphsage,1,17370,1,1,0.99998283
graphsage,1,32832,0,0,0.0041160174
graphsage,1,16324,0,0,0.21511163
graphsage,1,47788,1,1,0.99985087
graphsage,1,23893,0,0,0.34037814
graphsage,1,27419,1,1,0.9997849
graphsage,1,22309,0,0,0.04287847
graphsage,1,58061,0,0,0.028382327
graphsage,1,27894,1,1,0.9992939
graphsage,1,68006,1,1,0.99954456
graphsage,1,32582,1,1,0.8491393
graphsage,1,51714,0,0,0.016594026
graphsage,1,63617,0,0,0.007051668
graphsage,1,5242,1,1,0.99516135
graphsage,1,57241,1,1,0.9999907
graphsage,1,69261,1,1,0.99630946
graphsage,1,40054,0,1,0.8593002
graphsage,1,47137,0,0,0.050613772
graphsage,1,26805,0,1,0.76969194
graphsage,1,42564,0,0,0.010452117
graphsage,1,64164,1,1,0.8169395
graphsage,1,5425,0,0,0.11837505
graphsage,1,34349,0,0,0.0065810247
graphsage,1,33205,1,1,0.9996693
graphsage,1,25251,0,0,0.0053399806
graphsage,1,50968,0,1,0.5405376
graphsage,1,7378,1,1,0.5770798
graphsage,1,66133,1,1,0.99020946
graphsage,1,67071,1,1,0.99346817
graphsage,1,24352,0,0,0.018300258
graphsage,1,15680,1,0,0.0018149207
graphsage,1,38022,1,1,0.98332375
graphsage,1,21210,0,0,0.0107180355
graphsage,1,16398,1,1,0.9910301
graphsage,1,8377,1,1,0.5327623
graphsage,1,11208,1,1,0.9753702
graphsage,1,14135,0,0,0.008312126
graphsage,1,52175,1,0,0.10087301
graphsage,1,47161,1,1,0.84420973
graphsage,1,8578,1,1,0.9914479
graphsage,1,4562,1,1,0.99874735
graphsage,1,11018,0,0,0.0004883915
graphsage,1,17769,1,1,0.7541036
graphsage,1,35006,0,0,0.3250099
graphsage,1,29404,1,1,0.80787903
graphsage,1,13137,0,0,0.00016347466
graphsage,1,63675,0,0,0.0016206284
graphsage,1,10757,1,1,0.61381644
graphsage,1,16255,1,1,0.99990356
graphsage,1,12446,0,0,0.0012487764
graphsage,1,43205,0,0,0.00019035979
graphsage,1,52708,0,0,0.07498259
graphsage,1,63459,0,0,0.0037096103
graphsage,1,15451,1,1,0.9999082
graphsage,1,33813,0,0,6.388358e-05
graphsage,1,66616,0,0,0.0027973654
graphsage,1,7410,1,1,0.9755493
graphsage,1,56018,0,1,0.9533855
graphsage,1,19239,1,0,0.39378643
graphsage,1,71193,0,0,0.00019725968
graphsage,1,2321,0,0,0.009171828
graphsage,1,35906,1,1,0.9899567
graphsage,1,46448,1,1,0.98745316
graphsage,1,21415,0,1,0.9253929
graphsage,1,6709,1,1,0.9989029
graphsage,1,66872,0,0,0.1572877
graphsage,1,19860,0,0,0.0025338274
graphsage,1,8509,1,1,0.81011266
graphsage,1,71109,0,0,0.0030677393
graphsage,1,40212,1,0,0.2976324
graphsage,1,35738,0,0,0.15804802
graphsage,1,21300,0,0,0.0009318268
graphsage,1,29161,1,0,0.48018113
graphsage,1,41617,1,1,0.99751735
graphsage,1,51594,0,0,0.0023868845
graphsage,1,42354,1,1,0.54120946
graphsage,1,44556,1,1,0.9583708
graphsage,1,37756,1,1,0.7541036
graphsage,1,12855,0,0,0.4468398
graphsage,1,37444,0,0,0.0084457705
graphsage,1,37573,1,1,0.9988702
graphsage,1,46316,1,1,0.999948
graphsage,1,37445,0,1,0.665752
graphsage,1,23842,1,0,0.024065036
graphsage,1,19240,1,1,0.9982003
graphsage,1,52528,0,0,0.0002318504
graphsage,1,36665,0,0,0.494334
graphsage,1,33008,1,1,0.9993179
graphsage,1,58179,0,0,0.0007539472
graphsage,1,240,1,1,0.9999424
graphsage,1,57832,1,1,0.9897314
graphsage,1,36162,1,1,0.9664719
graphsage,1,37012,1,1,0.99884146
graphsage,1,21934,0,0,0.0012533547
graphsage,1,24226,0,0,0.0027992707
graphsage,1,49260,0,0,0.009200772
graphsage,1,52953,1,1,0.9998235
graphsage,1,22760,1,1,0.9997068
graphsage,1,14076,1,1,0.9967507
graphsage,1,69251,0,0,0.0005960584
graphsage,1,43689,1,1,0.94294834
graphsage,1,6844,0,0,0.0009267004
graphsage,1,45506,0,0,0.014219371
graphsage,1,47048,1,1,0.9741347
graphsage,1,50448,0,0,0.00946239
graphsage,1,62012,1,1,0.702974
graphsage,1,23356,0,0,0.10762721
graphsage,1,44543,1,1,0.99138886
graphsage,1,7167,0,0,0.002313432
graphsage,1,17101,0,0,0.017765332
graphsage,1,67558,0,0,0.0003763886
graphsage,1,41573,1,1,0.9923855
graphsage,1,54942,1,0,0.15453866
graphsage,1,4605,1,1,0.98781675
graphsage,1,20539,0,0,0.019157313
graphsage,1,4221,0,1,0.60154766
graphsage,1,44323,0,0,0.005340297
graphsage,1,65599,1,1,0.98630875
graphsage,1,7568,1,1,0.98529434
graphsage,1,53552,0,0,0.011976023
graphsage,1,2692,1,1,0.9960872
graphsage,1,50723,1,1,0.721441
graphsage,1,27842,1,0,0.21728131
graphsage,1,64653,1,1,0.9559725
graphsage,1,64829,1,1,0.9994899
graphsage,1,13279,0,0,0.0045085023
graphsage,1,22852,0,0,0.02001768
graphsage,1,36074,0,0,0.00087007135
graphsage,1,13990,0,0,0.00022584983
graphsage,1,58766,1,1,0.9998683
graphsage,1,9951,0,0,0.028326342
graphsage,1,43910,0,0,0.40638974
graphsage,1,71549,1,1,0.9921135
graphsage,1,44693,0,0,0.0011633427
graphsage,1,55561,0,1,0.992031
graphsage,1,47740,1,1,0.69989556
graphsage,1,61292,0,0,0.023919372
graphsage,1,15439,0,0,0.06476009
graphsage,1,61238,1,1,0.53569585
graphsage,1,39767,1,1,0.9988325
graphsage,1,49294,1,1,0.7732039
graphsage,1,30819,0,0,0.003571724
graphsage,1,65318,0,0,0.00037548994
graphsage,1,48048,0,0,0.06521464
graphsage,1,20680,1,1,0.9999167
graphsage,1,65625,1,1,0.9999465
graphsage,1,14997,1,1,0.9950315
graphsage,1,29388,1,1,0.7541036
graphsage,1,16243,1,1,0.97758716
graphsage,1,43501,1,1,0.9996977
graphsage,1,60035,0,0,0.00023704466
graphsage,1,25441,1,1,0.820979
graphsage,1,70827,1,1,0.7541036
graphsage,1,44334,1,1,0.9977017
graphsage,1,55482,0,0,0.020283837
graphsage,1,28353,1,1,0.99901986
graphsage,1,70611,1,1,0.99984837
graphsage,1,3208,0,0,0.36792603
graphsage,1,64505,1,1,0.99358326
graphsage,1,46293,0,0,0.053290345
graphsage,1,3597,1,1,0.999796
graphsage,1,19669,0,0,0.003563125
graphsage,1,66672,0,0,0.006290084
graphsage,1,35720,0,0,0.0038342443
graphsage,1,57803,1,1,0.9999988
graphsage,1,19129,0,0,0.0006787236
graphsage,1,51437,0,0,0.0096365055
graphsage,1,4700,1,1,0.9991666
graphsage,1,61216,0,0,0.00035998088
graphsage,1,69528,1,1,0.99996793
graphsage,1,1652,0,0,6.281806e-05
graphsage,1,55640,0,0,0.13644297
graphsage,1,26158,1,1,0.997308
graphsage,1,55650,1,1,0.9939838
graphsage,1,64844,0,0,0.0022966661
graphsage,1,14263,0,0,0.009915875
graphsage,1,37427,0,0,0.013328646
graphsage,1,61443,1,0,0.010304092
graphsage,1,69199,1,1,0.9670004
graphsage,1,53800,1,1,0.9999621
graphsage,1,68175,1,1,0.92333454
graphsage,1,69711,1,1,0.9633846
graphsage,1,39148,1,0,0.0100005325
graphsage,1,13656,1,1,0.9986828
graphsage,1,71961,0,0,0.0030112125
graphsage,1,38107,0,0,0.0015141389
graphsage,1,54871,0,0,0.031854432
graphsage,1,41357,0,0,0.022441166
graphsage,1,32679,1,0,0.10501273
graphsage,1,24794,0,0,0.00019358384
graphsage,1,26742,0,0,0.0017842063
graphsage,1,45500,0,0,0.022957554
graphsage,1,66646,1,1,0.998744
graphsage,1,18547,1,1,0.7541036
graphsage,1,26002,0,0,0.035403624
graphsage,1,40936,1,1,0.98854464
graphsage,1,42723,1,1,0.98806643
graphsage,1,33883,1,1,0.95647824
graphsage,1,40627,1,1,0.99883205
graphsage,1,11507,0,0,0.0014543765
graphsage,1,40971,1,0,0.39221588
graphsage,1,6031,0,1,0.8567753
graphsage,1,35506,1,1,0.98061633
graphsage,1,39803,0,0,0.0115062175
graphsage,1,56269,0,0,0.020907104
graphsage,1,65695,0,0,0.00024359606
graphsage,1,43325,1,1,0.9981483
graphsage,1,45423,0,0,0.0029790492
graphsage,1,45994,0,0,0.03569627
graphsage,1,32476,1,1,0.995161
graphsage,1,48856,1,1,0.8385432
graphsage,1,20360,0,1,0.9632844
graphsage,1,20525,1,1,0.99847287
graphsage,1,39617,0,0,0.003506123
graphsage,1,35447,0,0,0.029104255
graphsage,1,8014,1,1,0.7541036
graphsage,1,60462,0,1,0.988889
graphsage,1,21154,1,1,0.932423
graphsage,1,9286,1,1,0.9963946
graphsage,1,30080,1,1,0.9999523
graphsage,1,36843,1,1,0.99165714
graphsage,1,39863,0,0,0.0009455146
graphsage,1,48597,1,1,0.9717539
graphsage,1,51467,1,0,0.47753534
graphsage,1,16481,1,1,0.974276
graphsage,1,13847,0,0,0.0013218945
graphsage,1,11014,1,1,0.80914325
graphsage,1,24442,1,1,0.9997749
graphsage,1,38742,1,0,0.21042426
graphsage,1,72061,1,1,0.9895231
graphsage,1,9959,0,0,0.2866766
graphsage,1,69761,0,1,0.763672
graphsage,1,17124,1,1,0.99736553
graphsage,1,64566,1,1,0.5739545
graphsage,1,70755,1,1,0.9999908
graphsage,1,35654,0,0,0.06995863
graphsage,1,3835,0,0,0.0714913
graphsage,1,21240,0,0,0.019644639
graphsage,1,2999,0,0,0.004301673
graphsage,1,49528,1,1,0.95438206
graphsage,1,58445,1,1,0.8924654
graphsage,1,57199,1,1,0.9998012
graphsage,1,37105,1,1,0.9999542
graphsage,1,11066,1,1,0.5712891
graphsage,1,56728,0,0,0.0044554085
graphsage,1,15549,0,0,0.0009996413
graphsage,1,33547,1,1,0.9977736
graphsage,1,57516,0,0,0.08741705
graphsage,1,17999,0,1,0.8749526
graphsage,1,47105,1,1,0.99979883
graphsage,1,71717,0,0,0.0016706157
graphsage,1,42310,0,0,0.11424981
graphsage,1,27452,1,1,0.9999143
graphsage,1,28211,1,1,0.5971146
graphsage,1,24412,0,0,0.16871533
graphsage,1,10660,1,1,0.9986628
graphsage,1,54350,1,1,0.57662725
graphsage,1,69453,0,0,0.0017592609
graphsage,1,43896,0,0,0.0126808975
graphsage,1,8476,0,0,0.2867837
graphsage,1,932,1,1,0.91948754
graphsage,1,56430,0,0,1.5485011e-05
graphsage,1,15337,1,1,0.9911012
graphsage,1,25168,0,0,0.00031904358
graphsage,1,60335,0,0,0.0041610934
graphsage,1,63810,1,1,0.9949083
graphsage,1,38474,1,1,0.9926803
graphsage,1,21092,0,0,3.1977634e-05
graphsage,1,56471,1,1,0.9999938
graphsage,1,60513,0,0,3.0281813e-05
graphsage,1,21521,0,0,0.00092120626
graphsage,1,17678,1,1,0.90383303
graphsage,1,55879,1,1,0.99811184
graphsage,1,30217,1,1,0.7304558
graphsage,1,9966,1,1,0.99748343
graphsage,1,53596,0,1,0.6397152
graphsage,1,68964,0,0,0.0057788244
graphsage,1,19964,1,1,0.90910655
graphsage,1,53353,0,0,0.0026953674
graphsage,1,1642,0,0,0.3578419
graphsage,1,32667,0,1,0.6048925
graphsage,1,2907,1,1,0.9997334
graphsage,1,36370,1,1,0.99989605
graphsage,1,28210,1,1,0.99977666
graphsage,1,12752,1,1,0.99866736
graphsage,1,4164,1,1,0.9069184
graphsage,1,652,0,1,0.5819343
graphsage,1,26506,1,1,0.95843416
graphsage,1,34099,0,0,0.00068159477
graphsage,1,60213,0,0,0.4817799
graphsage,1,41560,0,0,0.000116964395
graphsage,1,38913,1,1,0.9975789
graphsage,1,18445,1,1,0.99868864
graphsage,1,69653,1,1,0.9998456
graphsage,1,35814,1,1,0.99882466
graphsage,1,54531,1,1,0.87238383
graphsage,1,31848,0,0,0.0050921394
graphsage,1,28321,1,1,0.9990085
graphsage,1,17513,1,1,0.7541036
graphsage,1,16350,1,1,0.82137144
graphsage,1,3576,0,0,0.0024782373
graphsage,1,52099,0,0,0.010405692
graphsage,1,45877,1,1,0.9992379
graphsage,1,71873,1,1,0.9953975
graphsage,1,4816,1,1,0.8735104
graphsage,1,57836,1,1,0.9997942
graphsage,1,34039,1,1,0.9917005
graphsage,1,55701,0,0,0.2701714
graphsage,1,39807,1,1,0.97501105
graphsage,1,47462,0,0,0.0006844716
graphsage,1,6302,1,1,0.9538264
graphsage,1,10260,1,1,0.99996984
graphsage,1,7880,1,1,0.9996381
graphsage,1,22087,1,1,0.9946635
graphsage,1,13772,1,1,0.99267817
graphsage,1,55598,1,1,0.98958033
graphsage,1,21182,1,1,0.99922454
graphsage,1,32960,1,1,0.998168
graphsage,1,22793,1,1,0.6954642
graphsage,1,52696,1,1,0.99991584
graphsage,1,48447,1,1,0.9998417
graphsage,1,19127,1,1,0.9987141
graphsage,1,48057,1,1,0.9999118
graphsage,1,42736,0,0,0.00046034894
graphsage,1,64481,1,1,0.9940156
graphsage,1,618,0,0,0.00022188915
graphsage,1,19055,1,1,0.996816
graphsage,1,15577,1,1,0.9995633
graphsage,1,28207,1,1,0.9768991
graphsage,1,2743,0,0,0.059891235
graphsage,1,41004,1,1,0.997088
graphsage,1,25766,1,1,0.99949884
graphsage,1,34991,0,0,0.059544206
graphsage,1,14102,1,1,0.9938829
graphsage,1,28120,1,1,0.99934536
graphsage,1,35204,1,1,0.99729735
graphsage,1,67719,1,1,0.9900512
graphsage,1,42465,0,0,0.0011462278
graphsage,1,27806,1,1,0.98806643
graphsage,1,11951,1,1,0.9999033
graphsage,1,42,1,1,0.9391807
graphsage,1,3682,0,0,0.0059822747
graphsage,1,1264,0,0,0.15740816
graphsage,1,35605,1,1,0.9989029
graphsage,1,38843,1,1,0.99882466
graphsage,1,1438,1,1,0.97091615
graphsage,1,33396,0,0,0.05238869
graphsage,1,16588,1,1,0.7541036
graphsage,1,14094,0,0,0.0077132983
graphsage,1,14468,1,1,0.9972574
graphsage,1,27146,1,1,0.99869543
graphsage,1,54898,1,1,0.99941254
graphsage,1,33155,0,0,0.06727157
graphsage,1,57582,1,1,0.9951224
graphsage,1,28067,0,0,0.0059451256
graphsage,1,20032,1,1,0.9906261
graphsage,1,69440,1,1,0.9882386
graphsage,1,54698,0,1,0.96543527
graphsage,1,66317,1,1,0.675586
graphsage,1,38581,1,1,0.99934834
graphsage,1,4050,0,0,0.020578567
graphsage,1,25985,0,0,0.005587757
graphsage,1,29051,1,1,0.97537893
graphsage,1,66586,0,0,0.099592134
graphsage,1,34242,1,1,0.9993318
graphsage,1,47829,0,0,0.00012455368
graphsage,1,4033,0,0,0.0030049502
graphsage,1,46223,0,0,0.00057793007
graphsage,1,59148,0,0,3.416541e-05
graphsage,1,26890,0,0,1.6984759e-05
graphsage,1,4138,1,0,0.49787498
graphsage,1,43674,0,0,0.010793611
graphsage,1,21824,0,0,0.0046071946
graphsage,1,8987,1,1,0.8168094
graphsage,1,71276,0,0,0.000120653785
graphsage,1,10401,1,1,0.74900186
graphsage,1,59121,0,0,0.0034070832
graphsage,1,37094,1,1,0.99668807
graphsage,1,53342,1,1,0.99831676
graphsage,1,58744,1,1,0.9697676
graphsage,1,63631,1,0,0.32640728
graphsage,1,70070,1,1,0.99950767
graphsage,1,57811,1,1,0.99738544
graphsage,1,16218,0,0,0.0005474047
graphsage,1,54371,1,1,0.9992161
graphsage,1,16100,1,1,0.99946576
graphsage,1,21062,1,1,0.9990815
graphsage,1,65782,1,1,0.933121
graphsage,1,55127,0,0,0.18789308
graphsage,1,22186,1,1,0.9584863
graphsage,1,64355,0,0,4.8440113e-05
graphsage,1,41384,1,1,0.9418516
graphsage,1,53125,1,1,0.9993923
graphsage,1,34865,0,0,0.006132757
graphsage,1,47528,0,0,0.23451287
graphsage,1,41350,0,0,0.15371355
graphsage,1,51940,0,0,0.045023877
graphsage,1,57142,1,1,0.9860529
graphsage,1,67604,0,0,0.01569715
graphsage,1,62824,0,0,0.0132469535
graphsage,1,42610,0,0,0.0015703974
graphsage,1,29527,0,0,0.007902763
graphsage,1,69477,1,1,0.998555
graphsage,1,6255,0,0,0.00012291686
graphsage,1,24743,1,1,0.9955474
graphsage,1,4021,0,0,0.0017488668
graphsage,1,54115,0,0,0.00013649515
graphsage,1,58074,0,0,0.00048539633
graphsage,1,39817,0,0,0.00083795824
graphsage,1,39527,1,1,0.9992187
graphsage,1,35774,1,1,0.98435265
graphsage,1,12967,1,1,0.9525506
graphsage,1,38943,1,1,0.99819
graphsage,1,32837,1,1,0.99314815
graphsage,1,57786,1,1,0.9976872
graphsage,1,13619,0,0,0.01623788
graphsage,1,32242,1,1,0.99984694
graphsage,1,55114,1,1,0.9998641
graphsage,1,52195,0,0,0.004839812
graphsage,1,20507,0,0,0.00017152788
graphsage,1,27853,0,0,0.121828444
graphsage,1,26679,1,1,0.99742234
graphsage,1,20115,0,0,0.0006086955
graphsage,1,38589,1,1,0.999864
graphsage,1,47890,0,1,0.9649186
graphsage,1,18141,0,0,0.0007025302
graphsage,1,25378,1,1,0.9389396
graphsage,1,32245,0,0,0.000261143
graphsage,1,70640,0,0,0.00062332716
graphsage,1,11717,0,0,0.002597338
graphsage,1,12945,0,0,0.093766384
graphsage,1,67513,0,0,0.00014234049
graphsage,1,14316,0,0,0.00041508564
graphsage,1,67412,1,1,0.99679226
graphsage,1,1998,1,1,0.9957242
graphsage,1,44548,1,1,0.99500424
graphsage,1,10686,0,0,0.001122245
graphsage,1,11134,1,1,0.98790085
graphsage,1,21463,1,1,0.99725807
graphsage,1,68192,0,0,0.001685488
graphsage,1,47381,1,1,0.9973761
graphsage,1,65479,1,0,0.16644238
graphsage,1,70498,0,0,0.039232306
graphsage,1,38291,0,0,0.00054551783
graphsage,1,44424,0,0,0.0011961757
graphsage,1,60404,1,1,0.9880293
graphsage,1,45177,1,1,0.99734676
graphsage,1,51388,1,0,0.028677013
graphsage,1,26867,0,1,0.9883166
graphsage,1,9945,1,1,0.9951132
graphsage,1,49644,1,1,0.92047924
graphsage,1,38092,1,1,0.99740124
graphsage,1,2902,1,1,0.9997596
graphsage,1,25218,0,0,0.0006584341
graphsage,1,42406,1,1,0.9878868
graphsage,1,36201,1,1,0.9719688
graphsage,1,48459,0,0,0.22790949
graphsage,1,34847,0,0,0.0001969079
graphsage,1,21672,1,1,0.9862353
graphsage,1,44916,0,0,0.0034008324
graphsage,1,60203,0,0,0.00019039464
graphsage,1,37403,1,1,0.97815645
graphsage,1,58524,1,1,0.99734527
graphsage,1,36753,0,0,0.000113840666
graphsage,1,24267,1,1,0.99984324
graphsage,1,7937,0,1,0.7196156
graphsage,1,65743,0,0,0.00085771387
graphsage,1,70824,1,1,0.99950993
graphsage,1,33983,0,0,0.0039736
graphsage,1,11840,1,1,0.999926
graphsage,1,10789,1,1,0.9997737
graphsage,1,11928,0,0,0.25337848
graphsage,1,58717,1,1,0.7287251
graphsage,1,59603,1,1,0.999213
graphsage,1,18732,1,1,0.99874926
graphsage,1,44594,0,0,0.23217106
graphsage,1,52919,0,0,0.019092686
graphsage,1,2102,0,1,0.86532986
graphsage,1,6380,0,0,0.41660538
graphsage,1,63559,1,1,0.52365655
graphsage,1,54778,1,0,0.44487196
graphsage,1,6301,0,0,0.0007926344
graphsage,1,10929,1,1,0.9999907
graphsage,1,59186,0,0,0.124980964
graphsage,1,44805,0,1,0.95450073
graphsage,1,45556,1,1,0.944578
graphsage,1,4110,0,1,0.74115336
graphsage,1,66559,0,0,0.037117917
graphsage,1,1554,0,0,0.00090353464
graphsage,1,68633,0,0,0.0010601615
graphsage,1,3391,0,0,0.10112255
graphsage,1,12328,1,1,0.9996697
graphsage,1,57182,0,1,0.9218814
graphsage,1,53229,0,0,0.019946031
graphsage,1,61438,0,0,0.029365953
graphsage,1,22141,1,1,0.89120245
graphsage,1,15483,0,0,0.005675376
graphsage,1,20565,0,0,1.1839063e-05
graphsage,1,27831,0,0,3.571608e-05
graphsage,1,57964,1,1,0.98023903
graphsage,1,46916,0,0,0.14587374
graphsage,1,9591,1,1,0.9980647
graphsage,1,39116,1,1,0.7291656
graphsage,1,44331,1,0,0.016897082
graphsage,1,22353,1,1,0.9995913
graphsage,1,1230,0,0,0.0016606845
graphsage,1,16170,0,0,0.0016506221
graphsage,1,46499,1,0,0.20736586
graphsage,1,44125,0,0,0.013435673
graphsage,1,42824,1,1,0.99714017
graphsage,1,13795,1,1,0.9976277
graphsage,1,47918,1,0,0.1252662
graphsage,1,44698,0,0,0.0052218596
graphsage,1,12799,1,1,0.98518664
graphsage,1,28387,0,0,9.143643e-05
graphsage,1,49975,1,1,0.9955752
graphsage,1,28249,0,0,0.12252957
graphsage,1,33675,1,1,0.7143404
graphsage,1,32762,1,1,0.99975306
graphsage,1,46578,0,0,0.0027708416
graphsage,1,40384,1,1,0.98165464
graphsage,1,69671,0,0,0.00037595682
graphsage,1,55518,0,0,0.0002342517
graphsage,1,34294,1,0,0.31939504
graphsage,1,22715,0,0,1.8860395e-05
graphsage,1,15167,1,1,0.9974721
graphsage,1,72036,1,1,0.9998838
graphsage,1,6057,0,0,9.57297e-05
graphsage,1,14541,1,1,0.9994784
graphsage,1,23514,0,1,0.84012055
graphsage,1,4952,1,1,0.59689134
graphsage,1,37793,1,1,0.8907295
graphsage,1,17610,0,0,0.0004896312
graphsage,1,35116,1,1,0.7087357
graphsage,1,439,0,0,0.0015299201
graphsage,1,62783,1,1,0.9320712
graphsage,1,63051,0,1,0.8769777
graphsage,1,42540,0,0,0.0011352206
graphsage,1,12354,0,0,0.18764973
graphsage,1,37811,1,1,0.7315151
graphsage,1,57650,0,0,0.0011872222
graphsage,1,37350,0,0,0.024266398
graphsage,1,62848,0,0,0.37097058
graphsage,1,70937,0,0,0.43572557
graphsage,1,10958,1,1,0.99990857
graphsage,1,62164,1,1,0.9727759
graphsage,1,58188,0,0,0.0013407327
graphsage,1,11482,0,0,0.00043374806
graphsage,1,13778,1,1,0.9537549
graphsage,1,6438,1,1,0.6122763
graphsage,1,63946,1,1,0.98752314
graphsage,1,53700,0,0,0.1829262
graphsage,1,48181,0,0,0.4506231
graphsage,1,31601,1,1,0.9889635
graphsage,1,64053,0,0,0.0014849931
graphsage,1,59002,0,0,0.07394477
graphsage,1,11622,1,1,0.9482638
graphsage,1,13380,0,0,0.0077830027
graphsage,1,70380,1,1,0.9926925
graphsage,1,56621,1,1,0.9956754
graphsage,1,14717,0,0,0.0047083213
graphsage,1,32255,1,1,0.5998625
graphsage,1,41549,0,0,0.01697926
graphsage,1,54726,0,0,0.33898845
graphsage,1,67869,0,0,0.00030755156
graphsage,1,56460,0,0,0.0002270568
graphsage,1,6010,0,0,4.2060965e-05
graphsage,1,52369,1,1,0.9992717
graphsage,1,21768,1,1,0.99973696
graphsage,1,21070,1,1,0.9843987
graphsage,1,55711,0,0,0.04747181
graphsage,1,16724,0,0,0.0050278623
graphsage,1,51728,0,0,0.013565046
graphsage,1,38357,0,0,0.10218347
graphsage,1,24310,1,1,0.99804616
graphsage,1,23262,1,1,0.9966144
graphsage,1,14249,0,0,0.09200079
graphsage,1,1121,1,1,0.99858344
graphsage,1,24393,1,1,0.99897647
graphsage,1,6521,0,0,0.021114048
graphsage,1,51056,1,1,0.9943264
graphsage,1,33286,1,0,0.3749302
graphsage,1,42658,0,0,0.0038146682
graphsage,1,12896,0,0,0.00015465597
graphsage,1,59036,1,1,0.9997801
graphsage,1,4910,1,1,0.9996791
graphsage,1,47591,0,0,0.034003533
graphsage,1,28554,0,0,0.00060714356
graphsage,1,67968,0,0,0.0015659543
graphsage,1,62686,1,1,0.9998312
graphsage,1,22615,0,0,0.30135936
graphsage,1,39132,0,0,0.0010503037
graphsage,1,10016,0,0,0.00023922705
graphsage,1,19428,0,0,0.11411028
graphsage,1,52186,1,1,0.9557679
graphsage,1,24316,1,1,0.99814725
graphsage,1,6442,0,0,0.0001742736
graphsage,1,31571,0,0,0.03675486
graphsage,1,7004,0,0,0.01577692
graphsage,1,53946,0,0,0.002695788
graphsage,1,58548,0,0,0.0059656193
graphsage,1,61529,1,1,0.92007214
graphsage,1,71917,0,0,0.0012223334
graphsage,1,1978,0,0,0.045519605
graphsage,1,44945,0,0,0.115426585
graphsage,1,44928,1,1,0.9225766
graphsage,1,27686,0,0,0.008324792
graphsage,1,49655,1,1,0.9822097
graphsage,1,23281,0,0,0.004678455
graphsage,1,57226,0,0,0.037048925
graphsage,1,32542,0,0,3.749401e-05
graphsage,1,49102,0,0,0.00038870279
graphsage,1,30398,1,1,0.99888796
graphsage,1,28738,0,0,0.008450501
graphsage,1,43901,1,1,0.9995276
graphsage,1,29266,1,1,0.9670081
graphsage,1,60096,1,1,0.9954041
graphsage,1,68607,1,1,0.99703085
graphsage,1,8909,1,1,0.9988952
graphsage,1,56561,1,1,0.99989676
graphsage,1,11603,1,0,0.3394424
graphsage,1,58296,1,1,0.99914026
graphsage,1,14327,0,0,0.0077916835
graphsage,1,25569,1,1,0.98068845
graphsage,1,32345,0,0,0.0038035258
graphsage,1,52632,0,0,0.0039795907
graphsage,1,12942,0,1,0.9982357
graphsage,1,11993,0,0,0.0011091633
graphsage,1,49561,0,0,0.25959414
graphsage,1,22462,0,0,0.0021535307
graphsage,1,47357,0,1,0.90882576
graphsage,1,29797,0,0,0.017431865
graphsage,1,61156,0,1,0.52102476
graphsage,1,11764,0,0,0.0059765503
graphsage,1,2421,0,0,0.003318131
graphsage,1,67859,1,1,0.71059304
graphsage,1,31761,0,0,0.0333066
graphsage,1,33758,1,0,0.16034332
graphsage,1,60407,0,0,0.0100945225
graphsage,1,16212,0,0,0.012212251
graphsage,1,30188,0,0,0.0962132
graphsage,1,39385,0,0,0.00084896403
graphsage,1,38670,1,1,0.6674122
graphsage,1,61765,0,0,0.0014441587
graphsage,1,11384,1,1,0.99595547
graphsage,1,67189,0,0,0.11394601
graphsage,1,10724,0,0,0.0021463078
graphsage,1,66260,0,0,0.0024301265
graphsage,1,19334,1,1,0.9836843
graphsage,1,27695,0,0,0.001285461
graphsage,1,32673,1,1,0.5478414
graphsage,1,45974,0,0,0.001968568
graphsage,1,16953,1,1,0.94212717
graphsage,1,64218,0,1,0.976904
graphsage,1,12692,1,1,0.9716461
graphsage,1,60964,0,0,0.0007331692
graphsage,1,44525,1,0,0.107386455
graphsage,1,38385,0,1,0.69209224
graphsage,1,19917,0,0,0.0018245444
graphsage,1,56727,0,0,0.14984089
graphsage,1,8728,1,1,0.9999528
graphsage,1,11803,0,0,0.0003963392
graphsage,1,21135,0,0,0.0022191002
graphsage,1,45379,0,0,5.7561996e-05
graphsage,1,17827,0,0,2.9824436e-05
graphsage,1,2912,1,1,0.99971884
graphsage,1,4240,1,0,0.0014342716
graphsage,1,27652,1,1,0.99855155
graphsage,1,32411,1,1,0.88067764
graphsage,1,37637,1,1,0.9442475
graphsage,1,29170,1,1,0.9996822
graphsage,1,4713,1,1,0.98560053
graphsage,1,30513,0,0,0.0010543177
graphsage,1,22035,0,0,0.04184118
graphsage,1,64858,0,0,0.059145153
graphsage,1,6484,1,1,0.93177706
graphsage,1,41547,0,0,0.030698156
graphsage,1,10820,1,1,0.9860887
graphsage,1,21988,1,1,0.99935395
graphsage,1,60577,0,0,0.036023762
graphsage,1,61347,1,1,0.99821633
graphsage,1,12174,0,0,0.0006373072
graphsage,1,57817,0,0,0.21080583
graphsage,1,2092,1,1,0.96758413
graphsage,1,35073,0,0,0.010338697
graphsage,1,38466,1,1,0.7738536
graphsage,1,2181,1,0,0.023418754
graphsage,1,35525,1,1,0.9996289
graphsage,1,65614,1,1,0.99917275
graphsage,1,71729,0,0,0.021737821
graphsage,1,57701,0,0,9.0875765e-05
graphsage,1,326,1,1,0.9997192
graphsage,1,49288,1,1,0.95727473
graphsage,1,33923,1,1,0.989035
graphsage,1,48723,1,0,0.3966255
graphsage,1,18763,0,0,0.00075729267
graphsage,1,65001,0,0,0.00058326405
graphsage,1,53028,0,0,0.00010739706
graphsage,1,17681,0,0,0.0019272363
graphsage,1,47662,1,1,0.9783755
graphsage,1,8764,1,0,0.15604705
graphsage,1,47311,0,0,0.009543062
graphsage,1,55770,1,1,0.99258524
graphsage,1,29165,0,0,0.34561223
graphsage,1,48905,0,0,0.0003129286
graphsage,1,18595,1,1,0.99974424
graphsage,1,44139,0,0,0.00061745604
graphsage,1,54684,0,0,0.0017581225
graphsage,1,61289,0,0,0.0013810364
graphsage,1,25490,1,1,0.9975327
graphsage,1,35860,1,1,0.87845975
graphsage,1,34076,0,1,0.9963174
graphsage,1,16741,0,0,0.10176471
graphsage,1,70965,1,1,0.9993687
graphsage,1,34912,0,0,0.18036166
graphsage,1,40652,0,0,1.5247151e-05
graphsage,1,62834,1,1,0.984829
graphsage,1,38206,1,1,0.99928766
graphsage,1,20076,1,1,0.9988519
graphsage,1,29549,1,1,0.98551905
graphsage,1,51324,1,1,0.9998661
graphsage,1,52727,0,0,0.04619516
graphsage,1,29281,1,1,0.6945498
graphsage,1,24540,1,1,0.99841905
graphsage,1,27118,0,0,4.1950687e-05
graphsage,1,2162,0,0,0.0025317397
graphsage,1,54813,0,0,0.0008454444
graphsage,1,2516,1,1,0.9881947
graphsage,1,8238,1,1,0.99948114
graphsage,1,29414,0,0,0.0011139325
graphsage,1,24744,1,1,0.99653685
graphsage,1,53103,1,1,0.97015417
graphsage,1,4557,1,1,0.9991553
graphsage,1,30963,1,1,0.99976236
graphsage,1,68329,1,1,0.9946517
graphsage,1,19363,1,1,0.9989127
graphsage,1,46995,0,0,0.00021800934
graphsage,1,34715,1,1,0.99841714
graphsage,1,2547,1,0,0.33567223
graphsage,1,45354,0,0,0.010437489
graphsage,1,27183,0,0,0.0028800182
graphsage,1,63354,1,1,0.9988814
graphsage,1,9540,0,0,0.022906827
graphsage,1,63171,0,0,0.030358223
graphsage,1,8110,1,1,0.8817755
graphsage,1,15183,1,1,0.9831745
graphsage,1,27816,0,0,0.0071871164
graphsage,1,57724,1,1,0.7281515
graphsage,1,50323,1,1,0.74316376
graphsage,1,19335,0,0,0.17628542
graphsage,1,3782,0,0,0.0010299099
graphsage,1,21660,1,1,0.999432
graphsage,1,33667,0,0,0.003147016
graphsage,1,2671,1,1,0.99847287
graphsage,1,21690,1,1,0.99964845
graphsage,1,49932,0,0,0.04351481
graphsage,1,36263,1,0,0.45061934
graphsage,1,30458,1,1,0.9947219
graphsage,1,65006,1,1,0.9943488
graphsage,1,10871,1,0,0.19198786
graphsage,1,38284,0,0,0.00043596703
graphsage,1,63542,1,1,0.97538996
graphsage,1,45584,0,0,0.05892718
graphsage,1,22386,1,0,0.0011411606
graphsage,1,28807,0,0,0.00032787802
graphsage,1,7143,1,1,0.99984396
graphsage,1,51812,1,1,0.99749374
graphsage,1,60284,1,1,0.9971317
graphsage,1,31763,0,0,0.002168417
graphsage,1,30078,1,1,0.9826797
graphsage,1,43200,0,0,0.0008252595
graphsage,1,6816,0,0,0.0744478
graphsage,1,60470,0,0,0.0022280663
graphsage,1,46662,0,0,0.0018393339
graphsage,1,30892,1,1,0.9943562
graphsage,1,38883,1,1,0.8256678
graphsage,1,69025,1,1,0.96931356
graphsage,1,23517,1,1,0.94583
graphsage,1,58175,0,0,0.0067909285
graphsage,1,874,0,1,0.78328425
graphsage,1,47998,1,1,0.9998012
graphsage,1,58118,1,0,0.46825156
graphsage,1,29117,0,0,0.08831501
graphsage,1,59386,1,1,0.9994178
graphsage,1,59530,0,0,0.002839809
graphsage,1,46711,1,1,0.9998191
graphsage,1,36468,0,0,0.006603596
graphsage,1,12091,1,1,0.99123526
graphsage,1,39706,1,1,0.99598145
graphsage,1,31081,1,1,0.7541036
graphsage,1,52028,0,0,0.00056287594
graphsage,1,15436,1,1,0.99626285
graphsage,1,28415,1,1,0.99991083
graphsage,1,23715,1,1,0.99286604
graphsage,1,60120,0,0,0.008496041
graphsage,1,48201,0,1,0.9425168
graphsage,1,66881,1,1,0.9988814
graphsage,1,33425,1,1,0.9973802
graphsage,1,41906,1,1,0.98329526
graphsage,1,37925,1,0,0.36351326
graphsage,1,63778,0,0,0.02734011
graphsage,1,8264,0,0,0.0024095639
graphsage,1,56412,1,1,0.9754741
graphsage,1,45720,0,0,0.00011492757
graphsage,1,26017,1,1,0.7505809
graphsage,1,13027,0,0,0.0015870316
graphsage,1,67714,1,1,0.9079093
graphsage,1,16320,1,1,0.9985287
graphsage,1,35935,0,0,0.001314071
graphsage,1,39693,1,1,0.9949897
graphsage,1,25415,0,0,0.008746108
graphsage,1,64503,0,0,0.026065359
graphsage,1,48146,0,0,2.4366725e-05
graphsage,1,12358,1,1,0.9999863
graphsage,1,49363,0,0,0.0031167397
graphsage,1,50516,0,0,0.34842312
graphsage,1,8925,1,1,0.999985
graphsage,1,3414,0,0,0.03892521
graphsage,1,60969,1,1,0.9758975
graphsage,1,36381,0,0,0.010809981
graphsage,1,24342,1,1,0.86446184
graphsage,1,41361,0,0,0.00053732836
graphsage,1,49900,0,0,0.24033931
graphsage,1,43152,0,0,0.008328221
graphsage,1,26988,1,1,0.93722993
graphsage,1,68118,1,1,0.828751
graphsage,1,30736,1,1,0.8560515
graphsage,1,35369,1,1,0.9958419
graphsage,1,39682,0,0,0.016625112
graphsage,1,55304,1,1,0.99601644
graphsage,1,47982,1,1,0.9321268
graphsage,1,6115,0,0,0.0055686594
graphsage,1,48892,1,1,0.9999958
graphsage,1,31058,1,1,0.9986442
graphsage,1,54317,0,0,0.0026037449
graphsage,1,58193,0,0,0.02117461
graphsage,1,51315,0,0,0.024571728
graphsage,1,8063,0,0,0.26719743
graphsage,1,8632,1,1,0.7541036
graphsage,1,45763,0,1,0.99097955
graphsage,1,52029,0,0,0.0047609643
graphsage,1,71447,1,1,0.99248487
graphsage,1,5914,1,1,0.9965946
graphsage,1,33506,1,1,0.98387676
graphsage,1,52221,1,1,0.9938053
graphsage,1,12827,1,1,0.9902021
graphsage,1,5945,0,0,0.0027498913
graphsage,1,35624,1,1,0.995877
graphsage,1,42655,0,0,0.0007150195
graphsage,1,20998,0,0,0.00048926054
graphsage,1,15456,1,0,0.15405811
graphsage,1,7916,0,0,0.0027583449
graphsage,1,59334,1,1,0.86783934
graphsage,1,35540,1,1,0.9995302
graphsage,1,37231,1,1,0.99800116
graphsage,1,10307,0,0,0.28368992
graphsage,1,59505,0,0,0.0049449466
graphsage,1,60321,0,1,0.89518774
graphsage,1,53775,0,0,0.023855874
graphsage,1,67402,0,0,0.022055844
graphsage,1,45229,0,0,0.044022273
graphsage,1,17174,0,0,0.013067366
graphsage,1,6189,1,1,0.9736356
graphsage,1,64639,1,1,0.86669195
graphsage,1,17046,0,0,0.002520687
graphsage,1,14641,0,0,0.01258175
graphsage,1,62911,1,1,0.97848755
graphsage,1,42434,0,0,0.009824497
graphsage,1,36012,0,0,0.00039511334
graphsage,1,52580,1,1,0.9989029
graphsage,1,15479,0,0,0.005891022
graphsage,1,57842,1,1,0.99763465
graphsage,1,47384,0,1,0.56407183
graphsage,1,52867,0,0,0.0012978591
graphsage,1,50956,1,1,0.99121314
graphsage,1,9590,1,1,0.9997259
graphsage,1,23300,0,0,0.26664078
graphsage,1,55153,1,1,0.9781771
graphsage,1,28586,0,0,0.00952797
graphsage,1,71066,1,1,0.98747534
graphsage,1,7157,1,1,0.9992059
graphsage,1,37544,1,1,0.62894875
graphsage,1,48090,0,0,0.001073111
graphsage,1,37415,0,0,0.066082396
graphsage,1,71363,1,1,0.98408645
graphsage,1,11518,0,0,0.030506164
graphsage,1,47605,0,0,0.0045612636
graphsage,1,34966,1,1,0.9989435
graphsage,1,33656,1,1,0.99977976
graphsage,1,4806,0,0,4.051938e-06
graphsage,1,12935,1,1,0.9936786
graphsage,1,20352,0,0,0.0002962818
graphsage,1,46330,0,0,0.00018812719
graphsage,1,16994,0,0,0.2912917
graphsage,1,12632,0,0,0.0023540112
graphsage,1,46136,0,0,0.0023401647
graphsage,1,13292,1,0,0.26358348
graphsage,1,47631,1,1,0.9583951
graphsage,1,69603,0,0,0.00014675222
graphsage,1,18986,0,0,0.049432147
graphsage,1,24370,1,1,0.93275446
graphsage,1,15169,0,0,0.00032547803
graphsage,1,5395,0,0,0.006467199
graphsage,1,60383,1,1,0.94816345
graphsage,1,53464,1,1,0.9914437
graphsage,1,1197,0,0,0.026593052
graphsage,1,8414,0,0,0.054988857
graphsage,1,620,1,1,0.95293295
graphsage,1,39196,0,0,0.004862604
graphsage,1,70028,1,0,0.26735675
graphsage,1,49370,0,0,0.072341
graphsage,1,16948,0,0,0.4840812
graphsage,1,15381,0,0,0.2527081
graphsage,1,39599,0,0,0.054025
graphsage,1,61885,0,1,0.7511861
graphsage,1,3478,0,0,1.0617633e-05
graphsage,1,51600,0,0,0.01340736
graphsage,1,60678,1,1,0.7541036
graphsage,1,42569,0,0,0.0007796974
graphsage,1,35713,0,0,0.2119352
graphsage,1,53644,0,0,0.0028044477
graphsage,1,46695,0,0,0.46040258
graphsage,1,22147,0,0,3.134148e-05
graphsage,1,4096,1,1,0.7215049
graphsage,1,46824,0,0,0.20587488
graphsage,1,21169,0,0,0.0015776168
graphsage,1,62420,0,0,0.042622343
graphsage,1,16347,0,0,0.001635792
graphsage,1,25624,1,1,0.97774065
graphsage,1,70541,1,1,0.74225855
graphsage,1,17750,1,1,0.92282647
graphsage,1,65059,0,0,0.0024523363
graphsage,1,20474,0,0,0.056143634
graphsage,1,29804,1,1,0.52177966
graphsage,1,1431,0,0,0.0009335166
graphsage,1,3440,0,0,0.0050425115
graphsage,1,17326,1,1,0.9981493
graphsage,1,57400,0,0,0.0262369
graphsage,1,16838,0,0,0.008546407
graphsage,1,34134,0,0,0.0066499743
graphsage,1,48600,0,0,0.14021964
graphsage,1,16409,0,0,0.25130308
graphsage,1,41723,1,1,0.9999269
graphsage,1,66658,0,0,0.008056548
graphsage,1,45459,0,0,0.022147262
graphsage,1,39919,1,1,0.9997694
graphsage,1,27363,1,1,0.99874413
graphsage,1,4185,0,0,0.43661427
graphsage,1,62258,0,1,0.7897098
graphsage,1,34042,0,0,2.6733363e-05
graphsage,1,35055,0,0,0.0011551221
graphsage,1,59941,0,0,0.00029412674
graphsage,1,10620,0,1,0.7600211
graphsage,1,49358,0,0,0.00047182068
graphsage,1,65130,1,0,0.48530194
graphsage,1,14542,1,1,0.9913741
graphsage,1,22486,0,0,0.03413358
graphsage,1,23787,0,0,0.001553918
graphsage,1,43211,0,1,0.8076336
graphsage,1,54642,0,0,0.0048082946
graphsage,1,23267,1,1,0.99976987
graphsage,1,55537,1,1,0.9988814
graphsage,1,24072,1,1,0.92958033
graphsage,1,55876,0,0,0.017806567
graphsage,1,23779,1,1,0.99882025
graphsage,1,59392,1,1,0.99988246
graphsage,1,32997,1,1,0.99843925
graphsage,1,49229,1,1,0.9689792
graphsage,1,69954,1,1,0.99947125
graphsage,1,38289,0,0,0.012642877
graphsage,1,17706,0,0,0.0422055
graphsage,1,40816,1,1,0.9985758
graphsage,1,33493,0,0,0.0013632475
graphsage,1,69949,0,0,0.020090576
graphsage,1,22085,0,0,0.0234992
graphsage,1,21657,1,1,0.9996511
graphsage,1,48458,0,0,0.006012138
graphsage,1,49392,0,0,0.0044233645
graphsage,1,7442,1,1,0.9996728
graphsage,1,65834,0,0,0.016525395
graphsage,1,61074,0,0,0.0044125826
graphsage,1,69754,1,1,0.9999423
graphsage,1,68258,1,1,0.9990952
graphsage,1,56633,0,0,0.009546082
graphsage,1,9899,0,0,0.0010668575
graphsage,1,58637,1,0,0.14438798
graphsage,1,50219,0,0,0.0020343796
graphsage,1,61932,1,1,0.9995351
graphsage,1,20481,0,0,0.025965927
graphsage,1,19835,1,1,0.9991467
graphsage,1,25076,1,1,0.9399107
graphsage,1,50172,1,1,0.7541036
graphsage,1,71520,0,0,2.8617762e-05
graphsage,1,21007,0,0,0.001193629
graphsage,1,34189,1,1,0.99864346
graphsage,1,46879,1,1,0.99969566
graphsage,1,64306,0,0,0.000297798
graphsage,1,2307,0,0,0.00047732532
graphsage,1,22896,0,0,0.02109246
graphsage,1,41513,0,0,6.506824e-05
graphsage,1,24859,0,0,2.0218868e-05
graphsage,1,1801,0,0,0.0023171855
graphsage,1,56715,1,1,0.99986506
graphsage,1,47235,1,1,0.9950235
graphsage,1,66977,1,1,0.7541036
graphsage,1,2426,0,0,0.006070935
graphsage,1,68760,1,1,0.9998437
graphsage,1,48560,1,1,0.990186
graphsage,1,71204,1,1,0.9998741
graphsage,1,35052,1,1,0.9768893
graphsage,1,65578,0,0,0.002460082
graphsage,1,13735,0,0,8.341017e-05
graphsage,1,33817,0,0,0.05270139
graphsage,1,7740,1,1,0.9999918
graphsage,1,40231,0,0,0.013759588
graphsage,1,2055,1,1,0.9881103
graphsage,1,41509,0,0,0.0020381566
graphsage,1,67878,0,0,0.0020091964
graphsage,1,35179,0,1,0.7265481
graphsage,1,22360,1,1,0.99592066
graphsage,1,58098,1,1,0.99931765
graphsage,1,55400,0,1,0.9150492
graphsage,1,54043,1,1,0.9939488
graphsage,1,63711,1,1,0.99684626
graphsage,1,66653,1,1,0.9715011
graphsage,1,31258,1,1,0.9995776
graphsage,1,16688,0,0,0.00040501376
graphsage,1,5531,1,1,0.99743265
graphsage,1,62531,0,0,0.010936523
graphsage,1,20729,1,0,0.101857826
graphsage,1,40592,1,1,0.9996315
graphsage,1,13831,0,0,0.0005882219
graphsage,1,30923,1,1,0.7808861
graphsage,1,28752,0,0,0.030325275
graphsage,1,36362,1,1,0.99973506
graphsage,1,25633,0,0,0.012202143
graphsage,1,18801,1,1,0.9996892
graphsage,1,38116,0,0,0.0009702177
graphsage,1,50494,0,0,4.7537676e-05
graphsage,1,49684,0,1,0.8153709
graphsage,1,23255,1,1,0.9928005
graphsage,1,7385,1,1,0.98479337
graphsage,1,5481,1,1,0.9843997
graphsage,1,34146,0,0,0.43678585
graphsage,1,23184,1,1,0.99986553
graphsage,1,64353,1,1,0.9715641
graphsage,1,69641,1,1,0.9660916
graphsage,1,24798,0,0,0.00034684927
graphsage,1,25362,1,1,0.9977343
graphsage,1,46104,1,0,0.35210618
graphsage,1,70599,0,0,0.23124243
graphsage,1,416,1,1,0.9997086
graphsage,1,66776,1,1,0.99998677
graphsage,1,18406,1,1,0.9689407
graphsage,1,9932,1,1,0.7773077
graphsage,1,24619,0,0,0.0077079576
graphsage,1,44612,0,0,0.016713416
graphsage,1,11011,1,1,0.97257215
graphsage,1,17731,0,0,0.0005871744
graphsage,1,24096,1,1,0.9981856
graphsage,1,18360,1,1,0.98594147
graphsage,1,35788,1,1,0.99994516
graphsage,1,58182,1,1,0.99992514
graphsage,1,59299,1,1,0.9081841
graphsage,1,34555,1,1,0.97901905
graphsage,1,14052,1,1,0.9991972
graphsage,1,2322,0,0,0.0022267066
graphsage,1,46135,0,0,0.0012801065
graphsage,1,15047,0,0,0.011141985
graphsage,1,54405,1,1,0.9829472
graphsage,1,7852,1,1,0.8531602
graphsage,1,413,1,1,0.99961865
graphsage,1,62759,0,0,0.00013623624
graphsage,1,38053,0,0,0.0002474595
graphsage,1,48991,0,0,0.44241315
graphsage,1,24723,1,0,0.30340266
graphsage,1,34465,1,1,0.9996828
graphsage,1,33069,0,0,0.016328452
graphsage,1,63020,1,1,0.96120733
graphsage,1,33919,1,1,0.96987367
graphsage,1,38237,1,1,0.87238383
graphsage,1,57070,1,1,0.9999621
graphsage,1,35064,1,1,0.99995005
graphsage,1,60257,1,0,0.1947897
graphsage,1,36528,1,1,0.92380655
graphsage,1,12538,0,0,0.0071338336
graphsage,1,25351,0,1,0.8041742
graphsage,1,6106,1,1,0.999701
graphsage,1,48628,1,1,0.99969137
graphsage,1,32193,1,1,0.99981946
graphsage,1,1889,1,1,0.86028814
graphsage,1,60098,1,1,0.9999131
graphsage,1,33488,0,0,0.013755743
graphsage,1,30054,0,0,0.00024212062
graphsage,1,18123,1,1,0.97979385
graphsage,1,32195,1,1,0.9999373
graphsage,1,18361,0,0,0.0078121284
graphsage,1,24788,1,1,0.9994823
graphsage,1,54727,0,0,0.0030257616
graphsage,1,46598,1,1,0.76808727
graphsage,1,3329,1,1,0.97119576
graphsage,1,62141,0,0,0.0029853499
graphsage,1,35993,0,0,0.0039158906
graphsage,1,2703,0,0,0.30575842
graphsage,1,28570,1,1,0.9994955
graphsage,1,16620,1,1,0.9912985
graphsage,1,4062,0,0,0.019777777
graphsage,1,41714,1,1,0.94420725
graphsage,1,38812,0,0,0.004520286
graphsage,1,57616,0,1,0.54949915
graphsage,1,20802,1,1,0.9999676
graphsage,1,68218,0,0,0.0126932375
graphsage,1,66868,0,0,0.012879883
graphsage,1,26422,0,0,0.4946498
graphsage,1,59369,1,1,0.61325103
graphsage,1,13452,1,1,0.8550203
graphsage,1,22848,1,1,0.818925
graphsage,1,967,1,1,0.99998224
graphsage,1,25020,1,1,0.9999763
graphsage,1,34123,1,1,0.9514874
graphsage,1,53206,0,0,0.012925308
graphsage,1,35212,1,1,0.9947594
graphsage,1,26780,1,0,0.47803426
graphsage,1,47207,0,0,0.038576394
graphsage,1,15028,1,1,0.95812255
graphsage,1,62626,0,0,0.00021148774
graphsage,1,60160,1,0,0.10308182
graphsage,1,70550,1,1,0.9676423
graphsage,1,9931,0,0,0.01930489
graphsage,1,19288,1,1,0.9999876
graphsage,1,23320,0,0,0.0004124506
graphsage,1,2812,1,1,0.99020654
graphsage,1,7962,1,1,0.99679226
graphsage,1,29190,1,1,0.85279644
graphsage,1,64989,1,1,0.8742539
graphsage,1,52924,0,0,0.0041479217
graphsage,1,53401,0,0,0.035562105
graphsage,1,54679,1,1,0.9990564
graphsage,1,18903,1,1,0.96938133
graphsage,1,3901,1,1,0.99596304
graphsage,1,59029,0,0,0.0031795853
graphsage,1,37882,0,0,0.03040076
graphsage,1,70439,0,0,0.0031372195
graphsage,1,21026,1,1,0.9684793
graphsage,1,46342,1,1,0.99995863
graphsage,1,16576,0,0,0.001278859
graphsage,1,65839,0,0,0.08739068
graphsage,1,55744,1,1,0.9998348
graphsage,1,39449,0,0,5.537469e-05
graphsage,1,48330,1,1,0.96587366
graphsage,1,64026,0,0,0.004395303
graphsage,1,54504,0,1,0.8301354
graphsage,1,55018,1,1,0.8151406
graphsage,1,11390,1,1,0.9999858
graphsage,1,57312,1,1,0.99995255
graphsage,1,55804,1,1,0.9993261
graphsage,1,23913,0,1,0.57158655
graphsage,1,24268,0,0,0.00073419284
graphsage,1,1391,0,0,0.046409596
graphsage,1,66900,0,0,0.00766021
graphsage,1,49704,0,1,0.99495596
graphsage,1,6825,1,1,0.99992085
graphsage,1,68274,1,1,0.9504181
graphsage,1,40619,0,0,0.0046494636
graphsage,1,31748,1,1,0.9999435
graphsage,1,36872,0,0,0.00314504
graphsage,1,34487,0,0,0.022506922
graphsage,1,60527,1,1,0.64585197
graphsage,1,18221,0,0,0.00019035234
graphsage,1,48823,1,1,0.9949372
graphsage,1,39827,0,0,9.513936e-05
graphsage,1,19497,1,1,0.999592
graphsage,1,21089,0,0,0.004908824
graphsage,1,14565,1,1,0.9930982
graphsage,1,279,0,0,0.0105559165
graphsage,1,6130,1,0,0.48285195
graphsage,1,68751,1,1,0.99932194
graphsage,1,55738,0,0,0.13476253
graphsage,1,22,1,1,0.995342
graphsage,1,4976,1,1,0.9940142
graphsage,1,57901,0,0,0.0014212959
graphsage,1,53741,1,1,0.99993515
graphsage,1,50362,1,1,0.99780375
graphsage,1,64745,0,0,0.10821361
graphsage,1,14880,0,0,0.009971146
graphsage,1,44328,1,1,0.9999646
graphsage,1,22110,1,1,0.99976784
graphsage,1,57915,1,1,0.9991836
graphsage,1,28656,1,1,0.9982115
graphsage,1,41077,1,0,0.029644486
graphsage,1,33764,0,0,0.005273854
graphsage,1,52496,1,1,0.9909992
graphsage,1,30455,0,0,0.035954136
graphsage,1,27880,1,1,0.95094454
graphsage,1,50647,1,1,0.9819109
graphsage,1,38506,1,1,0.9988814
graphsage,1,55248,0,0,0.0013702927
graphsage,1,6437,0,0,0.06433322
graphsage,1,40,1,1,0.99949265
graphsage,1,8056,0,0,0.0022163212
graphsage,1,49995,0,0,0.00063915824
graphsage,1,50622,1,1,0.67181367
graphsage,1,54319,0,1,0.84130096
graphsage,1,56882,1,1,0.99996257
graphsage,1,45411,0,0,0.0007637253
graphsage,1,10894,1,1,0.9727216
graphsage,1,66599,0,0,0.00041260768
graphsage,1,7498,1,1,0.9504966
graphsage,1,26122,1,1,0.9961856
graphsage,1,24843,1,1,0.9774327
graphsage,1,8886,1,1,0.99554175
graphsage,1,12210,0,1,0.7706007
graphsage,1,39446,0,0,0.0006769187
graphsage,1,41231,1,1,0.9999577
graphsage,1,40289,1,1,0.58214176
graphsage,1,601,0,0,0.00158716
graphsage,1,30460,1,1,0.9670081
graphsage,1,15616,1,1,0.99207896
graphsage,1,35232,0,0,0.0128050735
graphsage,1,39077,1,1,0.998582
graphsage,1,6213,1,1,0.9993131
graphsage,1,32148,1,1,0.96655786
graphsage,1,6388,1,1,0.99999774
graphsage,1,25952,1,1,0.999982
graphsage,1,6270,1,1,0.9948036
graphsage,1,59668,1,1,0.9999654
graphsage,1,15210,0,0,0.0035446957
graphsage,1,60798,1,1,0.99519604
graphsage,1,28430,0,0,0.31893647
graphsage,1,45127,1,1,0.998555
graphsage,1,57554,1,1,0.7541036
graphsage,1,42915,0,1,0.7496186
graphsage,1,28639,1,1,0.9990125
graphsage,1,48091,1,1,0.9999598
graphsage,1,43296,0,0,0.0058847945
graphsage,1,11436,0,1,0.72893673
graphsage,1,33092,0,0,0.022971991
graphsage,1,46960,1,1,0.9926374
graphsage,1,34282,1,1,0.9266165
graphsage,1,33791,1,1,0.96204424
graphsage,1,29308,1,1,0.99244434
graphsage,1,10419,1,1,0.9847594
graphsage,1,4298,1,1,0.99919087
graphsage,1,32903,0,0,0.000138878
graphsage,1,70688,0,0,0.0017012513
graphsage,1,29366,1,1,0.7845537
graphsage,1,66808,1,1,0.9990214
graphsage,1,12593,1,1,0.98463213
graphsage,1,19195,0,0,0.33991987
graphsage,1,15921,0,0,0.0024754521
graphsage,1,1811,0,0,0.0003115572
graphsage,1,17794,0,1,0.52936435
graphsage,1,34316,1,1,0.7541036
graphsage,1,48896,1,1,0.9985259
graphsage,1,16304,1,1,0.9993198
graphsage,1,66751,1,1,0.8205126
graphsage,1,8946,1,1,0.99976104
graphsage,1,20,1,1,0.9988336
graphsage,1,56922,0,1,0.5417036
graphsage,1,28406,1,1,0.9975979
graphsage,1,12988,1,1,0.9851677
graphsage,1,2491,1,1,0.99595755
graphsage,1,24820,1,1,0.7154273
graphsage,1,23102,1,1,0.9542598
graphsage,1,3229,1,1,0.9975441
graphsage,1,49303,1,1,0.9838769
graphsage,1,28395,1,1,0.63833684
graphsage,1,61341,1,1,0.99994075
graphsage,1,24708,0,0,0.00054936815
graphsage,1,39002,0,0,0.00013366973
graphsage,1,21607,0,0,0.0071616024
graphsage,1,24008,0,0,0.08840789
graphsage,1,3683,1,1,0.9999021
graphsage,1,14544,0,0,0.48873353
graphsage,1,29792,0,0,0.07880688
graphsage,1,44402,0,0,0.24451302
graphsage,1,1265,1,1,0.98914343
graphsage,1,28872,1,1,0.9979619
graphsage,1,42240,0,0,0.0037776253
graphsage,1,44834,1,1,0.9944028
graphsage,1,42644,1,1,0.9677503
graphsage,1,58334,1,1,0.8668468
graphsage,1,70892,0,0,0.0004938756
graphsage,1,31690,0,0,0.0016641136
graphsage,1,50642,0,0,0.06280669
graphsage,1,308,1,1,0.978131
graphsage,1,8035,1,1,0.93813366
graphsage,1,26960,1,1,0.99363303
graphsage,1,37941,0,0,0.0024339664
graphsage,1,67555,1,1,0.999159
graphsage,1,62716,1,1,0.99446976
graphsage,1,61576,1,1,0.9812707
graphsage,1,25074,0,0,0.025738955
graphsage,1,18307,0,0,0.0006675167
graphsage,1,56354,1,1,0.99851197
graphsage,1,54018,1,1,0.9739015
graphsage,1,2499,0,0,0.0072655147
graphsage,1,65463,0,0,0.0012952633
graphsage,1,44872,0,0,0.001748791
graphsage,1,14842,0,0,0.0011616334
graphsage,1,51383,1,1,0.711871
graphsage,1,22995,1,1,0.9132036
graphsage,1,65194,1,1,0.99992085
graphsage,1,53172,1,1,0.9860638
graphsage,1,70234,1,1,0.7265399
graphsage,1,66543,0,0,0.00020349374
graphsage,1,55414,1,1,0.9999391
graphsage,1,38685,1,1,0.95060456
graphsage,1,56499,1,1,0.8822381
graphsage,1,61750,1,1,0.99845207
graphsage,1,53919,0,1,0.9836325
graphsage,1,5026,0,1,0.78592044
graphsage,1,49387,1,1,0.99961346
graphsage,1,68237,0,0,0.032925893
graphsage,1,28180,0,0,0.010061132
graphsage,1,67640,0,0,0.33930776
graphsage,1,49987,0,0,0.00048673118
graphsage,1,53747,1,0,0.25075313
graphsage,1,4608,1,1,0.98842317
graphsage,1,60573,0,0,0.035606384
graphsage,1,34879,0,0,0.0026395554
graphsage,1,6423,1,0,0.38290757
graphsage,1,27711,0,0,0.037866317
graphsage,1,25896,0,0,0.0034088711
graphsage,1,61682,1,1,0.99880683
graphsage,1,7363,1,1,0.98930293
graphsage,1,2280,0,0,0.00095329375
graphsage,1,60328,0,0,0.015271351
graphsage,1,11934,0,0,0.00027851248
graphsage,1,14175,0,0,0.0014379089
graphsage,1,3057,0,0,0.0012332122
graphsage,1,69352,1,1,0.89500445
graphsage,1,66365,0,0,0.051412478
graphsage,1,54403,0,0,0.016831674
graphsage,1,41500,0,0,0.04674391
graphsage,1,60198,1,1,0.7541036
graphsage,1,14098,0,0,4.4025866e-05
graphsage,1,56235,1,1,0.9902852
graphsage,1,10825,1,1,0.9969783
graphsage,1,38498,0,0,0.0051815314
graphsage,1,55874,1,0,0.23274775
graphsage,1,5998,1,1,0.9952336
graphsage,1,31790,1,1,0.7384727
graphsage,1,17819,1,1,0.86999995
graphsage,1,41205,1,1,0.9997601
graphsage,1,2765,1,1,0.9997787
graphsage,1,29503,0,0,0.021654705
graphsage,1,23243,1,1,0.99869883
graphsage,1,58070,1,1,0.9838509
graphsage,1,67876,0,0,0.3188811
graphsage,1,58918,1,0,0.032214683
graphsage,1,23630,0,0,0.04908619
graphsage,1,4768,0,0,0.061760128
graphsage,1,33668,1,1,0.99564916
graphsage,1,43857,0,0,1.5106499e-05
graphsage,1,39246,0,0,0.056007538
graphsage,1,30086,1,1,0.9958962
graphsage,1,41167,0,0,0.004335207
graphsage,1,64781,1,1,0.6784445
graphsage,1,60746,1,1,0.9997315
graphsage,1,28543,1,1,0.7541036
graphsage,1,10288,1,0,0.19964096
graphsage,1,64405,1,1,0.9993104
graphsage,1,18924,0,0,1.2732179e-05
graphsage,1,8351,1,1,0.99683976
graphsage,1,42599,1,1,0.9306223
graphsage,1,6341,1,1,0.998492
graphsage,1,807,1,1,0.9991768
graphsage,1,60786,0,1,0.5783663
graphsage,1,68061,0,0,2.1648433e-05
graphsage,1,12234,0,0,2.2411523e-06
graphsage,1,47858,1,1,0.99801046
graphsage,1,26042,0,0,0.0043724338
graphsage,1,51115,0,1,0.9965148
graphsage,1,20812,1,1,0.9998945
graphsage,1,51113,0,0,0.0072540985
graphsage,1,34888,1,1,0.86510843
graphsage,1,25645,0,0,0.001560549
graphsage,1,5573,0,0,0.0034054257
graphsage,1,38449,1,1,0.93174094
graphsage,1,16740,0,1,0.9255385
graphsage,1,50646,1,1,0.9985209
graphsage,1,39979,1,1,0.67746264
graphsage,1,32818,0,0,0.010466844
graphsage,1,14383,1,1,0.9886762
graphsage,1,66656,0,0,0.18813977
graphsage,1,64301,1,1,0.99972147
graphsage,1,56552,1,1,0.99985313
graphsage,1,19321,0,1,0.60945374
graphsage,1,1791,1,1,0.99685967
graphsage,1,22587,1,1,0.98795474
graphsage,1,51700,1,1,0.99849606
graphsage,1,38344,1,1,0.95136625
graphsage,1,16006,1,1,0.77017623
graphsage,1,54933,1,0,0.19357198
graphsage,1,51002,1,1,0.8669583
graphsage,1,2658,1,1,0.9800551
graphsage,1,51685,1,1,0.9963716
graphsage,1,31745,0,0,0.0076097613
graphsage,1,23699,0,0,0.0015094675
graphsage,1,12841,0,0,0.002358403
graphsage,1,56287,0,0,0.18539055
graphsage,1,37009,1,1,0.9921978
graphsage,1,2057,1,1,0.9942821
graphsage,1,43472,1,1,0.9782217
graphsage,1,65009,1,1,0.9773548
graphsage,1,20410,0,0,0.017934628
graphsage,1,40317,1,1,0.99962485
graphsage,1,61861,1,1,0.9999163
graphsage,1,39975,0,0,0.020728923
graphsage,1,60460,0,0,0.010840197
graphsage,1,46777,0,0,0.41685224
graphsage,1,28348,1,1,0.99999535
graphsage,1,15422,1,1,0.99245316
graphsage,1,21228,0,0,0.08493521
graphsage,1,31492,1,1,0.99993825
graphsage,1,10472,1,1,0.8385647
graphsage,1,14605,0,0,0.23845235
graphsage,1,7678,0,0,0.0018508487
graphsage,1,29363,0,0,0.0010425388
graphsage,1,47748,1,1,0.9690285
graphsage,1,21747,0,0,0.06361029
graphsage,1,34618,0,0,0.06837635
graphsage,1,56117,1,1,0.58149797
graphsage,1,42026,0,1,0.76735806
graphsage,1,28859,0,0,0.0023493916
graphsage,1,67072,0,0,0.0023177534
graphsage,1,47382,1,1,0.99919456
graphsage,1,51235,1,1,0.99768066
graphsage,1,62860,1,1,0.9928284
graphsage,1,32924,1,1,0.9970084
graphsage,1,13950,1,1,0.99864954
graphsage,1,45130,1,1,0.9932147
graphsage,1,32892,0,0,0.006033743
graphsage,1,34529,0,0,0.10761342
graphsage,1,12184,0,0,0.028728798
graphsage,1,38715,0,0,4.4311608e-05
graphsage,1,32110,0,1,0.7475383
graphsage,1,52383,1,1,0.9548229
graphsage,1,65081,0,0,0.024815926
graphsage,1,71892,0,0,0.06772127
graphsage,1,69479,1,1,0.9999858
graphsage,1,56409,1,1,0.5538833
graphsage,1,16809,1,1,0.983471
graphsage,1,23123,0,0,0.0088848155
graphsage,1,52547,1,1,0.9636271
graphsage,1,24526,1,1,0.9723556
graphsage,1,60290,0,0,0.0006734228
graphsage,1,30660,0,0,0.0035109196
graphsage,1,70612,0,1,0.65784705
graphsage,1,38382,1,0,0.17299092
graphsage,1,24239,1,1,0.9031709
graphsage,1,20630,0,0,0.17180884
graphsage,1,51253,1,1,0.9948553
graphsage,1,69152,1,1,0.99980456
graphsage,1,71228,0,0,0.02607583
graphsage,1,21404,0,0,0.00017186871
graphsage,1,18293,1,1,0.9798181
graphsage,1,70038,0,0,0.001611497
graphsage,1,14683,0,0,0.0011867327
graphsage,1,24821,0,0,0.006964412
graphsage,1,14834,0,0,0.0005014187
graphsage,1,62960,1,1,0.929325
graphsage,1,25293,1,1,0.99969363
graphsage,1,58362,0,1,0.77674216
graphsage,1,62915,1,1,0.9987117
graphsage,1,13532,0,0,0.012917105
graphsage,1,46023,1,1,0.9984701
graphsage,1,49154,1,1,0.9309666
graphsage,1,15402,0,0,9.951794e-06
graphsage,1,26427,1,1,0.9939965
graphsage,1,16975,1,1,0.99772054
graphsage,1,53948,0,0,0.0051487815
graphsage,1,71772,1,1,0.9996847
graphsage,1,47046,1,1,0.7541036
graphsage,1,21500,1,0,0.10133605
graphsage,1,4071,1,1,0.99821705
graphsage,1,58553,0,0,0.025892949
graphsage,1,23282,0,0,0.2376227
graphsage,1,3541,0,0,1.807716e-05
graphsage,1,68703,1,1,0.9988097
graphsage,1,68509,0,0,0.49136955
graphsage,1,57755,0,0,0.13126567
graphsage,1,23756,0,0,0.005034212
graphsage,1,6977,1,1,0.8595351
graphsage,1,10880,1,1,0.99366885
graphsage,1,45534,1,1,0.983973
graphsage,1,38509,1,1,0.94281733
graphsage,1,18153,0,0,0.06633996
graphsage,1,29204,0,0,0.069886215
graphsage,1,70428,0,0,2.7662209e-05
graphsage,1,11223,1,1,0.9286469
graphsage,1,11674,0,0,0.08639391
graphsage,1,34764,0,0,0.0012215436
graphsage,1,20776,0,0,0.34906772
graphsage,1,8246,1,1,0.9998104
graphsage,1,64785,1,1,0.9200085
graphsage,1,69509,1,1,0.98695904
graphsage,1,15410,1,1,0.7541036
graphsage,1,30954,1,1,0.99926144
graphsage,1,6374,1,1,0.9995177
graphsage,1,40080,1,1,0.95060456
graphsage,1,3975,0,0,0.1817171
graphsage,1,25335,1,1,0.9990834
graphsage,1,41241,0,0,0.0037626298
graphsage,1,2509,0,0,0.009614899
graphsage,1,37080,0,0,0.011452898
graphsage,1,40388,1,1,0.9982146
graphsage,1,3366,0,0,0.01636508
graphsage,1,8568,1,1,0.9031675
graphsage,1,56798,0,1,0.6567231
graphsage,1,36265,1,1,0.99518824
graphsage,1,58081,1,1,0.9997148
graphsage,1,30542,1,1,0.9974712
graphsage,1,3973,0,0,0.0693157
graphsage,1,54109,0,0,0.0004234756
graphsage,1,17289,1,1,0.94136554
graphsage,1,7584,0,0,0.031560753
graphsage,1,9456,1,1,0.9999567
graphsage,1,2619,1,1,0.97695696
graphsage,1,16924,0,0,0.0039718077
graphsage,1,7826,1,1,0.9815653
graphsage,1,29238,0,0,0.0039872457
graphsage,1,6818,1,1,0.9966523
graphsage,1,60854,1,1,0.7541036
graphsage,1,20275,1,1,0.99987996
graphsage,1,13150,1,1,0.9834857
graphsage,1,23585,1,1,0.99960035
graphsage,1,14338,1,1,0.69711137
graphsage,1,61809,1,1,0.98728836
graphsage,1,54616,1,1,0.9991129
graphsage,1,27834,0,0,0.009916015
graphsage,1,53941,0,0,0.0010597557
graphsage,1,37703,1,1,0.9999645
graphsage,1,20041,1,1,0.9994466
graphsage,1,24581,1,1,0.6381332
graphsage,1,14701,1,1,0.98415554
graphsage,1,13900,1,1,0.995089
graphsage,1,58178,1,1,0.5861021
graphsage,1,28594,1,1,0.9813038
graphsage,1,39426,1,1,0.9600352
graphsage,1,47930,0,0,0.2576773
graphsage,1,22616,1,1,0.9998362
graphsage,1,56327,0,0,0.0017645922
graphsage,1,49796,1,0,0.03679952
graphsage,1,60622,1,1,0.938152
graphsage,1,23126,1,1,0.9444626
graphsage,1,29337,0,0,0.19420119
graphsage,1,16981,1,1,0.8596239
graphsage,1,31887,1,1,0.8510623
graphsage,1,177,1,1,0.5984604
graphsage,1,51225,1,1,0.99671626
graphsage,1,45425,1,0,0.12883848
graphsage,1,31731,0,0,4.3142834e-05
graphsage,1,17853,1,1,0.99693006
graphsage,1,43599,0,0,0.028253306
graphsage,1,25389,0,0,0.013202354
graphsage,1,23006,1,1,0.7833539
graphsage,1,8710,1,1,0.9623537
graphsage,1,5347,1,1,0.9908826
graphsage,1,58079,0,0,0.06883683
graphsage,1,13415,0,0,0.0011492337
graphsage,1,14665,0,0,0.0010953054
graphsage,1,44375,1,1,0.72155464
graphsage,1,38390,1,1,0.9990227
graphsage,1,52638,1,1,0.99772173
graphsage,1,33550,0,1,0.71971005
graphsage,1,52450,0,0,0.0011288739
graphsage,1,5134,0,0,0.06546675
graphsage,1,51473,1,1,0.9995795
graphsage,1,21152,0,0,0.015182273
graphsage,1,27303,1,1,0.99981993
graphsage,1,17795,0,0,0.01489119
graphsage,1,22521,0,0,0.00031279708
graphsage,1,48200,0,0,0.026149465
graphsage,1,55088,1,1,0.99209255
graphsage,1,2152,0,0,0.0020005163
graphsage,1,61242,0,0,0.01182193
graphsage,1,48195,0,0,0.12984772
graphsage,1,66499,1,1,0.9742759
graphsage,1,7529,0,0,0.10078399
graphsage,1,28848,0,0,0.00029506878
graphsage,1,58907,0,0,0.37070242
graphsage,1,60861,1,0,0.26378185
graphsage,1,1452,0,0,0.12927067
graphsage,1,18584,0,0,0.011455371
graphsage,1,32801,1,1,0.9997458
graphsage,1,66274,0,0,0.18648945
graphsage,1,5661,1,1,0.9949635
graphsage,1,37171,0,0,7.1219336e-05
graphsage,1,54047,0,0,0.00724198
graphsage,1,26916,1,1,0.99999416
graphsage,1,32611,0,0,0.030221993
graphsage,1,56276,0,1,0.5741586
graphsage,1,41735,1,1,0.99558544
graphsage,1,52395,0,0,0.003085512
graphsage,1,48566,0,0,0.015576357
graphsage,1,31363,0,0,0.00018897773
graphsage,1,46718,0,0,0.048031125
graphsage,1,39528,0,0,0.06119391
graphsage,1,4107,0,0,0.0014647585
graphsage,1,68367,0,0,0.0016826293
graphsage,1,24475,1,1,0.86508304
graphsage,1,17158,0,0,0.0014762332
graphsage,1,38740,1,1,0.69476295
graphsage,1,46510,1,1,0.9659178
graphsage,1,17230,0,0,0.02643984
graphsage,1,39431,1,1,0.98013043
graphsage,1,36709,1,1,0.9983808
graphsage,1,55468,0,0,0.012006367
graphsage,1,15266,1,1,0.99860543
graphsage,1,11363,0,0,0.006553254
graphsage,1,64401,0,1,0.9888736
graphsage,1,37823,1,1,0.8797827
graphsage,1,31306,0,0,0.028189475
graphsage,1,19562,0,0,0.0002901116
graphsage,1,24111,1,1,0.9999161
graphsage,1,11929,0,0,0.0005214546
graphsage,1,62333,0,0,0.012555462
graphsage,1,48928,1,1,0.9977397
graphsage,1,22362,1,1,0.99369013
graphsage,1,60319,0,0,0.00010226591
graphsage,1,41304,1,1,0.91546476
graphsage,1,48580,1,1,0.985803
graphsage,1,69067,1,1,0.9976809
graphsage,1,4921,1,1,0.97650164
graphsage,1,8386,0,0,9.9514946e-05
graphsage,1,33840,0,0,0.2666524
graphsage,1,15425,1,1,0.9841458
graphsage,1,41596,0,0,0.10192387
graphsage,1,38183,0,0,0.10936217
graphsage,1,1348,1,1,0.99964726
graphsage,1,28806,1,1,0.5418061
graphsage,1,31360,0,0,0.0002754713
graphsage,1,43515,0,0,0.027621107
graphsage,1,64403,0,0,0.001982149
graphsage,1,43363,1,1,0.90383303
graphsage,1,57644,0,0,0.00017637358
graphsage,1,1319,1,1,0.9794962
graphsage,1,6536,1,1,0.97144824
graphsage,1,41043,0,0,0.00029921957
graphsage,1,29107,1,1,0.99987566
graphsage,1,13125,1,1,0.9985089
graphsage,1,29761,1,1,0.9986645
graphsage,1,53920,0,1,0.7996284
graphsage,1,43262,0,0,0.010559762
graphsage,1,57976,1,0,0.1153764
graphsage,1,22936,0,0,0.0084886225
graphsage,1,40751,1,1,0.95174026
graphsage,1,48186,1,1,0.99762136
graphsage,1,15878,1,1,0.6549102
graphsage,1,42571,1,1,0.9840769
graphsage,1,21376,1,1,0.9993113
graphsage,1,60125,0,0,0.015432345
graphsage,1,22020,0,0,0.062597945
graphsage,1,27727,0,0,0.066247866
graphsage,1,53759,1,1,0.9995969
graphsage,1,14711,0,0,0.00020678257
graphsage,1,3998,1,1,0.9994234
graphsage,1,60508,0,0,0.0077814716
graphsage,1,36198,1,1,0.9960706
graphsage,1,24122,1,0,0.3155568
graphsage,1,33060,0,0,0.0018471947
graphsage,1,47694,1,1,0.5096148
graphsage,1,45778,1,1,0.9705132
graphsage,1,22973,1,1,0.99819046
graphsage,1,49904,0,0,0.001938134
graphsage,1,35309,0,0,0.00092811865
graphsage,1,43596,1,1,0.87424856
graphsage,1,15686,0,0,0.014956848
graphsage,1,56385,1,1,0.99013066
graphsage,1,61622,1,1,0.95025295
graphsage,1,6647,1,1,0.9516003
graphsage,1,53337,1,1,0.9998758
graphsage,1,57122,1,1,0.9674818
graphsage,1,14584,0,0,0.47739124
graphsage,1,49334,0,0,0.00013967176
graphsage,1,22934,1,1,0.75690645
graphsage,1,7465,1,1,0.99903345
graphsage,1,68532,0,0,0.0094605265
graphsage,1,13498,0,0,0.0039246534
graphsage,1,52225,0,0,0.05863677
graphsage,1,43769,1,1,0.99193525
graphsage,1,26729,0,0,0.091621324
graphsage,1,17657,1,0,0.1584905
graphsage,1,48586,0,0,0.0007460738
graphsage,1,23786,1,0,0.17040494
graphsage,1,59164,1,1,0.8828897
graphsage,1,71199,0,0,0.0070280493
graphsage,1,46213,1,1,0.7808861
graphsage,1,19658,0,0,0.0047112177
graphsage,1,69141,1,1,0.9963121
graphsage,1,48654,1,1,0.53707457
graphsage,1,12414,0,0,0.0008463269
graphsage,1,44433,0,0,0.015708575
graphsage,1,49094,0,0,0.00078662863
graphsage,1,61632,1,0,0.07312322
graphsage,1,58373,1,1,0.9999542
graphsage,1,35761,1,1,0.99965227
graphsage,1,17887,0,1,0.57215184
graphsage,1,47702,1,1,0.9960377
graphsage,1,68573,1,1,0.99284756
graphsage,1,46901,1,1,0.9976495
graphsage,1,17969,1,1,0.65270424
graphsage,1,33878,0,0,0.110535756
graphsage,1,70187,1,0,0.40157777
graphsage,1,39983,0,0,0.010042541
graphsage,1,23009,1,1,0.99851686
graphsage,1,66820,1,1,0.9951454
graphsage,1,31916,0,0,0.45947406
graphsage,1,20034,1,1,0.66346127
graphsage,1,29621,1,1,0.8211247
graphsage,1,8009,1,1,0.9998092
graphsage,1,9034,1,1,0.98311424
graphsage,1,49806,1,1,0.9962903
graphsage,1,53012,1,1,0.99835
graphsage,1,59005,1,1,0.95663345
graphsage,1,920,1,1,0.9994018
graphsage,1,30270,0,1,0.95932704
graphsage,1,60455,0,0,0.0660173
graphsage,1,49026,0,0,0.18923932
graphsage,1,28719,1,1,0.9989502
graphsage,1,61228,0,0,0.00089047523
graphsage,1,22332,0,0,0.0012900181
graphsage,1,55991,1,1,0.999956
graphsage,1,19422,0,0,0.009727433
graphsage,1,51088,1,1,0.99890673
graphsage,1,65896,0,0,0.009065427
graphsage,1,20514,0,0,0.04651915
graphsage,1,24121,0,0,0.00068405794
graphsage,1,44391,0,0,0.00027761035
graphsage,1,49298,0,0,0.0018909404
graphsage,1,56027,0,0,1.5945468e-05
graphsage,1,39129,1,1,0.95777935
graphsage,1,47543,1,1,0.88651955
graphsage,1,54981,0,0,0.000812112
graphsage,1,32379,1,1,0.94928324
graphsage,1,35767,0,0,0.0085393805
graphsage,1,38665,1,1,0.99997115
graphsage,1,59124,0,0,0.25275663
graphsage,1,65089,1,1,0.85566837
graphsage,1,11212,0,0,0.0065628686
graphsage,1,53895,0,0,0.022089142
graphsage,1,50395,0,0,0.00041324698
graphsage,1,40377,0,0,0.013897007
graphsage,1,12465,1,1,0.998478
graphsage,1,63846,0,0,0.0016373192
graphsage,1,29,1,1,0.9000409
graphsage,1,15033,0,0,0.008297568
graphsage,1,4472,1,1,0.9996172
graphsage,1,7345,0,0,0.0007432933
graphsage,1,27570,0,0,0.06743295
graphsage,1,44553,0,1,0.6450081
graphsage,1,70822,0,0,0.0017876405
graphsage,1,11118,0,1,0.8442828
graphsage,1,37944,1,1,0.97122025
graphsage,1,2960,0,0,0.020173756
graphsage,1,61122,0,0,0.004066558
graphsage,1,8382,1,1,0.99620384
graphsage,1,67758,0,0,0.0025203533
graphsage,1,3632,0,0,2.998791e-05
graphsage,1,47586,0,0,3.918988e-05
graphsage,1,8463,1,1,0.9927094
graphsage,1,46014,1,1,0.9999745
graphsage,1,33314,1,1,0.9955616
graphsage,1,20711,0,0,0.060832623
graphsage,1,15283,0,1,0.51764697
graphsage,1,3822,0,0,0.0011525556
graphsage,1,4832,0,0,0.07208092
graphsage,1,59833,1,1,0.87951887
graphsage,1,4354,1,1,0.9151674
graphsage,1,54084,1,1,0.7541036
graphsage,1,65835,1,1,0.91445243
graphsage,1,44181,1,1,0.7541036
graphsage,1,50360,0,0,0.022368677
graphsage,1,28689,0,0,0.2719946
graphsage,1,65459,1,1,0.9992632
graphsage,1,8637,0,0,0.00028879417
graphsage,1,46095,1,1,0.99381894
graphsage,1,29898,1,1,0.9976738
graphsage,1,49222,0,0,0.0068880985
graphsage,1,39317,0,0,0.08423781
graphsage,1,42969,1,1,0.9978654
graphsage,1,23082,1,1,0.99866223
graphsage,1,54049,0,0,0.00023389663
graphsage,1,32789,1,1,0.9982418
graphsage,1,39270,0,1,0.7251223
graphsage,1,71543,0,0,0.008152592
graphsage,1,35546,1,1,0.9989323
graphsage,1,33872,1,1,0.9628072
graphsage,1,14147,1,1,0.97735184
graphsage,1,71192,1,1,0.82392025
graphsage,1,54377,0,0,0.008668697
graphsage,1,30505,1,1,0.9978119
graphsage,1,43921,0,0,0.17803474
graphsage,1,29077,1,1,0.8243189
graphsage,1,32538,0,0,0.0014792257
graphsage,1,4165,0,0,0.3282468
graphsage,1,22331,1,1,0.86952007
graphsage,1,13914,0,0,0.007356502
graphsage,1,30811,1,1,0.997718
graphsage,1,56527,0,0,0.00049401284
graphsage,1,67490,0,0,0.0026665968
graphsage,1,44224,1,1,0.8971936
graphsage,1,27457,1,1,0.97424084
graphsage,1,1732,1,1,0.7586095
graphsage,1,46723,1,0,0.10430867
graphsage,1,7045,1,1,0.9760074
graphsage,1,59707,1,1,0.9901974
graphsage,1,41779,1,1,0.992597
graphsage,1,19653,1,1,0.73867047
graphsage,1,66291,1,1,0.9962521
graphsage,1,66445,0,0,0.005450474
graphsage,1,53377,0,0,0.00043445735
graphsage,1,64176,0,0,0.000118317235
graphsage,1,26413,0,0,0.0029817177
graphsage,1,27612,0,0,0.00077530753
graphsage,1,11629,1,1,0.9989029
graphsage,1,57731,1,1,0.7324154
graphsage,1,38281,1,1,0.9013787
graphsage,1,66815,1,1,0.6434838
graphsage,1,68276,1,1,0.970786
graphsage,1,27165,0,0,0.05243672
graphsage,1,53786,1,1,0.9991116
graphsage,1,65033,0,0,0.00023398586
graphsage,1,40113,1,1,0.97777903
graphsage,1,56823,1,0,0.06704273
graphsage,1,59351,1,1,0.9995819
graphsage,1,69573,0,0,0.0047084778
graphsage,1,46740,0,0,0.00290404
graphsage,1,37513,0,0,8.780527e-06
graphsage,1,2151,0,0,0.00016406729
graphsage,1,66116,1,1,0.9900122
graphsage,1,35798,0,0,0.04153087
graphsage,1,7823,0,0,0.0009430736
graphsage,1,55268,1,1,0.99064636
graphsage,1,17899,0,0,0.0019432867
graphsage,1,3814,0,0,0.00018248646
graphsage,1,58899,0,0,0.108608425
graphsage,1,7120,0,0,0.0004120466
graphsage,1,24198,1,1,0.9958252
graphsage,1,63786,0,0,0.07567853
graphsage,1,71978,0,1,0.7025898
graphsage,1,48999,0,0,0.0004195303
graphsage,1,44065,0,1,0.8783632
graphsage,1,56857,1,1,0.9999217
graphsage,1,2257,0,0,0.0013575482
graphsage,1,52599,0,0,0.06596887
graphsage,1,50271,1,1,0.99821067
graphsage,1,26356,1,1,0.9997476
graphsage,1,58507,1,1,0.9400943
graphsage,1,61048,1,1,0.97772753
graphsage,1,38016,1,1,0.9974476
graphsage,1,6418,0,0,0.03617713
graphsage,1,31922,0,0,0.30766255
graphsage,1,42460,1,1,0.99855334
graphsage,1,35626,0,0,0.356806
graphsage,1,26846,1,1,0.99831104
graphsage,1,56152,1,1,0.9999163
graphsage,1,60175,0,0,0.014012464
graphsage,1,26661,1,1,0.9992161
graphsage,1,11280,0,0,0.007843167
graphsage,1,20119,1,1,0.9998363
graphsage,1,31369,1,1,0.9990257
graphsage,1,32822,0,0,0.02683029
graphsage,1,49452,0,0,0.106333055
graphsage,1,36117,1,1,0.99890625
graphsage,1,58221,0,0,0.08529799
graphsage,1,38719,1,1,0.99907255
graphsage,1,52285,0,0,0.077767596
graphsage,1,13007,0,0,0.06994756
graphsage,1,18577,0,0,0.06875828
graphsage,1,4432,0,0,0.00011218135
graphsage,1,52634,1,1,0.9972717
graphsage,1,4077,1,0,0.19316423
graphsage,1,54179,1,1,0.9903846
graphsage,1,23201,0,0,0.0006849715
graphsage,1,6482,1,0,0.17984694
graphsage,1,60023,1,1,0.9898233
graphsage,1,9218,1,1,0.61381644
graphsage,1,54755,1,1,0.92664504
graphsage,1,30706,0,0,0.23959698
graphsage,1,50475,1,1,0.9952467
graphsage,1,55477,1,1,0.9994419
graphsage,1,9977,1,1,0.99994993
graphsage,1,57068,1,1,0.9999088
graphsage,1,50123,1,1,0.9983967
graphsage,1,46896,0,0,0.00036019902
graphsage,1,6479,1,0,0.256826
graphsage,1,69669,0,0,0.06861614
graphsage,1,45143,1,0,0.030459411
graphsage,1,61708,0,0,0.02202704
graphsage,1,41950,1,1,0.6845524
graphsage,1,52811,1,1,0.95640856
graphsage,1,60904,0,0,0.027836833
graphsage,1,17304,0,0,0.0013347663
graphsage,1,12264,0,0,0.022020297
graphsage,1,50486,0,0,0.13158715
graphsage,1,64830,0,0,0.011898596
graphsage,1,49197,0,0,4.913186e-05
graphsage,1,36043,1,1,0.97272646
graphsage,1,24275,1,1,0.6924192
graphsage,1,1944,0,0,0.34367186
graphsage,1,6611,0,0,0.00027344364
graphsage,1,16333,0,0,0.21880811
graphsage,1,6406,1,1,0.9926214
graphsage,1,4920,0,0,0.012997691
graphsage,1,26372,1,1,0.99927133
graphsage,1,13422,0,0,0.024416985
graphsage,1,38936,0,0,0.048146233
graphsage,1,4339,0,0,0.0013508764
graphsage,1,71896,1,1,0.99815863
graphsage,1,43554,1,1,0.99995124
graphsage,1,59122,0,0,0.0162976
graphsage,1,35542,0,0,0.0034650762
graphsage,1,46775,1,1,0.5186331
graphsage,1,5114,1,1,0.9957287
graphsage,1,8926,1,1,0.9818502
graphsage,1,27870,0,0,0.00056999613
graphsage,1,71087,1,1,0.8068855
graphsage,1,17974,0,0,0.007803718
graphsage,1,47565,1,1,0.84620655
graphsage,1,71728,1,1,0.99190134
graphsage,1,18115,1,1,0.9970921
graphsage,1,11882,1,1,0.94221056
graphsage,1,48400,0,0,0.0071413894
graphsage,1,10048,0,0,0.0017021454
graphsage,1,9922,1,1,0.93764365
graphsage,1,61152,0,0,0.18017408
graphsage,1,22940,0,1,0.91301477
graphsage,1,35681,1,1,0.99984646
graphsage,1,31190,0,0,0.00045905664
graphsage,1,8442,0,0,0.00047223963
graphsage,1,37282,0,0,0.06978486
graphsage,1,60688,0,0,0.00447189
graphsage,1,62086,1,1,0.92980856
graphsage,1,38106,0,0,0.0027772142
graphsage,1,69085,0,0,0.0012045858
graphsage,1,10756,1,1,0.998912
graphsage,1,3364,0,1,0.6483182
graphsage,1,3480,1,1,0.9162787
graphsage,1,36266,1,1,0.66373825
graphsage,1,52143,1,1,0.60427177
graphsage,1,70914,0,0,0.3366893
graphsage,1,22033,0,0,0.0013649493
graphsage,1,50618,0,0,0.09532685
graphsage,1,48080,0,0,0.031708784
graphsage,1,29943,1,0,0.25249496
graphsage,1,26838,1,1,0.9999324
graphsage,1,57622,1,1,0.98859894
graphsage,1,13060,1,0,0.16046843
graphsage,1,19136,1,1,0.9994236
graphsage,1,45240,1,1,0.991446
graphsage,1,43699,1,1,0.9615882
graphsage,1,55213,1,1,0.9950637
graphsage,1,56805,1,1,0.99956566
graphsage,1,18563,1,1,0.9707863
graphsage,1,68120,1,1,0.99820733
graphsage,1,16747,1,1,0.9957236
graphsage,1,31238,0,1,0.5448933
graphsage,1,18137,1,0,0.15118258
graphsage,1,44950,1,1,0.9989931
graphsage,1,50419,1,1,0.999424
graphsage,1,55028,0,0,0.11406036
graphsage,1,37561,1,0,0.25618166
graphsage,1,40533,0,1,0.7054636
graphsage,1,14916,0,0,9.756373e-05
graphsage,1,52624,1,0,0.29455346
graphsage,1,54384,0,0,0.009670239
graphsage,1,2901,1,1,0.9776428
graphsage,1,17549,0,0,0.04246459
graphsage,1,14835,1,1,0.7541036
graphsage,1,35080,1,1,0.999196
graphsage,1,5720,0,1,0.5368394
graphsage,1,50630,0,0,0.00022879052
graphsage,1,32637,0,0,0.07713922
graphsage,1,66901,1,1,0.997598
graphsage,1,50844,1,1,0.6378167
graphsage,1,61315,0,0,0.0027522251
graphsage,1,47633,0,0,0.0076543516
graphsage,1,37755,1,1,0.6964826
graphsage,1,53754,0,0,0.00032122698
graphsage,1,44580,0,0,0.0008248455
graphsage,1,38864,1,1,0.8649647
graphsage,1,41108,0,0,0.00046954886
graphsage,1,64180,1,1,0.9790596
graphsage,1,52538,0,0,0.1170347
graphsage,1,28710,0,1,0.7231424
graphsage,1,430,0,0,0.11853764
graphsage,1,29822,0,1,0.85771024
graphsage,1,69942,0,0,0.005311999
graphsage,1,56326,0,0,0.49418408
graphsage,1,5046,0,0,5.6085715e-05
graphsage,1,71246,0,0,0.0034025623
graphsage,1,58935,1,1,0.7039805
graphsage,1,54845,0,0,0.06111167
graphsage,1,68327,1,1,0.9782194
graphsage,1,44913,0,0,0.002188292
graphsage,1,42470,0,0,0.00756715
graphsage,1,22944,0,0,0.017136315
graphsage,1,36385,0,0,0.0077359662
graphsage,1,20931,0,0,9.301537e-05
graphsage,1,41561,1,1,0.91465276
graphsage,1,61954,0,0,0.017797837
graphsage,1,60909,1,1,0.9949661
graphsage,1,11219,1,1,0.9280074
graphsage,1,65250,1,1,0.9833573
graphsage,1,29784,1,1,0.9879617
graphsage,1,70761,0,0,0.0039060344
graphsage,1,1830,1,1,0.88710773
graphsage,1,30267,0,0,7.1553106e-05
graphsage,1,33490,1,1,0.94545853
graphsage,1,29303,1,1,0.9891366
graphsage,1,53999,1,1,0.99930346
graphsage,1,18977,0,0,0.0018767454
graphsage,1,28044,1,1,0.98077697
graphsage,1,524,0,0,0.08902117
graphsage,1,25266,1,1,0.99913496
graphsage,1,58119,0,0,0.09389691
graphsage,1,5807,0,0,0.0018128338
graphsage,1,47279,0,0,0.20164254
graphsage,1,2876,0,0,0.10422035
graphsage,1,33974,1,1,0.98307365
graphsage,1,7123,0,0,0.47028342
graphsage,1,28908,0,0,0.060204554
graphsage,1,7542,1,1,0.9999578
graphsage,1,59930,1,1,0.6128061
graphsage,1,9504,1,1,0.94729555
graphsage,1,28106,0,0,0.0003375806
graphsage,1,20627,0,0,0.0017441141
graphsage,1,70481,0,0,0.0029067558
graphsage,1,11534,1,1,0.9999002
graphsage,1,57536,1,1,0.98183376
graphsage,1,53262,0,0,0.004348716
graphsage,1,45694,1,1,0.9997352
graphsage,1,15324,0,1,0.5425753
graphsage,1,44310,0,0,0.28337184
graphsage,1,43842,0,0,0.0056835194
graphsage,1,15098,0,0,0.26379314
graphsage,1,52679,0,0,0.012601906
graphsage,1,24565,1,1,0.9997774
graphsage,1,62568,1,1,0.5732312
graphsage,1,48253,1,0,0.40117636
graphsage,1,3507,0,0,0.00010724202
graphsage,1,22374,1,1,0.9919843
graphsage,1,50238,0,0,0.0006135894
graphsage,1,58406,0,0,0.0019981423
graphsage,1,44992,1,1,0.9806543
graphsage,1,2630,1,1,0.99979573
graphsage,1,14515,0,0,0.040147293
graphsage,1,15633,0,0,0.0003900716
graphsage,1,5687,0,0,0.053356804
graphsage,1,18340,1,1,0.8991515
graphsage,1,44483,0,0,4.649315e-05
graphsage,1,31681,0,0,6.206931e-05
graphsage,1,67814,0,1,0.7714362
graphsage,1,70757,1,1,0.99973124
graphsage,1,46560,1,1,0.64105064
graphsage,1,59726,1,1,0.99960417
graphsage,1,40873,0,0,0.00087583234
graphsage,1,27529,1,1,0.99901676
graphsage,1,31225,0,0,0.011250087
graphsage,1,39061,1,1,0.9963786
graphsage,1,13149,0,0,0.00041788362
graphsage,1,20283,1,1,0.99854136
graphsage,1,19301,1,1,0.99832433
graphsage,1,35216,0,1,0.8994931
graphsage,1,9111,1,1,0.9998722
graphsage,1,60384,1,1,0.9939757
graphsage,1,66690,1,1,0.81931615
graphsage,1,12881,1,1,0.98631823
graphsage,1,42085,0,0,0.009816387
graphsage,1,27860,0,0,0.048799686
graphsage,1,20140,1,1,0.98798555
graphsage,1,60774,0,0,0.023985187
graphsage,1,22004,0,0,0.1315433
graphsage,1,53535,1,1,0.99831116
graphsage,1,3431,0,0,0.057748087
graphsage,1,10244,0,1,0.98544437
graphsage,1,41604,0,0,0.0030115386
graphsage,1,71868,1,1,0.9986771
graphsage,1,24479,0,0,0.00017110248
graphsage,1,22914,1,1,0.9821426
graphsage,1,38822,1,0,0.020215278
graphsage,1,59709,1,0,0.45953387
graphsage,1,18818,1,1,0.99908686
graphsage,1,47629,0,0,0.0016341303
graphsage,1,58858,0,0,0.003318131
graphsage,1,55851,1,1,0.99592066
graphsage,1,40025,0,0,0.016042884
graphsage,1,68406,0,0,0.001085297
graphsage,1,37847,1,1,0.9514519
graphsage,1,9455,1,1,0.97983927
graphsage,1,16931,0,0,0.26097357
graphsage,1,50954,1,1,0.9996983
graphsage,1,63106,0,0,0.003059374
graphsage,1,9485,0,0,0.06638888
graphsage,1,50482,1,1,0.9494636
graphsage,1,41286,0,1,0.54016805
graphsage,1,30134,0,0,0.012238715
graphsage,1,69625,0,0,0.020711266
graphsage,1,51568,1,1,0.99854136
graphsage,1,13788,1,0,0.42870286
graphsage,1,1500,0,0,0.013718796
graphsage,1,57785,1,1,0.9989029
graphsage,1,16597,0,0,0.0059573795
graphsage,1,1511,1,1,0.995129
graphsage,1,30259,1,0,0.41564444
graphsage,1,13786,1,1,0.9999869
graphsage,1,69585,1,1,0.8099333
graphsage,1,37141,0,0,5.906592e-05
graphsage,1,71690,0,0,0.00039744854
graphsage,1,44072,1,1,0.9715641
graphsage,1,35285,0,0,0.45134658
graphsage,1,44566,1,1,0.84436655
graphsage,1,35972,1,1,0.79172635
graphsage,1,49543,0,0,0.0009044813
graphsage,1,70217,0,0,0.014068375
graphsage,1,39003,0,0,0.010804706
graphsage,1,9711,1,1,0.99815184
graphsage,1,69124,1,1,0.8406261
graphsage,1,23159,0,0,0.0017231847
graphsage,1,56020,1,1,0.9764074
graphsage,1,17570,1,1,0.7510772
graphsage,1,71594,0,0,0.0026204512
graphsage,1,52604,0,0,0.23407814
graphsage,1,49359,0,0,0.010322865
graphsage,1,67669,0,1,0.69063246
graphsage,1,56211,1,1,0.9940773
graphsage,1,57632,1,1,0.8789409
graphsage,1,12891,1,1,0.89864206
graphsage,1,62336,0,0,0.0022252093
graphsage,1,55362,0,0,0.024745574
graphsage,1,55963,0,0,0.050740838
graphsage,1,11913,1,1,0.9353082
graphsage,1,1756,0,0,0.011244581
graphsage,1,69802,1,1,0.9983302
graphsage,1,60283,1,1,0.99999714
graphsage,1,28998,0,0,0.09338522
graphsage,1,48898,0,0,0.00013503678
graphsage,1,63933,1,0,0.4380995
graphsage,1,19801,0,0,0.0030390571
graphsage,1,69410,1,1,0.9831771
graphsage,1,9149,1,1,0.99991393
graphsage,1,4313,0,0,0.0028119106
graphsage,1,47034,0,0,0.013879891
graphsage,1,51832,1,1,0.99937516
graphsage,1,7612,0,0,0.05995167
graphsage,1,1336,0,0,0.00015863696
graphsage,1,33472,0,0,0.15044406
graphsage,1,46631,0,1,0.9853212
graphsage,1,34942,1,1,0.90638024
graphsage,1,10313,0,0,0.00052937376
graphsage,1,44753,1,0,0.27219373
graphsage,1,14627,0,0,0.31923565
graphsage,1,64437,1,0,0.04495216
graphsage,1,50771,1,1,0.9980805
graphsage,1,28155,1,0,0.2043061
graphsage,1,24917,0,0,8.594499e-05
graphsage,1,59538,0,0,0.0022448197
graphsage,1,24126,1,1,0.55900514
graphsage,1,19180,0,0,0.058981083
graphsage,1,19070,1,1,0.5678842
graphsage,1,9604,1,1,0.97616583
graphsage,1,43969,0,0,9.0099784e-05
graphsage,1,34704,1,1,0.99881965
graphsage,1,38423,0,0,0.34373724
graphsage,1,68217,1,1,0.9966253
graphsage,1,304,0,0,0.0009625216
graphsage,1,1043,0,0,0.07591302
graphsage,1,67344,0,0,0.0011398022
graphsage,1,43364,0,1,0.55225843
graphsage,1,6231,0,0,0.0017726716
graphsage,1,41559,1,1,0.9990675
graphsage,1,11372,1,1,0.9993069
graphsage,1,39085,0,1,0.7698036
graphsage,1,14380,1,1,0.9473575
graphsage,1,42266,1,1,0.9826896
graphsage,1,4537,0,0,0.052746058
graphsage,1,35459,1,1,0.92864984
graphsage,1,54079,0,0,0.001346572
graphsage,1,15030,0,0,0.16100632
graphsage,1,6627,1,1,0.7541036
graphsage,1,25918,0,0,0.0037108366
graphsage,1,57019,0,0,4.9243215e-05
graphsage,1,56592,1,1,0.99945
graphsage,1,39600,1,1,0.9952651
graphsage,1,40980,0,0,0.15085705
graphsage,1,47483,1,1,0.95221287
graphsage,1,50534,1,1,0.99910516
graphsage,1,9167,1,1,0.95454323
graphsage,1,17803,1,1,0.99968135
graphsage,1,41888,0,0,0.001515546
graphsage,1,42410,1,1,0.9997259
graphsage,1,8368,1,1,0.99885476
graphsage,1,42140,1,1,0.9999975
graphsage,1,42479,1,1,0.99587774
graphsage,1,24197,1,1,0.5479391
graphsage,1,57971,0,0,0.00026398958
graphsage,1,55819,0,0,0.00027935713
graphsage,1,17462,0,0,0.009810391
graphsage,1,50225,0,0,0.045740504
graphsage,1,27322,1,1,0.98357856
graphsage,1,124,0,0,0.40166187
graphsage,1,16088,1,1,0.93747777
graphsage,1,65812,1,1,0.9798748
graphsage,1,16905,0,0,0.00024295726
graphsage,1,57255,1,1,0.99802244
graphsage,1,71819,0,0,0.002883094
graphsage,1,33107,0,0,1.9226947e-05
graphsage,1,48138,0,1,0.6784925
graphsage,1,24623,1,1,0.96272033
graphsage,1,59067,1,1,0.9473545
graphsage,1,5250,0,0,0.0011973549
graphsage,1,37333,0,0,0.0042487727
graphsage,1,12304,0,0,0.032252077
graphsage,1,3262,1,1,0.99469817
graphsage,1,4139,0,0,0.012473778
graphsage,1,290,1,1,0.99843127
graphsage,1,22218,0,0,0.0003098752
graphsage,1,55573,0,0,0.0017762022
graphsage,1,24518,1,1,0.98915035
graphsage,1,5600,0,0,0.10907547
graphsage,1,840,0,0,0.00970986
graphsage,1,17519,1,1,0.7920829
graphsage,1,18995,1,1,0.9998271
graphsage,1,28963,0,0,0.0029131118
graphsage,1,25680,0,0,0.051129594
graphsage,1,71991,0,0,0.00021840338
graphsage,1,11342,1,1,0.7735825
graphsage,1,49550,1,1,0.9823445
graphsage,1,50048,0,0,0.00015840978
graphsage,1,66096,0,0,0.0021876746
graphsage,1,60201,1,1,0.9999472
graphsage,1,15140,0,0,0.011498183
graphsage,1,61970,1,1,0.8639325
graphsage,1,55652,0,0,0.020371513
graphsage,1,30183,0,0,0.0002464816
graphsage,1,28658,0,0,0.05133483
graphsage,1,41191,0,0,0.0007575359
graphsage,1,8054,1,1,0.99669695
graphsage,1,67536,0,0,0.0002942392
graphsage,1,48412,1,1,0.99780005
graphsage,1,70802,1,1,0.99672997
graphsage,1,68334,0,0,0.2980139
graphsage,1,28580,1,1,0.9989881
graphsage,1,60738,0,0,0.03250294
graphsage,1,47469,0,0,0.0005435549
graphsage,1,56955,1,1,0.9998578
graphsage,1,58127,0,0,0.011068923
graphsage,1,61209,1,1,0.99697125
graphsage,1,59001,1,0,0.03239304
graphsage,1,26086,1,1,0.98911566
graphsage,1,49636,1,1,0.59036
graphsage,1,57776,0,0,0.16803965
graphsage,1,6545,1,1,0.99971634
graphsage,1,71497,0,0,0.020022076
graphsage,1,58757,0,1,0.9827048
graphsage,1,11277,1,1,0.9826717
graphsage,1,52788,0,0,0.0018921386
graphsage,1,42558,1,1,0.9725624
graphsage,1,46267,0,0,0.072205044
graphsage,1,9823,0,0,0.34039003
graphsage,1,68699,1,1,0.9951644
graphsage,1,38309,0,0,0.013245762
graphsage,1,61188,0,0,0.018944623
graphsage,1,47949,0,0,0.009009195
graphsage,1,42786,0,0,0.03683863
graphsage,1,18711,1,1,0.9998198
graphsage,1,8720,0,0,0.09986948
graphsage,1,54336,0,0,0.009711668
graphsage,1,17002,0,0,0.00010668532
graphsage,1,47230,0,0,0.0069968547
graphsage,1,56437,0,0,2.4598265e-05
graphsage,1,14156,0,0,0.0009717969
graphsage,1,17751,0,0,0.4482753
graphsage,1,40129,1,1,0.9961287
graphsage,1,431,0,0,0.0021751814
graphsage,1,43503,1,1,0.9101759
graphsage,1,3556,0,1,0.66234434
graphsage,1,2633,0,0,0.008312449
graphsage,1,52123,1,1,0.9975514
graphsage,1,12503,1,1,0.99949884
graphsage,1,40907,0,0,5.454613e-06
graphsage,2,23810,0,1,0.5984899
graphsage,2,2342,0,0,0.0027564461
graphsage,2,60546,1,1,0.98327017
graphsage,2,58815,1,1,0.96083593
graphsage,2,1126,0,0,0.002532802
graphsage,2,39904,1,1,0.994934
graphsage,2,48384,0,0,2.1615037e-05
graphsage,2,43491,1,1,0.9977494
graphsage,2,44356,1,1,0.7027803
graphsage,2,25783,1,1,0.9237965
graphsage,2,38906,1,1,0.9997392
graphsage,2,14591,1,1,0.99991655
graphsage,2,8948,0,0,0.0007677839
graphsage,2,58678,1,1,0.7507235
graphsage,2,46506,1,1,0.75603986
graphsage,2,10272,1,1,0.6495467
graphsage,2,33641,0,1,0.6987827
graphsage,2,818,1,1,0.99303013
graphsage,2,23631,1,1,0.9996101
graphsage,2,37145,0,0,0.00045257874
graphsage,2,67832,1,1,0.9989723
graphsage,2,4211,1,1,0.99905044
graphsage,2,34797,1,1,0.9315187
graphsage,2,260,0,0,0.20114346
graphsage,2,6929,1,1,0.97453296
graphsage,2,71265,1,1,0.9244013
graphsage,2,36582,1,1,0.9955384
graphsage,2,57922,0,0,0.00041854245
graphsage,2,26346,0,0,0.040867105
graphsage,2,27970,1,1,0.9949941
graphsage,2,48901,0,0,0.008630467
graphsage,2,20386,0,0,0.0007683329
graphsage,2,32840,1,1,0.929728
graphsage,2,36585,1,1,0.9971336
graphsage,2,71987,1,1,0.75603986
graphsage,2,53797,1,1,0.999426
graphsage,2,21775,1,1,0.9915405
graphsage,2,44943,0,1,0.54308933
graphsage,2,70442,0,0,0.00016717988
graphsage,2,2248,1,1,0.75603986
graphsage,2,27657,1,1,0.98218393
graphsage,2,52070,1,0,0.17257276
graphsage,2,59003,1,1,0.99992573
graphsage,2,18074,0,0,0.003339455
graphsage,2,27473,1,0,0.033085965
graphsage,2,31828,1,1,0.8115664
graphsage,2,62051,0,0,0.07406779
graphsage,2,30982,1,1,0.9984059
graphsage,2,26210,1,1,0.9999671
graphsage,2,20569,0,0,0.01861261
graphsage,2,65928,0,0,5.3899537e-05
graphsage,2,34093,1,1,0.9886165
graphsage,2,27486,1,1,0.9998399
graphsage,2,5253,0,0,0.08599221
graphsage,2,21101,0,0,0.0080427565
graphsage,2,45141,1,1,0.9804561
graphsage,2,1159,1,1,0.900985
graphsage,2,33150,1,1,0.96855396
graphsage,2,52352,0,0,0.0029099635
graphsage,2,36840,0,0,0.0005676091
graphsage,2,66496,0,1,0.67365056
graphsage,2,58723,0,0,0.0027408258
graphsage,2,1163,0,0,0.06931415
graphsage,2,57236,1,1,0.98674405
graphsage,2,26327,1,1,0.91138977
graphsage,2,18687,1,1,0.99990654
graphsage,2,53791,0,0,0.32715943
graphsage,2,22574,1,1,0.99820256
graphsage,2,13748,1,1,0.99986196
graphsage,2,12136,1,1,0.9938253
graphsage,2,39443,1,1,0.50107837
graphsage,2,25807,1,1,0.75603986
graphsage,2,55261,0,0,0.010294042
graphsage,2,27044,1,1,0.9962528
graphsage,2,46368,0,0,0.0003055924
graphsage,2,13799,0,0,0.02837451
graphsage,2,23440,0,0,0.017098831
graphsage,2,69193,1,1,0.9392251
graphsage,2,60382,0,0,0.2676011
graphsage,2,19034,1,1,0.99490875
graphsage,2,17808,0,0,0.0018276627
graphsage,2,42713,0,0,0.009868499
graphsage,2,51093,0,0,0.0009947958
graphsage,2,10681,0,0,0.00046167208
graphsage,2,1229,1,1,0.7855746
graphsage,2,45045,1,1,0.95667624
graphsage,2,40416,0,0,5.2600935e-05
graphsage,2,26585,1,1,0.8210846
graphsage,2,62810,0,0,0.0016463413
graphsage,2,24494,1,1,0.9109134
graphsage,2,4314,1,1,0.5678549
graphsage,2,67316,0,0,0.009897755
graphsage,2,66299,0,0,0.017014537
graphsage,2,6509,1,1,0.9992487
graphsage,2,58186,0,0,0.00026595348
graphsage,2,6988,0,1,0.5208303
graphsage,2,3734,0,0,4.3930326e-05
graphsage,2,10795,1,1,0.9967349
graphsage,2,42993,0,0,0.007233
graphsage,2,20640,1,1,0.9983367
graphsage,2,54537,1,0,0.48541328
graphsage,2,64417,1,0,0.44433546
graphsage,2,4308,1,1,0.9988637
graphsage,2,68806,0,1,0.9385347
graphsage,2,2675,1,1,0.99307704
graphsage,2,37762,0,0,7.312552e-05
graphsage,2,53564,1,0,0.14916116
graphsage,2,22451,0,1,0.66572374
graphsage,2,40688,0,0,0.0007087681
graphsage,2,63858,0,0,0.0021289303
graphsage,2,33206,1,1,0.992819
graphsage,2,28753,0,0,0.0024414212
graphsage,2,59449,1,1,0.9773875
graphsage,2,68562,1,0,0.23112078
graphsage,2,70106,1,1,0.793971
graphsage,2,45038,0,0,0.0010453006
graphsage,2,488,0,0,0.347875
graphsage,2,70189,0,0,0.00036566562
graphsage,2,5437,1,1,0.9998049
graphsage,2,16393,0,0,0.009416041
graphsage,2,28240,0,0,0.011139532
graphsage,2,20446,0,0,0.0040199608
graphsage,2,17852,0,1,0.93112445
graphsage,2,21534,1,1,0.9900282
graphsage,2,32218,0,0,0.0038666152
graphsage,2,18665,1,1,0.75603986
graphsage,2,62777,1,1,0.8196756
graphsage,2,24130,0,0,3.9102604e-05
graphsage,2,65897,1,1,0.64060014
graphsage,2,47377,1,1,0.99991965
graphsage,2,59796,1,1,0.9715186
graphsage,2,55003,0,0,0.14727537
graphsage,2,19349,0,0,0.15015875
graphsage,2,71533,1,1,0.7619039
graphsage,2,14474,0,0,0.0015849378
graphsage,2,22384,0,0,0.0023619698
graphsage,2,33545,1,1,0.9767924
graphsage,2,17250,1,1,0.9973557
graphsage,2,54657,1,1,0.97361416
graphsage,2,43983,1,1,0.9979494
graphsage,2,62346,1,1,0.8966047
graphsage,2,32207,1,1,0.99942553
graphsage,2,29055,1,1,0.99970514
graphsage,2,51805,1,1,0.99996686
graphsage,2,68302,1,1,0.92326057
graphsage,2,17324,0,0,0.0037644857
graphsage,2,18713,0,0,0.36697075
graphsage,2,65856,1,1,0.8685277
graphsage,2,67765,1,0,0.3898837
graphsage,2,46776,1,1,0.9551728
graphsage,2,63558,1,1,0.9868514
graphsage,2,46172,1,0,0.12988535
graphsage,2,55012,1,1,0.99840146
graphsage,2,8917,0,0,0.0053759655
graphsage,2,1536,0,0,0.001668026
graphsage,2,27701,1,1,0.9989561
graphsage,2,40482,1,1,0.99970335
graphsage,2,64051,1,1,0.9685735
graphsage,2,54599,1,1,0.97068113
graphsage,2,23553,0,0,0.00051745784
graphsage,2,13002,0,1,0.90951955
graphsage,2,22912,1,1,0.9883227
graphsage,2,22926,1,1,0.97018
graphsage,2,18511,0,0,0.009739764
graphsage,2,64892,0,0,0.24832745
graphsage,2,69296,0,0,0.0025994885
graphsage,2,6158,0,0,0.0061306935
graphsage,2,43974,1,1,0.9992355
graphsage,2,33806,0,0,0.0003890403
graphsage,2,55010,0,1,0.6218476
graphsage,2,66509,1,1,0.9992186
graphsage,2,20440,0,0,0.007376132
graphsage,2,51877,0,0,0.0002865564
graphsage,2,37581,1,1,0.9939738
graphsage,2,44393,0,0,0.00079567195
graphsage,2,23358,0,0,0.041038133
graphsage,2,28487,0,1,0.84158105
graphsage,2,9416,0,0,0.0005155533
graphsage,2,56881,1,0,0.111692585
graphsage,2,24213,1,1,0.99879396
graphsage,2,35474,1,1,0.79795206
graphsage,2,46643,1,1,0.9995029
graphsage,2,45025,0,0,9.7409604e-05
graphsage,2,50546,1,1,0.99627656
graphsage,2,68624,0,0,0.050942488
graphsage,2,55125,0,0,0.0527573
graphsage,2,36966,0,0,0.0067738015
graphsage,2,20967,0,1,0.9863869
graphsage,2,32794,1,1,0.9806064
graphsage,2,1785,1,1,0.9526476
graphsage,2,46774,1,1,0.73383325
graphsage,2,17617,1,1,0.86855036
graphsage,2,18787,1,1,0.99975246
graphsage,2,27550,1,1,0.99960524
graphsage,2,24986,0,1,0.6076708
graphsage,2,14828,0,0,0.0011633005
graphsage,2,37397,0,0,0.072830096
graphsage,2,49312,1,1,0.99802643
graphsage,2,40999,0,0,0.00036290858
graphsage,2,36884,1,1,0.999767
graphsage,2,65967,1,1,0.9057738
graphsage,2,71492,1,1,0.9999449
graphsage,2,34951,1,1,0.9999449
graphsage,2,1223,1,1,0.9935807
graphsage,2,70119,0,0,0.0023725417
graphsage,2,20300,0,0,0.013814509
graphsage,2,14137,0,0,0.14391205
graphsage,2,36963,1,1,0.99869967
graphsage,2,53217,1,1,0.8566173
graphsage,2,13031,1,1,0.9994758
graphsage,2,25788,0,0,0.25694522
graphsage,2,30637,1,1,0.99987555
graphsage,2,44209,1,1,0.99862933
graphsage,2,55192,0,0,0.00044658303
graphsage,2,65979,1,1,0.9910981
graphsage,2,52593,0,0,0.011190402
graphsage,2,21024,1,1,0.9991042
graphsage,2,44629,1,1,0.76943225
graphsage,2,61761,1,1,0.99039125
graphsage,2,18454,0,0,0.039774567
graphsage,2,33241,0,0,0.0020191467
graphsage,2,41570,0,1,0.580283
graphsage,2,45533,1,1,0.99970835
graphsage,2,59138,1,1,0.999783
graphsage,2,40732,0,0,0.065609306
graphsage,2,46257,0,0,0.007605632
graphsage,2,20986,0,1,0.8684591
graphsage,2,21289,0,0,0.00046864516
graphsage,2,71553,1,1,0.98022264
graphsage,2,29340,0,0,0.0038871472
graphsage,2,11093,1,1,0.99321574
graphsage,2,33437,1,1,0.99908674
graphsage,2,59799,0,0,0.03003532
graphsage,2,70314,0,0,0.13849404
graphsage,2,13870,1,1,0.99828005
graphsage,2,71462,1,0,0.1346142
graphsage,2,15189,1,1,0.9997576
graphsage,2,58716,1,1,0.999964
graphsage,2,36608,0,0,4.066246e-05
graphsage,2,20928,1,1,0.98356426
graphsage,2,10809,1,0,0.030845232
graphsage,2,66641,1,1,0.6072813
graphsage,2,60716,0,0,0.0023126043
graphsage,2,68603,0,0,0.0005733144
graphsage,2,20742,0,0,0.00088253355
graphsage,2,52277,1,1,0.9996043
graphsage,2,54386,1,1,0.9797941
graphsage,2,71665,1,1,0.9436073
graphsage,2,49617,1,1,0.98828167
graphsage,2,62897,0,0,0.00023650828
graphsage,2,2693,1,1,0.9987845
graphsage,2,21795,1,1,0.99685186
graphsage,2,20605,0,1,0.58554184
graphsage,2,39347,0,0,9.958596e-05
graphsage,2,15848,1,1,0.999374
graphsage,2,39657,1,1,0.98829204
graphsage,2,16007,1,1,0.9975236
graphsage,2,33753,1,1,0.9994825
graphsage,2,66136,1,1,0.99391335
graphsage,2,38535,1,1,0.99957985
graphsage,2,12581,1,1,0.99335396
graphsage,2,15443,1,1,0.9998658
graphsage,2,24720,1,0,0.24237019
graphsage,2,52008,1,1,0.9411978
graphsage,2,787,1,1,0.9999273
graphsage,2,68185,0,0,0.0004699561
graphsage,2,1326,0,0,0.008263493
graphsage,2,2606,0,0,0.0002456778
graphsage,2,52043,1,1,0.8756744
graphsage,2,57963,0,0,0.20714113
graphsage,2,41594,1,0,0.43405098
graphsage,2,4860,1,1,0.8308656
graphsage,2,49192,1,1,0.99670035
graphsage,2,40200,1,1,0.99393976
graphsage,2,23171,1,1,0.9998198
graphsage,2,45241,0,1,0.72734106
graphsage,2,18623,0,0,0.00030815115
graphsage,2,66725,1,0,0.06805913
graphsage,2,14712,0,0,2.2504179e-05
graphsage,2,10541,1,1,0.99405754
graphsage,2,33879,0,0,0.0035513546
graphsage,2,23518,1,1,0.61613065
graphsage,2,53371,0,0,0.0007400915
graphsage,2,32240,1,1,0.98361015
graphsage,2,58820,0,0,0.00039988002
graphsage,2,35934,1,1,0.9999175
graphsage,2,7097,1,1,0.93527234
graphsage,2,63001,0,0,0.008453657
graphsage,2,4813,0,0,0.0001541861
graphsage,2,18428,1,1,0.99993944
graphsage,2,4644,1,1,0.9819989
graphsage,2,56781,0,0,0.23483299
graphsage,2,54555,0,1,0.89873374
graphsage,2,33592,1,1,0.96446043
graphsage,2,38996,1,1,0.9995104
graphsage,2,8608,0,0,0.00013278135
graphsage,2,45212,0,0,0.014773563
graphsage,2,46116,0,0,0.0050743204
graphsage,2,19258,1,1,0.9993174
graphsage,2,5216,0,1,0.8274445
graphsage,2,64980,1,1,0.9995721
graphsage,2,41757,1,1,0.9956143
graphsage,2,62850,1,1,0.97716016
graphsage,2,2305,1,1,0.9863418
graphsage,2,35411,0,0,0.04541866
graphsage,2,60202,1,1,0.75603986
graphsage,2,67891,0,0,8.5112595e-05
graphsage,2,13312,0,0,0.0007385894
graphsage,2,70279,0,0,0.020529822
graphsage,2,28645,1,1,0.9992304
graphsage,2,43867,0,0,0.2859232
graphsage,2,48594,0,0,0.17645831
graphsage,2,39959,0,0,0.00024722298
graphsage,2,27385,1,1,0.9964051
graphsage,2,71915,1,1,0.9375364
graphsage,2,18149,0,1,0.6781411
graphsage,2,7236,1,1,0.99992335
graphsage,2,8061,0,0,0.0014753928
graphsage,2,36656,0,0,0.00015652901
graphsage,2,36326,1,1,0.9998727
graphsage,2,33343,1,1,0.9984326
graphsage,2,1658,1,1,0.9978186
graphsage,2,58012,1,1,0.99923444
graphsage,2,7742,0,0,0.00056140864
graphsage,2,6919,0,0,0.0032483048
graphsage,2,48772,0,0,0.16054507
graphsage,2,1122,0,0,0.10816296
graphsage,2,37020,0,0,0.008848442
graphsage,2,19832,0,0,0.0019935756
graphsage,2,65918,1,1,0.9670232
graphsage,2,41725,1,1,0.9987268
graphsage,2,40512,0,1,0.7849383
graphsage,2,64042,1,1,0.8614846
graphsage,2,57303,1,1,0.99940264
graphsage,2,39860,1,1,0.99109113
graphsage,2,2427,0,0,0.001945806
graphsage,2,18403,1,1,0.75603986
graphsage,2,38499,1,0,0.24939135
graphsage,2,55076,0,0,0.020449525
graphsage,2,66643,1,1,0.99978167
graphsage,2,51125,1,1,0.970414
graphsage,2,12948,1,1,0.8440747
graphsage,2,27438,1,1,0.9999814
graphsage,2,56144,1,1,0.996503
graphsage,2,24461,0,1,0.6571431
graphsage,2,46231,0,1,0.5587243
graphsage,2,10234,1,0,0.2690017
graphsage,2,50848,1,0,0.31411076
graphsage,2,31432,1,1,0.96739006
graphsage,2,22985,1,1,0.86654556
graphsage,2,38739,0,0,0.0011319679
graphsage,2,26623,0,0,0.00021162145
graphsage,2,15075,0,0,0.048974533
graphsage,2,65003,0,1,0.5610795
graphsage,2,3738,1,1,0.8664871
graphsage,2,48258,0,0,0.012737961
graphsage,2,20190,0,0,0.0005850981
graphsage,2,8222,0,0,0.08878839
graphsage,2,2769,1,1,0.99996674
graphsage,2,64575,1,1,0.67135227
graphsage,2,23038,1,1,0.9839504
graphsage,2,36126,0,1,0.904389
graphsage,2,57636,0,0,0.00010477182
graphsage,2,64574,0,0,0.049804106
graphsage,2,25510,1,1,0.9937821
graphsage,2,45798,0,0,0.25187686
graphsage,2,45230,1,1,0.9990994
graphsage,2,9942,1,1,0.999209
graphsage,2,61902,1,0,0.2647649
graphsage,2,13522,1,1,0.8910845
graphsage,2,35967,0,0,0.22693853
graphsage,2,21134,1,1,0.9995764
graphsage,2,2146,0,0,0.009018758
graphsage,2,28785,1,1,0.81882244
graphsage,2,64779,1,1,0.990087
graphsage,2,60832,1,1,0.5205314
graphsage,2,9484,1,1,0.99996626
graphsage,2,22027,1,1,0.9932413
graphsage,2,4340,1,1,0.9995616
graphsage,2,39127,1,1,0.99815184
graphsage,2,55228,0,0,0.0030666573
graphsage,2,63254,0,0,0.032581497
graphsage,2,36803,0,0,0.21885705
graphsage,2,38613,0,0,0.0012532747
graphsage,2,10259,1,1,0.9742138
graphsage,2,19987,0,0,0.002582213
graphsage,2,10973,0,0,0.23323342
graphsage,2,26360,0,0,0.0038863164
graphsage,2,71275,0,0,0.027952641
graphsage,2,24296,0,0,0.00041094725
graphsage,2,55342,1,1,0.9917464
graphsage,2,35151,1,1,0.9709698
graphsage,2,9649,1,1,0.99879044
graphsage,2,44946,1,1,0.91297126
graphsage,2,70532,0,0,2.3615954e-05
graphsage,2,2484,0,1,0.50653434
graphsage,2,27555,1,1,0.9934889
graphsage,2,10028,1,1,0.9999447
graphsage,2,57602,0,0,0.08700512
graphsage,2,45295,0,0,0.01827208
graphsage,2,615,0,0,0.0017070409
graphsage,2,61934,1,1,0.9961797
graphsage,2,58220,1,1,0.98431164
graphsage,2,20403,0,0,0.0646412
graphsage,2,2939,1,1,0.9991473
graphsage,2,14720,0,0,0.003689188
graphsage,2,63118,0,0,0.0032757607
graphsage,2,56659,0,0,0.076108836
graphsage,2,9836,1,1,0.9054809
graphsage,2,69743,0,0,0.22881252
graphsage,2,9112,1,1,0.98959714
graphsage,2,6937,1,1,0.9994404
graphsage,2,65223,0,0,0.0027333393
graphsage,2,58457,0,0,0.3498509
graphsage,2,49331,0,0,0.013046165
graphsage,2,29907,1,1,0.8567766
graphsage,2,41140,0,0,0.15797509
graphsage,2,61485,1,1,0.9472533
graphsage,2,61524,1,1,0.98682004
graphsage,2,41778,1,1,0.9968719
graphsage,2,19905,1,1,0.93896836
graphsage,2,64114,1,1,0.8095851
graphsage,2,67761,1,1,0.9921395
graphsage,2,37592,0,0,2.065716e-05
graphsage,2,36188,1,1,0.99615127
graphsage,2,32750,0,0,0.0048930733
graphsage,2,64146,1,1,0.99994326
graphsage,2,10450,1,1,0.9566095
graphsage,2,60117,1,1,0.50129855
graphsage,2,40605,1,1,0.8304626
graphsage,2,70839,1,1,0.9998703
graphsage,2,71014,1,1,0.9996495
graphsage,2,15604,0,0,0.046338726
graphsage,2,53176,1,1,0.98482394
graphsage,2,6839,1,1,0.9311483
graphsage,2,51229,1,1,0.9999634
graphsage,2,7184,0,0,0.08901104
graphsage,2,33115,1,1,0.55843896
graphsage,2,21347,0,0,0.0043655373
graphsage,2,27259,0,0,0.0006205545
graphsage,2,53448,1,1,0.9961798
graphsage,2,44062,0,0,0.2887635
graphsage,2,29140,0,0,0.0031099354
graphsage,2,30715,1,1,0.9997147
graphsage,2,13814,0,0,0.41197222
graphsage,2,68747,1,1,0.9294278
graphsage,2,5212,0,0,0.000105524625
graphsage,2,67946,0,0,0.0033652643
graphsage,2,60605,1,1,0.5206122
graphsage,2,8437,1,1,0.75603986
graphsage,2,69498,0,0,0.031781927
graphsage,2,31459,0,0,0.0089660445
graphsage,2,42818,1,1,0.9992894
graphsage,2,38299,1,1,0.75565106
graphsage,2,39620,1,1,0.9988304
graphsage,2,29801,0,0,0.0033623448
graphsage,2,44194,0,0,0.04662596
graphsage,2,642,1,1,0.9996202
graphsage,2,15486,1,1,0.99245435
graphsage,2,47974,1,1,0.8645524
graphsage,2,49075,1,1,0.9999932
graphsage,2,4377,0,0,0.00050225103
graphsage,2,10561,0,0,0.0022930368
graphsage,2,66211,0,0,0.0015153129
graphsage,2,11403,1,1,0.9649867
graphsage,2,47574,0,1,0.8396063
graphsage,2,25854,1,1,0.89013594
graphsage,2,32347,1,0,0.29727462
graphsage,2,64712,0,0,0.0011172153
graphsage,2,49375,1,1,0.99499387
graphsage,2,9908,1,1,0.7429014
graphsage,2,20530,0,0,0.00024013038
graphsage,2,44850,1,1,0.96841294
graphsage,2,8831,1,1,0.99974865
graphsage,2,17217,1,0,0.11777442
graphsage,2,69911,1,1,0.95692134
graphsage,2,4727,1,1,0.937355
graphsage,2,31274,1,0,0.4796218
graphsage,2,44447,1,0,0.17974246
graphsage,2,35790,1,0,0.056837544
graphsage,2,46370,0,0,0.039574306
graphsage,2,28484,0,0,0.0025842576
graphsage,2,28040,0,0,0.09293183
graphsage,2,2495,1,1,0.97591966
graphsage,2,26736,0,0,0.1418632
graphsage,2,65149,0,0,0.2945883
graphsage,2,59945,1,1,0.972728
graphsage,2,21351,1,1,0.9738332
graphsage,2,20785,1,1,0.9998099
graphsage,2,26581,0,0,0.010819398
graphsage,2,52761,0,0,0.007923311
graphsage,2,44080,1,1,0.94383925
graphsage,2,55533,1,1,0.9967325
graphsage,2,21673,0,0,1.6873426e-05
graphsage,2,3312,1,1,0.840758
graphsage,2,4270,0,0,0.005199273
graphsage,2,35121,0,1,0.9965958
graphsage,2,58989,1,1,0.9787242
graphsage,2,25385,0,0,0.018634329
graphsage,2,42001,0,0,0.013192593
graphsage,2,20882,1,0,0.41518646
graphsage,2,62929,0,0,0.036484152
graphsage,2,46471,1,1,0.99837047
graphsage,2,7486,0,0,0.024896985
graphsage,2,3757,1,1,0.9846277
graphsage,2,31160,0,0,7.11917e-05
graphsage,2,62544,1,0,0.4312942
graphsage,2,9714,0,0,0.04246115
graphsage,2,41272,0,0,0.004866861
graphsage,2,68716,1,1,0.9999033
graphsage,2,54390,1,1,0.6916235
graphsage,2,9473,0,0,0.032922685
graphsage,2,24882,0,0,0.0005180057
graphsage,2,26773,1,1,0.998628
graphsage,2,50471,1,1,0.98725337
graphsage,2,36924,0,0,0.056606356
graphsage,2,27962,1,1,0.99937254
graphsage,2,7254,0,0,0.11265157
graphsage,2,46779,0,0,0.13732775
graphsage,2,4965,0,0,0.03767221
graphsage,2,20113,0,0,8.308501e-05
graphsage,2,37250,0,0,0.006133888
graphsage,2,3704,0,1,0.787459
graphsage,2,54069,1,1,0.9990439
graphsage,2,43068,1,1,0.9998895
graphsage,2,6441,1,1,0.75603986
graphsage,2,63592,0,1,0.64675355
graphsage,2,24478,1,1,0.9970886
graphsage,2,37493,1,1,0.9424366
graphsage,2,36706,1,1,0.9992137
graphsage,2,59139,1,1,0.9916455
graphsage,2,3854,1,1,0.99077433
graphsage,2,16711,0,0,0.0017469757
graphsage,2,5874,0,0,0.0009781199
graphsage,2,43894,0,1,0.94563735
graphsage,2,38643,0,0,0.011789153
graphsage,2,53832,0,0,0.027378907
graphsage,2,44860,1,1,0.9988895
graphsage,2,48887,1,1,0.75603986
graphsage,2,47568,1,1,0.9998933
graphsage,2,18586,1,1,0.9996401
graphsage,2,19656,1,1,0.99994564
graphsage,2,24537,1,1,0.9487523
graphsage,2,34761,1,1,0.9998099
graphsage,2,63807,0,0,0.10957486
graphsage,2,41399,0,0,0.015591097
graphsage,2,10037,0,0,0.1475043
graphsage,2,51743,1,1,0.75603986
graphsage,2,71417,0,0,9.303851e-05
graphsage,2,50708,1,1,0.97841644
graphsage,2,60816,1,1,0.99387
graphsage,2,36576,0,1,0.7481885
graphsage,2,44115,1,1,0.9916747
graphsage,2,16405,0,0,0.022404993
graphsage,2,11997,1,1,0.99416286
graphsage,2,21028,0,0,0.023834117
graphsage,2,28597,1,0,0.31465918
graphsage,2,47133,1,1,0.98336434
graphsage,2,27619,1,1,0.79320174
graphsage,2,26645,0,0,0.06687588
graphsage,2,50168,0,0,0.018548142
graphsage,2,69755,1,1,0.72974545
graphsage,2,69212,0,0,0.119409055
graphsage,2,18104,1,1,0.5363367
graphsage,2,64332,1,1,0.6136392
graphsage,2,67038,1,1,0.9903888
graphsage,2,42678,0,0,0.0076456135
graphsage,2,5109,0,0,0.012182215
graphsage,2,35242,1,0,0.38042015
graphsage,2,56820,1,1,0.9999379
graphsage,2,23908,1,1,0.98638386
graphsage,2,60067,0,0,2.7989181e-05
graphsage,2,12551,1,1,0.97280306
graphsage,2,25171,1,1,0.9802421
graphsage,2,33059,0,0,0.0048768776
graphsage,2,54174,1,1,0.9996094
graphsage,2,5150,1,1,0.9969036
graphsage,2,69520,1,0,0.069306605
graphsage,2,35580,1,1,0.97360283
graphsage,2,4808,1,1,0.99972516
graphsage,2,38232,0,0,0.0021494147
graphsage,2,44624,0,0,0.0009623739
graphsage,2,27227,1,0,0.32223395
graphsage,2,47473,1,1,0.99944717
graphsage,2,52668,1,1,0.9999168
graphsage,2,66605,1,1,0.9809722
graphsage,2,28309,1,1,0.9814104
graphsage,2,46474,0,0,0.0045033707
graphsage,2,9304,0,0,3.4376113e-05
graphsage,2,5084,1,1,0.6562301
graphsage,2,47549,0,0,0.053539176
graphsage,2,12829,1,0,0.13759542
graphsage,2,19032,1,1,0.9999567
graphsage,2,13922,0,0,0.06889549
graphsage,2,37697,1,1,0.9962774
graphsage,2,23410,1,1,0.9939499
graphsage,2,64406,1,1,0.99952686
graphsage,2,9522,1,1,0.9143469
graphsage,2,44434,0,1,0.6300587
graphsage,2,26994,0,0,0.0003325006
graphsage,2,20746,1,1,0.99923337
graphsage,2,60958,1,1,0.93915296
graphsage,2,32111,0,0,0.0023212095
graphsage,2,58786,1,1,0.99453
graphsage,2,29181,1,1,0.93532276
graphsage,2,67321,0,0,0.005986722
graphsage,2,54481,1,1,0.9934128
graphsage,2,53968,1,1,0.88148314
graphsage,2,40418,0,0,0.03610795
graphsage,2,33851,0,0,0.010530318
graphsage,2,56258,1,0,0.28897586
graphsage,2,16134,0,0,0.35626528
graphsage,2,11010,1,1,0.9990107
graphsage,2,343,0,1,0.69103706
graphsage,2,57816,1,1,0.9990446
graphsage,2,52487,1,1,0.99511766
graphsage,2,18297,0,0,0.00046987907
graphsage,2,38076,1,1,0.9969351
graphsage,2,19850,0,0,0.09547198
graphsage,2,31784,0,0,0.0023188896
graphsage,2,59074,0,1,0.79102635
graphsage,2,22116,0,0,0.12553698
graphsage,2,9361,1,1,0.9869507
graphsage,2,50321,1,0,0.47904515
graphsage,2,61887,0,0,3.0498853e-05
graphsage,2,7585,1,1,0.999851
graphsage,2,10650,1,1,0.71049845
graphsage,2,61200,1,1,0.709927
graphsage,2,69293,1,1,0.99487054
graphsage,2,21701,1,1,0.98840487
graphsage,2,32233,0,0,0.0007408345
graphsage,2,66015,0,0,0.3432605
graphsage,2,64770,1,1,0.9997714
graphsage,2,7373,1,1,0.9996463
graphsage,2,63626,1,1,0.9048251
graphsage,2,60530,1,1,0.9992342
graphsage,2,51355,0,0,0.024022454
graphsage,2,38154,0,0,0.00138933
graphsage,2,54860,1,1,0.9991314
graphsage,2,70951,1,1,0.885447
graphsage,2,7628,1,1,0.9962121
graphsage,2,21170,0,0,0.44068158
graphsage,2,27809,1,1,0.9999094
graphsage,2,55163,0,0,0.07050717
graphsage,2,37891,1,1,0.9779142
graphsage,2,29083,0,0,0.18950424
graphsage,2,39967,1,1,0.99969566
graphsage,2,55262,0,0,0.007908249
graphsage,2,62049,1,1,0.9994956
graphsage,2,9858,1,1,0.75603986
graphsage,2,7068,1,1,0.991812
graphsage,2,16593,0,0,0.0020466195
graphsage,2,22454,0,0,0.00072958146
graphsage,2,7920,1,1,0.999992
graphsage,2,9095,1,1,0.99988735
graphsage,2,32485,0,0,0.00015250433
graphsage,2,69749,1,1,0.7299597
graphsage,2,2456,1,1,0.9998653
graphsage,2,24180,1,1,0.9998727
graphsage,2,29119,0,0,0.12858239
graphsage,2,55806,0,1,0.71055526
graphsage,2,26215,1,0,0.079465754
graphsage,2,69381,1,1,0.9985489
graphsage,2,68502,0,1,0.71172035
graphsage,2,35704,0,0,9.198573e-05
graphsage,2,5800,0,0,0.08987168
graphsage,2,64434,1,1,0.9991829
graphsage,2,5602,0,0,0.032923438
graphsage,2,2736,0,0,0.035614785
graphsage,2,17532,0,0,0.36460218
graphsage,2,43771,1,1,0.9999858
graphsage,2,41756,0,0,0.07824069
graphsage,2,4343,1,1,0.82679033
graphsage,2,40780,0,0,0.0030161408
graphsage,2,7867,0,0,0.11963262
graphsage,2,70319,1,1,0.80874336
graphsage,2,63447,0,0,0.040066548
graphsage,2,6171,0,0,0.00064296083
graphsage,2,18658,1,1,0.9978976
graphsage,2,27022,1,1,0.99890614
graphsage,2,15084,1,1,0.999816
graphsage,2,11828,1,1,0.9998436
graphsage,2,66468,1,1,0.98577464
graphsage,2,37154,0,0,8.1076505e-05
graphsage,2,66538,0,0,0.0025782431
graphsage,2,68410,0,0,0.00020755651
graphsage,2,49035,0,0,0.012837279
graphsage,2,35747,1,1,0.99645054
graphsage,2,36203,0,0,0.42159247
graphsage,2,40550,0,0,0.0551813
graphsage,2,23143,0,0,0.04527902
graphsage,2,31473,1,0,0.08086172
graphsage,2,49604,0,0,0.00041432757
graphsage,2,68724,1,0,0.27033597
graphsage,2,64284,0,0,0.050054844
graphsage,2,12009,0,0,0.39367235
graphsage,2,42845,1,1,0.9391725
graphsage,2,29646,0,0,0.00090367504
graphsage,2,36997,1,1,0.9972179
graphsage,2,8310,0,0,0.0022183363
graphsage,2,66250,1,1,0.9955577
graphsage,2,69140,0,1,0.9756766
graphsage,2,49838,1,1,0.9548832
graphsage,2,70903,0,0,0.0050249486
graphsage,2,26477,1,0,0.11638232
graphsage,2,11905,0,0,0.00017681223
graphsage,2,30812,1,1,0.99963355
graphsage,2,8735,0,0,0.003510479
graphsage,2,31138,0,0,0.12396721
graphsage,2,13199,0,0,0.4583493
graphsage,2,60988,1,1,0.9998876
graphsage,2,64103,0,0,0.0006744778
graphsage,2,52167,0,0,0.020437526
graphsage,2,22928,1,0,0.3683211
graphsage,2,20989,1,1,0.99596125
graphsage,2,4306,0,0,0.00031233698
graphsage,2,54857,0,0,0.076721184
graphsage,2,51574,1,1,0.9821545
graphsage,2,24663,1,1,0.99888283
graphsage,2,16648,1,1,0.9999684
graphsage,2,3101,0,0,0.090733476
graphsage,2,10139,0,1,0.65862453
graphsage,2,8872,0,0,0.0017763737
graphsage,2,37880,0,0,0.0043730964
graphsage,2,4345,1,1,0.9987557
graphsage,2,14643,0,0,0.06152834
graphsage,2,16835,0,0,0.0076441844
graphsage,2,65871,0,0,0.053667698
graphsage,2,15626,0,0,0.017961834
graphsage,2,15542,0,0,0.00031019977
graphsage,2,36838,1,1,0.9916324
graphsage,2,42293,0,0,0.00042834887
graphsage,2,23694,0,0,0.0022252284
graphsage,2,50337,0,0,0.0010607438
graphsage,2,70955,0,0,0.010593395
graphsage,2,11371,0,0,0.0010888677
graphsage,2,66503,0,0,0.0051731686
graphsage,2,22633,1,1,0.5412805
graphsage,2,61198,1,1,0.5264533
graphsage,2,29768,0,0,0.37198848
graphsage,2,14577,0,0,0.0083695585
graphsage,2,42129,1,1,0.99850637
graphsage,2,22501,1,1,0.9772504
graphsage,2,9721,0,0,0.00033406867
graphsage,2,9403,0,0,0.0013669826
graphsage,2,57234,1,1,0.71528274
graphsage,2,60817,0,0,0.04017253
graphsage,2,31868,1,1,0.99579585
graphsage,2,30493,1,1,0.9809722
graphsage,2,23466,0,0,0.00043905745
graphsage,2,8083,0,0,0.012486895
graphsage,2,36748,1,1,0.6130031
graphsage,2,8055,0,0,0.0058755293
graphsage,2,33655,0,0,0.0029675427
graphsage,2,50159,1,1,0.9675693
graphsage,2,18855,1,1,0.99976164
graphsage,2,70400,1,1,0.75603986
graphsage,2,36614,1,1,0.99747664
graphsage,2,15432,1,1,0.9995485
graphsage,2,62348,1,1,0.9811333
graphsage,2,15822,0,0,0.0026029376
graphsage,2,34585,0,0,0.0004874748
graphsage,2,39240,0,0,0.09943015
graphsage,2,8968,1,1,0.9999485
graphsage,2,42516,1,1,0.99744296
graphsage,2,18846,1,1,0.99995565
graphsage,2,67682,1,1,0.99986875
graphsage,2,15179,1,1,0.999521
graphsage,2,20732,1,1,0.7486598
graphsage,2,3532,1,1,0.9472519
graphsage,2,38587,0,0,0.0004995958
graphsage,2,41431,0,0,1.7685818e-06
graphsage,2,58533,0,0,0.0014687518
graphsage,2,16368,0,0,0.002295412
graphsage,2,50285,1,1,0.8695208
graphsage,2,16751,1,1,0.99793303
graphsage,2,55524,1,1,0.9921227
graphsage,2,49478,1,1,0.992326
graphsage,2,56055,0,0,0.00036228707
graphsage,2,8044,0,0,0.0051243855
graphsage,2,66516,1,0,0.08842507
graphsage,2,24727,1,1,0.50498
graphsage,2,35077,1,1,0.75603986
graphsage,2,49573,0,0,0.005295669
graphsage,2,30663,1,1,0.9949018
graphsage,2,17504,0,0,0.009282425
graphsage,2,1674,1,1,0.6254393
graphsage,2,66747,0,0,0.00014605046
graphsage,2,52047,1,1,0.99964523
graphsage,2,1594,1,1,0.99939036
graphsage,2,50817,1,1,0.9999887
graphsage,2,44119,0,0,0.2895437
graphsage,2,2134,0,0,0.052845336
graphsage,2,35315,1,1,0.9383575
graphsage,2,59319,0,0,0.011142899
graphsage,2,57383,1,1,0.9934256
graphsage,2,28337,1,1,0.9982558
graphsage,2,48690,1,1,0.99168044
graphsage,2,35662,1,1,0.8875839
graphsage,2,54986,1,1,0.75603986
graphsage,2,67201,0,0,0.10931019
graphsage,2,32116,1,1,0.9933522
graphsage,2,72003,1,1,0.999944
graphsage,2,30255,1,1,0.9274701
graphsage,2,68282,0,0,0.00022719822
graphsage,2,60481,1,1,0.9485705
graphsage,2,46772,1,0,0.4331604
graphsage,2,20176,1,1,0.99959975
graphsage,2,5321,0,0,0.0047809845
graphsage,2,18071,0,0,0.00073268695
graphsage,2,67428,1,1,0.9752641
graphsage,2,62628,1,1,0.97387654
graphsage,2,19551,1,1,0.75603986
graphsage,2,6127,1,0,0.07675105
graphsage,2,69151,0,0,0.24970968
graphsage,2,32742,0,0,0.0001812884
graphsage,2,9143,1,1,0.9346153
graphsage,2,294,1,1,0.97919333
graphsage,2,47901,0,0,0.0030451396
graphsage,2,53254,0,0,0.027014878
graphsage,2,68303,1,1,0.9998503
graphsage,2,15398,0,0,0.00024689507
graphsage,2,53814,0,0,0.057883494
graphsage,2,29812,0,0,0.009342631
graphsage,2,24575,1,1,0.9997003
graphsage,2,70785,1,1,0.99999607
graphsage,2,7907,0,0,0.27410907
graphsage,2,37313,0,0,0.0033342375
graphsage,2,37700,1,1,0.99567103
graphsage,2,25286,0,0,0.0050650495
graphsage,2,28364,1,1,0.90791905
graphsage,2,42377,0,1,0.86573935
graphsage,2,60310,0,1,0.5669865
graphsage,2,39472,1,1,0.67092305
graphsage,2,59837,0,0,0.108295575
graphsage,2,5781,1,1,0.86885226
graphsage,2,18945,0,0,8.0319305e-06
graphsage,2,52563,0,0,0.3527229
graphsage,2,40228,1,1,0.7150144
graphsage,2,15160,0,0,0.0054931776
graphsage,2,42544,1,1,0.99922645
graphsage,2,55972,0,0,0.016317258
graphsage,2,60168,1,1,0.54218376
graphsage,2,12424,1,1,0.98102874
graphsage,2,51820,0,0,0.0006886481
graphsage,2,25620,0,0,0.43466273
graphsage,2,53516,1,1,0.9999212
graphsage,2,44352,1,1,0.9935774
graphsage,2,70336,0,0,0.068584144
graphsage,2,20522,1,1,0.881876
graphsage,2,42205,1,1,0.99714714
graphsage,2,66144,1,0,0.23408136
graphsage,2,63067,0,0,0.1470371
graphsage,2,23801,0,0,0.00016731625
graphsage,2,33800,1,1,0.99791926
graphsage,2,26986,0,0,0.00014223914
graphsage,2,64442,1,0,0.32449624
graphsage,2,20702,1,1,0.99105936
graphsage,2,47794,0,0,0.0022512707
graphsage,2,56341,0,0,0.00011183551
graphsage,2,1316,1,1,0.9607917
graphsage,2,21233,0,1,0.58522934
graphsage,2,41373,1,0,0.4210353
graphsage,2,45254,1,1,0.983102
graphsage,2,2525,1,1,0.99000484
graphsage,2,16493,1,1,0.84462655
graphsage,2,28569,0,1,0.885184
graphsage,2,20803,1,1,0.80809796
graphsage,2,23494,1,1,0.75603986
graphsage,2,24443,0,0,0.070939444
graphsage,2,41283,1,1,0.9971187
graphsage,2,41636,0,1,0.75519466
graphsage,2,66357,0,0,0.0042186556
graphsage,2,68046,1,1,0.99454415
graphsage,2,42276,1,1,0.99931335
graphsage,2,3663,0,0,0.10448051
graphsage,2,64788,1,1,0.9961163
graphsage,2,54316,1,0,0.32042795
graphsage,2,13459,0,0,0.14237702
graphsage,2,34467,0,0,0.02526979
graphsage,2,17555,0,0,1.8196002e-05
graphsage,2,4677,0,0,0.0014488132
graphsage,2,53764,1,1,0.9945227
graphsage,2,25559,1,1,0.9935388
graphsage,2,71154,1,1,0.9336554
graphsage,2,62699,0,0,0.003134721
graphsage,2,49762,0,0,0.01742903
graphsage,2,25962,0,0,0.02112253
graphsage,2,22721,1,1,0.99491394
graphsage,2,56975,0,0,0.017400628
graphsage,2,29533,0,0,0.06048208
graphsage,2,47218,1,1,0.98747927
graphsage,2,50095,0,0,0.0031284587
graphsage,2,17337,0,0,0.00012318378
graphsage,2,13066,1,1,0.9995548
graphsage,2,28465,0,0,0.054651283
graphsage,2,21559,0,0,0.0007737354
graphsage,2,9662,0,0,4.086242e-05
graphsage,2,55025,0,0,0.0041011265
graphsage,2,11379,1,1,0.99950385
graphsage,2,3799,1,1,0.9196624
graphsage,2,29286,1,1,0.9990387
graphsage,2,9605,1,1,0.8188776
graphsage,2,5314,0,0,0.025247877
graphsage,2,55919,1,1,0.9940923
graphsage,2,17034,1,1,0.99922764
graphsage,2,11736,0,0,0.019370975
graphsage,2,3419,0,0,0.0002102759
graphsage,2,65572,1,1,0.9941976
graphsage,2,27812,1,1,0.99885595
graphsage,2,62467,0,1,0.8729888
graphsage,2,48242,1,1,0.9742978
graphsage,2,58350,1,1,0.8264338
graphsage,2,3525,0,0,0.1537504
graphsage,2,62174,0,0,0.00076475245
graphsage,2,59163,0,0,0.28175512
graphsage,2,32881,0,0,0.39531657
graphsage,2,31875,1,1,0.9971009
graphsage,2,69102,0,0,0.012347121
graphsage,2,42337,1,1,0.9547049
graphsage,2,6972,1,1,0.95395684
graphsage,2,3448,1,1,0.998923
graphsage,2,59546,1,1,0.8590447
graphsage,2,29144,1,1,0.9904274
graphsage,2,34414,1,1,0.9997292
graphsage,2,44186,1,1,0.9999759
graphsage,2,68076,0,0,0.00028466852
graphsage,2,63585,1,1,0.9921705
graphsage,2,62758,1,1,0.9118981
graphsage,2,26438,0,0,0.207068
graphsage,2,46758,0,1,0.78854626
graphsage,2,13148,1,1,0.9842227
graphsage,2,45762,1,1,0.53584
graphsage,2,56484,0,1,0.7772898
graphsage,2,70378,0,0,0.062154677
graphsage,2,12850,0,0,0.0026501666
graphsage,2,38223,0,0,0.0070667285
graphsage,2,50415,1,1,0.998976
graphsage,2,39379,0,0,0.009794184
graphsage,2,37711,0,0,0.002854199
graphsage,2,12611,0,0,0.0007890336
graphsage,2,14733,0,0,0.0037097598
graphsage,2,25547,1,1,0.8780507
graphsage,2,10997,0,0,0.01568128
graphsage,2,220,1,1,0.96458787
graphsage,2,71548,0,0,0.03617609
graphsage,2,20911,1,1,0.9990369
graphsage,2,65449,1,1,0.99997616
graphsage,2,45135,1,1,0.86540735
graphsage,2,36366,0,0,7.910144e-05
graphsage,2,54585,0,0,0.00015519946
graphsage,2,213,0,0,0.032663744
graphsage,2,25274,0,1,0.9980393
graphsage,2,41036,0,0,0.049823422
graphsage,2,7913,0,0,0.007032869
graphsage,2,10045,1,0,0.33649766
graphsage,2,70573,1,1,0.94600123
graphsage,2,53183,0,0,0.16295962
graphsage,2,61247,1,1,0.99115235
graphsage,2,2972,1,0,0.36915758
graphsage,2,4446,0,1,0.73908675
graphsage,2,16307,1,1,0.9878853
graphsage,2,49976,1,1,0.99511284
graphsage,2,18289,0,0,0.0016462073
graphsage,2,56800,0,0,0.001057824
graphsage,2,70989,1,1,0.99999213
graphsage,2,13711,0,0,0.07144548
graphsage,2,9991,0,1,0.9118779
graphsage,2,47252,0,0,0.28493166
graphsage,2,68383,1,1,0.91076595
graphsage,2,18129,0,0,0.0034066977
graphsage,2,60467,1,1,0.9991412
graphsage,2,946,0,0,0.1588743
graphsage,2,54138,1,1,0.9967722
graphsage,2,31949,1,1,0.95488864
graphsage,2,22984,0,0,0.005683056
graphsage,2,39788,1,1,0.9958007
graphsage,2,46967,1,1,0.8752714
graphsage,2,43199,1,1,0.9999566
graphsage,2,58897,1,1,0.9980379
graphsage,2,51464,1,1,0.825923
graphsage,2,11039,1,1,0.99888664
graphsage,2,9256,1,1,0.90596604
graphsage,2,27777,1,1,0.99997365
graphsage,2,39495,0,0,0.0012605432
graphsage,2,8830,1,1,0.91211593
graphsage,2,3298,0,0,0.0063098003
graphsage,2,30714,1,1,0.8732462
graphsage,2,69758,1,1,0.69488174
graphsage,2,60405,1,1,0.9221776
graphsage,2,53958,1,1,0.9992298
graphsage,2,59989,1,1,0.99809545
graphsage,2,69414,1,1,0.9998925
graphsage,2,53441,1,1,0.5047799
graphsage,2,54320,1,1,0.9950643
graphsage,2,26174,1,1,0.99788636
graphsage,2,60436,1,0,0.10115238
graphsage,2,58793,1,1,0.9998221
graphsage,2,27144,1,1,0.99850935
graphsage,2,9428,0,0,0.0059421705
graphsage,2,14123,1,1,0.9999397
graphsage,2,6584,1,1,0.99896646
graphsage,2,11265,0,0,5.180812e-06
graphsage,2,64110,1,1,0.9825713
graphsage,2,66480,0,1,0.8745478
graphsage,2,63594,1,0,0.39190543
graphsage,2,44289,0,0,0.07441363
graphsage,2,23426,0,0,0.16372201
graphsage,2,39764,1,1,0.9254953
graphsage,2,48022,0,0,0.0033021178
graphsage,2,48672,0,1,0.6525079
graphsage,2,6814,1,1,0.997866
graphsage,2,58967,1,1,0.996232
graphsage,2,9956,1,0,0.4238972
graphsage,2,6027,0,0,0.037592694
graphsage,2,924,1,1,0.53849894
graphsage,2,60254,1,1,0.99632794
graphsage,2,4979,1,1,0.9698771
graphsage,2,38027,1,1,0.99839884
graphsage,2,70682,0,0,0.0015985334
graphsage,2,45323,0,0,0.07081363
graphsage,2,27917,1,1,0.99995327
graphsage,2,14964,1,1,0.997795
graphsage,2,24020,0,0,0.083195925
graphsage,2,68859,1,1,0.983973
graphsage,2,30592,1,1,0.848681
graphsage,2,69309,0,0,0.12738101
graphsage,2,23179,0,0,0.0032013648
graphsage,2,48569,1,1,0.9861822
graphsage,2,69376,1,1,0.98432124
graphsage,2,31015,0,0,0.012198648
graphsage,2,65373,1,1,0.9969597
graphsage,2,19397,1,1,0.98031
graphsage,2,53772,1,1,0.9994267
graphsage,2,6879,0,0,0.008931098
graphsage,2,42188,1,1,0.85123676
graphsage,2,17761,0,0,0.00019871289
graphsage,2,57691,0,0,0.08377947
graphsage,2,16076,1,1,0.993024
graphsage,2,41672,1,1,0.7741314
graphsage,2,41476,0,0,0.08870655
graphsage,2,69941,0,0,0.10681312
graphsage,2,52435,0,0,0.00446764
graphsage,2,67823,0,0,0.0006923549
graphsage,2,63348,0,0,0.0021083911
graphsage,2,52372,1,1,0.99690944
graphsage,2,45503,0,0,0.029111275
graphsage,2,57116,0,1,0.60634315
graphsage,2,56082,0,0,0.00050613226
graphsage,2,40586,0,0,0.0017272729
graphsage,2,16014,0,0,0.021147134
graphsage,2,11085,1,0,0.2052275
graphsage,2,71004,0,1,0.946456
graphsage,2,22549,1,1,0.9607938
graphsage,2,25068,1,1,0.9953589
graphsage,2,2385,0,1,0.7856929
graphsage,2,18126,0,0,0.00019772102
graphsage,2,12026,0,1,0.6286805
graphsage,2,59183,0,0,0.0008841866
graphsage,2,8180,1,1,0.98675364
graphsage,2,64386,0,0,0.00029820486
graphsage,2,51869,1,1,0.978874
graphsage,2,43793,1,1,0.80171734
graphsage,2,31476,0,0,0.007848917
graphsage,2,49171,1,1,0.99982244
graphsage,2,69392,0,0,7.881766e-05
graphsage,2,67113,0,0,0.1464286
graphsage,2,25673,1,1,0.9999176
graphsage,2,66189,1,1,0.62864244
graphsage,2,24176,0,0,0.41197446
graphsage,2,10872,1,1,0.99349654
graphsage,2,49351,1,1,0.984929
graphsage,2,69835,1,1,0.99939346
graphsage,2,53146,0,0,0.00019273147
graphsage,2,35150,0,0,0.0025288754
graphsage,2,40199,0,0,0.0053076367
graphsage,2,40430,1,1,0.99997544
graphsage,2,2785,0,0,0.008629455
graphsage,2,41419,0,0,0.042016875
graphsage,2,41875,1,1,0.70419645
graphsage,2,13200,1,1,0.9798148
graphsage,2,26456,1,0,0.4355696
graphsage,2,28030,0,0,9.798347e-05
graphsage,2,63568,1,1,0.9988066
graphsage,2,38538,1,1,0.61444503
graphsage,2,15841,1,1,0.90101486
graphsage,2,46660,0,0,0.0065717595
graphsage,2,58949,1,1,0.9112947
graphsage,2,51923,0,0,0.0003593844
graphsage,2,25341,0,0,0.002067248
graphsage,2,68759,1,1,0.5666218
graphsage,2,35011,0,0,0.0051005636
graphsage,2,58519,1,1,0.99994385
graphsage,2,57705,1,1,0.8569647
graphsage,2,60152,0,0,0.105327375
graphsage,2,12192,0,0,0.020402053
graphsage,2,36669,1,0,0.39822328
graphsage,2,3214,0,0,0.0016129276
graphsage,2,12835,1,1,0.9996407
graphsage,2,50036,1,1,0.9475025
graphsage,2,13503,1,1,0.9998159
graphsage,2,61309,0,0,0.22158812
graphsage,2,57630,0,0,0.04766955
graphsage,2,39730,0,1,0.5023439
graphsage,2,19728,1,1,0.9962579
graphsage,2,27713,0,0,0.01942317
graphsage,2,71853,0,0,0.002688713
graphsage,2,36059,1,1,0.96169186
graphsage,2,26706,0,0,0.09689557
graphsage,2,61585,0,0,0.0006598485
graphsage,2,10372,1,1,0.9882641
graphsage,2,66452,0,0,0.046966102
graphsage,2,32187,0,0,0.12009189
graphsage,2,567,0,0,0.056872215
graphsage,2,67880,0,0,0.0005239667
graphsage,2,71811,1,1,0.787408
graphsage,2,48176,1,1,0.999233
graphsage,2,49036,1,1,0.982989
graphsage,2,41363,0,0,0.002472234
graphsage,2,56572,0,1,0.81862515
graphsage,2,65225,0,0,0.27916726
graphsage,2,70403,0,1,0.8583064
graphsage,2,65148,1,1,0.9918555
graphsage,2,47770,0,1,0.6615909
graphsage,2,31671,1,1,0.9836373
graphsage,2,47680,1,1,0.99907315
graphsage,2,48523,0,0,0.0048655197
graphsage,2,58922,1,1,0.732433
graphsage,2,39665,0,0,0.015280059
graphsage,2,8706,1,1,0.9945281
graphsage,2,45333,0,0,0.030714419
graphsage,2,29331,0,0,0.00016650108
graphsage,2,19807,0,0,0.00027416775
graphsage,2,43414,0,1,0.80380785
graphsage,2,48545,1,1,0.9506994
graphsage,2,33952,0,0,0.015192302
graphsage,2,60072,0,0,0.0018690831
graphsage,2,37636,1,1,0.97295636
graphsage,2,13050,0,0,0.010739782
graphsage,2,40466,0,1,0.58065736
graphsage,2,22129,0,0,0.22903141
graphsage,2,30001,1,0,0.39757273
graphsage,2,12150,1,1,0.9996605
graphsage,2,67985,1,1,0.99857914
graphsage,2,10678,1,0,0.020990046
graphsage,2,15617,1,1,0.9999124
graphsage,2,31115,1,1,0.98728126
graphsage,2,38934,0,0,0.0038319735
graphsage,2,64193,0,1,0.94517267
graphsage,2,59790,1,1,0.9997491
graphsage,2,17132,0,0,0.061512534
graphsage,2,59542,0,0,0.015904823
graphsage,2,47397,1,1,0.99921155
graphsage,2,24185,1,1,0.9994999
graphsage,2,59230,1,1,0.9999844
graphsage,2,44055,0,0,7.4796575e-05
graphsage,2,1855,0,0,0.04464915
graphsage,2,22970,0,0,0.015871214
graphsage,2,57784,0,0,0.0023267118
graphsage,2,18810,1,1,0.9987784
graphsage,2,57947,1,0,0.053961948
graphsage,2,24879,0,0,0.0004328295
graphsage,2,51725,0,0,0.0029675427
graphsage,2,24527,0,1,0.85611933
graphsage,2,52439,1,1,0.999969
graphsage,2,16643,0,0,0.0009512976
graphsage,2,15668,0,0,0.004992715
graphsage,2,11026,0,0,0.031888098
graphsage,2,21884,0,1,0.8021975
graphsage,2,2813,1,1,0.88207644
graphsage,2,7767,1,1,0.9999709
graphsage,2,68095,0,0,0.054101337
graphsage,2,68196,1,1,0.99976665
graphsage,2,63291,1,1,0.98877966
graphsage,2,10138,0,0,0.0069984416
graphsage,2,29066,1,1,0.9942192
graphsage,2,2764,0,0,3.2657765e-05
graphsage,2,53837,1,1,0.9976392
graphsage,2,4495,0,0,0.0032469106
graphsage,2,38541,0,0,0.048701264
graphsage,2,47828,0,0,0.00021977205
graphsage,2,7487,1,1,0.9619307
graphsage,2,4258,1,1,0.9506817
graphsage,2,4418,0,0,0.052189156
graphsage,2,3321,1,1,0.6311976
graphsage,2,23714,0,0,0.0010796346
graphsage,2,69272,0,0,0.03715989
graphsage,2,26348,0,0,0.00018109735
graphsage,2,54307,0,0,0.00018498853
graphsage,2,55947,0,0,0.006491597
graphsage,2,66738,1,1,0.94151765
graphsage,2,20247,0,0,1.2591626e-05
graphsage,2,38962,0,0,0.0021939718
graphsage,2,47275,0,0,0.00014104224
graphsage,2,16732,1,1,0.9999975
graphsage,2,48335,1,1,0.8567766
graphsage,2,60565,1,1,0.9831012
graphsage,2,48680,0,0,0.0007310546
graphsage,2,3495,1,1,0.87901896
graphsage,2,48211,0,0,0.025286473
graphsage,2,27587,1,1,0.99054575
graphsage,2,38848,1,1,0.74202913
graphsage,2,25756,1,1,0.8546723
graphsage,2,69079,1,1,0.9439327
graphsage,2,11761,1,1,0.99174154
graphsage,2,48329,1,1,0.99760026
graphsage,2,10853,0,0,0.00118282
graphsage,2,60374,0,0,6.278433e-05
graphsage,2,1949,1,1,0.9517084
graphsage,2,523,0,0,0.0001798115
graphsage,2,69282,0,0,0.08016325
graphsage,2,66763,1,1,0.9999237
graphsage,2,12488,1,1,0.9997857
graphsage,2,30791,0,0,0.19838029
graphsage,2,64365,1,0,0.0882818
graphsage,2,42091,0,0,0.0031663224
graphsage,2,61439,0,0,0.0050350665
graphsage,2,5405,1,1,0.99998415
graphsage,2,38667,1,1,0.9993963
graphsage,2,24616,0,0,0.007649887
graphsage,2,23830,1,1,0.9851718
graphsage,2,11586,1,1,0.99920434
graphsage,2,566,1,1,0.9988844
graphsage,2,18052,1,1,0.9978763
graphsage,2,30719,0,0,0.07721636
graphsage,2,52382,1,1,0.73813844
graphsage,2,50679,1,1,0.9993104
graphsage,2,746,0,0,0.058563784
graphsage,2,65696,0,0,0.004641881
graphsage,2,68484,1,1,0.9986644
graphsage,2,68519,1,1,0.9219762
graphsage,2,66518,0,1,0.85694975
graphsage,2,12836,0,0,0.004739969
graphsage,2,6753,1,1,0.99930084
graphsage,2,68679,1,1,0.9983413
graphsage,2,65898,1,1,0.9998499
graphsage,2,66813,0,0,0.04681405
graphsage,2,41280,0,0,0.001958848
graphsage,2,41152,0,0,0.0011196218
graphsage,2,56386,1,1,0.97740763
graphsage,2,24890,0,0,0.16985683
graphsage,2,18827,1,1,0.99983084
graphsage,2,26749,0,0,0.019777087
graphsage,2,17197,0,0,0.027397921
graphsage,2,71047,1,1,0.8501969
graphsage,2,8690,1,1,0.9958544
graphsage,2,15246,0,0,0.004394683
graphsage,2,19168,0,0,0.018703375
graphsage,2,2023,1,1,0.99985063
graphsage,2,16570,0,0,0.0020819986
graphsage,2,37620,0,0,0.0239551
graphsage,2,40497,0,0,0.0058289445
graphsage,2,28905,1,1,0.98951423
graphsage,2,8200,1,1,0.9937943
graphsage,2,13816,1,1,0.9997489
graphsage,2,33670,0,0,0.46960285
graphsage,2,40628,1,1,0.9980422
graphsage,2,19007,0,0,0.07376645
graphsage,2,65881,0,0,0.4613256
graphsage,2,2956,0,0,0.008656286
graphsage,2,40210,0,1,0.93367255
graphsage,2,65680,0,0,4.9317652e-05
graphsage,2,20000,0,0,0.0016461727
graphsage,2,1955,1,1,0.9942022
graphsage,2,9136,1,1,0.9991374
graphsage,2,62519,1,1,0.72146696
graphsage,2,8485,1,1,0.96458954
graphsage,2,60364,1,1,0.9946802
graphsage,2,57745,0,0,0.000185248
graphsage,2,12741,0,0,0.0011573291
graphsage,2,54536,1,1,0.9999465
graphsage,2,20799,0,0,1.403422e-05
graphsage,2,71558,1,1,0.5550204
graphsage,2,70448,1,1,0.9999654
graphsage,2,54785,1,1,0.99989307
graphsage,2,17724,1,1,0.9908909
graphsage,2,4305,0,0,0.30104166
graphsage,2,2536,1,1,0.99992466
graphsage,2,56637,1,1,0.9920257
graphsage,2,11109,0,0,0.034537263
graphsage,2,60116,1,1,0.9999951
graphsage,2,54233,1,1,0.9613235
graphsage,2,66035,1,1,0.9999175
graphsage,2,17379,1,1,0.6841307
graphsage,2,1360,0,0,0.14642929
graphsage,2,25313,1,1,0.99982554
graphsage,2,63395,1,1,0.99996316
graphsage,2,14248,1,1,0.923474
graphsage,2,68598,0,0,0.002615802
graphsage,2,70907,1,1,0.71474344
graphsage,2,20910,1,1,0.99849725
graphsage,2,20039,1,1,0.9980611
graphsage,2,33440,0,0,0.016058506
graphsage,2,23556,1,1,0.99878997
graphsage,2,67380,0,0,0.0942857
graphsage,2,13822,0,0,0.0010535236
graphsage,2,49388,1,1,0.9995198
graphsage,2,71534,0,0,0.00029714825
graphsage,2,49042,1,1,0.96954983
graphsage,2,65450,1,1,0.9601436
graphsage,2,4539,0,0,0.015053188
graphsage,2,40499,0,0,0.0039317827
graphsage,2,37785,0,0,0.046725575
graphsage,2,3439,1,1,0.9997857
graphsage,2,5237,0,0,0.008151452
graphsage,2,36327,0,0,0.051490307
graphsage,2,60184,1,1,0.9871292
graphsage,2,60022,0,0,0.0006795579
graphsage,2,45819,1,1,0.9270965
graphsage,2,23848,1,1,0.9760503
graphsage,2,68974,0,0,0.018453669
graphsage,2,52210,1,1,0.999752
graphsage,2,33839,0,0,6.860483e-05
graphsage,2,64690,1,1,0.9980513
graphsage,2,18342,0,0,0.001700015
graphsage,2,12975,0,0,0.04291187
graphsage,2,69886,1,1,0.9986634
graphsage,2,47336,0,0,9.00859e-06
graphsage,2,48806,1,1,0.82412773
graphsage,2,43224,1,1,0.9998908
graphsage,2,39748,1,1,0.99240583
graphsage,2,20205,0,0,0.00049619103
graphsage,2,19439,1,0,0.3059773
graphsage,2,51381,0,0,0.0007875789
graphsage,2,67643,1,1,0.9771781
graphsage,2,66385,1,1,0.99993336
graphsage,2,4618,1,1,0.99088216
graphsage,2,21931,1,1,0.9685356
graphsage,2,25224,1,1,0.95395684
graphsage,2,68193,1,1,0.99755245
graphsage,2,12521,0,0,0.002651397
graphsage,2,3707,0,0,0.001647692
graphsage,2,25588,0,0,0.3973409
graphsage,2,33491,1,1,0.99832183
graphsage,2,3279,1,1,0.99972826
graphsage,2,2239,1,1,0.99752337
graphsage,2,44524,0,0,0.019551085
graphsage,2,7032,1,1,0.9999124
graphsage,2,8325,0,0,0.008652836
graphsage,2,41883,0,0,0.003175504
graphsage,2,9360,0,1,0.8554523
graphsage,2,66719,0,1,0.68603367
graphsage,2,52459,0,0,0.014063965
graphsage,2,24065,0,0,7.4181145e-05
graphsage,2,45530,0,0,0.001146385
graphsage,2,18737,1,1,0.9999088
graphsage,2,24332,1,1,0.8234087
graphsage,2,54310,0,0,0.008992038
graphsage,2,10057,0,0,0.004966702
graphsage,2,51616,0,0,0.0009215547
graphsage,2,28916,1,1,0.61912227
graphsage,2,54,0,0,0.06198828
graphsage,2,36413,1,1,0.99868673
graphsage,2,44497,1,1,0.9974406
graphsage,2,35143,1,1,0.9981146
graphsage,2,27670,1,1,0.9131524
graphsage,2,26624,0,1,0.85713404
graphsage,2,42161,1,1,0.9999503
graphsage,2,33365,1,1,0.99963737
graphsage,2,23048,0,0,0.028381309
graphsage,2,48883,0,0,0.00084507064
graphsage,2,26927,0,0,0.008762328
graphsage,2,42948,0,0,0.0004830168
graphsage,2,71789,1,1,0.9899478
graphsage,2,25563,1,1,0.9678757
graphsage,2,38717,0,0,0.0003946366
graphsage,2,6567,0,0,0.41180378
graphsage,2,17586,0,0,3.345219e-05
graphsage,2,56907,1,1,0.9715186
graphsage,2,13457,0,0,0.0075229364
graphsage,2,52644,1,1,0.9976173
graphsage,2,46842,1,1,0.9994399
graphsage,2,8828,0,0,0.00063308224
graphsage,2,30831,1,1,0.992967
graphsage,2,53142,0,0,0.4240173
graphsage,2,25057,1,1,0.999943
graphsage,2,45432,0,0,0.021771504
graphsage,2,31525,0,0,0.00027502753
graphsage,2,1716,1,1,0.925763
graphsage,2,71712,1,1,0.9832834
graphsage,2,48356,1,1,0.99976164
graphsage,2,9748,0,0,0.000116972544
graphsage,2,10100,1,1,0.96119785
graphsage,2,6061,1,1,0.9842265
graphsage,2,69827,1,1,0.9994142
graphsage,2,4977,1,1,0.9985511
graphsage,2,58919,1,0,0.028368436
graphsage,2,57910,0,0,0.0035290131
graphsage,2,11957,1,1,0.99783236
graphsage,2,56197,1,1,0.9994061
graphsage,2,52815,0,0,0.00019160497
graphsage,2,21538,0,0,0.012390867
graphsage,2,15496,0,0,0.0423789
graphsage,2,2837,1,1,0.9993445
graphsage,2,69916,1,1,0.9623166
graphsage,2,50972,1,1,0.9527349
graphsage,2,50560,0,0,0.025176028
graphsage,2,47484,0,0,0.018779667
graphsage,2,21226,1,1,0.94216794
graphsage,2,33985,0,0,0.00048306084
graphsage,2,48110,1,1,0.98109597
graphsage,2,133,0,0,0.0752977
graphsage,2,41936,0,0,0.0014618796
graphsage,2,12368,1,1,0.99920964
graphsage,2,35508,1,1,0.9996717
graphsage,2,33116,0,0,0.07974365
graphsage,2,62361,1,1,0.98881465
graphsage,2,65788,1,1,0.98691607
graphsage,2,12789,1,1,0.7453241
graphsage,2,30272,1,1,0.99924564
graphsage,2,48241,0,0,0.016525147
graphsage,2,37189,0,0,0.00022356019
graphsage,2,70022,1,1,0.9879654
graphsage,2,31877,1,1,0.98521036
graphsage,2,9763,1,1,0.9999634
graphsage,2,17298,0,1,0.930317
graphsage,2,29498,1,1,0.9994567
graphsage,2,53292,0,0,0.48406076
graphsage,2,10188,1,1,0.8774655
graphsage,2,21738,1,1,0.986142
graphsage,2,886,0,0,0.006604503
graphsage,2,25820,1,1,0.9957782
graphsage,2,28295,1,1,0.9860363
graphsage,2,59969,0,0,0.016196283
graphsage,2,313,0,0,0.0046516736
graphsage,2,55709,0,0,0.0024800058
graphsage,2,22857,1,1,0.9827389
graphsage,2,62624,0,0,7.450513e-05
graphsage,2,18447,1,1,0.9982817
graphsage,2,39758,1,1,0.94573426
graphsage,2,26516,0,0,0.0045551364
graphsage,2,63266,0,0,0.0029692021
graphsage,2,29649,0,0,0.020779898
graphsage,2,23806,0,0,0.098166585
graphsage,2,68203,1,1,0.9994572
graphsage,2,52793,1,1,0.9825684
graphsage,2,71053,1,1,0.99740475
graphsage,2,67026,0,0,0.00065651763
graphsage,2,36102,1,1,0.99330467
graphsage,2,29063,1,1,0.75603986
graphsage,2,69624,0,0,0.006511154
graphsage,2,19872,0,0,0.023574783
graphsage,2,44033,0,0,0.0034599197
graphsage,2,60486,0,0,0.14104648
graphsage,2,34362,0,0,5.68244e-05
graphsage,2,43759,1,1,0.72109866
graphsage,2,17308,1,1,0.9999869
graphsage,2,40469,1,1,0.99986446
graphsage,2,37222,0,0,8.634513e-05
graphsage,2,22846,1,1,0.9411565
graphsage,2,50268,0,0,0.007030655
graphsage,2,46443,1,1,0.99816716
graphsage,2,42214,1,1,0.9972051
graphsage,2,56980,1,1,0.68020725
graphsage,2,53271,0,0,0.1230719
graphsage,2,70058,1,1,0.635535
graphsage,2,39209,1,1,0.984892
graphsage,2,41348,0,0,0.0065523623
graphsage,2,32165,1,1,0.95387775
graphsage,2,56135,0,0,0.07081363
graphsage,2,28574,1,1,0.9924885
graphsage,2,43384,1,1,0.74571604
graphsage,2,17103,0,0,0.036017697
graphsage,2,26689,1,1,0.99984217
graphsage,2,5148,1,1,0.99999607
graphsage,2,68768,1,1,0.97524786
graphsage,2,36303,1,1,0.9984372
graphsage,2,65533,0,0,0.0027808666
graphsage,2,71975,0,1,0.746936
graphsage,2,65964,0,0,0.001736298
graphsage,2,64186,1,1,0.75054246
graphsage,2,11859,0,1,0.9521283
graphsage,2,21236,0,0,0.1017215
graphsage,2,41957,1,1,0.9994647
graphsage,2,32384,0,0,0.022220418
graphsage,2,25044,1,1,0.7893582
graphsage,2,49473,0,0,0.0025880877
graphsage,2,4256,0,0,0.018292258
graphsage,2,35239,0,1,0.85637563
graphsage,2,54409,0,0,0.031310633
graphsage,2,60505,1,1,0.99422306
graphsage,2,35075,1,1,0.9853973
graphsage,2,12974,0,0,0.060780957
graphsage,2,13780,0,0,0.1385843
graphsage,2,20753,1,1,0.81533283
graphsage,2,36793,0,0,0.016244607
graphsage,2,46930,1,1,0.99990344
graphsage,2,53913,1,1,0.9935127
graphsage,2,53432,0,0,0.00037150437
graphsage,2,39424,0,0,8.1375714e-05
graphsage,2,61277,1,1,0.75603986
graphsage,2,47282,1,1,0.95060045
graphsage,2,44071,0,0,0.0020654937
graphsage,2,55777,0,0,0.002475869
graphsage,2,70061,0,0,0.0009554374
graphsage,2,17854,0,0,0.00041474585
graphsage,2,9202,0,0,0.00043814204
graphsage,2,22390,0,0,0.002225366
graphsage,2,34907,1,1,0.97807467
graphsage,2,31795,0,0,8.5709275e-05
graphsage,2,43362,1,1,0.9996238
graphsage,2,12429,0,0,0.00066614273
graphsage,2,60063,1,1,0.99918777
graphsage,2,17560,0,0,0.01500533
graphsage,2,29011,0,0,0.021366194
graphsage,2,31362,0,0,0.00025756744
graphsage,2,52917,0,0,0.005441894
graphsage,2,36544,1,1,0.7659358
graphsage,2,65246,0,0,0.0014730393
graphsage,2,22138,0,1,0.99663
graphsage,2,60984,0,0,0.006501306
graphsage,2,38782,0,0,0.00033264107
graphsage,2,65117,0,0,0.0013671389
graphsage,2,59263,0,0,0.006526406
graphsage,2,60138,0,0,0.004603498
graphsage,2,70530,0,0,0.009521972
graphsage,2,24837,1,1,0.9902812
graphsage,2,61989,0,0,8.202227e-05
graphsage,2,10748,1,1,0.9892831
graphsage,2,60700,0,0,0.0005710179
graphsage,2,1673,0,0,0.0058658062
graphsage,2,7266,0,0,0.004940045
graphsage,2,49582,0,0,0.008888797
graphsage,2,63513,0,0,0.0012199618
graphsage,2,8495,0,0,0.001182344
graphsage,2,15086,1,1,0.9939295
graphsage,2,45895,1,1,0.9992317
graphsage,2,5737,0,0,0.027619096
graphsage,2,31472,0,0,0.00039806886
graphsage,2,61711,1,1,0.98584586
graphsage,2,57906,0,0,0.026552822
graphsage,2,27371,1,1,0.9999957
graphsage,2,45109,1,1,0.99995553
graphsage,2,37432,1,1,0.99997175
graphsage,2,69075,0,0,0.056928713
graphsage,2,48388,0,0,0.000787344
graphsage,2,56158,1,1,0.9059614
graphsage,2,16528,0,0,0.03767951
graphsage,2,59387,0,0,0.021260247
graphsage,2,26230,1,1,0.91411346
graphsage,2,42202,1,1,0.99967265
graphsage,2,15286,1,1,0.94820946
graphsage,2,38257,1,1,0.96662146
graphsage,2,45236,0,1,0.94055027
graphsage,2,48409,1,1,0.99304104
graphsage,2,58287,0,0,0.0018759007
graphsage,2,66784,1,1,0.8686582
graphsage,2,38473,0,0,0.013355902
graphsage,2,55237,1,1,0.98212117
graphsage,2,66323,1,1,0.99997187
graphsage,2,38375,1,1,0.92929196
graphsage,2,42080,0,0,0.00040366792
graphsage,2,68491,0,0,0.02596803
graphsage,2,39108,0,0,0.31811473
graphsage,2,53274,1,0,0.009077395
graphsage,2,44979,0,0,0.0049759718
graphsage,2,4988,0,0,0.001287072
graphsage,2,10017,1,1,0.9999844
graphsage,2,1818,0,0,0.025844797
graphsage,2,63827,1,1,0.9903127
graphsage,2,61138,0,0,0.0015388854
graphsage,2,68790,0,0,0.006117218
graphsage,2,53493,1,1,0.99084014
graphsage,2,28579,1,1,0.97217786
graphsage,2,18554,1,1,0.99669826
graphsage,2,45419,1,1,0.94570655
graphsage,2,24870,0,0,0.0015782905
graphsage,2,1665,0,0,0.060869727
graphsage,2,31614,0,0,0.030997572
graphsage,2,5300,1,1,0.9782217
graphsage,2,50001,0,0,0.021600021
graphsage,2,68418,0,0,0.0021709092
graphsage,2,28834,1,1,0.9876645
graphsage,2,9322,0,0,0.0006687795
graphsage,2,23155,1,1,0.75603986
graphsage,2,8431,1,1,0.9999604
graphsage,2,48473,1,0,0.44484824
graphsage,2,54271,0,0,0.0024637745
graphsage,2,16309,0,0,0.00025959944
graphsage,2,16501,0,1,0.95796573
graphsage,2,4635,0,0,0.023353921
graphsage,2,51906,1,1,0.91459984
graphsage,2,23278,1,1,0.9654299
graphsage,2,34570,1,1,0.9999356
graphsage,2,7237,1,1,0.9994654
graphsage,2,50003,0,0,0.00030365528
graphsage,2,38084,1,1,0.98168117
graphsage,2,31562,0,0,4.555008e-05
graphsage,2,27304,1,1,0.99971265
graphsage,2,22254,0,0,0.043820925
graphsage,2,37049,0,0,0.00012263797
graphsage,2,49509,0,0,0.16885994
graphsage,2,54488,0,0,0.06607426
graphsage,2,23157,1,1,0.998684
graphsage,2,63761,0,0,0.00079966255
graphsage,2,49403,0,0,0.19211459
graphsage,2,49198,0,0,0.0010045762
graphsage,2,33509,1,1,0.96992415
graphsage,2,49405,0,0,0.3037929
graphsage,2,363,0,0,0.2765658
graphsage,2,66295,0,0,0.000299435
graphsage,2,54400,1,1,0.9992834
graphsage,2,54020,1,1,0.99968386
graphsage,2,58049,1,1,0.9634725
graphsage,2,33710,1,1,0.9998313
graphsage,2,29162,1,1,0.999137
graphsage,2,54928,0,0,0.0010660762
graphsage,2,17048,1,1,0.9988078
graphsage,2,51418,1,1,0.998694
graphsage,2,31674,1,1,0.9817572
graphsage,2,1862,0,0,0.47457913
graphsage,2,21604,0,0,0.0019817387
graphsage,2,41933,0,0,0.003272609
graphsage,2,4469,1,1,0.8959858
graphsage,2,30387,0,0,7.9108235e-05
graphsage,2,21498,0,1,0.7733308
graphsage,2,257,1,1,0.95300734
graphsage,2,55786,1,1,0.7410582
graphsage,2,58254,1,1,0.9999207
graphsage,2,15897,1,1,0.9981863
graphsage,2,25851,1,1,0.9992675
graphsage,2,23050,1,1,0.9997737
graphsage,2,68866,0,0,0.019980567
graphsage,2,57868,1,1,0.99455124
graphsage,2,57439,1,1,0.9987294
graphsage,2,23099,1,1,0.6580786
graphsage,2,64591,0,0,0.017333817
graphsage,2,43996,1,1,0.9999685
graphsage,2,58256,1,1,0.90459937
graphsage,2,1929,1,0,0.49846438
graphsage,2,64235,0,0,0.022312777
graphsage,2,7672,0,0,9.770608e-05
graphsage,2,15969,1,1,0.99993384
graphsage,2,20550,1,1,0.9994937
graphsage,2,38784,0,0,0.00030390988
graphsage,2,46519,0,0,0.25020233
graphsage,2,57384,0,1,0.53018105
graphsage,2,37547,0,0,0.015333371
graphsage,2,11724,0,0,0.0014215803
graphsage,2,43591,1,1,0.850075
graphsage,2,45722,1,1,0.9924029
graphsage,2,63058,1,1,0.99997795
graphsage,2,43093,0,0,0.044370417
graphsage,2,34206,0,0,0.0018382645
graphsage,2,61649,0,0,0.19041295
graphsage,2,1738,0,0,0.1265361
graphsage,2,53570,1,0,0.4728914
graphsage,2,6025,1,1,0.95874494
graphsage,2,16300,1,1,0.97116494
graphsage,2,61575,0,0,0.0002960395
graphsage,2,18440,1,1,0.8818214
graphsage,2,66735,0,0,1.5888061e-05
graphsage,2,62237,0,0,6.0514885e-05
graphsage,2,40323,1,1,0.99992526
graphsage,2,39696,0,0,0.0011049912
graphsage,2,12440,0,0,0.002525452
graphsage,2,14664,1,1,0.73781174
graphsage,2,19015,0,0,0.012432834
graphsage,2,54395,1,1,0.9985077
graphsage,2,11427,0,0,0.064595066
graphsage,2,29905,1,1,0.95289963
graphsage,2,55068,1,1,0.9999838
graphsage,2,4141,0,0,0.0038797157
graphsage,2,54782,0,0,0.00033926428
graphsage,2,40376,1,1,0.99597365
graphsage,2,26191,0,0,0.0030702688
graphsage,2,59127,1,1,0.9568729
graphsage,2,36015,1,1,0.9997234
graphsage,2,13136,1,1,0.95915914
graphsage,2,49637,1,1,0.9546004
graphsage,2,60295,0,1,0.7958191
graphsage,2,20132,1,1,0.99722326
graphsage,2,52515,1,1,0.999509
graphsage,2,69033,1,1,0.75603986
graphsage,2,60872,0,0,0.004041189
graphsage,2,26684,1,1,0.99887043
graphsage,2,957,0,0,0.05050445
graphsage,2,36985,1,0,0.007165584
graphsage,2,40381,0,0,0.009142542
graphsage,2,41490,1,1,0.9999609
graphsage,2,46675,0,0,0.015412456
graphsage,2,4058,1,1,0.9197885
graphsage,2,66071,1,1,0.99885106
graphsage,2,68066,0,0,0.26121724
graphsage,2,35423,1,1,0.73810256
graphsage,2,46335,1,1,0.9997534
graphsage,2,55398,0,0,0.008012176
graphsage,2,14233,0,0,0.001286616
graphsage,2,12281,0,1,0.6753026
graphsage,2,25863,0,0,0.005484058
graphsage,2,44590,0,0,0.0005012976
graphsage,2,6409,1,1,0.98233944
graphsage,2,16013,1,1,0.9957094
graphsage,2,68273,0,0,0.007815401
graphsage,2,9679,0,0,0.13926166
graphsage,2,70547,1,1,0.9961867
graphsage,2,9960,1,1,0.9988201
graphsage,2,54760,1,1,0.99979514
graphsage,2,31514,0,0,0.09556196
graphsage,2,27606,0,0,0.0017217449
graphsage,2,40319,0,0,0.032590125
graphsage,2,37296,0,0,0.014967826
graphsage,2,14432,0,0,0.025144106
graphsage,2,71561,0,0,0.008559435
graphsage,2,40471,0,0,0.006508995
graphsage,2,49554,1,1,0.99986315
graphsage,2,30472,1,1,0.9980818
graphsage,2,21519,1,1,0.851422
graphsage,2,26975,0,0,0.0008459093
graphsage,2,36830,0,0,9.150455e-05
graphsage,2,24356,0,0,5.0567018e-05
graphsage,2,2528,1,1,0.978639
graphsage,2,1214,1,1,0.903469
graphsage,2,1790,1,1,0.9884793
graphsage,2,53529,1,1,0.65450037
graphsage,2,30002,0,0,0.008715685
graphsage,2,8684,0,0,0.00011399274
graphsage,2,60489,1,1,0.9626206
graphsage,2,53586,0,0,0.0036239987
graphsage,2,3090,1,1,0.94631547
graphsage,2,60697,0,0,2.2322656e-06
graphsage,2,49263,0,0,0.01573403
graphsage,2,57552,1,1,0.99180895
graphsage,2,27823,1,1,0.99932766
graphsage,2,57761,0,0,0.0012630365
graphsage,2,45194,0,0,5.037267e-05
graphsage,2,8491,1,0,0.4007772
graphsage,2,13369,0,0,0.0024062204
graphsage,2,16661,0,0,0.10069736
graphsage,2,29844,1,1,0.75603986
graphsage,2,14870,0,0,0.051301442
graphsage,2,65397,0,0,0.000119940516
graphsage,2,10774,1,1,0.96527386
graphsage,2,69365,0,0,0.0010450956
graphsage,2,48194,1,1,0.99295735
graphsage,2,4297,0,0,4.1339103e-05
graphsage,2,4772,1,1,0.9811901
graphsage,2,29458,0,0,0.0001222403
graphsage,2,64120,0,0,0.0940841
graphsage,2,41780,1,1,0.98154986
graphsage,2,67879,1,1,0.90818125
graphsage,2,22927,0,0,0.0011672816
graphsage,2,45441,1,1,0.99848074
graphsage,2,36003,1,1,0.9987815
graphsage,2,30174,0,1,0.84579504
graphsage,2,22948,1,1,0.97973937
graphsage,2,58802,0,0,0.035505798
graphsage,2,16623,1,1,0.99981624
graphsage,2,10525,1,1,0.7256757
graphsage,2,21644,1,1,0.9521634
graphsage,2,15329,1,1,0.99975866
graphsage,2,48610,1,1,0.9970181
graphsage,2,8601,1,1,0.9977617
graphsage,2,40553,0,0,0.00090410735
graphsage,2,45421,0,0,0.0010478781
graphsage,2,8711,1,1,0.99604493
graphsage,2,48533,1,1,0.99988616
graphsage,2,13575,0,0,0.0023820547
graphsage,2,25979,1,1,0.9892713
graphsage,2,30877,0,0,0.4615679
graphsage,2,10118,1,1,0.8486665
graphsage,2,55441,0,0,0.01717915
graphsage,2,24444,0,0,0.0007647846
graphsage,2,57315,0,0,0.47783038
graphsage,2,66322,0,0,0.28311005
graphsage,2,65394,1,1,0.9416336
graphsage,2,15465,1,1,0.952974
graphsage,2,52098,0,0,0.025370069
graphsage,2,40230,1,1,0.9895583
graphsage,2,2428,1,1,0.9725778
graphsage,2,19846,0,0,0.009236603
graphsage,2,21524,1,1,0.9912578
graphsage,2,4237,0,0,0.002885476
graphsage,2,47271,0,0,0.013768739
graphsage,2,31569,1,1,0.9717843
graphsage,2,49605,1,1,0.9125582
graphsage,2,71160,0,0,0.014036498
graphsage,2,71387,1,1,0.9823574
graphsage,2,9140,1,1,0.9999205
graphsage,2,61320,1,1,0.99629164
graphsage,2,67088,1,0,0.4815684
graphsage,2,59885,1,1,0.8673294
graphsage,2,24784,0,0,0.2018786
graphsage,2,26472,0,0,0.0011060308
graphsage,2,22553,0,0,0.0720763
graphsage,2,56073,0,1,0.93677956
graphsage,2,16033,1,0,0.16175763
graphsage,2,31031,1,1,0.98717785
graphsage,2,45985,1,1,0.9979068
graphsage,2,9806,1,1,0.99936336
graphsage,2,48018,0,0,0.018135382
graphsage,2,61179,0,0,0.0017229206
graphsage,2,47242,1,1,0.99894446
graphsage,2,48827,1,1,0.9999254
graphsage,2,9868,1,1,0.92464143
graphsage,2,71458,0,0,0.41561657
graphsage,2,670,1,1,0.75603986
graphsage,2,5554,1,1,0.9993129
graphsage,2,29963,1,1,0.99745136
graphsage,2,15756,0,0,0.32115534
graphsage,2,52498,0,0,0.040118
graphsage,2,32788,1,1,0.99848336
graphsage,2,45372,1,1,0.97377646
graphsage,2,67100,1,1,0.54952407
graphsage,2,66865,1,1,0.8614763
graphsage,2,55266,1,1,0.99792945
graphsage,2,15850,1,1,0.99679524
graphsage,2,41064,1,1,0.9973043
graphsage,2,13180,0,0,0.0016340705
graphsage,2,42522,1,1,0.9981401
graphsage,2,32232,1,1,0.9999763
graphsage,2,44104,1,1,0.987936
graphsage,2,20488,1,1,0.9945703
graphsage,2,13739,1,1,0.9996488
graphsage,2,48769,0,0,0.037335485
graphsage,2,21885,1,1,0.9849305
graphsage,2,72057,0,1,0.9979633
graphsage,2,7897,0,1,0.9185678
graphsage,2,10079,1,1,0.99968493
graphsage,2,227,1,1,0.988993
graphsage,2,49521,0,0,1.067467e-05
graphsage,2,66877,0,0,0.00028113576
graphsage,2,9237,1,1,0.9985279
graphsage,2,27387,0,0,0.0012041968
graphsage,2,22481,1,1,0.75603986
graphsage,2,14557,1,1,0.9939126
graphsage,2,5145,0,0,0.018719494
graphsage,2,49389,0,0,0.011696315
graphsage,2,34368,1,0,0.38153073
graphsage,2,17759,0,1,0.99408287
graphsage,2,15931,1,1,0.9941789
graphsage,2,71662,1,1,0.8580808
graphsage,2,64151,1,1,0.8537047
graphsage,2,48719,1,1,0.9925964
graphsage,2,32508,0,0,0.00058817334
graphsage,2,57350,1,1,0.79270625
graphsage,2,30813,1,0,0.0909848
graphsage,2,45804,1,1,0.965384
graphsage,2,38893,1,1,0.99921143
graphsage,2,69389,1,1,0.9999838
graphsage,2,36621,0,0,0.14399938
graphsage,2,29298,0,1,0.6207105
graphsage,2,24377,1,1,0.99051136
graphsage,2,8861,0,0,0.00089845323
graphsage,2,22265,0,0,0.039840396
graphsage,2,27767,0,0,0.023213077
graphsage,2,26389,1,1,0.9994407
graphsage,2,58225,1,1,0.9849459
graphsage,2,51218,1,1,0.99997294
graphsage,2,25364,1,1,0.97937036
graphsage,2,63082,1,1,0.99992585
graphsage,2,40394,0,0,0.013653368
graphsage,2,37979,0,1,0.77803916
graphsage,2,37788,0,1,0.8019067
graphsage,2,12540,0,0,0.032205213
graphsage,2,58169,0,0,0.0020798005
graphsage,2,54193,0,0,0.053206082
graphsage,2,19820,0,0,0.0009062661
graphsage,2,15593,1,1,0.99978393
graphsage,2,57972,0,0,0.022031667
graphsage,2,28352,0,0,0.02268941
graphsage,2,38642,0,0,0.0030250929
graphsage,2,17311,0,1,0.58433676
graphsage,2,30709,1,1,0.99859816
graphsage,2,54918,1,1,0.8541278
graphsage,2,47603,1,1,0.99044937
graphsage,2,47693,0,0,0.047757946
graphsage,2,39260,1,1,0.75603986
graphsage,2,49801,0,0,0.0047176727
graphsage,2,56016,1,1,0.9974021
graphsage,2,28179,1,1,0.999154
graphsage,2,46198,1,1,0.9291384
graphsage,2,66669,0,0,0.004274901
graphsage,2,8090,0,0,0.003457024
graphsage,2,27201,0,0,1.7597571e-05
graphsage,2,12099,0,0,0.001239832
graphsage,2,58003,0,0,0.01556323
graphsage,2,7927,0,0,0.27879864
graphsage,2,17247,0,0,0.04009314
graphsage,2,29482,0,0,0.0014016338
graphsage,2,44292,1,1,0.99762934
graphsage,2,44721,1,1,0.6097601
graphsage,2,11702,1,1,0.9980413
graphsage,2,52397,0,1,0.64910614
graphsage,2,4199,0,0,0.006099822
graphsage,2,40530,0,0,0.0004371835
graphsage,2,34597,0,0,0.03426447
graphsage,2,3359,0,0,0.0011952833
graphsage,2,22990,1,1,0.9996772
graphsage,2,17177,0,0,0.10900684
graphsage,2,4266,1,1,0.9996189
graphsage,2,58735,0,0,0.04717702
graphsage,2,44820,0,0,0.18617763
graphsage,2,4214,0,0,0.06414659
graphsage,2,59841,0,0,0.0010830475
graphsage,2,19097,0,0,0.0029037914
graphsage,2,55532,1,0,0.16739883
graphsage,2,32088,0,0,0.00021419591
graphsage,2,42946,0,0,0.036485422
graphsage,2,44255,1,1,0.8893978
graphsage,2,55964,1,1,0.99967885
graphsage,2,52406,1,1,0.9999217
graphsage,2,58213,1,1,0.9344286
graphsage,2,27791,0,0,0.003690261
graphsage,2,2781,1,1,0.9999032
graphsage,2,34837,1,1,0.9250555
graphsage,2,23682,0,0,0.00167929
graphsage,2,25492,1,1,0.98613065
graphsage,2,31709,0,1,0.9554504
graphsage,2,18488,1,1,0.99827826
graphsage,2,59239,1,1,0.99960953
graphsage,2,48564,0,0,0.030786673
graphsage,2,54579,0,0,0.34250486
graphsage,2,476,0,0,0.001795349
graphsage,2,43796,0,0,0.0048534684
graphsage,2,21588,1,1,0.81002903
graphsage,2,44801,0,1,0.76255256
graphsage,2,47990,0,0,0.00056061137
graphsage,2,15091,0,1,0.9353644
graphsage,2,28418,1,1,0.98779
graphsage,2,24988,0,0,0.0007059348
graphsage,2,40527,1,1,0.5067831
graphsage,2,42990,1,1,0.96930623
graphsage,2,7954,1,1,0.981428
graphsage,2,67830,1,1,0.99776626
graphsage,2,64643,1,1,0.9957022
graphsage,2,11560,0,0,0.2516383
graphsage,2,3934,0,0,0.0008764672
graphsage,2,47989,0,0,0.0009863089
graphsage,2,15736,1,1,0.63048786
graphsage,2,42216,0,0,0.03976963
graphsage,2,29109,0,0,0.0051652263
graphsage,2,72042,1,1,0.99481106
graphsage,2,53905,1,1,0.99999046
graphsage,2,62089,1,1,0.9912178
graphsage,2,25344,0,0,0.010076741
graphsage,2,5381,0,0,0.06456807
graphsage,2,72021,1,1,0.9913362
graphsage,2,57207,1,1,0.99996626
graphsage,2,13994,0,0,0.001966145
graphsage,2,31186,0,1,0.68311185
graphsage,2,64875,1,1,0.765931
graphsage,2,65619,0,0,0.0010320478
graphsage,2,71205,1,1,0.98913443
graphsage,2,66635,0,0,0.04391912
graphsage,2,39147,0,0,0.025748344
graphsage,2,42652,0,0,0.014254692
graphsage,2,13263,0,0,0.004138808
graphsage,2,36297,0,0,0.006401367
graphsage,2,16891,1,1,0.52844536
graphsage,2,39494,1,1,0.9979413
graphsage,2,30251,0,0,0.09611384
graphsage,2,20452,0,0,0.0005379841
graphsage,2,23311,1,1,0.9233357
graphsage,2,34445,1,1,0.998458
graphsage,2,18781,0,0,0.0001798717
graphsage,2,16366,1,1,0.9870176
graphsage,2,55837,1,1,0.75603986
graphsage,2,65096,1,1,0.92735106
graphsage,2,21602,1,1,0.99999964
graphsage,2,14089,1,1,0.99985623
graphsage,2,68824,1,1,0.99862385
graphsage,2,69303,0,0,0.112710685
graphsage,2,41327,0,0,0.025126496
graphsage,2,61538,0,1,0.8515657
graphsage,2,2953,0,0,0.013805514
graphsage,2,46732,1,1,0.69947654
graphsage,2,71019,0,0,0.26817572
graphsage,2,49970,0,0,0.10932444
graphsage,2,62680,0,0,0.020027671
graphsage,2,1445,0,0,0.01588742
graphsage,2,61230,1,1,0.86360234
graphsage,2,17191,0,0,0.0015243756
graphsage,2,36019,0,0,0.032527458
graphsage,2,37239,0,0,0.000950375
graphsage,2,48485,0,0,0.00033274255
graphsage,2,25546,1,1,0.98916173
graphsage,2,10703,1,1,0.6577738
graphsage,2,39326,0,0,0.0034377638
graphsage,2,71926,1,1,0.99816656
graphsage,2,50600,0,0,0.0063908217
graphsage,2,32791,1,1,0.8849231
graphsage,2,28822,1,1,0.9258566
graphsage,2,11091,0,0,0.00029787412
graphsage,2,22283,1,1,0.9993179
graphsage,2,11985,0,0,0.039566677
graphsage,2,41855,1,1,0.95057213
graphsage,2,63586,1,1,0.9842195
graphsage,2,51325,1,1,0.5784312
graphsage,2,21822,0,0,0.0052648415
graphsage,2,70868,0,0,0.08766901
graphsage,2,170,0,0,0.00010146028
graphsage,2,36908,1,1,0.9522607
graphsage,2,5434,1,1,0.990511
graphsage,2,20328,0,0,0.00023751274
graphsage,2,62592,0,0,0.0029174946
graphsage,2,43938,0,0,0.0008318991
graphsage,2,53687,0,0,0.096907325
graphsage,2,46857,1,1,0.98589593
graphsage,2,4429,0,1,0.7756227
graphsage,2,71744,0,0,0.046726197
graphsage,2,57887,0,0,2.0079557e-05
graphsage,2,57820,1,1,0.99986804
graphsage,2,18821,1,0,0.09183406
graphsage,2,48149,1,1,0.8211185
graphsage,2,34458,1,1,0.75603986
graphsage,2,43746,1,1,0.75603986
graphsage,2,23782,0,0,0.013631584
graphsage,2,13982,0,0,0.025686717
graphsage,2,1499,0,0,0.00057730795
graphsage,2,66404,0,0,0.033232667
graphsage,2,1172,0,0,0.005049928
graphsage,2,28196,0,1,0.7775728
graphsage,2,39514,0,0,0.0025462115
graphsage,2,30610,1,1,0.75603986
graphsage,2,17886,1,1,0.9990314
graphsage,2,48449,1,1,0.9981749
graphsage,2,67532,1,1,0.77716047
graphsage,2,61964,0,0,0.0015932642
graphsage,2,55216,0,0,0.02724805
graphsage,2,19078,0,0,4.3331387e-05
graphsage,2,27052,1,1,0.9605876
graphsage,2,65596,0,0,0.022647053
graphsage,2,50082,0,0,0.115793675
graphsage,2,63679,0,0,0.00017451389
graphsage,2,33336,1,1,0.75603986
graphsage,2,37576,1,1,0.9938114
graphsage,2,22154,0,0,0.00033398584
graphsage,2,21099,1,0,0.3769532
graphsage,2,10768,1,1,0.99947184
graphsage,2,50044,0,0,0.025648527
graphsage,2,45481,0,0,0.005875969
graphsage,2,37291,0,0,0.0051629166
graphsage,2,50016,1,1,0.80587727
graphsage,2,54964,0,0,0.0021950272
graphsage,2,24883,0,1,0.9520104
graphsage,2,5769,1,1,0.994699
graphsage,2,47084,1,1,0.99993396
graphsage,2,38825,1,1,0.99992406
graphsage,2,22751,1,1,0.88555217
graphsage,2,11148,1,1,0.8098709
graphsage,2,57205,1,1,0.9986331
graphsage,2,41005,1,1,0.9883194
graphsage,2,1872,1,0,0.34556556
graphsage,2,17155,1,0,0.40818197
graphsage,2,28397,0,0,0.0010201106
graphsage,2,56466,1,1,0.99970216
graphsage,2,41668,0,0,0.000257217
graphsage,2,55604,1,1,0.9416252
graphsage,2,61336,0,0,0.025064979
graphsage,2,48795,1,1,0.99947864
graphsage,2,21527,1,1,0.9688867
graphsage,2,20728,1,1,0.999551
graphsage,2,43738,1,0,0.06573898
graphsage,2,22269,0,0,0.00034748076
graphsage,2,42672,1,1,0.99913776
graphsage,2,36541,1,1,0.92316234
graphsage,2,47869,1,1,0.8836598
graphsage,2,44716,1,1,0.9997855
graphsage,2,70359,1,1,0.9989361
graphsage,2,17510,1,1,0.99957925
graphsage,2,54572,0,0,0.19768895
graphsage,2,19990,1,1,0.7527689
graphsage,2,71191,1,1,0.99930584
graphsage,2,7053,0,0,0.091390364
graphsage,2,3931,1,1,0.9998568
graphsage,2,30953,1,1,0.8392773
graphsage,2,51259,1,1,0.99977154
graphsage,2,39345,1,1,0.98243743
graphsage,2,30776,0,0,0.0049075293
graphsage,2,53155,0,0,0.016348002
graphsage,2,57135,0,0,0.040032413
graphsage,2,67340,0,0,0.0005783747
graphsage,2,31582,0,0,0.0044587133
graphsage,2,21552,1,1,0.99988866
graphsage,2,12838,1,1,0.9909889
graphsage,2,63765,1,1,0.9965216
graphsage,2,28890,1,1,0.9346127
graphsage,2,50826,1,1,0.9606701
graphsage,2,19383,1,1,0.98534137
graphsage,2,21272,0,0,0.029885415
graphsage,2,40079,1,1,0.99730456
graphsage,2,66449,0,0,0.0093946885
graphsage,2,45934,1,1,0.999928
graphsage,2,72072,1,1,0.9928952
graphsage,2,7813,0,0,0.0045790644
graphsage,2,64804,1,1,0.9421007
graphsage,2,59066,0,0,0.06052915
graphsage,2,11682,1,1,0.9953317
graphsage,2,22300,0,0,0.002649267
graphsage,2,31129,0,1,0.97748226
graphsage,2,22319,0,0,0.059751216
graphsage,2,11781,0,0,0.021033948
graphsage,2,2811,0,0,0.120052464
graphsage,2,67768,0,0,0.17511685
graphsage,2,11396,1,1,0.9933252
graphsage,2,16011,0,0,0.00857687
graphsage,2,41119,1,1,0.97321147
graphsage,2,18427,1,1,0.98589545
graphsage,2,62878,1,1,0.9873537
graphsage,2,5465,0,0,0.0098228045
graphsage,2,39818,0,1,0.6732054
graphsage,2,45080,0,0,0.00019144757
graphsage,2,59253,0,0,0.10700878
graphsage,2,70444,1,1,0.99927014
graphsage,2,50964,0,0,0.0025056838
graphsage,2,2373,1,1,0.99989796
graphsage,2,46290,1,1,0.9965718
graphsage,2,15080,1,1,0.99993634
graphsage,2,8685,1,1,0.9888521
graphsage,2,56988,0,0,0.0008274118
graphsage,2,21491,0,0,0.0094724605
graphsage,2,55252,1,1,0.99970156
graphsage,2,10633,0,0,0.14407885
graphsage,2,9772,0,0,0.01738178
graphsage,2,14681,1,1,0.9635752
graphsage,2,3600,0,0,0.14784944
graphsage,2,28463,0,0,0.033781007
graphsage,2,13407,0,0,0.2497817
graphsage,2,58253,0,0,0.000105032406
graphsage,2,20965,1,1,0.9998416
graphsage,2,47296,1,1,0.99997187
graphsage,2,559,1,1,0.95656323
graphsage,2,43820,0,0,0.02790391
graphsage,2,45041,0,0,0.03483836
graphsage,2,35786,0,0,0.0016198779
graphsage,2,59381,0,0,0.003160111
graphsage,2,48574,0,0,0.028003288
graphsage,2,7679,0,0,4.42276e-05
graphsage,2,59268,1,1,0.75603986
graphsage,2,71584,0,0,3.8735693e-06
graphsage,2,68024,1,1,0.8705477
graphsage,2,18890,0,0,0.004048518
graphsage,2,3235,0,1,0.839184
graphsage,2,31806,0,0,0.013707517
graphsage,2,58997,1,1,0.9456403
graphsage,2,63442,1,1,0.758842
graphsage,2,48536,0,0,0.0016187803
graphsage,2,64693,0,0,0.00061787217
graphsage,2,62910,1,1,0.99164563
graphsage,2,18570,0,0,0.033307426
graphsage,2,27015,1,1,0.99800795
graphsage,2,49182,0,0,0.021878332
graphsage,2,55487,0,0,0.00061079196
graphsage,2,71128,1,1,0.99999344
graphsage,2,35760,0,0,0.33189434
graphsage,2,44797,0,0,0.4030258
graphsage,2,51378,1,1,0.90000063
graphsage,2,7148,1,1,0.9986821
graphsage,2,53853,0,1,0.8717597
graphsage,2,42150,0,1,0.7061222
graphsage,2,57548,0,0,0.00012916997
graphsage,2,15088,1,1,0.99986243
graphsage,2,22779,1,1,0.98350096
graphsage,2,26752,0,0,0.00010493991
graphsage,2,18910,1,1,0.913296
graphsage,2,54463,1,1,0.86431754
graphsage,2,8767,0,0,0.0014382886
graphsage,2,61674,0,0,0.0033043565
graphsage,2,49368,1,1,0.8691391
graphsage,2,8406,0,0,0.075847514
graphsage,2,35773,0,0,0.020299487
graphsage,2,35443,1,1,0.99962056
graphsage,2,27305,1,1,0.9998505
graphsage,2,9758,0,0,0.3545836
graphsage,2,53846,0,0,0.010114382
graphsage,2,68990,0,0,0.11249999
graphsage,2,71599,1,1,0.99997973
graphsage,2,65283,1,1,0.98954004
graphsage,2,17562,1,1,0.9926836
graphsage,2,7957,1,1,0.99955887
graphsage,2,28516,1,1,0.9999677
graphsage,2,40926,1,1,0.9949309
graphsage,2,58650,0,0,0.00277471
graphsage,2,27008,1,1,0.9849726
graphsage,2,300,0,0,0.0010531433
graphsage,2,838,0,0,0.029036302
graphsage,2,51071,0,0,0.0005261402
graphsage,2,4561,0,0,0.0005583445
graphsage,2,26013,1,1,0.9999726
graphsage,2,69714,1,1,0.9027553
graphsage,2,54222,0,0,0.00035907415
graphsage,2,64263,1,1,0.993751
graphsage,2,62989,1,1,0.99846953
graphsage,2,49201,1,0,0.17792997
graphsage,2,5222,0,0,1.965914e-05
graphsage,2,34078,1,1,0.98467964
graphsage,2,42812,1,0,0.07293083
graphsage,2,25474,1,1,0.99681854
graphsage,2,69869,1,1,0.9995796
graphsage,2,60971,0,0,0.0004469184
graphsage,2,36121,1,1,0.77554786
graphsage,2,65610,1,1,0.97640014
graphsage,2,36409,1,0,0.42767292
graphsage,2,42058,1,1,0.9989033
graphsage,2,69786,0,1,0.9166553
graphsage,2,7425,1,1,0.88824135
graphsage,2,53731,0,0,0.0046966933
graphsage,2,48098,0,0,0.00075190654
graphsage,2,41469,0,0,0.00022119335
graphsage,2,62790,0,0,0.0018776602
graphsage,2,25476,1,0,0.27413246
graphsage,2,12782,1,1,0.90440285
graphsage,2,44431,0,1,0.9825021
graphsage,2,7595,1,1,0.9406259
graphsage,2,37151,0,0,0.00033175712
graphsage,2,18985,1,1,0.9052989
graphsage,2,48801,0,0,0.015461751
graphsage,2,56559,1,1,0.992257
graphsage,2,10296,1,0,0.06520445
graphsage,2,68729,1,1,0.99847287
graphsage,2,65323,0,0,0.009200233
graphsage,2,6618,0,0,0.23196718
graphsage,2,62103,1,1,0.9986406
graphsage,2,66654,1,1,0.9989048
graphsage,2,23284,0,0,0.009832905
graphsage,2,21825,0,1,0.89648044
graphsage,2,21476,1,1,0.9993555
graphsage,2,3269,0,0,0.20538777
graphsage,2,36739,1,1,0.90375316
graphsage,2,19176,0,0,0.016767453
graphsage,2,51181,1,1,0.898911
graphsage,2,11414,0,0,0.031615384
graphsage,2,57538,1,1,0.92330194
graphsage,2,7162,0,0,0.008550872
graphsage,2,7615,1,1,0.8969821
graphsage,2,7405,0,0,2.954858e-05
graphsage,2,45540,1,1,0.53333706
graphsage,2,52882,1,1,0.99986863
graphsage,2,70571,1,1,0.67430276
graphsage,2,13009,0,0,0.054631747
graphsage,2,32920,0,0,0.08204638
graphsage,2,61684,1,1,0.9998217
graphsage,2,54745,1,1,0.6729436
graphsage,2,55906,1,1,0.6892535
graphsage,2,44639,1,1,0.98709524
graphsage,2,59295,1,1,0.9479361
graphsage,2,17063,1,1,0.99960893
graphsage,2,26019,1,1,0.9990107
graphsage,2,47546,0,0,0.022432603
graphsage,2,10212,0,0,0.00052378845
graphsage,2,28921,0,0,0.0020427434
graphsage,2,22843,1,1,0.6284042
graphsage,2,37495,1,1,0.95783263
graphsage,2,9313,0,0,0.0039743627
graphsage,2,36425,0,0,0.0018291004
graphsage,2,31567,0,0,0.0003490013
graphsage,2,23673,1,1,0.9284941
graphsage,2,25203,1,1,0.9997712
graphsage,2,44480,0,0,0.0008340751
graphsage,2,42381,0,0,0.20920107
graphsage,2,12244,1,1,0.99991465
graphsage,2,67226,1,1,0.9999671
graphsage,2,27271,0,0,8.982619e-05
graphsage,2,53161,1,1,0.87244344
graphsage,2,41765,0,0,0.00022689685
graphsage,2,19058,1,1,0.9897535
graphsage,2,28,0,0,0.029120032
graphsage,2,13980,0,0,0.00019865074
graphsage,2,42409,1,1,0.998659
graphsage,2,18119,0,0,0.00948015
graphsage,2,38885,1,1,0.88520825
graphsage,2,31206,1,1,0.9979559
graphsage,2,64563,1,1,0.9531505
graphsage,2,61769,1,1,0.999813
graphsage,2,44735,0,0,0.00063440204
graphsage,2,59648,0,0,0.0011461044
graphsage,2,26969,0,1,0.6001639
graphsage,2,17126,1,1,0.99956757
graphsage,2,53514,1,1,0.9999546
graphsage,2,46275,0,0,0.029629473
graphsage,2,8469,0,0,0.0036705814
graphsage,2,44457,0,0,0.0013540115
graphsage,2,49319,0,0,3.0095634e-05
graphsage,2,69950,0,0,0.36600134
graphsage,2,57138,0,0,0.012255801
graphsage,2,69404,0,0,0.004310961
graphsage,2,49236,1,1,0.75603986
graphsage,2,8248,1,1,0.99907756
graphsage,2,50280,0,0,0.0025288106
graphsage,2,11446,0,0,0.0023017544
graphsage,2,68026,0,0,0.00021882882
graphsage,2,25487,0,1,0.5813141
graphsage,2,38188,1,0,0.29190373
graphsage,2,52504,0,0,0.15102403
graphsage,2,30970,1,1,0.97979057
graphsage,2,30881,1,1,0.96459365
graphsage,2,28614,1,1,0.9863551
graphsage,2,50696,1,1,0.75603986
graphsage,2,59757,0,0,0.008267159
graphsage,2,11016,1,1,0.995103
graphsage,2,37417,1,0,0.20899908
graphsage,2,53847,0,0,0.005989663
graphsage,2,48605,1,1,0.9842731
graphsage,2,13971,0,0,0.000551698
graphsage,2,30720,0,0,9.4703784e-05
graphsage,2,35035,0,0,0.092529796
graphsage,2,19579,1,1,0.9981224
graphsage,2,3165,0,1,0.58150053
graphsage,2,31056,0,0,0.008051328
graphsage,2,54787,0,0,0.01148854
graphsage,2,36588,0,0,0.015845168
graphsage,2,58514,0,0,0.39453316
graphsage,2,57119,1,1,0.9992576
graphsage,2,11498,0,1,0.5354514
graphsage,2,22232,1,0,0.331324
graphsage,2,52451,0,0,0.0007854185
graphsage,2,69435,0,0,0.00012306274
graphsage,2,65720,0,0,0.0024934404
graphsage,2,52049,0,0,8.1335376e-05
graphsage,2,47402,0,0,0.00021148674
graphsage,2,53849,0,0,0.003913122
graphsage,2,58260,1,1,0.9998616
graphsage,2,52388,1,1,0.9986494
graphsage,2,70268,0,0,0.00022696005
graphsage,2,2391,1,1,0.9923941
graphsage,2,7131,1,0,0.02283828
graphsage,2,14087,1,1,0.9965959
graphsage,2,17721,0,0,0.0018667041
graphsage,2,70911,0,0,0.005155229
graphsage,2,46630,0,0,0.008048436
graphsage,2,17032,1,0,0.0539875
graphsage,2,35435,0,0,0.094547175
graphsage,2,15046,1,1,0.99996316
graphsage,2,87,0,0,0.46640724
graphsage,2,23571,0,0,0.009561133
graphsage,2,20351,0,0,0.00014724786
graphsage,2,31293,1,1,0.9998778
graphsage,2,42146,0,0,0.00074107497
graphsage,2,35483,0,0,0.036782175
graphsage,2,49390,0,0,0.016357305
graphsage,2,43939,1,1,0.9144318
graphsage,2,71021,0,0,0.0003346456
graphsage,2,17578,1,1,0.9971294
graphsage,2,28965,0,0,2.3191988e-05
graphsage,2,19393,0,0,0.0005220004
graphsage,2,71289,0,0,0.0010469661
graphsage,2,45670,1,1,0.999979
graphsage,2,31668,0,0,0.36278906
graphsage,2,42501,1,1,0.99331796
graphsage,2,55385,0,0,0.029416502
graphsage,2,39742,0,0,0.0077915764
graphsage,2,60804,1,1,0.99942553
graphsage,2,55412,0,0,0.4977862
graphsage,2,27074,0,0,0.000557576
graphsage,2,18106,1,1,0.99669087
graphsage,2,11643,0,0,9.347444e-05
graphsage,2,29928,0,0,8.29126e-06
graphsage,2,34397,1,1,0.65098155
graphsage,2,17455,0,0,0.015129484
graphsage,2,24811,1,1,0.99954057
graphsage,2,29641,0,0,0.36281648
graphsage,2,71025,1,1,0.82335705
graphsage,2,23602,0,0,0.001164803
graphsage,2,6865,1,1,0.9999063
graphsage,2,1851,1,1,0.99856156
graphsage,2,45317,1,1,0.852407
graphsage,2,31793,0,0,1.200935e-05
graphsage,2,28400,1,1,0.99855083
graphsage,2,39203,1,1,0.9954201
graphsage,2,9756,1,1,0.99770314
graphsage,2,10461,0,0,0.00070793094
graphsage,2,14186,1,1,0.9999554
graphsage,2,39567,0,0,0.004310388
graphsage,2,48155,0,0,0.006641166
graphsage,2,25276,1,1,0.99974126
graphsage,2,38373,1,0,0.17764276
graphsage,2,50049,0,0,0.0029099635
graphsage,2,48548,0,0,0.0028984286
graphsage,2,7697,0,1,0.8551091
graphsage,2,32854,1,0,0.46196935
graphsage,2,67770,1,1,0.99998
graphsage,2,30615,1,1,0.92602164
graphsage,2,19485,0,0,0.00027514398
graphsage,2,35981,0,0,0.00058555725
graphsage,2,50303,1,1,0.9997974
graphsage,2,49648,0,0,0.018871894
graphsage,2,31413,1,1,0.99370074
graphsage,2,34661,0,0,0.0018485421
graphsage,2,8755,1,1,0.977434
graphsage,2,51021,0,1,0.7265102
graphsage,2,30559,0,0,0.20532207
graphsage,2,40788,1,1,0.9892831
graphsage,2,66305,1,1,0.9931201
graphsage,2,38491,1,1,0.9853785
graphsage,2,71664,0,0,0.4190039
graphsage,2,43580,0,0,0.034860957
graphsage,2,12289,0,0,0.01855293
graphsage,2,64371,1,1,0.75603986
graphsage,2,68201,1,1,0.97957075
graphsage,2,35310,0,0,0.12676269
graphsage,2,16923,1,1,0.9992137
graphsage,2,13122,1,1,0.9955788
graphsage,2,29964,1,1,0.9981477
graphsage,2,24997,1,1,0.9993349
graphsage,2,15839,1,1,0.9629973
graphsage,2,23005,0,0,0.007306038
graphsage,2,51481,0,0,0.00067026744
graphsage,2,48857,1,1,0.9994523
graphsage,2,47185,1,1,0.9995018
graphsage,2,31663,0,0,0.0049973554
graphsage,2,32466,0,0,0.38135186
graphsage,2,21528,0,0,0.0026240053
graphsage,2,50211,0,0,0.0016191085
graphsage,2,49807,1,1,0.66642725
graphsage,2,30855,0,0,0.14026618
graphsage,2,62957,0,0,0.0023141243
graphsage,2,30252,1,1,0.75603986
graphsage,2,12121,0,0,0.17365634
graphsage,2,60014,0,0,1.3882656e-05
graphsage,2,25363,1,1,0.9995202
graphsage,2,56136,1,1,0.98298484
graphsage,2,28657,1,1,0.99934596
graphsage,2,35838,1,1,0.996086
graphsage,2,22516,1,1,0.9998872
graphsage,2,58605,0,1,0.8740975
graphsage,2,56549,0,0,0.45847565
graphsage,2,9999,1,1,0.75101984
graphsage,2,8418,1,1,0.9891908
graphsage,2,50706,0,0,7.514001e-05
graphsage,2,52670,0,0,0.033322494
graphsage,2,53652,0,0,0.0014244979
graphsage,2,62176,1,1,0.84424067
graphsage,2,56978,0,0,0.011804668
graphsage,2,58570,0,0,0.027753923
graphsage,2,14741,1,1,0.99567235
graphsage,2,43431,1,1,0.97803336
graphsage,2,47369,0,0,0.005103642
graphsage,2,24379,1,1,0.99999666
graphsage,2,52834,1,1,0.9998727
graphsage,2,36009,0,0,0.03221621
graphsage,2,33801,0,0,0.05129205
graphsage,2,61311,1,1,0.97903293
graphsage,2,65561,1,1,0.9903994
graphsage,2,68872,0,0,0.0016825486
graphsage,2,56838,1,1,0.9941287
graphsage,2,28297,0,0,0.004880343
graphsage,2,51208,0,0,0.00053606485
graphsage,2,5272,1,1,0.9334016
graphsage,2,46441,0,0,0.035004668
graphsage,2,29149,0,0,9.357959e-05
graphsage,2,64746,0,0,0.10889437
graphsage,2,23436,1,1,0.5834792
graphsage,2,52160,0,0,0.00017671748
graphsage,2,24152,1,1,0.9984357
graphsage,2,30704,0,0,0.0043924637
graphsage,2,51855,0,0,0.00082792604
graphsage,2,46315,0,0,0.026604867
graphsage,2,12675,0,0,0.019811833
graphsage,2,43964,1,1,0.84061897
graphsage,2,10689,0,0,0.17523488
graphsage,2,57354,1,1,0.7734432
graphsage,2,18249,0,0,0.0032685415
graphsage,2,3546,1,1,0.9920896
graphsage,2,31619,1,1,0.8780197
graphsage,2,32336,1,1,0.85464656
graphsage,2,23604,0,0,0.0021108727
graphsage,2,49542,0,1,0.92647475
graphsage,2,52523,0,0,0.00015713526
graphsage,2,27522,0,0,0.01580468
graphsage,2,63550,1,1,0.9740371
graphsage,2,4691,1,1,0.99221647
graphsage,2,43084,1,1,0.7177765
graphsage,2,61460,0,0,0.00040699443
graphsage,2,52516,0,0,0.0009516938
graphsage,2,29814,1,1,0.9873182
graphsage,2,45729,1,1,0.994551
graphsage,2,70670,1,1,0.9999386
graphsage,2,14506,1,1,0.99996877
graphsage,2,42803,0,0,0.47656652
graphsage,2,26168,0,1,0.94091433
graphsage,2,49615,0,0,0.004704488
graphsage,2,33255,0,0,0.022041801
graphsage,2,1715,0,0,0.0001854339
graphsage,2,11428,1,1,0.99997497
graphsage,2,33784,0,0,0.4605843
graphsage,2,57991,1,1,0.99951506
graphsage,2,49005,1,1,0.9986891
graphsage,2,61208,1,1,0.9999436
graphsage,2,28672,1,1,0.99244434
graphsage,2,44769,1,1,0.9991385
graphsage,2,27209,0,0,0.078857966
graphsage,2,41558,0,0,0.0011199623
graphsage,2,1303,1,1,0.99858093
graphsage,2,67767,1,1,0.99556655
graphsage,2,1635,0,0,0.37310988
graphsage,2,68601,1,1,0.98506886
graphsage,2,63206,0,0,5.4758675e-05
graphsage,2,57103,0,0,0.0017003638
graphsage,2,3466,0,0,0.024647087
graphsage,2,11062,0,0,0.003970265
graphsage,2,58544,0,0,0.015953284
graphsage,2,66760,1,1,0.98511374
graphsage,2,59471,1,1,0.9957618
graphsage,2,13,1,1,0.99904245
graphsage,2,432,1,1,0.9991867
graphsage,2,35839,0,0,0.00060242816
graphsage,2,21107,0,0,0.0011386827
graphsage,2,19639,1,0,0.35819945
graphsage,2,57228,0,0,0.10844921
graphsage,2,33389,1,0,0.14272028
graphsage,2,62476,0,0,0.007417878
graphsage,2,24194,1,1,0.9680406
graphsage,2,41680,0,0,0.0011661885
graphsage,2,8975,0,0,0.0028794485
graphsage,2,26626,1,1,0.77499837
graphsage,2,42545,0,1,0.72780186
graphsage,2,22828,0,0,0.01204918
graphsage,2,36107,1,1,0.9990896
graphsage,2,27980,0,0,0.0019995922
graphsage,2,55536,1,1,0.75603986
graphsage,2,41094,1,1,0.9960735
graphsage,2,67853,0,0,0.0012533846
graphsage,2,63216,1,1,0.99975365
graphsage,2,3698,0,0,5.269854e-05
graphsage,2,6595,1,1,0.74064493
graphsage,2,61890,1,1,0.9965959
graphsage,2,4893,0,0,0.0017195703
graphsage,2,33265,0,0,0.0122074075
graphsage,2,61095,0,0,0.15290165
graphsage,2,3275,1,1,0.9955669
graphsage,2,10824,1,1,0.99966156
graphsage,2,48766,1,1,0.9750973
graphsage,2,59535,1,1,0.99980205
graphsage,2,27640,0,0,0.11149028
graphsage,2,1203,1,1,0.9892931
graphsage,2,53890,0,1,0.6568441
graphsage,2,71369,0,0,0.052576277
graphsage,2,51955,1,1,0.9957794
graphsage,2,49060,0,0,0.00034512716
graphsage,2,9895,0,0,0.0034684206
graphsage,2,30025,0,0,0.022524944
graphsage,2,35153,0,0,0.03173353
graphsage,2,63515,0,0,0.15738332
graphsage,2,27697,1,1,0.9993569
graphsage,2,22057,0,0,0.011606603
graphsage,2,62995,0,0,3.2010856e-05
graphsage,2,67487,0,0,0.10730519
graphsage,2,1585,1,1,0.8851667
graphsage,2,29392,1,1,0.999848
graphsage,2,36139,0,0,3.5173776e-05
graphsage,2,62977,1,1,0.9992686
graphsage,2,13178,0,0,0.34649
graphsage,2,14057,1,1,0.67545366
graphsage,2,29402,1,1,0.75011516
graphsage,2,65914,1,0,0.08563581
graphsage,2,71544,0,0,0.08499236
graphsage,2,30856,1,1,0.96820194
graphsage,2,16856,0,0,0.01157475
graphsage,2,71912,0,0,0.0066270228
graphsage,2,34374,0,0,0.3979441
graphsage,2,53505,1,1,0.99871063
graphsage,2,27732,1,1,0.99986875
graphsage,2,27332,1,1,0.9444561
graphsage,2,4038,1,1,0.9643583
graphsage,2,43742,0,0,0.0004931286
graphsage,2,44537,1,1,0.85482275
graphsage,2,12962,1,0,0.38104275
graphsage,2,56263,1,1,0.9791094
graphsage,2,44379,0,0,0.000478962
graphsage,2,2586,1,1,0.9998043
graphsage,2,13596,0,0,0.0012448622
graphsage,2,7806,1,1,0.93686324
graphsage,2,23563,0,0,6.256768e-05
graphsage,2,66789,1,1,0.9978193
graphsage,2,41541,1,1,0.99936897
graphsage,2,44180,0,0,0.00051846757
graphsage,2,4598,1,1,0.9976877
graphsage,2,19210,1,1,0.9988844
graphsage,2,14114,0,0,0.004308447
graphsage,2,38242,0,0,0.0002838552
graphsage,2,11139,0,0,0.013966489
graphsage,2,9089,0,0,0.016229594
graphsage,2,3007,1,1,0.99304354
graphsage,2,44163,1,1,0.9997929
graphsage,2,34322,1,1,0.98897785
graphsage,2,27372,1,1,0.996424
graphsage,2,67192,0,0,0.07233968
graphsage,2,33536,0,1,0.6709627
graphsage,2,23665,0,0,0.003772966
graphsage,2,6866,1,1,0.99873275
graphsage,2,27600,0,0,0.0006240717
graphsage,2,52193,1,1,0.99273527
graphsage,2,36825,1,1,0.51774615
graphsage,2,8856,1,1,0.9985983
graphsage,2,12112,1,1,0.99892384
graphsage,2,50701,1,0,0.16492504
graphsage,2,37875,0,0,0.00015492282
graphsage,2,36782,0,0,0.015369187
graphsage,2,48082,0,0,0.010809946
graphsage,2,39138,1,1,0.9223108
graphsage,2,8163,1,1,0.99548763
graphsage,2,24673,0,0,0.10049671
graphsage,2,2930,0,0,0.001876056
graphsage,2,42343,1,1,0.99969494
graphsage,2,53437,1,1,0.9995584
graphsage,2,27399,1,1,0.9238003
graphsage,2,34875,1,0,0.44489256
graphsage,2,68748,0,0,0.07819036
graphsage,2,42671,1,1,0.9862701
graphsage,2,68644,0,0,0.006959015
graphsage,2,25424,1,1,0.9998424
graphsage,2,38711,1,1,0.9999176
graphsage,2,67498,0,0,0.01921785
graphsage,2,37534,0,0,0.004331115
graphsage,2,64059,0,0,0.051527742
graphsage,2,2987,1,1,0.99417007
graphsage,2,4468,0,0,0.010701307
graphsage,2,14149,1,1,0.9985825
graphsage,2,35332,0,0,0.04425948
graphsage,2,10705,1,1,0.98377603
graphsage,2,34711,0,0,0.04602106
graphsage,2,7248,0,0,0.08616632
graphsage,2,40993,0,0,0.0011302166
graphsage,2,26547,0,0,0.0021160739
graphsage,2,24051,1,1,0.98113257
graphsage,2,44783,1,1,0.99944955
graphsage,2,30530,1,1,0.64470226
graphsage,2,41436,0,0,0.0029099635
graphsage,2,52785,1,1,0.9932656
graphsage,2,20950,0,0,0.036646463
graphsage,2,22301,1,1,0.9998258
graphsage,2,24964,1,1,0.9799622
graphsage,2,18257,1,1,0.8535583
graphsage,2,31513,0,0,0.19939515
graphsage,2,28096,0,0,0.0023888361
graphsage,2,34400,1,1,0.998412
graphsage,2,66171,0,0,0.0007676135
graphsage,2,33804,0,0,0.0009678994
graphsage,2,21071,1,1,0.78447735
graphsage,2,48056,1,1,0.9998845
graphsage,2,61685,0,0,0.030393984
graphsage,2,70715,1,1,0.93946975
graphsage,2,69148,1,1,0.9982956
graphsage,2,49438,0,0,0.15760998
graphsage,2,24818,0,1,0.7490496
graphsage,2,42614,0,0,0.0005429019
graphsage,2,19923,1,1,0.99962306
graphsage,2,70596,1,1,0.9182342
graphsage,2,19937,0,0,0.043744333
graphsage,2,71969,1,1,0.930551
graphsage,2,52149,1,1,0.98557776
graphsage,2,48383,1,1,0.99969757
graphsage,2,17196,1,1,0.99807274
graphsage,2,27694,0,0,0.0012959532
graphsage,2,63342,0,0,0.046465084
graphsage,2,17085,0,0,9.395209e-05
graphsage,2,7841,0,0,0.0010011971
graphsage,2,57320,0,0,0.00014385243
graphsage,2,54899,1,1,0.96634656
graphsage,2,70197,1,1,0.99989605
graphsage,2,26269,0,0,0.38328505
graphsage,2,59349,0,0,0.009134805
graphsage,2,781,0,0,0.0006610737
graphsage,2,55415,1,1,0.9999877
graphsage,2,63448,1,0,0.13866402
graphsage,2,11573,1,1,0.99558914
graphsage,2,46141,0,0,0.042706676
graphsage,2,52948,1,1,0.99853873
graphsage,2,21515,1,1,0.917341
graphsage,2,22293,0,0,0.0003867491
graphsage,2,25665,1,1,0.90650064
graphsage,2,51379,0,0,0.030857187
graphsage,2,71705,0,0,0.13718694
graphsage,2,71825,0,0,0.001759328
graphsage,2,37796,0,0,1.237101e-05
graphsage,2,70283,0,1,0.5534163
graphsage,2,14635,1,1,0.98899746
graphsage,2,47946,1,1,0.994544
graphsage,2,40561,0,0,0.0052826367
graphsage,2,2459,0,0,1.0145827e-05
graphsage,2,20314,0,0,0.010897906
graphsage,2,57100,0,0,0.0032999448
graphsage,2,66798,1,1,0.993614
graphsage,2,62899,0,0,0.028062979
graphsage,2,10144,0,1,0.7037255
graphsage,2,39971,1,1,0.95287216
graphsage,2,67667,1,1,0.96739006
graphsage,2,66332,0,0,0.1097617
graphsage,2,48202,1,1,0.99001616
graphsage,2,5356,0,0,0.21811211
graphsage,2,22247,1,1,0.9845184
graphsage,2,71070,0,0,0.017171057
graphsage,2,52404,1,1,0.8129234
graphsage,2,52428,0,0,0.0009544088
graphsage,2,44260,0,0,0.015561878
graphsage,2,26734,1,1,0.99582654
graphsage,2,15510,1,1,0.75603986
graphsage,2,43379,1,1,0.7388229
graphsage,2,50996,0,0,0.0055324123
graphsage,2,9614,1,1,0.9999908
graphsage,2,36831,1,1,0.9997284
graphsage,2,16701,0,0,3.7097416e-05
graphsage,2,25496,0,0,0.0005135128
graphsage,2,21765,0,0,0.06572929
graphsage,2,40454,1,1,0.9985489
graphsage,2,22890,1,0,0.026152527
graphsage,2,8668,1,1,0.99994063
graphsage,2,25811,0,1,0.9721966
graphsage,2,51974,1,1,0.99601847
graphsage,2,22394,1,1,0.97423315
graphsage,2,5911,0,0,0.14052534
graphsage,2,20145,0,0,0.018401476
graphsage,2,67439,0,0,0.01363849
graphsage,2,10375,0,0,0.0001965116
graphsage,2,49730,1,1,0.9794209
graphsage,2,9402,1,1,0.8559044
graphsage,2,23181,0,0,0.005030688
graphsage,2,19938,1,1,0.9996025
graphsage,2,3076,0,0,0.007149938
graphsage,2,55388,1,1,0.87913054
graphsage,2,10467,1,1,0.96009135
graphsage,2,571,1,1,0.9415194
graphsage,2,27199,1,1,0.9314919
graphsage,2,79,1,0,0.33187342
graphsage,2,46010,1,1,0.6130653
graphsage,2,27443,0,1,0.877659
graphsage,2,10336,1,1,0.9982851
graphsage,2,29005,1,1,0.9989166
graphsage,2,58041,0,0,0.21465325
graphsage,2,53728,1,1,0.9878681
graphsage,2,56398,1,1,0.99960357
graphsage,2,37073,1,1,0.9982603
graphsage,2,35142,1,1,0.929164
graphsage,2,23220,0,0,0.0003078308
graphsage,2,14288,0,0,0.006467775
graphsage,2,10312,0,0,3.1471136e-05
graphsage,2,55494,1,0,0.47219566
graphsage,2,46749,0,0,0.0012864481
graphsage,2,48276,0,0,0.012018816
graphsage,2,41713,1,1,0.99505556
graphsage,2,53004,1,1,0.9979469
graphsage,2,48007,0,0,0.017103672
graphsage,2,49284,1,1,0.99992096
graphsage,2,16438,1,1,0.99892575
graphsage,2,55345,0,0,0.03447305
graphsage,2,25026,0,0,3.5968533e-05
graphsage,2,46724,1,1,0.99376255
graphsage,2,13564,1,1,0.9571109
graphsage,2,40410,0,0,0.0005712096
graphsage,2,18338,1,0,0.3401288
graphsage,2,22720,0,0,0.060708206
graphsage,2,19718,1,1,0.99985015
graphsage,2,59037,0,0,0.025844527
graphsage,2,40084,1,1,0.99890566
graphsage,2,64347,1,1,0.99997866
graphsage,2,29897,0,0,0.00041815202
graphsage,2,62808,1,1,0.9854951
graphsage,2,846,1,1,0.99958855
graphsage,2,19229,0,0,0.3300805
graphsage,2,24802,1,1,0.9989605
graphsage,2,33921,1,1,0.76797944
graphsage,2,64430,0,0,0.0021957755
graphsage,2,50073,0,0,0.05137887
graphsage,2,4304,1,1,0.98845136
graphsage,2,13952,0,0,0.12292691
graphsage,2,39502,0,0,0.06654843
graphsage,2,46559,0,0,0.0034997466
graphsage,2,58625,0,0,0.1987822
graphsage,2,29830,0,0,0.013718777
graphsage,2,35273,0,0,0.00060123845
graphsage,2,8580,1,1,0.98284435
graphsage,2,5508,1,1,0.9986547
graphsage,2,31783,1,1,0.96266735
graphsage,2,10974,0,0,0.0001842404
graphsage,2,56266,1,1,0.99027354
graphsage,2,65774,1,0,0.16149542
graphsage,2,60940,1,1,0.871609
graphsage,2,3902,0,0,0.0069867866
graphsage,2,68941,0,0,0.0064123557
graphsage,2,38121,1,0,0.48233134
graphsage,2,21365,0,0,0.009886874
graphsage,2,62339,1,1,0.99935037
graphsage,2,68486,1,1,0.99552226
graphsage,2,12331,1,1,0.523354
graphsage,2,25304,0,0,0.0013320607
graphsage,2,63350,1,1,0.9953459
graphsage,2,26519,0,1,0.5218385
graphsage,2,24015,0,0,9.551532e-05
graphsage,2,28856,0,1,0.93192
graphsage,2,71307,1,1,0.9999254
graphsage,2,64546,0,0,0.016748825
graphsage,2,20540,0,0,6.5694025e-05
graphsage,2,34474,1,1,0.9961223
graphsage,2,68305,0,0,0.00020578066
graphsage,2,59541,0,0,0.050934725
graphsage,2,60908,1,1,0.99971396
graphsage,2,52286,0,0,0.0027210396
graphsage,2,3974,1,1,0.99964535
graphsage,2,26591,1,1,0.988278
graphsage,2,35830,0,0,0.0018835068
graphsage,2,50223,1,1,0.75603986
graphsage,2,21281,0,0,2.2744314e-05
graphsage,2,36618,1,1,0.9979011
graphsage,2,225,0,0,0.0001215559
graphsage,2,40414,1,1,0.97425133
graphsage,2,15817,0,0,0.071396224
graphsage,2,23598,1,1,0.998372
graphsage,2,28557,1,1,0.8802533
graphsage,2,37989,0,0,0.23919138
graphsage,2,13477,0,0,0.019359926
graphsage,2,33492,0,0,0.001832696
graphsage,2,38079,1,1,0.80717725
graphsage,2,37733,0,0,0.0011463194
graphsage,2,59823,1,1,0.9902867
graphsage,2,16299,0,0,0.19515243
graphsage,2,26323,0,0,0.01137559
graphsage,2,61898,0,0,0.0057155625
graphsage,2,24590,1,1,0.9952077
graphsage,2,39923,1,1,0.99696726
graphsage,2,68800,1,1,0.9821352
graphsage,2,49974,1,1,0.9855251
graphsage,2,7700,0,0,0.037591055
graphsage,2,3922,1,1,0.9988342
graphsage,2,24374,0,0,0.00078160997
graphsage,2,18425,1,1,0.75433636
graphsage,2,45962,1,1,0.99481237
graphsage,2,49770,0,0,0.0018328922
graphsage,2,34343,0,0,0.0004875491
graphsage,2,10563,0,0,0.027385091
graphsage,2,67309,1,1,0.99994373
graphsage,2,13630,1,1,0.9814818
graphsage,2,47673,0,0,0.005532913
graphsage,2,64189,0,0,0.24211511
graphsage,2,34104,1,1,0.97626346
graphsage,2,32474,1,1,0.6812164
graphsage,2,50407,0,0,8.905935e-05
graphsage,2,35266,0,0,0.010848413
graphsage,2,27017,0,1,0.7241982
graphsage,2,16126,0,0,0.00049725873
graphsage,2,21612,1,1,0.99981874
graphsage,2,56110,1,1,0.88388884
graphsage,2,64728,1,1,0.9676193
graphsage,2,47865,1,1,0.5521474
graphsage,2,59942,0,1,0.7830823
graphsage,2,20724,0,0,0.004388341
graphsage,2,54953,0,0,0.0003916615
graphsage,2,63373,1,1,0.9999049
graphsage,2,52990,1,1,0.99874425
graphsage,2,12080,1,1,0.9993449
graphsage,2,19460,0,0,0.00063592324
graphsage,2,9958,0,0,0.10831627
graphsage,2,34339,0,0,0.0030651968
graphsage,2,56644,0,0,0.18247208
graphsage,2,60685,0,0,0.008227541
graphsage,2,31328,1,1,0.637978
graphsage,2,60221,0,0,0.00046253327
graphsage,2,12353,1,1,0.9986878
graphsage,2,34336,0,1,0.6509134
graphsage,2,40046,1,1,0.99987924
graphsage,2,28265,0,0,0.003341125
graphsage,2,11358,0,0,0.00029462267
graphsage,2,24675,0,0,0.00078098715
graphsage,2,41997,1,1,0.9963212
graphsage,2,11854,0,0,0.0031866524
graphsage,2,29242,1,1,0.6958258
graphsage,2,54199,1,1,0.9996246
graphsage,2,63577,1,1,0.98990613
graphsage,2,36682,0,0,0.00018196415
graphsage,2,59794,0,1,0.51398337
graphsage,2,13939,1,1,0.9996209
graphsage,2,28761,0,0,0.1596977
graphsage,2,40020,0,0,0.0095281545
graphsage,2,37822,0,0,0.027800042
graphsage,2,56435,0,0,0.009411665
graphsage,2,13435,1,1,0.99132943
graphsage,2,43977,0,0,0.017573738
graphsage,2,36546,0,0,0.011688579
graphsage,2,51205,0,0,0.0011613115
graphsage,2,61834,1,1,0.99227566
graphsage,2,38772,1,1,0.6234153
graphsage,2,48728,1,1,0.99194324
graphsage,2,13773,1,1,0.9999808
graphsage,2,40047,1,1,0.8452702
graphsage,2,6727,1,1,0.98347455
graphsage,2,9420,0,0,0.00044930194
graphsage,2,67056,1,1,0.9912907
graphsage,2,12030,1,0,0.07833383
graphsage,2,43944,0,0,1.6085125e-05
graphsage,2,19852,1,1,0.9893617
graphsage,2,23725,0,0,0.0062614
graphsage,2,13368,1,1,0.88446057
graphsage,2,38614,1,1,0.99992967
graphsage,2,43678,0,0,0.06930815
graphsage,2,42561,0,0,0.0005871461
graphsage,2,55320,1,0,0.026702385
graphsage,2,58484,0,0,0.0001271012
graphsage,2,27231,1,1,0.9396684
graphsage,2,57334,0,0,0.00086494687
graphsage,2,61578,1,1,0.99918944
graphsage,2,39677,0,0,0.0066217696
graphsage,2,67096,1,1,0.99854255
graphsage,2,42228,0,0,0.018695105
graphsage,2,6167,1,1,0.9947129
graphsage,2,48420,1,0,0.22904162
graphsage,2,15575,1,1,0.99998915
graphsage,2,33101,1,1,0.9764608
graphsage,2,62330,0,0,0.0015849266
graphsage,2,36401,0,0,0.009773127
graphsage,2,24517,1,1,0.93064696
graphsage,2,45732,0,0,0.009330499
graphsage,2,17202,0,0,0.04313932
graphsage,2,46083,0,0,0.0372839
graphsage,2,266,1,1,0.9866996
graphsage,2,58730,0,0,0.006803161
graphsage,2,31897,0,0,0.12374581
graphsage,2,18283,1,1,0.9892294
graphsage,2,19751,1,1,0.9177659
graphsage,2,68752,1,1,0.999587
graphsage,2,7423,1,1,0.86803716
graphsage,2,62236,0,0,0.05440737
graphsage,2,64460,1,1,0.9999291
graphsage,2,8147,1,1,0.86088395
graphsage,2,18908,0,0,0.1531871
graphsage,2,39526,0,0,0.0073001417
graphsage,2,57298,0,0,0.0072443937
graphsage,2,1038,0,0,0.002734785
graphsage,2,30128,0,0,0.07048401
graphsage,2,36767,0,0,0.05484462
graphsage,2,35692,0,0,0.0059953895
graphsage,2,21632,1,1,0.99871063
graphsage,2,31108,0,1,0.6496812
graphsage,2,65534,0,0,0.0039508427
graphsage,2,71176,1,1,0.9924245
graphsage,2,59250,0,0,0.002432551
graphsage,2,46304,0,0,0.0010000904
graphsage,2,45973,1,1,0.99174917
graphsage,2,44802,0,0,0.10213057
graphsage,2,44771,1,1,0.8133818
graphsage,2,19981,1,1,0.99973625
graphsage,2,44773,1,1,0.75603986
graphsage,2,42037,1,1,0.9904979
graphsage,2,31484,0,0,0.0008720015
graphsage,2,16705,1,0,0.23028547
graphsage,2,63394,0,0,0.0028141367
graphsage,2,65158,0,0,0.008860846
graphsage,2,31823,0,0,0.00020759192
graphsage,2,48311,1,1,0.8734667
graphsage,2,60768,1,1,0.86890054
graphsage,2,22468,1,1,0.99981266
graphsage,2,51348,0,0,0.0011284665
graphsage,2,11155,0,1,0.64583343
graphsage,2,41121,0,0,0.0087368945
graphsage,2,62422,0,1,0.72673905
graphsage,2,48192,0,0,0.0029052582
graphsage,2,67610,1,1,0.7953896
graphsage,2,26592,0,0,0.2354302
graphsage,2,59948,0,0,0.17639099
graphsage,2,49078,0,0,0.0047118887
graphsage,2,38804,0,0,0.032259088
graphsage,2,66564,1,1,0.58466107
graphsage,2,14947,0,0,0.00018098652
graphsage,2,65671,0,0,0.0018119058
graphsage,2,38340,1,1,0.9991697
graphsage,2,4224,1,1,0.99995804
graphsage,2,25208,0,0,0.00025615268
graphsage,2,63003,0,0,0.38243237
graphsage,2,52373,1,1,0.6164557
graphsage,2,50209,0,0,0.0039379965
graphsage,2,17637,0,0,0.0011571688
graphsage,2,42667,1,1,0.98910284
graphsage,2,48826,1,1,0.9999902
graphsage,2,1962,0,0,1.3373509e-05
graphsage,2,7830,0,0,0.00027916196
graphsage,2,44373,0,0,0.00029311253
graphsage,2,67013,0,0,0.034179654
graphsage,2,52562,0,0,0.00021593047
graphsage,2,2091,1,1,0.99590224
graphsage,2,66092,1,1,0.9991234
graphsage,2,67806,1,1,0.8784945
graphsage,2,23752,1,1,0.9997929
graphsage,2,40206,1,1,0.99501246
graphsage,2,921,1,1,0.9983265
graphsage,2,59135,1,1,0.99252933
graphsage,2,46802,0,1,0.99823534
graphsage,2,64013,0,0,0.0012747693
graphsage,2,60220,1,1,0.98103255
graphsage,2,39626,0,0,0.0002599915
graphsage,2,42044,0,0,0.029940892
graphsage,2,25177,0,0,0.0002068161
graphsage,2,44366,1,1,0.9697186
graphsage,2,41623,1,1,0.97202444
graphsage,2,70600,0,0,0.0068265055
graphsage,2,32031,0,0,0.0036520252
graphsage,2,7685,0,0,0.010375582
graphsage,2,26178,0,0,0.05930307
graphsage,2,29522,1,1,0.9990721
graphsage,2,60701,0,0,9.146024e-05
graphsage,2,23619,0,0,0.13104154
graphsage,2,35119,0,0,0.005991481
graphsage,2,34901,0,0,0.0037806164
graphsage,2,27331,0,0,0.00077085977
graphsage,2,48434,1,1,0.99966025
graphsage,2,2656,0,0,0.0054029427
graphsage,2,64553,0,1,0.9890366
graphsage,2,59978,1,1,0.99747974
graphsage,2,46685,1,1,0.9996264
graphsage,2,21634,0,0,0.027845232
graphsage,2,27148,0,0,0.0015213817
graphsage,2,36815,0,0,1.8085266e-05
graphsage,2,66546,1,0,0.11184392
graphsage,2,51549,1,1,0.90621966
graphsage,2,66113,0,0,0.0048868037
graphsage,2,15786,0,0,0.07604968
graphsage,2,51559,1,1,0.9999435
graphsage,2,52241,0,0,4.8752136e-05
graphsage,2,21503,1,1,0.9690916
graphsage,2,33406,0,0,0.005128191
graphsage,2,18179,1,0,0.16713613
graphsage,2,26106,1,1,0.9765222
graphsage,2,47304,1,1,0.9649676
graphsage,2,54882,0,0,0.0012876708
graphsage,2,67475,1,1,0.9700781
graphsage,2,35128,0,0,0.00042448688
graphsage,2,62620,0,0,0.02590009
graphsage,2,33683,1,1,0.95353174
graphsage,2,61151,1,1,0.76656437
graphsage,2,63671,0,0,0.10029635
graphsage,2,2021,0,0,0.000107049644
graphsage,2,31212,0,0,4.09066e-06
graphsage,2,16443,0,0,0.007752998
graphsage,2,44069,0,0,0.00019751697
graphsage,2,12038,1,1,0.9999651
graphsage,2,61860,0,0,0.000261916
graphsage,2,4831,1,1,0.9991788
graphsage,2,45300,0,0,0.43843785
graphsage,2,68279,0,0,4.2882697e-05
graphsage,2,38875,1,1,0.9989901
graphsage,2,53061,1,1,0.77551425
graphsage,2,70411,0,0,0.09719311
graphsage,2,35721,0,1,0.9414415
graphsage,2,36483,0,0,0.023047289
graphsage,2,46100,1,1,0.9988702
graphsage,2,40354,1,1,0.9999956
graphsage,2,7503,1,1,0.9999211
graphsage,2,6743,0,0,0.00094451243
graphsage,2,47703,0,0,0.0020894352
graphsage,2,13446,1,1,0.97943956
graphsage,2,69186,1,1,0.99928755
graphsage,2,22406,1,0,0.20453432
graphsage,2,11412,0,0,0.0002765278
graphsage,2,63431,1,0,0.04292659
graphsage,2,37861,0,0,0.053531326
graphsage,2,18035,1,0,0.111477524
graphsage,2,6170,1,1,0.9999049
graphsage,2,6152,0,0,0.00056982506
graphsage,2,34962,1,1,0.89985186
graphsage,2,33512,1,1,0.67873585
graphsage,2,68993,0,0,0.48495418
graphsage,2,33633,0,0,0.024046054
graphsage,2,21618,1,1,0.668291
graphsage,2,13550,1,1,0.9993292
graphsage,2,64702,1,1,0.9787291
graphsage,2,68161,0,0,0.0021489707
graphsage,2,41079,1,1,0.99996626
graphsage,2,30375,1,1,0.75603986
graphsage,2,23986,1,1,0.9995641
graphsage,2,2223,1,1,0.9998945
graphsage,2,57610,0,0,0.37924695
graphsage,2,13913,1,1,0.90319055
graphsage,2,64381,1,1,0.99546427
graphsage,2,28478,1,1,0.95427054
graphsage,2,53230,0,0,0.004214695
graphsage,2,66106,0,0,0.016531046
graphsage,2,69981,0,0,0.0030807075
graphsage,2,18533,0,0,0.027569745
graphsage,2,61393,1,1,0.80589044
graphsage,2,13048,1,1,0.9989796
graphsage,2,15898,0,0,0.00019154597
graphsage,2,42872,0,0,0.00013154243
graphsage,2,47362,1,1,0.9753406
graphsage,2,3552,1,1,0.6597112
graphsage,2,38849,1,1,0.9984541
graphsage,2,35337,1,1,0.9994898
graphsage,2,62063,1,1,0.9821352
graphsage,2,32206,1,1,0.9964678
graphsage,2,70015,0,0,0.0011286635
graphsage,2,67971,1,1,0.92771155
graphsage,2,15624,1,1,0.99883765
graphsage,2,58458,0,0,4.2523603e-05
graphsage,2,9166,0,0,0.005477866
graphsage,2,56837,1,1,0.70194453
graphsage,2,67122,0,0,0.007922756
graphsage,2,47017,0,0,0.3089648
graphsage,2,66421,0,1,0.9518882
graphsage,2,41608,1,1,0.5337309
graphsage,2,4661,1,1,0.9941022
graphsage,2,50444,1,1,0.98555565
graphsage,2,53833,1,1,0.9966468
graphsage,2,32645,1,1,0.9682367
graphsage,2,61947,0,1,0.929972
graphsage,2,51127,1,1,0.99859565
graphsage,2,59732,1,1,0.99996734
graphsage,2,13400,0,0,0.04078853
graphsage,2,10785,1,1,0.99999404
graphsage,2,51778,1,1,0.9997631
graphsage,2,68590,0,0,0.008470269
graphsage,2,18709,1,1,0.59285736
graphsage,2,55593,1,1,0.9997553
graphsage,2,64205,1,1,0.73316354
graphsage,2,45255,1,1,0.99998295
graphsage,2,13761,0,0,0.28413755
graphsage,2,34292,0,0,0.0047935587
graphsage,2,16522,0,1,0.6510039
graphsage,2,11346,1,1,0.99992716
graphsage,2,24135,0,0,0.02383393
graphsage,2,53166,0,0,0.07135479
graphsage,2,49590,1,1,0.99876815
graphsage,2,19069,0,1,0.51301795
graphsage,2,11492,1,1,0.99995744
graphsage,2,20572,0,1,0.9709188
graphsage,2,40828,0,0,0.009032051
graphsage,2,6974,0,0,0.00038504697
graphsage,2,26745,0,0,4.0127623e-05
graphsage,2,68811,0,0,0.0030462677
graphsage,2,22008,1,0,0.45056516
graphsage,2,69469,0,0,0.008320144
graphsage,2,41574,1,1,0.98217887
graphsage,2,22961,1,1,0.9672348
graphsage,2,33129,1,1,0.9973922
graphsage,2,55443,1,0,0.29093286
graphsage,2,8571,1,1,0.90137553
graphsage,2,55929,1,1,0.97974443
graphsage,2,68746,1,1,0.85865
graphsage,2,7079,0,0,0.00017682435
graphsage,2,10387,1,1,0.9985317
graphsage,2,13611,0,0,0.0027105156
graphsage,2,67494,1,1,0.97997415
graphsage,2,5407,0,0,0.018720895
graphsage,2,10428,0,0,0.00039764598
graphsage,2,19352,1,1,0.9999682
graphsage,2,14321,0,0,0.012978032
graphsage,2,69210,0,1,0.62177795
graphsage,2,35897,1,1,0.999759
graphsage,2,24104,1,1,0.9963075
graphsage,2,49591,0,0,0.00074010773
graphsage,2,35294,1,1,0.9281561
graphsage,2,36666,0,1,0.9947659
graphsage,2,4053,1,1,0.94047225
graphsage,2,46033,1,1,0.9881855
graphsage,2,26271,1,1,0.98239154
graphsage,2,14374,1,1,0.99797434
graphsage,2,72015,1,1,0.99341196
graphsage,2,24745,0,0,0.14587326
graphsage,2,57406,1,1,0.6941584
graphsage,2,27879,0,0,7.331977e-05
graphsage,2,42553,1,1,0.9999069
graphsage,2,49066,1,1,0.9999063
graphsage,2,40326,0,0,0.000890063
graphsage,2,51461,0,0,0.008438216
graphsage,2,15287,1,1,0.9831944
graphsage,2,71346,0,0,0.025879178
graphsage,2,22581,0,0,0.004398699
graphsage,2,48357,0,0,0.00043637265
graphsage,2,13000,1,1,0.99824214
graphsage,2,6126,1,1,0.95429856
graphsage,2,7274,0,0,0.00108277
graphsage,2,67433,1,1,0.9999541
graphsage,2,6496,0,1,0.90554035
graphsage,2,11731,1,1,0.9913634
graphsage,2,63368,1,0,0.28554443
graphsage,2,10030,0,0,0.021572718
graphsage,2,14958,0,1,0.7852337
graphsage,2,24576,1,1,0.9954541
graphsage,2,2217,1,1,0.9999062
graphsage,2,9170,0,0,0.00016895952
graphsage,2,70819,1,1,0.7337081
graphsage,2,49803,1,1,0.999918
graphsage,2,7145,0,0,0.31569922
graphsage,2,63381,0,0,0.0941475
graphsage,2,26885,1,1,0.9996252
graphsage,2,1823,0,0,0.07349483
graphsage,2,18914,0,0,0.20202392
graphsage,2,58483,1,1,0.9562614
graphsage,2,64478,0,0,0.0014852837
graphsage,2,13431,1,1,0.99946314
graphsage,2,4766,1,0,0.024005814
graphsage,2,59195,0,0,0.005618579
graphsage,2,51962,1,1,0.99665606
graphsage,2,4620,0,0,0.012618316
graphsage,2,47737,0,0,0.4936983
graphsage,2,50440,0,0,0.010581541
graphsage,2,2720,1,1,0.9823469
graphsage,2,19483,0,0,1.7358705e-05
graphsage,2,54124,1,1,0.8324428
graphsage,2,23387,1,1,0.958454
graphsage,2,10110,0,0,0.0023521944
graphsage,2,7543,0,0,0.11016666
graphsage,2,62798,0,0,0.038027313
graphsage,2,19997,1,0,0.2480126
graphsage,2,20610,1,1,0.9957475
graphsage,2,37956,0,0,0.0009771194
graphsage,2,62417,1,1,0.8938327
graphsage,2,56610,0,0,0.027304508
graphsage,2,14124,0,0,0.0034400893
graphsage,2,57831,1,1,0.79236656
graphsage,2,63814,0,0,0.047257554
graphsage,2,43713,0,0,0.09576665
graphsage,2,16064,1,0,0.43372193
graphsage,2,58367,1,1,0.9749272
graphsage,2,7827,0,0,0.020893486
graphsage,2,53897,1,1,0.9998797
graphsage,2,64907,1,0,0.2961561
graphsage,2,71281,1,1,0.95387733
graphsage,2,40932,0,0,0.11296824
graphsage,2,6556,1,1,0.98076814
graphsage,2,66,1,1,0.9997793
graphsage,2,33420,0,0,0.14712314
graphsage,2,13871,0,1,0.9456719
graphsage,2,749,0,0,0.035036415
graphsage,2,45996,0,1,0.90080416
graphsage,2,57327,1,1,0.9968657
graphsage,2,13823,0,1,0.6559796
graphsage,2,6421,0,1,0.6167382
graphsage,2,25637,1,0,0.44111347
graphsage,2,22371,0,0,0.007827241
graphsage,2,22897,1,1,0.99748623
graphsage,2,30173,0,0,0.03591169
graphsage,2,59543,0,0,0.4889596
graphsage,2,4086,1,1,0.9987192
graphsage,2,40623,0,0,0.4327626
graphsage,2,49275,1,0,0.045805015
graphsage,2,17725,1,1,0.9999039
graphsage,2,46959,1,1,0.9991922
graphsage,2,23273,1,1,0.966994
graphsage,2,51014,0,0,0.09373753
graphsage,2,64825,1,1,0.9993057
graphsage,2,55047,1,1,0.99293363
graphsage,2,71503,0,0,0.003126486
graphsage,2,20097,0,0,8.171825e-05
graphsage,2,51336,1,1,0.99918836
graphsage,2,44526,0,0,1.5037521e-05
graphsage,2,3956,1,1,0.94855535
graphsage,2,57480,0,0,0.04931103
graphsage,2,12965,1,1,0.9949109
graphsage,2,426,0,0,0.002501154
graphsage,2,2323,1,1,0.9904573
graphsage,2,66946,0,0,0.0009999003
graphsage,2,34740,1,1,0.9997857
graphsage,2,49643,0,0,0.010495537
graphsage,2,55686,0,0,0.012315782
graphsage,2,37916,1,1,0.99948347
graphsage,2,28313,0,0,0.0070105502
graphsage,2,62041,0,0,0.0029595033
graphsage,2,62099,1,1,0.99976677
graphsage,2,8166,1,1,0.99990726
graphsage,2,57962,0,0,0.0014017286
graphsage,2,40253,1,1,0.9993393
graphsage,2,67152,1,1,0.75603986
graphsage,2,21859,0,1,0.76610184
graphsage,2,60644,0,0,0.0037834279
graphsage,2,44818,1,1,0.999608
graphsage,2,27188,0,1,0.6582127
graphsage,2,19253,1,0,0.28641036
graphsage,2,51150,0,1,0.5628311
graphsage,2,9248,1,1,0.9994486
graphsage,2,21904,0,0,0.0017845647
graphsage,2,3190,1,1,0.99881893
graphsage,2,71096,0,0,0.14140333
graphsage,2,23327,1,0,0.3777534
graphsage,2,8169,0,0,0.018012399
graphsage,2,34244,0,0,0.09241968
graphsage,2,56046,0,0,0.011442052
graphsage,2,36222,1,1,0.9997042
graphsage,2,37060,1,1,0.9989818
graphsage,2,39456,1,1,0.99990976
graphsage,2,41326,1,0,0.060034186
graphsage,2,39642,0,0,0.051658917
graphsage,2,67064,0,0,0.20678009
graphsage,2,54815,0,0,0.025014844
graphsage,2,21713,0,0,0.4054601
graphsage,2,71089,0,0,0.041825816
graphsage,2,52345,0,0,0.43192995
graphsage,2,50232,1,1,0.9991455
graphsage,2,48287,1,1,0.9762013
graphsage,2,55049,0,0,0.07415139
graphsage,2,69645,1,1,0.9999479
graphsage,2,51863,1,1,0.99750334
graphsage,2,58371,0,0,0.0037914324
graphsage,2,65110,0,0,0.08903237
graphsage,2,55027,0,0,0.11245441
graphsage,2,57063,0,0,0.18061168
graphsage,2,27904,0,0,0.00059716235
graphsage,2,62020,1,1,0.999961
graphsage,2,49563,1,1,0.9524473
graphsage,2,68365,1,1,0.81529444
graphsage,2,26984,1,1,0.8944186
graphsage,2,29704,1,1,0.91634554
graphsage,2,48647,0,0,1.0837333e-05
graphsage,2,32419,0,0,4.3913744e-05
graphsage,2,23557,0,0,0.0028808042
graphsage,2,62067,1,1,0.9987276
graphsage,2,48553,1,1,0.75603986
graphsage,2,2655,1,1,0.99850166
graphsage,2,36768,0,0,0.07904277
graphsage,2,8962,0,0,0.00024885856
graphsage,2,62664,1,1,0.8927885
graphsage,2,24967,0,0,0.0024542548
graphsage,2,7007,0,0,6.1724015e-05
graphsage,2,5703,1,1,0.781739
graphsage,2,34517,0,0,0.00017610891
graphsage,2,18990,1,1,0.76586664
graphsage,2,13558,1,1,0.9988662
graphsage,2,27135,1,1,0.9825684
graphsage,2,42367,0,1,0.6435335
graphsage,2,7185,0,0,0.08959735
graphsage,2,26616,1,1,0.996543
graphsage,2,2874,0,0,0.0036770552
graphsage,2,27487,0,0,0.0020633885
graphsage,2,27851,0,0,0.0050533605
graphsage,2,754,1,0,0.0041741137
graphsage,2,25353,1,1,0.83232015
graphsage,2,16841,1,1,0.9819311
graphsage,2,30226,1,1,0.9997851
graphsage,2,70595,1,1,0.9936301
graphsage,2,48512,0,0,0.01570387
graphsage,2,41223,0,0,0.00046661185
graphsage,2,10889,1,1,0.7843842
graphsage,2,10480,0,0,9.013828e-05
graphsage,2,22088,0,0,0.014372376
graphsage,2,27610,0,0,0.00013466671
graphsage,2,41309,0,1,0.64335275
graphsage,2,2281,1,1,0.99730563
graphsage,2,34592,1,1,0.9562092
graphsage,2,18068,1,1,0.99819046
graphsage,2,64577,1,1,0.74013317
graphsage,2,16846,0,0,0.0807869
graphsage,2,31299,1,1,0.9939122
graphsage,2,51590,1,1,0.99986136
graphsage,2,36120,0,0,0.0024975284
graphsage,2,18026,0,0,0.015642708
graphsage,2,50661,1,1,0.9992786
graphsage,2,55700,0,0,0.046534605
graphsage,2,62009,1,1,0.9997702
graphsage,2,5197,0,0,0.06726501
graphsage,2,34867,0,0,0.00024753122
graphsage,2,42761,0,0,0.020435626
graphsage,2,55401,0,0,5.3147403e-05
graphsage,2,57483,0,0,0.16227573
graphsage,2,27503,0,0,6.084304e-05
graphsage,2,65679,0,0,0.07062794
graphsage,2,22327,1,1,0.98554915
graphsage,2,23505,0,0,0.00077082415
graphsage,2,52939,0,0,0.44091403
graphsage,2,32036,1,0,0.4458757
graphsage,2,57577,0,1,0.86426073
graphsage,2,14312,1,1,0.95734036
graphsage,2,47786,0,0,0.00029380166
graphsage,2,45136,1,1,0.57370234
graphsage,2,46131,0,0,0.04495259
graphsage,2,21373,1,1,0.99942446
graphsage,2,51092,1,1,0.9240918
graphsage,2,58469,0,0,0.33121413
graphsage,2,27741,0,1,0.8041595
graphsage,2,50613,1,1,0.6561152
graphsage,2,30187,1,1,0.98119926
graphsage,2,26878,0,0,0.010869719
graphsage,2,57065,0,0,0.0052155736
graphsage,2,5416,0,0,0.00027849362
graphsage,2,66007,0,0,0.04326194
graphsage,2,44114,0,0,0.001432379
graphsage,2,6956,1,1,0.99044716
graphsage,2,9598,0,1,0.96558607
graphsage,2,12073,0,0,0.00014256773
graphsage,2,33886,1,0,0.29953706
graphsage,2,37626,1,1,0.94405687
graphsage,2,46904,0,0,1.1970703e-05
graphsage,2,54470,0,0,0.00010095034
graphsage,2,37578,1,1,0.77039105
graphsage,2,27384,1,1,0.9965462
graphsage,2,59474,1,1,0.93309313
graphsage,2,4191,1,1,0.99995315
graphsage,2,27119,1,1,0.99919444
graphsage,2,32618,1,1,0.99953675
graphsage,2,6625,1,0,0.25187522
graphsage,2,58998,0,0,0.0148409875
graphsage,2,51415,0,0,0.15633054
graphsage,2,51211,1,1,0.99905723
graphsage,2,3292,0,1,0.6105726
graphsage,2,69844,1,1,0.9994961
graphsage,2,4243,0,0,0.0014813902
graphsage,2,51776,0,0,0.004690866
graphsage,2,40785,1,1,0.839758
graphsage,2,48532,1,1,0.9896109
graphsage,2,45297,0,0,0.05979145
graphsage,2,31533,0,0,0.02912293
graphsage,2,63914,0,0,0.4175504
graphsage,2,38863,1,1,0.9858687
graphsage,2,21035,1,1,0.9981183
graphsage,2,46564,1,1,0.99789596
graphsage,2,70831,0,0,0.00096896145
graphsage,2,33185,1,1,0.7998591
graphsage,2,48437,0,0,0.0071126143
graphsage,2,41471,0,0,0.041002188
graphsage,2,25826,1,1,0.8921278
graphsage,2,68631,0,0,0.009297193
graphsage,2,45003,0,0,3.2599087e-06
graphsage,2,16434,1,0,0.38522676
graphsage,2,62123,1,1,0.8399569
graphsage,2,25181,1,1,0.9760995
graphsage,2,29058,1,1,0.9540198
graphsage,2,17869,1,1,0.99790215
graphsage,2,27031,1,1,0.9995716
graphsage,2,34065,1,1,0.9994149
graphsage,2,26146,0,0,0.03360774
graphsage,2,30966,1,0,0.1954026
graphsage,2,62013,1,1,0.97862613
graphsage,2,32338,0,0,0.00010808841
graphsage,2,7541,1,0,0.09839524
graphsage,2,65786,1,0,0.23559393
graphsage,2,70838,0,0,0.0017118297
graphsage,2,13686,1,1,0.99889
graphsage,2,19284,1,1,0.9981742
graphsage,2,12103,1,1,0.75603986
graphsage,2,50314,1,1,0.99175864
graphsage,2,13565,0,0,0.014822935
graphsage,2,61892,1,1,0.9946861
graphsage,2,3411,1,1,0.99999595
graphsage,2,27528,1,1,0.9166133
graphsage,2,52581,0,0,0.0001532321
graphsage,2,50665,1,1,0.8690198
graphsage,2,43984,1,1,0.9493739
graphsage,2,23172,0,0,0.029292123
graphsage,2,13090,0,0,0.0014832866
graphsage,2,25943,0,0,0.00081108
graphsage,2,7967,1,1,0.6256377
graphsage,2,16232,1,1,0.99980277
graphsage,2,35264,1,1,0.9814104
graphsage,2,65402,1,1,0.6495467
graphsage,2,29171,1,1,0.99976665
graphsage,2,24235,0,0,0.068098724
graphsage,2,19655,0,0,0.12659502
graphsage,2,16778,0,0,0.0005062804
graphsage,2,17541,0,0,0.0062734294
graphsage,2,59367,0,0,0.007984323
graphsage,2,29765,1,0,0.1703079
graphsage,2,70655,1,1,0.9994356
graphsage,2,55651,0,0,0.02002729
graphsage,2,47787,0,0,0.13269624
graphsage,2,33332,1,1,0.9230722
graphsage,2,30646,1,0,0.07152469
graphsage,2,6292,1,1,0.99981004
graphsage,2,10969,0,0,0.0004908644
graphsage,2,42862,1,1,0.99218667
graphsage,2,11671,1,1,0.9997594
graphsage,2,23107,0,0,2.2373517e-05
graphsage,2,58415,0,0,0.0002843745
graphsage,2,31184,1,1,0.9994943
graphsage,2,1392,1,1,0.75603986
graphsage,2,33729,0,0,0.0038322047
graphsage,2,49535,1,1,0.9997726
graphsage,2,63872,1,1,0.9976801
graphsage,2,37958,0,0,4.2923206e-05
graphsage,2,26380,0,0,0.007062896
graphsage,2,41537,0,0,0.0013146126
graphsage,2,71785,1,1,0.992677
graphsage,2,20868,0,0,0.00038084108
graphsage,2,62657,0,0,0.09302698
graphsage,2,61154,0,0,0.015192766
graphsage,2,61215,0,0,0.00070487737
graphsage,2,32856,0,0,0.01792421
graphsage,2,67749,0,0,0.0025003955
graphsage,2,39134,1,1,0.9946274
graphsage,2,49524,1,1,0.9870948
graphsage,2,2147,1,1,0.9182478
graphsage,2,40942,0,0,0.12596291
graphsage,2,33062,0,0,0.0003821591
graphsage,2,47883,0,0,0.005515961
graphsage,2,63159,1,1,0.9660456
graphsage,2,25523,0,0,0.015706465
graphsage,2,59717,1,1,0.712329
graphsage,2,48522,0,0,0.023398414
graphsage,2,35371,1,1,0.99964976
graphsage,2,60350,0,0,0.043470625
graphsage,2,67298,1,1,0.76293033
graphsage,2,13506,0,0,0.014823046
graphsage,2,42350,1,1,0.94568276
graphsage,2,2830,1,1,0.99993086
graphsage,2,37266,1,1,0.9999734
graphsage,2,60510,1,1,0.9998417
graphsage,2,29642,1,1,0.9964322
graphsage,2,66389,0,0,0.0003756629
graphsage,2,70371,0,0,0.018536491
graphsage,2,22029,1,1,0.92560506
graphsage,2,39650,1,1,0.84025174
graphsage,2,23328,1,1,0.9354831
graphsage,2,28976,0,1,0.9886362
graphsage,2,11237,1,1,0.98631626
graphsage,2,39149,0,0,0.016792778
graphsage,2,51086,1,1,0.9889796
graphsage,2,25578,1,1,0.58441484
graphsage,2,64095,1,1,0.9668405
graphsage,2,5695,0,0,0.00086692465
graphsage,2,62941,1,1,0.9921653
graphsage,2,2828,0,0,0.16345531
graphsage,2,32834,1,1,0.9912322
graphsage,2,4456,0,0,0.0054770247
graphsage,2,57051,0,0,6.259107e-05
graphsage,2,51112,0,0,0.0053432486
graphsage,2,30995,1,0,0.22179335
graphsage,2,12180,0,0,0.013685113
graphsage,2,27132,0,1,0.828933
graphsage,2,44912,0,0,0.0025263387
graphsage,2,71956,1,0,0.23128569
graphsage,2,55470,0,0,0.00015308871
graphsage,2,47963,0,0,0.30452535
graphsage,2,13229,0,0,0.0007801307
graphsage,2,39428,0,0,0.008341156
graphsage,2,36604,1,1,0.99997604
graphsage,2,59504,0,1,0.6569932
graphsage,2,32500,1,0,0.37080443
graphsage,2,31277,1,1,0.99991643
graphsage,2,17043,1,1,0.9988257
graphsage,2,14915,1,1,0.96201974
graphsage,2,13861,0,0,0.0027422912
graphsage,2,16653,0,1,0.58166987
graphsage,2,12118,1,1,0.9989428
graphsage,2,6500,0,0,0.0372213
graphsage,2,10566,1,1,0.95513034
graphsage,2,14813,1,1,0.7315338
graphsage,2,49062,1,1,0.7262918
graphsage,2,13308,1,1,0.9294593
graphsage,2,37642,1,1,0.98637587
graphsage,2,40379,1,1,0.9999931
graphsage,2,56121,0,0,5.508896e-05
graphsage,2,44983,0,0,0.0052965307
graphsage,2,55160,1,1,0.98156035
graphsage,2,42715,1,1,0.9764166
graphsage,2,53555,0,0,0.023018684
graphsage,2,23696,0,0,0.01176737
graphsage,2,43693,0,1,0.8488661
graphsage,2,56023,1,0,0.19949265
graphsage,2,17416,1,1,0.9920218
graphsage,2,53469,1,1,0.52438915
graphsage,2,49825,0,0,0.11664256
graphsage,2,60346,1,1,0.7339161
graphsage,2,69555,1,1,0.99984634
graphsage,2,63937,0,0,0.21641557
graphsage,2,8172,0,0,0.00934178
graphsage,2,21635,0,0,0.012588618
graphsage,2,19888,0,0,0.24187124
graphsage,2,15952,0,0,0.0088468455
graphsage,2,4761,0,0,0.00538045
graphsage,2,36931,0,0,0.0010177143
graphsage,2,18532,0,0,0.00031019916
graphsage,2,20996,1,1,0.94911087
graphsage,2,13303,0,0,0.00018028326
graphsage,2,51130,0,0,0.17343494
graphsage,2,12494,0,0,0.0010130976
graphsage,2,12148,0,0,0.032256026
graphsage,2,5135,1,1,0.9928826
graphsage,2,11546,0,0,0.004484451
graphsage,2,28650,1,1,0.9551868
graphsage,2,49881,1,1,0.98896784
graphsage,2,17792,0,0,0.041766737
graphsage,2,19357,1,1,0.97828054
graphsage,2,25077,0,1,0.75393534
graphsage,2,39380,1,1,0.9989858
graphsage,2,8624,1,1,0.99348164
graphsage,2,20601,1,1,0.9999399
graphsage,2,30764,0,0,0.10022484
graphsage,2,65446,1,1,0.9994783
graphsage,2,43592,1,1,0.9998332
graphsage,2,32904,1,1,0.69798577
graphsage,2,26087,1,1,0.9716798
graphsage,2,7301,1,1,0.84588057
graphsage,2,4959,0,0,0.004559114
graphsage,2,48708,0,1,0.62013245
graphsage,2,36555,0,1,0.85786664
graphsage,2,12301,0,0,0.00055615354
graphsage,2,5983,0,1,0.7804995
graphsage,2,46941,1,1,0.910904
graphsage,2,49603,0,0,0.04649351
graphsage,2,55931,0,0,0.013250775
graphsage,2,24336,0,0,0.0039165756
graphsage,2,54382,0,0,0.0018116471
graphsage,2,32974,1,1,0.99886763
graphsage,2,58853,1,1,0.99640346
graphsage,2,34838,1,1,0.9216564
graphsage,2,12042,0,0,0.01670338
graphsage,2,13703,1,1,0.99356973
graphsage,2,19482,1,0,0.49857324
graphsage,2,51212,1,1,0.99517524
graphsage,2,17662,1,1,0.99491936
graphsage,2,45711,0,0,0.116496794
graphsage,2,28033,0,0,0.10804582
graphsage,2,11525,0,0,0.0011267317
graphsage,2,18186,0,0,8.895923e-06
graphsage,2,68384,1,1,0.9396684
graphsage,2,15171,1,1,0.9513732
graphsage,2,3910,0,0,0.30162537
graphsage,2,60609,0,1,0.55094314
graphsage,2,14015,1,1,0.6279926
graphsage,2,46337,0,0,0.00051846757
graphsage,2,24896,0,0,0.30272993
graphsage,2,71388,1,1,0.97874933
graphsage,2,51904,0,0,0.0029118794
graphsage,2,21293,1,1,0.9954325
graphsage,2,23224,1,1,0.99384576
graphsage,2,5951,0,0,0.31958976
graphsage,2,14502,0,0,0.00082193146
graphsage,2,64262,0,0,0.11702512
graphsage,2,44003,1,1,0.9999608
graphsage,2,65221,0,0,0.0009198152
graphsage,2,66545,1,1,0.9981667
graphsage,2,56595,1,1,0.9996699
graphsage,2,51511,1,1,0.9818553
graphsage,2,13556,0,1,0.8576707
graphsage,2,19757,0,0,0.00020189618
graphsage,2,50960,1,1,0.9259123
graphsage,2,32561,1,1,0.9997532
graphsage,2,10085,1,0,0.09818774
graphsage,2,66561,1,0,0.019381069
graphsage,2,60246,1,0,0.018380225
graphsage,2,22153,1,1,0.99993813
graphsage,2,54434,1,1,0.98749036
graphsage,2,35966,1,1,0.98866546
graphsage,2,59430,1,1,0.9997074
graphsage,2,37617,0,0,0.018802976
graphsage,2,1116,0,0,0.00012535568
graphsage,2,50022,0,0,0.20262407
graphsage,2,17347,0,0,0.0017784237
graphsage,2,57544,0,0,0.42361838
graphsage,2,61535,0,0,0.0035098868
graphsage,2,28599,0,0,0.008883212
graphsage,2,50566,1,1,0.99985814
graphsage,2,36641,0,0,0.004932639
graphsage,2,44029,1,1,0.9997149
graphsage,2,10330,1,1,0.8948858
graphsage,2,63942,1,1,0.9972978
graphsage,2,10682,0,0,0.085564226
graphsage,2,42420,0,0,0.0022863736
graphsage,2,28925,0,0,0.0017752115
graphsage,2,1476,1,1,0.9999132
graphsage,2,66374,1,1,0.96538013
graphsage,2,28717,0,0,0.028581118
graphsage,2,15298,0,0,0.0026572188
graphsage,2,61124,1,1,0.99998784
graphsage,2,48063,0,1,0.64201766
graphsage,2,13386,0,0,0.0007149537
graphsage,2,24647,0,0,0.00028372154
graphsage,2,899,0,0,0.0038352683
graphsage,2,60739,1,1,0.97878486
graphsage,2,16179,0,1,0.7252448
graphsage,2,15956,1,1,0.9999149
graphsage,2,19001,1,1,0.6583937
graphsage,2,58783,1,0,0.32190427
graphsage,2,43808,1,1,0.9993612
graphsage,2,60507,1,1,0.9999186
graphsage,2,27395,0,0,0.0001091462
graphsage,2,36261,0,0,0.003774246
graphsage,2,4182,1,1,0.9997578
graphsage,2,8980,1,1,0.99977833
graphsage,2,8859,1,1,0.99361694
graphsage,2,69938,0,0,0.00046792158
graphsage,2,37248,1,1,0.9991874
graphsage,2,36068,1,1,0.9978453
graphsage,2,61331,0,1,0.5699479
graphsage,2,9327,1,1,0.99265325
graphsage,2,49249,0,0,0.013758441
graphsage,2,20924,1,1,0.9997681
graphsage,2,47487,0,0,0.017810144
graphsage,2,13489,0,0,0.069176026
graphsage,2,8718,0,0,0.00833995
graphsage,2,34712,1,1,0.99896777
graphsage,2,45773,0,0,0.005036907
graphsage,2,69121,1,1,0.9987398
graphsage,2,11657,1,0,0.22723378
graphsage,2,44390,1,1,0.7426885
graphsage,2,61828,0,0,0.00025742283
graphsage,2,41117,1,1,0.9998528
graphsage,2,2557,1,1,0.9100532
graphsage,2,32795,1,1,0.9918488
graphsage,2,56850,0,0,0.015201665
graphsage,2,65997,1,1,0.5849162
graphsage,2,40043,1,1,0.9981224
graphsage,2,42427,0,0,0.25582108
graphsage,2,65847,0,0,0.007096039
graphsage,2,42211,0,0,0.004236551
graphsage,2,15428,0,0,0.0003163775
graphsage,2,38802,1,1,0.97638375
graphsage,2,53710,1,1,0.9986468
graphsage,2,33099,0,0,5.4731998e-05
graphsage,2,38773,1,1,0.99951875
graphsage,2,50608,1,1,0.99945086
graphsage,2,51532,1,1,0.9916916
graphsage,2,31920,1,1,0.9865107
graphsage,2,36373,0,0,0.00081327633
graphsage,2,8254,0,0,0.016398232
graphsage,2,24814,1,0,0.0693004
graphsage,2,28985,0,0,0.00074618286
graphsage,2,2285,1,1,0.9988655
graphsage,2,41032,0,0,0.0016094284
graphsage,2,52400,1,1,0.9988104
graphsage,2,54876,0,0,0.0010079208
graphsage,2,31898,1,1,0.94637185
graphsage,2,44475,0,0,0.0428588
graphsage,2,48733,1,1,0.5413099
graphsage,2,53263,0,0,8.372183e-05
graphsage,2,66713,1,1,0.9993636
graphsage,2,8512,0,0,0.00014007122
graphsage,2,7558,1,1,0.97355485
graphsage,2,68460,1,1,0.9996991
graphsage,2,14857,0,0,0.00011767388
graphsage,2,1049,1,1,0.93683565
graphsage,2,55021,0,0,6.5781845e-05
graphsage,2,1196,1,1,0.9678761
graphsage,2,67408,1,1,0.9504133
graphsage,2,33785,0,0,0.00059908093
graphsage,2,55523,1,1,0.75603986
graphsage,2,28626,0,0,0.016587567
graphsage,2,63830,1,1,0.99123573
graphsage,2,17909,1,1,0.9549966
graphsage,2,21956,0,0,0.0023019514
graphsage,2,13783,0,0,0.0002637284
graphsage,2,58603,0,1,0.6677252
graphsage,2,69883,0,0,0.0026030093
graphsage,2,23495,1,1,0.9996544
graphsage,2,16260,0,0,0.0006844381
graphsage,2,14879,0,0,0.0062924
graphsage,2,70727,1,1,0.99970704
graphsage,2,6976,1,1,0.9845963
graphsage,2,7934,0,0,0.040399328
graphsage,2,57313,0,0,0.0020312471
graphsage,2,54506,1,1,0.8547104
graphsage,2,39125,1,1,0.8066096
graphsage,2,36437,0,0,0.0007402622
graphsage,2,1806,1,1,0.994991
graphsage,2,50504,1,1,0.96973574
graphsage,2,11420,0,1,0.9778029
graphsage,2,50030,0,0,0.24427058
graphsage,2,66369,1,1,0.9911891
graphsage,2,26185,1,1,0.9999176
graphsage,2,36952,0,0,0.013023015
graphsage,2,18987,0,0,0.00015452596
graphsage,2,59154,0,0,0.05853833
graphsage,2,48796,0,0,0.000679093
graphsage,2,38068,1,1,0.9604
graphsage,2,60268,1,1,0.99810034
graphsage,2,37472,1,1,0.5249844
graphsage,2,41015,0,0,3.915204e-05
graphsage,2,45120,0,0,6.0767652e-05
graphsage,2,10753,1,1,0.91553426
graphsage,2,43863,1,1,0.92488104
graphsage,2,66084,1,1,0.9671729
graphsage,2,55469,0,0,6.557035e-05
graphsage,2,10530,1,1,0.99300426
graphsage,2,25655,0,0,5.8030596e-06
graphsage,2,33020,1,1,0.9666218
graphsage,2,21316,1,1,0.99865484
graphsage,2,35230,0,0,9.649679e-06
graphsage,2,59216,1,1,0.98535454
graphsage,2,4064,1,1,0.9939407
graphsage,2,66923,1,1,0.9879996
graphsage,2,276,0,0,0.112031944
graphsage,2,10962,0,0,0.024564076
graphsage,2,63612,1,1,0.70177436
graphsage,2,22853,0,0,0.0029320759
graphsage,2,39117,1,1,0.91301227
graphsage,2,33390,1,1,0.99442977
graphsage,2,4960,0,0,0.014973845
graphsage,2,43616,0,0,0.0008579174
graphsage,2,5741,0,0,0.064188726
graphsage,2,7417,0,0,0.0004395583
graphsage,2,9035,1,1,0.8890191
graphsage,2,7142,0,0,0.00015955415
graphsage,2,51027,0,0,0.0012223428
graphsage,2,46759,0,0,0.0013981021
graphsage,2,10803,1,1,0.6445321
graphsage,2,68301,0,0,0.004286488
graphsage,2,34651,1,1,0.98410654
graphsage,2,56040,0,0,0.028209344
graphsage,2,25355,0,1,0.83607125
graphsage,2,39728,0,0,0.35311773
graphsage,2,32798,1,0,0.42688763
graphsage,2,13975,0,0,0.3842354
graphsage,2,44689,1,1,0.9969152
graphsage,2,25187,0,0,0.00058465777
graphsage,2,30980,0,0,0.022549348
graphsage,2,62490,0,0,0.0047730384
graphsage,2,41321,1,1,0.99849725
graphsage,2,66889,1,1,0.99998367
graphsage,2,12966,0,0,0.11008938
graphsage,2,47510,1,1,0.9145957
graphsage,2,66005,0,0,0.08620973
graphsage,2,5479,0,0,0.02940539
graphsage,2,43623,0,0,0.00039095164
graphsage,2,63293,1,1,0.99961543
graphsage,2,245,1,1,0.98215216
graphsage,2,61852,1,1,0.99112177
graphsage,2,62421,0,0,0.07566573
graphsage,2,44458,1,1,0.75603986
graphsage,2,30400,1,1,0.9910363
graphsage,2,51155,1,1,0.9986959
graphsage,2,56359,1,1,0.8787538
graphsage,2,70177,1,1,0.9726011
graphsage,2,67569,0,0,0.019646654
graphsage,2,64202,1,1,0.99978286
graphsage,2,31742,0,0,0.00072095415
graphsage,2,62587,1,1,0.9992142
graphsage,2,36238,1,1,0.99992263
graphsage,2,12777,1,1,0.99781656
graphsage,2,24055,0,0,0.022207528
graphsage,2,56308,0,0,0.020559138
graphsage,2,7187,1,0,0.43171024
graphsage,2,65814,1,1,0.9966007
graphsage,2,55350,1,1,0.9994382
graphsage,2,60807,0,0,0.012292928
graphsage,2,7924,0,0,0.21273121
graphsage,2,44478,1,1,0.9578857
graphsage,2,24147,1,1,0.9619832
graphsage,2,56740,0,0,0.0037549569
graphsage,2,25125,1,1,0.98377544
graphsage,2,28868,0,0,0.0027212987
graphsage,2,14800,1,1,0.9708034
graphsage,2,3430,0,0,2.4575542e-05
graphsage,2,31288,0,1,0.9996619
graphsage,2,2559,0,1,0.7235927
graphsage,2,33630,0,0,0.0052033593
graphsage,2,37492,1,1,0.9999262
graphsage,2,30195,0,1,0.9961786
graphsage,2,57414,1,1,0.83082473
graphsage,2,16987,1,1,0.96777856
graphsage,2,24044,1,1,0.96181756
graphsage,2,2348,0,0,0.20056678
graphsage,2,8479,0,0,0.1454596
graphsage,2,18803,0,0,0.012155356
graphsage,2,70165,0,0,0.002486266
graphsage,2,28134,0,0,0.05658399
graphsage,2,28611,0,0,2.7458022e-05
graphsage,2,38532,1,1,0.99684167
graphsage,2,21970,1,1,0.92981637
graphsage,2,68920,1,1,0.86391896
graphsage,2,33445,1,1,0.99079907
graphsage,2,66715,1,0,0.12360753
graphsage,2,56652,1,1,0.9997726
graphsage,2,19693,0,0,0.048332263
graphsage,2,61841,1,1,0.98831856
graphsage,2,4628,0,0,0.059503056
graphsage,2,48345,1,1,0.9999827
graphsage,2,9040,0,0,0.008156689
graphsage,2,11441,0,0,0.001070309
graphsage,2,52415,1,1,0.9976642
graphsage,2,41367,1,1,0.98425007
graphsage,2,53945,0,0,0.00033688487
graphsage,2,15195,1,1,0.6751866
graphsage,2,12714,0,0,0.0017022663
graphsage,2,4404,0,0,0.0022352175
graphsage,2,58837,1,1,0.89174604
graphsage,2,49891,1,1,0.97174597
graphsage,2,64432,0,1,0.82034993
graphsage,2,68809,1,1,0.96278465
graphsage,2,70533,1,1,0.99772173
graphsage,2,69017,1,1,0.7394392
graphsage,2,21810,0,0,8.283629e-05
graphsage,2,64136,1,1,0.97268933
graphsage,2,47789,0,0,0.0024601817
graphsage,2,57658,0,0,0.093407676
graphsage,2,36124,1,1,0.9879929
graphsage,2,11741,1,1,0.99933404
graphsage,2,28735,1,1,0.9986773
graphsage,2,38389,0,0,0.0007363061
graphsage,2,58133,0,0,0.19099687
graphsage,2,37934,0,0,0.0052796355
graphsage,2,36644,0,0,0.0003397663
graphsage,2,52866,0,0,0.032476343
graphsage,2,1275,1,1,0.674264
graphsage,2,4004,0,0,0.0024006995
graphsage,2,14174,0,0,0.00083876384
graphsage,2,53081,1,1,0.95089906
graphsage,2,54712,1,1,0.9444561
graphsage,2,19264,1,1,0.9979559
graphsage,2,28652,0,0,0.0014598964
graphsage,2,48340,1,1,0.9934022
graphsage,2,10003,1,0,0.45355153
graphsage,2,70423,0,0,0.00010325443
graphsage,2,13807,1,1,0.8436493
graphsage,2,23576,1,1,0.9844354
graphsage,2,9188,1,1,0.8631202
graphsage,2,10293,0,1,0.6014611
graphsage,2,56167,0,0,0.010584403
graphsage,2,69855,1,1,0.9773054
graphsage,2,66157,0,0,0.0001496328
graphsage,2,51936,0,0,0.032809347
graphsage,2,26365,0,0,0.00048457534
graphsage,2,70338,1,1,0.9363615
graphsage,2,36342,0,0,0.016244607
graphsage,2,4643,0,0,0.40078816
graphsage,2,22661,0,0,0.0008230798
graphsage,2,1816,0,1,0.5138594
graphsage,2,63057,0,1,0.87608457
graphsage,2,29728,1,1,0.99807954
graphsage,2,34552,1,1,0.99135333
graphsage,2,48088,1,1,0.99739873
graphsage,2,18912,0,0,0.00062765396
graphsage,2,46773,0,0,0.029221315
graphsage,2,55648,0,0,8.483951e-05
graphsage,2,49333,0,0,0.37711218
graphsage,2,19131,1,1,0.9997522
graphsage,2,61523,1,1,0.9976609
graphsage,2,67517,1,1,0.9942081
graphsage,2,464,1,1,0.99954516
graphsage,2,28547,0,0,0.00016072595
graphsage,2,9656,0,0,0.0014955115
graphsage,2,25859,0,0,0.25155437
graphsage,2,26495,1,0,0.020968784
graphsage,2,53078,0,0,0.107858956
graphsage,2,57246,1,1,0.77081335
graphsage,2,31130,1,1,0.8927086
graphsage,2,2053,0,0,0.06933967
graphsage,2,25857,0,0,0.00016322282
graphsage,2,29597,1,1,0.9301703
graphsage,2,4749,1,1,0.9955531
graphsage,2,2378,0,0,0.00021319895
graphsage,2,3444,0,0,0.00073236093
graphsage,2,4688,0,0,0.07171052
graphsage,2,19830,1,0,0.26881886
graphsage,2,10386,1,1,0.9685697
graphsage,2,23306,0,0,0.0005279286
graphsage,2,33712,1,1,0.9837765
graphsage,2,3884,1,1,0.9951508
graphsage,2,8369,1,1,0.99878997
graphsage,2,36726,1,1,0.9810977
graphsage,2,71306,1,1,0.9962708
graphsage,2,14715,1,1,0.99899536
graphsage,2,67370,0,1,0.7436727
graphsage,2,45745,1,1,0.98983836
graphsage,2,66180,0,0,0.00043281505
graphsage,2,64613,0,0,0.013667316
graphsage,2,3857,1,1,0.9793634
graphsage,2,24858,0,1,0.88514936
graphsage,2,24648,0,0,0.10501108
graphsage,2,7017,1,1,0.9923643
graphsage,2,62368,0,0,0.0055002943
graphsage,2,32869,0,0,0.06566507
graphsage,2,15961,1,1,0.9852622
graphsage,2,16317,1,1,0.98764056
graphsage,2,11964,0,0,3.353367e-05
graphsage,2,65861,1,1,0.99505204
graphsage,2,19805,1,1,0.9860336
graphsage,2,31385,1,1,0.77343047
graphsage,2,20018,1,1,0.5321695
graphsage,2,33305,1,1,0.9849712
graphsage,2,43697,0,0,0.10264705
graphsage,2,47502,1,1,0.9836901
graphsage,2,57706,0,0,0.36547452
graphsage,2,13355,0,0,0.0011054893
graphsage,2,32397,1,1,0.99975103
graphsage,2,61929,0,0,0.008132836
graphsage,2,58832,1,1,0.9895404
graphsage,2,62003,0,0,0.07534054
graphsage,2,48374,0,1,0.9163684
graphsage,2,9556,1,1,0.8489848
graphsage,2,791,0,0,0.00027463137
graphsage,2,13638,1,1,0.99288636
graphsage,2,48219,0,0,0.005110433
graphsage,2,34500,1,1,0.9974879
graphsage,2,14350,0,0,0.0036912917
graphsage,2,58177,1,1,0.8182602
graphsage,2,9745,0,0,0.31384382
graphsage,2,70568,0,0,0.0026341532
graphsage,2,38579,1,1,0.99958724
graphsage,2,57106,0,0,0.036994647
graphsage,2,42647,0,0,0.00089248805
graphsage,2,26979,1,1,0.9999678
graphsage,2,64582,0,0,0.0014274544
graphsage,2,66461,1,1,0.9987907
graphsage,2,42538,0,0,0.44476673
graphsage,2,46296,0,0,0.46714172
graphsage,2,34172,1,1,0.99998105
graphsage,2,31337,1,1,0.99993646
graphsage,2,16328,1,1,0.9697611
graphsage,2,4926,1,1,0.7269686
graphsage,2,26819,0,0,0.008212838
graphsage,2,9516,0,0,0.07451558
graphsage,2,22397,0,0,0.32784358
graphsage,2,62806,1,1,0.57619816
graphsage,2,61236,0,1,0.9471236
graphsage,2,5984,1,1,0.98599875
graphsage,2,1742,1,1,0.9969267
graphsage,2,28052,0,0,0.007233349
graphsage,2,51486,0,0,0.0015367211
graphsage,2,16165,1,1,0.99894124
graphsage,2,32954,1,1,0.75603986
graphsage,2,46309,0,0,0.12815502
graphsage,2,7114,1,1,0.99505794
graphsage,2,24365,0,0,0.044766106
graphsage,2,53773,0,0,0.00011436989
graphsage,2,23606,1,1,0.9999951
graphsage,2,351,0,0,0.00048833963
graphsage,2,46016,1,1,0.999579
graphsage,2,15824,1,1,0.9851778
graphsage,2,41461,0,0,0.00055317977
graphsage,2,23914,0,0,6.2191853e-06
graphsage,2,65712,0,0,0.00046739978
graphsage,2,10812,1,1,0.7336401
graphsage,2,47634,0,0,0.0010515704
graphsage,2,38610,0,0,0.0038279952
graphsage,2,35971,1,1,0.99842095
graphsage,2,20890,1,1,0.9990369
graphsage,2,29721,0,0,0.00031824523
graphsage,2,5129,1,1,0.97962934
graphsage,2,58566,1,1,0.99871767
graphsage,2,69162,0,0,0.0014717437
graphsage,2,59810,1,1,0.99983764
graphsage,2,64109,1,1,0.99441636
graphsage,2,47821,0,0,0.15100159
graphsage,2,21481,1,1,0.9843078
graphsage,2,20046,1,1,0.9975865
graphsage,2,24488,1,1,0.9990403
graphsage,2,33170,0,0,5.4585994e-06
graphsage,2,41951,1,1,0.8439454
graphsage,2,57025,1,1,0.9991128
graphsage,2,64672,0,0,0.37468317
graphsage,2,70137,1,1,0.99998844
graphsage,2,16911,1,1,0.9990024
graphsage,2,58172,1,1,0.9936132
graphsage,2,43260,0,0,0.052210394
graphsage,2,61871,0,0,0.038332574
graphsage,2,3533,0,1,0.6371296
graphsage,2,11742,0,0,0.015124377
graphsage,2,8260,1,1,0.5987041
graphsage,2,3224,0,0,0.07471436
graphsage,2,8780,1,1,0.99188375
graphsage,2,19153,1,1,0.98799706
graphsage,2,3639,0,0,0.48108187
graphsage,2,38088,1,0,0.4513631
graphsage,2,68622,1,1,0.99962056
graphsage,2,22675,0,0,0.00020595005
graphsage,2,18802,1,1,0.765931
graphsage,2,33133,0,0,0.00017598385
graphsage,2,53603,0,0,0.0008646522
graphsage,2,18632,0,0,0.00897203
graphsage,2,16659,1,1,0.84616816
graphsage,2,15537,0,0,0.28057244
graphsage,2,42130,1,0,0.47915176
graphsage,2,31541,1,1,0.9246843
graphsage,2,63604,0,0,0.05878241
graphsage,2,35433,0,0,0.020914672
graphsage,2,25315,1,1,0.972113
graphsage,2,68927,1,1,0.99516284
graphsage,2,26209,1,1,0.999091
graphsage,2,46461,0,0,0.0187256
graphsage,2,32804,0,0,6.337752e-05
graphsage,2,63175,1,1,0.97096956
graphsage,2,43309,1,1,0.9846147
graphsage,2,33914,0,0,0.0046249526
graphsage,2,59778,1,1,0.9998665
graphsage,2,31962,0,0,0.0076425644
graphsage,2,60531,0,0,0.0116365915
graphsage,2,44823,1,1,0.999951
graphsage,2,68320,1,1,0.90465283
graphsage,2,9315,0,0,0.00019184334
graphsage,2,27323,0,1,0.79016834
graphsage,2,64325,1,1,0.99991226
graphsage,2,10975,1,1,0.99776256
graphsage,2,43602,1,1,0.7141166
graphsage,2,53579,0,0,0.0010834654
graphsage,2,50438,1,1,0.9997843
graphsage,2,21380,1,1,0.8280183
graphsage,2,68056,1,1,0.9971341
graphsage,2,50126,0,0,0.0073571354
graphsage,2,38156,1,1,0.9940999
graphsage,2,54896,0,0,0.05274982
graphsage,2,727,1,1,0.9546298
graphsage,2,54864,0,1,0.54463595
graphsage,2,36942,0,1,0.9351087
graphsage,2,66311,1,1,0.9654777
graphsage,2,15739,0,0,0.0045286575
graphsage,2,19531,0,0,0.009269037
graphsage,2,52363,1,1,0.99728703
graphsage,2,21261,0,0,0.036539458
graphsage,2,66179,0,0,4.7901503e-05
graphsage,2,40171,0,0,0.000779479
graphsage,2,15893,1,1,0.97663873
graphsage,2,42710,1,1,0.99748456
graphsage,2,23534,1,1,0.9242425
graphsage,2,28542,1,1,0.99650913
graphsage,2,49120,0,0,0.03785472
graphsage,2,4986,1,1,0.99615806
graphsage,2,53486,1,1,0.9987606
graphsage,2,62351,0,1,0.7787469
graphsage,2,28923,1,1,0.9998228
graphsage,2,65607,1,1,0.9971775
graphsage,2,19020,0,1,0.9516252
graphsage,2,65184,0,0,6.629073e-06
graphsage,2,64427,1,1,0.75603986
graphsage,2,64682,1,1,0.9448216
graphsage,2,24069,0,1,0.8791041
graphsage,2,52709,1,1,0.9887539
graphsage,2,45616,0,0,0.12815468
graphsage,2,31791,0,1,0.8463037
graphsage,2,49168,0,0,0.0138328
graphsage,2,15415,1,1,0.99941504
graphsage,2,6902,0,0,0.056844063
graphsage,2,22474,1,1,0.99350524
graphsage,2,62322,0,0,0.005535513
graphsage,2,4084,0,0,0.1062081
graphsage,2,740,0,0,0.47736508
graphsage,2,52347,0,0,0.009463437
graphsage,2,5603,0,0,6.214116e-05
graphsage,2,3650,0,0,0.0010960115
graphsage,2,1781,1,1,0.9604683
graphsage,2,25010,0,0,0.2959467
graphsage,2,39503,1,1,0.99648994
graphsage,2,36466,0,1,0.66189796
graphsage,2,40409,1,1,0.9904591
graphsage,2,11457,0,1,0.69782716
graphsage,2,41602,0,0,0.038376305
graphsage,2,61117,1,1,0.99930334
graphsage,2,31610,0,0,7.1077266e-05
graphsage,2,19525,0,0,6.685159e-05
graphsage,2,57793,1,1,0.733407
graphsage,2,449,0,0,0.070263535
graphsage,2,14666,0,0,0.00022941941
graphsage,2,14405,1,1,0.92444766
graphsage,2,23114,1,1,0.9997079
graphsage,2,29008,1,1,0.88471794
graphsage,2,49906,1,1,0.99667525
graphsage,2,57981,1,1,0.9925194
graphsage,2,52529,0,0,0.001807714
graphsage,2,64528,0,0,0.3715371
graphsage,2,45350,1,1,0.8040955
graphsage,2,58418,1,1,0.94217795
graphsage,2,32876,1,1,0.9998802
graphsage,2,67087,0,0,0.00067271525
graphsage,2,69441,0,0,0.0023225106
graphsage,2,15559,0,0,0.029478453
graphsage,2,63039,1,1,0.9625734
graphsage,2,477,0,0,0.00022681727
graphsage,2,11669,0,0,0.004757051
graphsage,2,9996,0,0,0.002085204
graphsage,2,43770,1,1,0.9952378
graphsage,2,56641,1,1,0.9882941
graphsage,2,7706,0,0,0.0032836227
graphsage,2,51420,0,0,0.002009008
graphsage,2,71435,1,1,0.9998995
graphsage,2,59046,0,0,0.0026902882
graphsage,2,44949,1,1,0.9809155
graphsage,2,67533,1,1,0.9958423
graphsage,2,65908,0,0,0.026864355
graphsage,2,52053,0,0,0.00055676454
graphsage,2,70054,1,1,0.9242465
graphsage,2,42627,0,0,0.070279315
graphsage,2,25452,0,0,0.05257816
graphsage,2,36814,1,1,0.9395803
graphsage,2,39605,0,0,0.00012509823
graphsage,2,4115,1,1,0.99977523
graphsage,2,2330,1,1,0.99673873
graphsage,2,17352,0,0,0.2018651
graphsage,2,48260,1,1,0.7573914
graphsage,2,59461,0,0,0.35472474
graphsage,2,28927,1,1,0.9998846
graphsage,2,27109,1,1,0.7413496
graphsage,2,33364,1,1,0.9920298
graphsage,2,42182,1,1,0.9715513
graphsage,2,45971,1,1,0.9926641
graphsage,2,42329,1,1,0.5468489
graphsage,2,66242,0,0,0.37284356
graphsage,2,12343,1,1,0.71524173
graphsage,2,52814,1,0,0.06470076
graphsage,2,31881,1,1,0.96505594
graphsage,2,56116,0,0,0.022513913
graphsage,2,58109,1,1,0.7412315
graphsage,2,43241,0,0,0.026213804
graphsage,2,54529,1,1,0.75603986
graphsage,2,7027,0,0,0.000116972544
graphsage,2,4067,1,1,0.6322391
graphsage,2,46171,1,1,0.99685186
graphsage,2,47944,1,1,0.9670698
graphsage,2,2780,0,0,0.0003541008
graphsage,2,23431,1,1,0.9684434
graphsage,2,64742,1,1,0.99981123
graphsage,2,30880,1,1,0.9988669
graphsage,2,68627,0,0,0.19819899
graphsage,2,60296,1,1,0.9979905
graphsage,2,35719,1,1,0.99821776
graphsage,2,55,0,1,0.96902686
graphsage,2,38469,1,1,0.99943835
graphsage,2,62405,0,0,0.021724157
graphsage,2,71973,1,1,0.9993747
graphsage,2,51553,0,0,0.00026503264
graphsage,2,20518,1,1,0.98098534
graphsage,2,48983,0,1,0.9520003
graphsage,2,71613,1,1,0.9999678
graphsage,2,8450,1,1,0.9991436
graphsage,2,7716,0,0,0.0014481223
graphsage,2,34035,0,0,0.3622284
graphsage,2,26847,0,1,0.64707565
graphsage,2,28027,1,1,0.99748343
graphsage,2,9369,1,1,0.9978453
graphsage,2,64076,1,1,0.9702435
graphsage,2,61782,0,1,0.6824139
graphsage,2,41086,1,1,0.98756546
graphsage,2,53215,0,0,0.08120426
graphsage,2,46032,0,0,0.0032810206
graphsage,2,50580,0,0,0.023541339
graphsage,2,9769,0,0,0.020612463
graphsage,2,39864,1,0,0.36752832
graphsage,2,65182,1,1,0.60777235
graphsage,2,36144,1,1,0.99017113
graphsage,2,41438,0,0,0.029268902
graphsage,2,50046,1,1,0.98420954
graphsage,2,53325,1,1,0.99939954
graphsage,2,17467,1,0,0.2512547
graphsage,2,17374,1,1,0.97831386
graphsage,2,6688,0,0,0.007473716
graphsage,2,17241,1,1,0.97116494
graphsage,2,37571,1,1,0.99994993
graphsage,2,51727,1,1,0.9973743
graphsage,2,59347,0,0,0.007962948
graphsage,2,810,1,1,0.99996364
graphsage,2,48541,0,0,0.016667001
graphsage,2,40692,1,1,0.85209376
graphsage,2,35732,0,0,0.025477389
graphsage,2,19438,1,1,0.9999852
graphsage,2,4853,0,0,0.020682031
graphsage,2,70146,1,1,0.998319
graphsage,2,19067,1,1,0.9996124
graphsage,2,41270,1,1,0.9590586
graphsage,2,22476,0,1,0.52538943
graphsage,2,35751,0,0,0.0007533489
graphsage,2,26868,1,1,0.9877692
graphsage,2,57974,0,0,0.12129544
graphsage,2,24355,0,0,0.0060926285
graphsage,2,37844,0,0,0.006747236
graphsage,2,66166,1,1,0.99961936
graphsage,2,5184,0,0,0.0010300041
graphsage,2,33748,0,0,0.0031582143
graphsage,2,27956,0,0,0.1409058
graphsage,2,11297,1,1,0.9999348
graphsage,2,49398,1,1,0.9929599
graphsage,2,32074,0,0,0.00086857675
graphsage,2,60388,0,0,0.14745581
graphsage,2,68564,0,0,0.0017886193
graphsage,2,18140,0,0,0.00084064377
graphsage,2,14239,1,1,0.5954464
graphsage,2,54344,1,1,0.99887425
graphsage,2,10569,0,0,1.3896802e-05
graphsage,2,12728,1,1,0.9981109
graphsage,2,22242,0,0,0.003032514
graphsage,2,55985,1,1,0.78243124
graphsage,2,66023,1,1,0.75603986
graphsage,2,66541,0,0,0.0005099837
graphsage,2,12831,1,1,0.98303074
graphsage,2,70985,0,1,0.64350927
graphsage,2,25182,1,1,0.9722722
graphsage,2,29846,0,0,0.0061631477
graphsage,2,39242,1,1,0.9976164
graphsage,2,8027,0,0,0.00976004
graphsage,2,58996,1,1,0.9998907
graphsage,2,51165,0,0,0.06293813
graphsage,2,43684,0,0,0.013161535
graphsage,2,6325,1,1,0.90643114
graphsage,2,4255,1,1,0.9623142
graphsage,2,35364,1,1,0.687323
graphsage,2,25920,1,1,0.998776
graphsage,2,33121,0,0,9.5022035e-05
graphsage,2,24169,1,1,0.9999037
graphsage,2,41054,0,0,0.014135438
graphsage,2,48014,1,1,0.7446376
graphsage,2,53862,0,0,0.0019083167
graphsage,2,19620,1,1,0.99990964
graphsage,2,41310,1,0,0.4500558
graphsage,2,52243,1,1,0.9999572
graphsage,2,64903,1,1,0.99620724
graphsage,2,28842,1,1,0.9721382
graphsage,2,41125,1,1,0.98095953
graphsage,2,8642,0,0,0.010543124
graphsage,2,41578,0,0,0.0029291054
graphsage,2,51914,0,0,0.008504634
graphsage,2,1672,0,0,0.002925289
graphsage,2,25786,0,0,0.0017846285
graphsage,2,70836,1,0,0.22457507
graphsage,2,66440,0,1,0.92770404
graphsage,2,50128,0,0,0.0020813083
graphsage,2,56761,1,0,0.011272237
graphsage,2,71842,1,1,0.8387511
graphsage,2,57982,0,0,0.007605873
graphsage,2,362,0,0,0.06521946
graphsage,2,46869,1,1,0.9988651
graphsage,2,38814,0,0,0.0007609683
graphsage,2,58247,0,0,4.0201357e-05
graphsage,2,63325,0,0,0.0414368
graphsage,2,8874,0,0,0.00031619234
graphsage,2,55001,0,0,0.03423501
graphsage,2,17781,1,0,0.022439726
graphsage,2,28093,1,1,0.9919777
graphsage,2,42581,1,1,0.9848216
graphsage,2,55529,0,0,0.0006361694
graphsage,2,30023,0,0,0.0037203263
graphsage,2,18256,0,0,0.0052513736
graphsage,2,6644,1,1,0.99651426
graphsage,2,3141,1,1,0.9349817
graphsage,2,25349,0,0,0.0004713653
graphsage,2,9743,0,0,0.00022760082
graphsage,2,39524,0,0,0.0012387979
graphsage,2,66479,0,0,0.0001714394
graphsage,2,42034,0,0,0.0010710836
graphsage,2,35825,1,1,0.99577457
graphsage,2,58826,0,0,0.040423267
graphsage,2,68807,1,0,0.33441415
graphsage,2,18960,0,0,8.7763896e-05
graphsage,2,47942,1,1,0.986199
graphsage,2,44960,1,1,0.995828
graphsage,2,1029,1,1,0.9921868
graphsage,2,40850,0,0,8.798663e-05
graphsage,2,19843,1,1,0.91887224
graphsage,2,38827,0,1,0.944942
graphsage,2,5992,1,1,0.9983975
graphsage,2,22222,0,0,0.0072399923
graphsage,2,67600,1,1,0.54476833
graphsage,2,35842,0,0,0.001154733
graphsage,2,30033,0,0,0.00022153759
graphsage,2,48126,0,0,9.664665e-05
graphsage,2,52958,0,0,0.008414513
graphsage,2,6994,0,0,0.0010126872
graphsage,2,9302,0,0,0.00075741316
graphsage,2,25651,1,1,0.99994123
graphsage,2,6398,1,1,0.9975635
graphsage,2,6890,0,0,0.0063581555
graphsage,2,57027,0,0,0.00093722984
graphsage,2,29128,1,1,0.80717725
graphsage,2,27822,1,1,0.6822192
graphsage,2,16275,0,0,0.00033677137
graphsage,2,45342,0,1,0.521637
graphsage,2,67638,1,1,0.94969106
graphsage,2,39479,0,0,0.00074442686
graphsage,2,11244,0,0,0.0010637591
graphsage,2,22880,0,0,0.002782745
graphsage,2,29941,1,0,0.060020898
graphsage,2,55861,1,1,0.98865986
graphsage,2,35911,1,0,0.4146797
graphsage,2,49254,1,1,0.99946076
graphsage,2,44717,0,0,0.006189467
graphsage,2,30245,0,0,0.0058677136
graphsage,2,7845,1,1,0.9965808
graphsage,2,23690,1,1,0.9987263
graphsage,2,54927,1,1,0.9985421
graphsage,2,44971,0,0,0.0011344029
graphsage,2,6348,1,1,0.7462143
graphsage,2,48010,1,1,0.8105254
graphsage,2,23748,0,0,0.00047015594
graphsage,2,69613,1,1,0.967195
graphsage,2,46266,0,0,3.491504e-05
graphsage,2,43089,0,0,0.003549816
graphsage,2,44440,1,1,0.9998491
graphsage,2,27495,0,0,0.0070901876
graphsage,2,60669,1,1,0.67426
graphsage,2,62728,1,1,0.99980897
graphsage,2,54850,0,0,0.0004545338
graphsage,2,37280,0,0,0.0024779662
graphsage,2,63426,1,1,0.75603986
graphsage,2,69031,0,0,0.12055812
graphsage,2,59179,0,0,0.00027903717
graphsage,2,14396,0,0,0.43865117
graphsage,2,361,0,0,0.0067768306
graphsage,2,65677,0,0,0.038983896
graphsage,2,9911,0,0,0.034065098
graphsage,2,52587,0,0,0.04914562
graphsage,2,71267,0,0,0.49222496
graphsage,2,53858,0,0,0.1290924
graphsage,2,31086,0,0,0.002683404
graphsage,2,15022,0,0,0.00062431407
graphsage,2,59512,0,0,0.08174304
graphsage,2,16319,1,1,0.75603986
graphsage,2,14074,1,1,0.9842398
graphsage,2,50191,0,0,0.0012020733
graphsage,2,57039,0,0,0.095942445
graphsage,2,53390,0,0,0.4284039
graphsage,2,62440,1,1,0.99851686
graphsage,2,53758,1,1,0.9991775
graphsage,2,64874,1,1,0.99650156
graphsage,2,9417,0,0,0.0014774463
graphsage,2,60311,0,0,0.16042407
graphsage,2,24961,0,1,0.7486203
graphsage,2,1477,1,1,0.77763075
graphsage,2,45406,0,0,0.0024118137
graphsage,2,40008,1,1,0.918123
graphsage,2,15327,0,0,0.04378378
graphsage,2,69103,0,0,0.0004753346
graphsage,2,39353,1,1,0.99647766
graphsage,2,33103,0,0,1.796754e-05
graphsage,2,7080,0,0,0.014017149
graphsage,2,71657,0,1,0.9485779
graphsage,2,20244,0,0,0.034176633
graphsage,2,54877,0,0,0.44738814
graphsage,2,54721,0,0,0.0017248178
graphsage,2,27794,0,0,0.057339296
graphsage,2,17407,1,1,0.9970702
graphsage,2,50624,0,1,0.7490333
graphsage,2,53815,0,0,0.040030964
graphsage,2,39685,0,0,0.014729639
graphsage,2,16682,1,1,0.99870896
graphsage,2,14207,1,1,0.9999826
graphsage,2,71200,0,0,0.0062729185
graphsage,2,49912,1,1,0.9969001
graphsage,2,9422,0,0,0.0034874422
graphsage,2,15420,1,1,0.7265536
graphsage,2,13978,0,0,0.00012480334
graphsage,2,12668,1,1,0.9988997
graphsage,2,62769,0,0,0.0001258003
graphsage,2,26295,0,0,0.011014595
graphsage,2,32737,0,0,6.281015e-05
graphsage,2,65577,1,1,0.71926373
graphsage,2,40458,0,1,0.7350472
graphsage,2,13505,1,1,0.98866487
graphsage,2,50264,1,1,0.99670583
graphsage,2,66748,1,1,0.9851982
graphsage,2,20079,1,1,0.90520585
graphsage,2,26455,0,0,0.020318624
graphsage,2,44967,1,1,0.9425967
graphsage,2,32844,0,0,0.0007390294
graphsage,2,47948,0,0,0.4875161
graphsage,2,57505,1,1,0.99992514
graphsage,2,33557,0,0,0.0010477618
graphsage,2,32035,1,1,0.99886596
graphsage,2,36157,0,0,5.6588735e-05
graphsage,2,57815,1,1,0.97823
graphsage,2,18040,0,0,0.024827717
graphsage,2,37942,1,1,0.9659564
graphsage,2,13627,1,1,0.98669064
graphsage,2,27169,1,1,0.988299
graphsage,2,7419,1,1,0.9972313
graphsage,2,10498,1,1,0.98440313
graphsage,2,33056,1,1,0.99990046
graphsage,2,29201,1,1,0.99983144
graphsage,2,35812,0,0,0.00062458636
graphsage,2,50657,1,1,0.94957715
graphsage,2,9840,0,0,0.0403172
graphsage,2,344,1,1,0.92486596
graphsage,2,50473,1,1,0.9938105
graphsage,2,30507,0,0,0.0024089543
graphsage,2,46791,0,0,0.009100749
graphsage,2,63779,1,1,0.97990876
graphsage,2,24620,1,1,0.9956333
graphsage,2,42474,0,1,0.89880645
graphsage,2,56874,0,0,0.020205874
graphsage,2,32841,1,1,0.9996692
graphsage,2,19976,0,0,0.0054869214
graphsage,2,22785,1,1,0.99995303
graphsage,2,46627,1,1,0.99479806
graphsage,2,49420,1,1,0.97675323
graphsage,2,28629,1,0,0.32042795
graphsage,2,18288,0,0,0.001015226
graphsage,2,40245,1,1,0.99443275
graphsage,2,23021,1,1,0.962043
graphsage,2,40685,1,1,0.99976593
graphsage,2,39015,0,0,0.3337171
graphsage,2,9363,1,0,0.27649105
graphsage,2,62875,0,1,0.8825398
graphsage,2,28174,0,0,0.33443603
graphsage,2,59006,0,1,0.9485576
graphsage,2,5544,1,1,0.92255133
graphsage,2,8446,1,1,0.96609426
graphsage,2,45344,1,1,0.9994741
graphsage,2,2153,1,1,0.7849992
graphsage,2,36496,1,1,0.994325
graphsage,2,34900,1,1,0.99988794
graphsage,2,22776,1,1,0.9911191
graphsage,2,56835,0,0,0.006664627
graphsage,2,68841,1,1,0.9995976
graphsage,2,59925,0,0,0.0004379898
graphsage,2,64512,0,0,0.0339753
graphsage,2,15216,1,1,0.96589935
graphsage,2,26426,0,0,0.011455269
graphsage,2,46676,1,1,0.9060467
graphsage,2,44821,1,1,0.9983436
graphsage,2,55331,1,1,0.9996263
graphsage,2,58015,1,1,0.90466195
graphsage,2,20276,1,1,0.9997274
graphsage,2,57859,1,0,0.078910254
graphsage,2,10635,0,0,0.055127997
graphsage,2,37885,1,1,0.99984753
graphsage,2,17636,1,1,0.99077433
graphsage,2,14150,1,1,0.9986143
graphsage,2,36788,1,1,0.9978483
graphsage,2,3263,1,1,0.9391495
graphsage,2,60474,1,1,0.9712545
graphsage,2,12978,1,1,0.9779246
graphsage,2,15508,1,1,0.9896785
graphsage,2,51930,1,1,0.9999722
graphsage,2,50678,0,0,0.008155735
graphsage,2,17536,1,1,0.9953452
graphsage,2,24699,0,0,0.14314067
graphsage,2,13674,1,1,0.733838
graphsage,2,45748,0,0,0.00039258145
graphsage,2,16840,1,1,0.9987955
graphsage,2,25550,0,0,0.00023257661
graphsage,2,66301,1,0,0.4008182
graphsage,2,27285,0,0,0.47207096
graphsage,2,17990,0,1,0.96146125
graphsage,2,61826,1,1,0.99509263
graphsage,2,62708,1,1,0.99477094
graphsage,2,52042,1,1,0.9961689
graphsage,2,19227,1,1,0.9978671
graphsage,2,58033,1,1,0.9999937
graphsage,2,70691,0,0,0.0007972803
graphsage,2,58940,0,1,0.92163527
graphsage,2,26056,1,0,0.23484375
graphsage,2,10051,0,0,0.0023665878
graphsage,2,59917,1,1,0.999985
graphsage,2,21815,1,1,0.99897325
graphsage,2,71806,1,1,0.9845674
graphsage,2,3570,1,1,0.9387243
graphsage,2,36659,0,0,0.0025865617
graphsage,2,4349,1,1,0.9965648
graphsage,2,14905,1,1,0.9998636
graphsage,2,43758,0,0,0.021229628
graphsage,2,16719,0,0,0.012853234
graphsage,2,33829,1,1,0.9310643
graphsage,2,38164,1,1,0.9966372
graphsage,2,25982,1,0,0.21155067
graphsage,2,65233,1,1,0.985899
graphsage,2,10565,0,0,0.000338846
graphsage,2,61658,0,0,0.00074643147
graphsage,2,48735,1,0,0.456651
graphsage,2,59038,0,0,0.0029991514
graphsage,2,41879,1,1,0.9988311
graphsage,2,44111,1,1,0.63828564
graphsage,2,31141,0,0,0.096757665
graphsage,2,41878,1,1,0.9973701
graphsage,2,3991,1,1,0.99918836
graphsage,2,56663,0,0,0.04506497
graphsage,2,57781,1,1,0.9934813
graphsage,2,25634,0,1,0.54363453
graphsage,2,21174,0,0,0.32954353
graphsage,2,13342,0,0,0.18266647
graphsage,2,36262,0,0,0.006468026
graphsage,2,56345,0,0,0.110762715
graphsage,2,30999,1,0,0.13079013
graphsage,2,25347,0,0,0.051945176
graphsage,2,10586,1,0,0.05293822
graphsage,2,2451,1,1,0.95171034
graphsage,2,314,1,1,0.7130067
graphsage,2,34567,0,0,0.0029675427
graphsage,2,8986,1,1,0.9973955
graphsage,2,71003,0,0,0.3792889
graphsage,2,63263,1,1,0.9999262
graphsage,2,29079,0,0,0.21250348
graphsage,2,31725,0,0,0.0041001104
graphsage,2,70185,1,1,0.9988691
graphsage,2,15187,0,0,0.011319207
graphsage,2,35924,1,0,0.45604604
graphsage,2,25213,0,0,0.09861009
graphsage,2,25571,0,0,0.005629024
graphsage,2,23973,0,0,0.015825154
graphsage,2,24056,0,0,0.007266877
graphsage,2,6063,0,0,0.00078884896
graphsage,2,47985,1,1,0.9979559
graphsage,2,44557,0,0,0.004573778
graphsage,2,34490,0,0,0.028362865
graphsage,2,28025,1,1,0.9844387
graphsage,2,2396,0,0,0.0015049108
graphsage,2,22379,1,1,0.8711993
graphsage,2,28010,1,0,0.20815602
graphsage,2,10715,0,0,0.076144956
graphsage,2,37955,1,1,0.99981076
graphsage,2,35622,0,0,0.003051751
graphsage,2,66552,1,1,0.9970746
graphsage,2,9221,1,1,0.996603
graphsage,2,27079,1,1,0.99980325
graphsage,2,942,1,0,0.13611436
graphsage,2,30965,0,0,0.00022304538
graphsage,2,62259,1,1,0.99791104
graphsage,2,65682,1,1,0.99969685
graphsage,2,55376,0,1,0.8603268
graphsage,2,34751,1,1,0.99183935
graphsage,2,69997,0,0,0.00013906417
graphsage,2,37833,0,1,0.53358346
graphsage,2,18640,1,1,0.99975747
graphsage,2,57894,0,0,0.0026188213
graphsage,2,35134,0,0,0.0012051263
graphsage,2,2977,1,0,0.46500012
graphsage,2,17839,0,0,3.55472e-05
graphsage,2,1541,1,1,0.9937596
graphsage,2,49039,0,0,0.011646066
graphsage,2,21869,1,1,0.99955255
graphsage,2,33117,0,0,0.010262987
graphsage,2,5902,1,1,0.95824677
graphsage,2,32686,1,1,0.8783151
graphsage,2,12397,1,1,0.8065503
graphsage,2,14294,0,0,0.00015886039
graphsage,2,55894,1,1,0.85534364
graphsage,2,53255,0,0,0.42877203
graphsage,2,64194,1,1,0.999253
graphsage,2,68836,0,0,0.0044545606
graphsage,2,12173,1,1,0.99837816
graphsage,2,9635,0,1,0.53754866
graphsage,2,53541,1,1,0.99971277
graphsage,2,24650,0,0,0.00044572796
graphsage,2,8117,0,0,0.04243586
graphsage,2,52745,1,1,0.964753
graphsage,2,37718,1,1,0.99152607
graphsage,2,39653,0,0,0.26212043
graphsage,2,32051,0,0,0.015608692
graphsage,2,29168,0,0,0.004520275
graphsage,2,63458,1,1,0.75603986
graphsage,2,27196,1,1,0.9995309
graphsage,2,60927,0,0,0.0034226517
graphsage,2,59703,0,0,0.0001065864
graphsage,2,8567,1,1,0.8746498
graphsage,2,47765,1,0,0.06398953
graphsage,2,68736,1,1,0.9997794
graphsage,2,2948,0,0,0.055538196
graphsage,2,12597,0,1,0.7215777
graphsage,2,1422,1,1,0.98470783
graphsage,2,2253,0,0,0.003475567
graphsage,2,47150,0,0,0.08416232
graphsage,2,42089,0,1,0.7569119
graphsage,2,1897,0,0,0.0016609771
graphsage,2,28604,1,1,0.73148364
graphsage,2,54562,0,0,0.004859557
graphsage,2,16302,1,0,0.09097458
graphsage,2,9573,1,1,0.8225953
graphsage,2,3246,0,0,0.007251661
graphsage,2,38435,1,1,0.7975207
graphsage,2,40363,0,0,9.53823e-06
graphsage,2,26154,1,1,0.99873286
graphsage,2,25338,0,0,0.011708251
graphsage,2,26429,0,0,0.091447845
graphsage,2,10275,1,1,0.9618226
graphsage,2,17910,0,0,0.21075
graphsage,2,14620,1,1,0.9953418
graphsage,2,41719,1,1,0.9881477
graphsage,2,37316,1,1,0.98131806
graphsage,2,34755,1,1,0.8511221
graphsage,2,5169,1,1,0.9999089
graphsage,2,51357,1,1,0.7759818
graphsage,2,63725,1,1,0.98330486
graphsage,2,40109,1,0,0.25470868
graphsage,2,18689,1,1,0.8848433
graphsage,2,72026,1,1,0.9925431
graphsage,2,3580,1,1,0.9821062
graphsage,2,13311,0,0,0.00016620828
graphsage,2,16075,0,0,0.008589468
graphsage,2,38221,1,1,0.9221634
graphsage,2,37702,0,0,0.0003099955
graphsage,2,5155,1,1,0.9132414
graphsage,2,72079,1,1,0.99169207
graphsage,2,16039,1,1,0.93393743
graphsage,2,4527,0,1,0.97375417
graphsage,2,2490,1,0,0.33676302
graphsage,2,38735,0,0,0.03814183
graphsage,2,38809,1,1,0.9987991
graphsage,2,11844,0,0,0.12951724
graphsage,2,50612,1,1,0.997447
graphsage,2,66495,1,1,0.9917464
graphsage,2,32913,1,1,0.9983882
graphsage,2,41577,0,0,0.06903808
graphsage,2,4735,0,0,0.0053101545
graphsage,2,30430,0,0,0.0042628045
graphsage,2,55927,1,1,0.75603986
graphsage,2,2448,0,0,0.013288221
graphsage,2,17542,1,1,0.986592
graphsage,2,34920,1,1,0.99860555
graphsage,2,42042,0,0,0.097755514
graphsage,2,63878,0,0,0.043361682
graphsage,2,1071,0,0,0.0032364645
graphsage,2,19522,0,0,0.00013210974
graphsage,2,15579,1,0,0.04555965
graphsage,2,5509,0,0,0.0013372196
graphsage,2,66012,0,0,0.003927533
graphsage,2,37144,0,0,0.0008386752
graphsage,2,53623,1,1,0.9996137
graphsage,2,56624,0,0,0.004316606
graphsage,2,20625,0,0,0.16306852
graphsage,2,54147,0,0,0.11537623
graphsage,2,21184,1,1,0.9370795
graphsage,2,67237,0,1,0.9959418
graphsage,2,70976,0,0,0.18786606
graphsage,2,51849,0,0,0.003295959
graphsage,2,57576,1,1,0.9981975
graphsage,2,33688,0,0,0.35203347
graphsage,2,67756,1,1,0.99994683
graphsage,2,27472,0,0,0.00011125391
graphsage,2,51643,1,1,0.9916814
graphsage,2,49091,0,0,0.003580772
graphsage,2,22037,1,1,0.9926783
graphsage,2,57330,0,0,0.00011423671
graphsage,2,18490,1,1,0.5675848
graphsage,2,32859,1,1,0.9976749
graphsage,2,50976,0,0,7.2071845e-05
graphsage,2,67531,1,0,0.47875074
graphsage,2,38075,0,0,0.012655621
graphsage,2,36858,1,1,0.99341184
graphsage,2,46193,0,0,0.00061792985
graphsage,2,51209,0,0,0.048477676
graphsage,2,48822,1,1,0.9980584
graphsage,2,36542,1,1,0.99975973
graphsage,2,33381,0,0,0.0050637615
graphsage,2,5160,0,0,0.00014580737
graphsage,2,41496,0,0,0.0017168279
graphsage,2,7132,0,0,0.0029479575
graphsage,2,40382,1,0,0.2873993
graphsage,2,27483,0,0,0.017338507
graphsage,2,46295,0,0,0.111789525
graphsage,2,47026,0,0,0.00014481832
graphsage,2,29673,1,1,0.89242846
graphsage,2,22211,0,0,0.039204836
graphsage,2,64873,1,1,0.9997305
graphsage,2,57528,0,0,0.0037724036
graphsage,2,4290,1,1,0.9083112
graphsage,2,45922,0,0,0.043427777
graphsage,2,37521,1,1,0.9985018
graphsage,2,36977,0,0,0.02021093
graphsage,2,48707,0,0,0.00020755829
graphsage,2,49357,1,1,0.9989497
graphsage,2,31434,0,0,0.09985975
graphsage,2,30113,1,1,0.9618625
graphsage,2,34753,0,0,0.004895435
graphsage,2,16024,1,1,0.9998559
graphsage,2,55098,0,0,0.0018774378
graphsage,2,21649,0,0,0.038439635
graphsage,2,17807,1,1,0.96887624
graphsage,2,41182,1,1,0.99987495
graphsage,2,9077,1,1,0.99706155
graphsage,2,64554,1,1,0.99866855
graphsage,2,55467,0,0,0.0046057277
graphsage,2,1550,0,0,0.038567573
graphsage,2,21000,1,1,0.9330319
graphsage,2,64167,1,1,0.99030405
graphsage,2,17894,1,0,0.17894559
graphsage,2,39770,1,1,0.6903965
graphsage,2,54817,1,1,0.99600816
graphsage,2,55042,0,0,0.0038567411
graphsage,2,16326,0,0,0.23077813
graphsage,2,63490,1,1,0.99849
graphsage,2,23656,1,1,0.9023808
graphsage,2,743,1,1,0.9985536
graphsage,2,47136,0,0,0.039431263
graphsage,2,60389,1,1,0.9987143
graphsage,2,7673,1,1,0.99999523
graphsage,2,12971,1,1,0.9238753
graphsage,2,2664,1,1,0.9353688
graphsage,2,63238,0,0,0.0002974192
graphsage,2,41995,1,1,0.94830024
graphsage,2,59437,1,1,0.75603986
graphsage,2,57046,1,1,0.99982244
graphsage,2,55097,1,1,0.9964849
graphsage,2,12223,0,1,0.90896016
graphsage,2,46940,0,0,0.0076716626
graphsage,2,60821,0,0,0.0011562031
graphsage,2,11890,0,1,0.95739526
graphsage,2,57519,1,1,0.9999083
graphsage,2,15782,0,0,0.0014439786
graphsage,2,1874,1,1,0.9260619
graphsage,2,44043,1,1,0.99389774
graphsage,2,3042,0,0,0.08729249
graphsage,2,30531,0,0,4.1526153e-05
graphsage,2,20615,1,1,0.98255354
graphsage,2,36900,1,1,0.99918824
graphsage,2,52526,1,1,0.56155723
graphsage,2,66728,0,0,0.0019439566
graphsage,2,573,1,1,0.99701226
graphsage,2,44144,1,1,0.99246866
graphsage,2,27134,1,1,0.99904245
graphsage,2,65082,1,1,0.97356987
graphsage,2,18739,0,0,0.0011649246
graphsage,2,39050,1,0,0.113167815
graphsage,2,39163,1,1,0.9999722
graphsage,2,55960,1,1,0.9375855
graphsage,2,9757,1,0,0.012060379
graphsage,2,44243,0,0,0.026360186
graphsage,2,1953,1,1,0.9998011
graphsage,2,61493,1,1,0.99561596
graphsage,2,47395,1,0,0.26315063
graphsage,2,28261,0,0,0.117166184
graphsage,2,31140,0,0,0.05224863
graphsage,2,28959,0,0,0.0018024251
graphsage,2,37399,0,0,9.414805e-05
graphsage,2,26038,1,0,0.050652213
graphsage,2,11105,1,1,0.9987025
graphsage,2,17389,1,1,0.99251634
graphsage,2,45222,1,1,0.5148197
graphsage,2,33127,1,1,0.99818087
graphsage,2,33042,1,1,0.81756926
graphsage,2,41644,1,1,0.9167434
graphsage,2,67689,1,1,0.99996877
graphsage,2,69077,1,1,0.99460876
graphsage,2,56414,0,0,7.241396e-05
graphsage,2,16997,0,0,0.0011440516
graphsage,2,64000,1,1,0.75603986
graphsage,2,3036,1,0,0.14617978
graphsage,2,69219,0,0,0.025851259
graphsage,2,44089,1,1,0.9996792
graphsage,2,28145,0,0,0.00020503212
graphsage,2,39558,1,1,0.9703029
graphsage,2,12249,0,0,0.00028151128
graphsage,2,21833,0,0,0.09931923
graphsage,2,34777,0,0,9.2933435e-05
graphsage,2,58992,0,0,0.4638571
graphsage,2,65532,0,0,0.006507675
graphsage,2,27154,1,1,0.78188425
graphsage,2,58804,1,1,0.9991961
graphsage,2,22560,0,0,0.0020181646
graphsage,2,63609,1,1,0.98197305
graphsage,2,14475,0,0,0.00029425297
graphsage,2,23972,0,0,0.0025096163
graphsage,2,68815,1,1,0.9559981
graphsage,2,20528,1,1,0.9693626
graphsage,2,1553,1,1,0.9900142
graphsage,2,7507,1,1,0.99993145
graphsage,2,35848,1,1,0.9810699
graphsage,2,21685,1,1,0.9796592
graphsage,2,21490,1,1,0.9553815
graphsage,2,48086,0,0,0.0061646295
graphsage,2,4052,1,1,0.999666
graphsage,2,29473,1,1,0.9995715
graphsage,2,63069,1,1,0.99986017
graphsage,2,67986,1,1,0.9998839
graphsage,2,32467,0,0,0.0035298748
graphsage,2,64971,0,0,0.13058786
graphsage,2,19475,0,0,0.00043592177
graphsage,2,43237,1,1,0.9963677
graphsage,2,14648,1,1,0.9989166
graphsage,2,49534,1,1,0.9773287
graphsage,2,69428,1,1,0.6862834
graphsage,2,29484,1,1,0.99944586
graphsage,2,60079,0,0,0.0049384423
graphsage,2,8059,0,0,1.26914365e-05
graphsage,2,60040,1,1,0.9999136
graphsage,2,22380,1,1,0.9985671
graphsage,2,29775,0,0,0.019789312
graphsage,2,2842,1,1,0.99542964
graphsage,2,62751,0,0,0.0034562978
graphsage,2,9383,0,0,0.029387033
graphsage,2,25860,1,1,0.99996924
graphsage,2,23037,0,0,0.047480483
graphsage,2,45211,0,0,0.00633763
graphsage,2,65174,1,0,0.1408678
graphsage,2,45310,0,0,0.036323335
graphsage,2,71113,0,0,0.00028251362
graphsage,2,32423,0,0,0.007900561
graphsage,2,43440,1,0,0.022943215
graphsage,2,65666,0,0,0.2949427
graphsage,2,39654,1,1,0.9319805
graphsage,2,11987,1,1,0.88010335
graphsage,2,5725,0,0,0.0010408171
graphsage,2,59892,1,1,0.99952376
graphsage,2,71865,0,0,0.021959504
graphsage,2,28359,1,1,0.99993443
graphsage,2,651,0,0,0.28305236
graphsage,2,3874,0,0,0.2920044
graphsage,2,35685,0,0,0.48548153
graphsage,2,36774,0,0,0.0048376354
graphsage,2,41702,1,1,0.9991033
graphsage,2,4412,0,0,0.005038537
graphsage,2,63895,1,1,0.9987721
graphsage,2,12659,1,1,0.9976572
graphsage,2,8864,1,1,0.75603986
graphsage,2,14821,0,0,0.011283653
graphsage,2,60309,0,0,0.0024236874
graphsage,2,27496,1,1,0.99888283
graphsage,2,19091,0,0,0.0014349137
graphsage,2,3253,1,1,0.999181
graphsage,2,44567,1,0,0.015616894
graphsage,2,15493,1,1,0.9982497
graphsage,2,5988,1,1,0.9773895
graphsage,2,14788,1,1,0.9992366
graphsage,2,42645,1,1,0.984705
graphsage,2,46829,1,1,0.8664468
graphsage,2,64834,1,1,0.99836046
graphsage,2,19878,1,1,0.9950954
graphsage,2,12188,0,0,0.0007883384
graphsage,2,10493,1,1,0.9667668
graphsage,2,66114,1,1,0.9924455
graphsage,2,40691,1,1,0.99990296
graphsage,2,42186,1,1,0.98844063
graphsage,2,56012,1,1,0.9998541
graphsage,2,42732,1,1,0.9248022
graphsage,2,1027,0,1,0.6691328
graphsage,2,375,1,1,0.9989498
graphsage,2,36397,1,1,0.99997735
graphsage,2,40338,1,1,0.9978125
graphsage,2,51111,0,0,0.01014924
graphsage,2,49172,0,0,0.00010228786
graphsage,2,40007,1,1,0.9990044
graphsage,2,31626,0,0,0.30307844
graphsage,2,55763,0,0,0.0041568773
graphsage,2,17013,0,1,0.94446856
graphsage,2,2419,0,0,0.0002483392
graphsage,2,47994,0,0,0.00012117747
graphsage,2,39291,0,0,6.240217e-06
graphsage,2,61945,0,0,0.004232303
graphsage,2,56939,1,1,0.99960464
graphsage,2,1437,0,0,0.0013978692
graphsage,2,6700,1,1,0.98917794
graphsage,2,9047,1,1,0.99999654
graphsage,2,58740,0,0,0.4210777
graphsage,2,11864,0,0,0.000478823
graphsage,2,35241,1,1,0.82173204
graphsage,2,52736,0,0,0.00064030755
graphsage,2,67644,0,0,0.0013873692
graphsage,2,38452,0,0,0.0013399756
graphsage,2,40968,0,0,0.0076377597
graphsage,2,6546,1,1,0.9905764
graphsage,2,16585,0,0,0.029164854
graphsage,2,47032,1,1,0.9921147
graphsage,2,27292,0,0,0.14384094
graphsage,2,63345,1,1,0.9924184
graphsage,2,65646,1,1,0.99860114
graphsage,2,30644,1,1,0.9946485
graphsage,2,22678,1,1,0.9273864
graphsage,2,48759,1,1,0.9654476
graphsage,2,27863,1,1,0.99994576
graphsage,2,29989,1,1,0.96785283
graphsage,2,41302,0,0,0.1019274
graphsage,2,38639,0,0,0.009987502
graphsage,2,5392,0,0,0.2822075
graphsage,2,46271,0,1,0.52940613
graphsage,2,24004,0,0,0.00441146
graphsage,2,24241,0,0,0.00040929273
graphsage,2,55389,0,1,0.9221762
graphsage,2,15042,1,1,0.9480306
graphsage,2,64534,1,1,0.98783094
graphsage,2,18125,0,0,0.0006972336
graphsage,2,40927,1,1,0.9997482
graphsage,2,42128,1,0,0.18816249
graphsage,2,28524,0,0,0.0037612482
graphsage,2,35553,0,0,0.038495637
graphsage,2,56280,1,1,0.9981345
graphsage,2,71382,1,1,0.9962721
graphsage,2,14244,1,1,0.9906757
graphsage,2,13607,0,1,0.66089815
graphsage,2,30908,1,1,0.99987483
graphsage,2,17370,1,1,0.9999846
graphsage,2,32832,0,0,0.0037651884
graphsage,2,16324,0,0,0.20095614
graphsage,2,47788,1,1,0.9998746
graphsage,2,23893,0,0,0.32682574
graphsage,2,27419,1,1,0.99977607
graphsage,2,22309,0,0,0.03969145
graphsage,2,58061,0,0,0.02754557
graphsage,2,27894,1,1,0.999371
graphsage,2,68006,1,1,0.9995017
graphsage,2,32582,1,1,0.8259453
graphsage,2,51714,0,0,0.018877396
graphsage,2,63617,0,0,0.0073741837
graphsage,2,5242,1,1,0.995265
graphsage,2,57241,1,1,0.99998915
graphsage,2,69261,1,1,0.99653685
graphsage,2,40054,0,1,0.8705744
graphsage,2,47137,0,0,0.052526124
graphsage,2,26805,0,1,0.7765872
graphsage,2,42564,0,0,0.0078325085
graphsage,2,64164,1,1,0.81595993
graphsage,2,5425,0,0,0.101803325
graphsage,2,34349,0,0,0.005075946
graphsage,2,33205,1,1,0.9996797
graphsage,2,25251,0,0,0.0049711107
graphsage,2,50968,0,0,0.49137187
graphsage,2,7378,1,1,0.5699157
graphsage,2,66133,1,1,0.99090344
graphsage,2,67071,1,1,0.9932187
graphsage,2,24352,0,0,0.016884254
graphsage,2,15680,1,0,0.0016989957
graphsage,2,38022,1,1,0.9835541
graphsage,2,21210,0,0,0.008626347
graphsage,2,16398,1,1,0.99038625
graphsage,2,8377,1,1,0.5528162
graphsage,2,11208,1,1,0.97664464
graphsage,2,14135,0,0,0.007929947
graphsage,2,52175,1,0,0.10101884
graphsage,2,47161,1,1,0.8089732
graphsage,2,8578,1,1,0.9907815
graphsage,2,4562,1,1,0.99884003
graphsage,2,11018,0,0,0.00046295673
graphsage,2,17769,1,1,0.75603986
graphsage,2,35006,0,0,0.30586368
graphsage,2,29404,1,1,0.80387247
graphsage,2,13137,0,0,0.00015976775
graphsage,2,63675,0,0,0.0015161327
graphsage,2,10757,1,1,0.6340518
graphsage,2,16255,1,1,0.99990845
graphsage,2,12446,0,0,0.001114185
graphsage,2,43205,0,0,0.00015219765
graphsage,2,52708,0,0,0.07106193
graphsage,2,63459,0,0,0.0037759137
graphsage,2,15451,1,1,0.999913
graphsage,2,33813,0,0,4.5739165e-05
graphsage,2,66616,0,0,0.0029793652
graphsage,2,7410,1,1,0.97549325
graphsage,2,56018,0,1,0.9562932
graphsage,2,19239,1,0,0.3866913
graphsage,2,71193,0,0,0.00017041132
graphsage,2,2321,0,0,0.008169576
graphsage,2,35906,1,1,0.98993886
graphsage,2,46448,1,1,0.98641497
graphsage,2,21415,0,1,0.9331165
graphsage,2,6709,1,1,0.9988078
graphsage,2,66872,0,0,0.14831641
graphsage,2,19860,0,0,0.0021941983
graphsage,2,8509,1,1,0.788124
graphsage,2,71109,0,0,0.0024511726
graphsage,2,40212,1,0,0.265429
graphsage,2,35738,0,0,0.18083614
graphsage,2,21300,0,0,0.00083507673
graphsage,2,29161,1,0,0.44360504
graphsage,2,41617,1,1,0.9976774
graphsage,2,51594,0,0,0.0018613046
graphsage,2,42354,1,1,0.50255686
graphsage,2,44556,1,1,0.9581591
graphsage,2,37756,1,1,0.75603986
graphsage,2,12855,0,0,0.4308287
graphsage,2,37444,0,0,0.008660817
graphsage,2,37573,1,1,0.9989537
graphsage,2,46316,1,1,0.99995816
graphsage,2,37445,0,1,0.63181233
graphsage,2,23842,1,0,0.020968784
graphsage,2,19240,1,1,0.99838877
graphsage,2,52528,0,0,0.00020775391
graphsage,2,36665,0,0,0.47342557
graphsage,2,33008,1,1,0.99936527
graphsage,2,58179,0,0,0.0005793375
graphsage,2,240,1,1,0.9999441
graphsage,2,57832,1,1,0.9912656
graphsage,2,36162,1,1,0.9679193
graphsage,2,37012,1,1,0.9989569
graphsage,2,21934,0,0,0.0010536902
graphsage,2,24226,0,0,0.0024045727
graphsage,2,49260,0,0,0.008098797
graphsage,2,52953,1,1,0.9998411
graphsage,2,22760,1,1,0.9997428
graphsage,2,14076,1,1,0.99682117
graphsage,2,69251,0,0,0.00054491294
graphsage,2,43689,1,1,0.941698
graphsage,2,6844,0,0,0.00088063435
graphsage,2,45506,0,0,0.012389151
graphsage,2,47048,1,1,0.97052413
graphsage,2,50448,0,0,0.010285525
graphsage,2,62012,1,1,0.6799368
graphsage,2,23356,0,0,0.10791087
graphsage,2,44543,1,1,0.99131775
graphsage,2,7167,0,0,0.0018457604
graphsage,2,17101,0,0,0.018157285
graphsage,2,67558,0,0,0.00031155007
graphsage,2,41573,1,1,0.9928852
graphsage,2,54942,1,0,0.15860651
graphsage,2,4605,1,1,0.9864999
graphsage,2,20539,0,0,0.017720446
graphsage,2,4221,0,1,0.58426094
graphsage,2,44323,0,0,0.0053046467
graphsage,2,65599,1,1,0.9869905
graphsage,2,7568,1,1,0.9835322
graphsage,2,53552,0,0,0.010783931
graphsage,2,2692,1,1,0.9962999
graphsage,2,50723,1,1,0.7086686
graphsage,2,27842,1,0,0.20007472
graphsage,2,64653,1,1,0.9526779
graphsage,2,64829,1,1,0.99953663
graphsage,2,13279,0,0,0.0035657166
graphsage,2,22852,0,0,0.016717851
graphsage,2,36074,0,0,0.0007661001
graphsage,2,13990,0,0,0.00018411572
graphsage,2,58766,1,1,0.99987864
graphsage,2,9951,0,0,0.025079368
graphsage,2,43910,0,0,0.34717417
graphsage,2,71549,1,1,0.9926837
graphsage,2,44693,0,0,0.0008710424
graphsage,2,55561,0,1,0.9923868
graphsage,2,47740,1,1,0.69765383
graphsage,2,61292,0,0,0.022216596
graphsage,2,15439,0,0,0.060398497
graphsage,2,61238,1,1,0.52231
graphsage,2,39767,1,1,0.99873215
graphsage,2,49294,1,1,0.7670897
graphsage,2,30819,0,0,0.0028976595
graphsage,2,65318,0,0,0.00028955287
graphsage,2,48048,0,0,0.0675847
graphsage,2,20680,1,1,0.99993646
graphsage,2,65625,1,1,0.99994636
graphsage,2,14997,1,1,0.9958676
graphsage,2,29388,1,1,0.75603986
graphsage,2,16243,1,1,0.97574764
graphsage,2,43501,1,1,0.99980134
graphsage,2,60035,0,0,0.0002100062
graphsage,2,25441,1,1,0.820448
graphsage,2,70827,1,1,0.75603986
graphsage,2,44334,1,1,0.9973966
graphsage,2,55482,0,0,0.01901068
graphsage,2,28353,1,1,0.99884355
graphsage,2,70611,1,1,0.9998622
graphsage,2,3208,0,0,0.36553818
graphsage,2,64505,1,1,0.9940949
graphsage,2,46293,0,0,0.058869954
graphsage,2,3597,1,1,0.9998282
graphsage,2,19669,0,0,0.0030202013
graphsage,2,66672,0,0,0.0052101165
graphsage,2,35720,0,0,0.003025159
graphsage,2,57803,1,1,0.99999905
graphsage,2,19129,0,0,0.0005928764
graphsage,2,51437,0,0,0.009469003
graphsage,2,4700,1,1,0.9992292
graphsage,2,61216,0,0,0.00028719724
graphsage,2,69528,1,1,0.99997175
graphsage,2,1652,0,0,5.4393684e-05
graphsage,2,55640,0,0,0.120708294
graphsage,2,26158,1,1,0.9974884
graphsage,2,55650,1,1,0.99360037
graphsage,2,64844,0,0,0.0020072267
graphsage,2,14263,0,0,0.009021968
graphsage,2,37427,0,0,0.01500411
graphsage,2,61443,1,0,0.008632074
graphsage,2,69199,1,1,0.97015566
graphsage,2,53800,1,1,0.9999608
graphsage,2,68175,1,1,0.9169081
graphsage,2,69711,1,1,0.9614249
graphsage,2,39148,1,0,0.011671335
graphsage,2,13656,1,1,0.99866164
graphsage,2,71961,0,0,0.0025737234
graphsage,2,38107,0,0,0.0014541355
graphsage,2,54871,0,0,0.030829063
graphsage,2,41357,0,0,0.021508368
graphsage,2,32679,1,0,0.09828737
graphsage,2,24794,0,0,0.00015090677
graphsage,2,26742,0,0,0.0014115409
graphsage,2,45500,0,0,0.026412882
graphsage,2,66646,1,1,0.99867105
graphsage,2,18547,1,1,0.75603986
graphsage,2,26002,0,0,0.030573964
graphsage,2,40936,1,1,0.98761785
graphsage,2,42723,1,1,0.9899038
graphsage,2,33883,1,1,0.9577087
graphsage,2,40627,1,1,0.9987815
graphsage,2,11507,0,0,0.0013747955
graphsage,2,40971,1,0,0.39408255
graphsage,2,6031,0,1,0.8587597
graphsage,2,35506,1,1,0.9789534
graphsage,2,39803,0,0,0.010854023
graphsage,2,56269,0,0,0.015548392
graphsage,2,65695,0,0,0.00019036814
graphsage,2,43325,1,1,0.9983908
graphsage,2,45423,0,0,0.0030853255
graphsage,2,45994,0,0,0.03489361
graphsage,2,32476,1,1,0.99564713
graphsage,2,48856,1,1,0.8325289
graphsage,2,20360,0,1,0.96650565
graphsage,2,20525,1,1,0.9985084
graphsage,2,39617,0,0,0.0032552285
graphsage,2,35447,0,0,0.025482904
graphsage,2,8014,1,1,0.75603986
graphsage,2,60462,0,1,0.9899545
graphsage,2,21154,1,1,0.9355028
graphsage,2,9286,1,1,0.9962758
graphsage,2,30080,1,1,0.99995625
graphsage,2,36843,1,1,0.9912999
graphsage,2,39863,0,0,0.0007218252
graphsage,2,48597,1,1,0.96988004
graphsage,2,51467,1,0,0.44780406
graphsage,2,16481,1,1,0.9757043
graphsage,2,13847,0,0,0.0010976829
graphsage,2,11014,1,1,0.7953901
graphsage,2,24442,1,1,0.9997807
graphsage,2,38742,1,0,0.20453432
graphsage,2,72061,1,1,0.9872606
graphsage,2,9959,0,0,0.24294595
graphsage,2,69761,0,1,0.7229654
graphsage,2,17124,1,1,0.99760544
graphsage,2,64566,1,1,0.5929507
graphsage,2,70755,1,1,0.9999918
graphsage,2,35654,0,0,0.06729159
graphsage,2,3835,0,0,0.058488682
graphsage,2,21240,0,0,0.02134524
graphsage,2,2999,0,0,0.0042019747
graphsage,2,49528,1,1,0.9604142
graphsage,2,58445,1,1,0.89439464
graphsage,2,57199,1,1,0.9998487
graphsage,2,37105,1,1,0.9999603
graphsage,2,11066,1,1,0.56758577
graphsage,2,56728,0,0,0.0038961864
graphsage,2,15549,0,0,0.0007623284
graphsage,2,33547,1,1,0.99804795
graphsage,2,57516,0,0,0.09046334
graphsage,2,17999,0,1,0.8771856
graphsage,2,47105,1,1,0.9998185
graphsage,2,71717,0,0,0.0013571474
graphsage,2,42310,0,0,0.11154522
graphsage,2,27452,1,1,0.999918
graphsage,2,28211,1,1,0.5440921
graphsage,2,24412,0,0,0.16031557
graphsage,2,10660,1,1,0.9988048
graphsage,2,54350,1,1,0.59316456
graphsage,2,69453,0,0,0.001407829
graphsage,2,43896,0,0,0.010968565
graphsage,2,8476,0,0,0.28135234
graphsage,2,932,1,1,0.9318378
graphsage,2,56430,0,0,1.320294e-05
graphsage,2,15337,1,1,0.99170697
graphsage,2,25168,0,0,0.00033214292
graphsage,2,60335,0,0,0.0035321803
graphsage,2,63810,1,1,0.9949151
graphsage,2,38474,1,1,0.99232566
graphsage,2,21092,0,0,3.2162443e-05
graphsage,2,56471,1,1,0.9999938
graphsage,2,60513,0,0,2.7690188e-05
graphsage,2,21521,0,0,0.0008146697
graphsage,2,17678,1,1,0.90581256
graphsage,2,55879,1,1,0.9983063
graphsage,2,30217,1,1,0.7058513
graphsage,2,9966,1,1,0.9977617
graphsage,2,53596,0,1,0.6119462
graphsage,2,68964,0,0,0.0058195484
graphsage,2,19964,1,1,0.90520585
graphsage,2,53353,0,0,0.0021745348
graphsage,2,1642,0,0,0.30503342
graphsage,2,32667,0,1,0.60349214
graphsage,2,2907,1,1,0.9997749
graphsage,2,36370,1,1,0.99990463
graphsage,2,28210,1,1,0.9998412
graphsage,2,12752,1,1,0.99863416
graphsage,2,4164,1,1,0.909694
graphsage,2,652,0,1,0.5438338
graphsage,2,26506,1,1,0.959487
graphsage,2,34099,0,0,0.00057208183
graphsage,2,60213,0,0,0.46271
graphsage,2,41560,0,0,0.00011078958
graphsage,2,38913,1,1,0.9974256
graphsage,2,18445,1,1,0.9987984
graphsage,2,69653,1,1,0.99986744
graphsage,2,35814,1,1,0.99885607
graphsage,2,54531,1,1,0.8656696
graphsage,2,31848,0,0,0.0044808188
graphsage,2,28321,1,1,0.9990206
graphsage,2,17513,1,1,0.75603986
graphsage,2,16350,1,1,0.80569255
graphsage,2,3576,0,0,0.0023854396
graphsage,2,52099,0,0,0.011773182
graphsage,2,45877,1,1,0.9993687
graphsage,2,71873,1,1,0.994678
graphsage,2,4816,1,1,0.8620023
graphsage,2,57836,1,1,0.99976724
graphsage,2,34039,1,1,0.9922218
graphsage,2,55701,0,0,0.28170258
graphsage,2,39807,1,1,0.97461987
graphsage,2,47462,0,0,0.00062496925
graphsage,2,6302,1,1,0.9548584
graphsage,2,10260,1,1,0.9999728
graphsage,2,7880,1,1,0.99965453
graphsage,2,22087,1,1,0.99471754
graphsage,2,13772,1,1,0.9932888
graphsage,2,55598,1,1,0.9907141
graphsage,2,21182,1,1,0.9993261
graphsage,2,32960,1,1,0.99804604
graphsage,2,22793,1,1,0.69488174
graphsage,2,52696,1,1,0.9999355
graphsage,2,48447,1,1,0.99986494
graphsage,2,19127,1,1,0.9987997
graphsage,2,48057,1,1,0.9999217
graphsage,2,42736,0,0,0.00041354485
graphsage,2,64481,1,1,0.99315554
graphsage,2,618,0,0,0.00015148992
graphsage,2,19055,1,1,0.9968953
graphsage,2,15577,1,1,0.99959046
graphsage,2,28207,1,1,0.9787291
graphsage,2,2743,0,0,0.064350106
graphsage,2,41004,1,1,0.9974026
graphsage,2,25766,1,1,0.99952245
graphsage,2,34991,0,0,0.05448457
graphsage,2,14102,1,1,0.9935994
graphsage,2,28120,1,1,0.99945563
graphsage,2,35204,1,1,0.99700505
graphsage,2,67719,1,1,0.989249
graphsage,2,42465,0,0,0.0011113452
graphsage,2,27806,1,1,0.9899038
graphsage,2,11951,1,1,0.9999124
graphsage,2,42,1,1,0.93430084
graphsage,2,3682,0,0,0.0053272885
graphsage,2,1264,0,0,0.15718138
graphsage,2,35605,1,1,0.9988078
graphsage,2,38843,1,1,0.99900705
graphsage,2,1438,1,1,0.97171086
graphsage,2,33396,0,0,0.044324823
graphsage,2,16588,1,1,0.75603986
graphsage,2,14094,0,0,0.008109921
graphsage,2,14468,1,1,0.9978211
graphsage,2,27146,1,1,0.9987214
graphsage,2,54898,1,1,0.9995511
graphsage,2,33155,0,0,0.06804304
graphsage,2,57582,1,1,0.99485636
graphsage,2,28067,0,0,0.0052470607
graphsage,2,20032,1,1,0.9914341
graphsage,2,69440,1,1,0.98909
graphsage,2,54698,0,1,0.963148
graphsage,2,66317,1,1,0.65660346
graphsage,2,38581,1,1,0.9994247
graphsage,2,4050,0,0,0.016753716
graphsage,2,25985,0,0,0.005377664
graphsage,2,29051,1,1,0.9774858
graphsage,2,66586,0,0,0.09437788
graphsage,2,34242,1,1,0.99929845
graphsage,2,47829,0,0,0.000112393136
graphsage,2,4033,0,0,0.0023793865
graphsage,2,46223,0,0,0.00053729425
graphsage,2,59148,0,0,3.253389e-05
graphsage,2,26890,0,0,1.572559e-05
graphsage,2,4138,1,1,0.50308734
graphsage,2,43674,0,0,0.008955576
graphsage,2,21824,0,0,0.0037807778
graphsage,2,8987,1,1,0.8143895
graphsage,2,71276,0,0,0.000102614445
graphsage,2,10401,1,1,0.7238051
graphsage,2,59121,0,0,0.0034893486
graphsage,2,37094,1,1,0.9964484
graphsage,2,53342,1,1,0.99830544
graphsage,2,58744,1,1,0.9739319
graphsage,2,63631,1,0,0.32231602
graphsage,2,70070,1,1,0.9995165
graphsage,2,57811,1,1,0.9974583
graphsage,2,16218,0,0,0.0003970778
graphsage,2,54371,1,1,0.9992592
graphsage,2,16100,1,1,0.99951327
graphsage,2,21062,1,1,0.99926215
graphsage,2,65782,1,1,0.92851436
graphsage,2,55127,0,0,0.17269658
graphsage,2,22186,1,1,0.9609581
graphsage,2,64355,0,0,4.182482e-05
graphsage,2,41384,1,1,0.936706
graphsage,2,53125,1,1,0.9995177
graphsage,2,34865,0,0,0.0056344448
graphsage,2,47528,0,0,0.21702978
graphsage,2,41350,0,0,0.14076236
graphsage,2,51940,0,0,0.040958915
graphsage,2,57142,1,1,0.9870228
graphsage,2,67604,0,0,0.015050275
graphsage,2,62824,0,0,0.011528726
graphsage,2,42610,0,0,0.0013710349
graphsage,2,29527,0,0,0.006727353
graphsage,2,69477,1,1,0.9986431
graphsage,2,6255,0,0,0.00010017523
graphsage,2,24743,1,1,0.9958817
graphsage,2,4021,0,0,0.0014973383
graphsage,2,54115,0,0,0.00012582271
graphsage,2,58074,0,0,0.0004468818
graphsage,2,39817,0,0,0.00068636925
graphsage,2,39527,1,1,0.99931467
graphsage,2,35774,1,1,0.9851445
graphsage,2,12967,1,1,0.9514831
graphsage,2,38943,1,1,0.9980869
graphsage,2,32837,1,1,0.99323285
graphsage,2,57786,1,1,0.99789196
graphsage,2,13619,0,0,0.017064815
graphsage,2,32242,1,1,0.9998549
graphsage,2,55114,1,1,0.9998671
graphsage,2,52195,0,0,0.0041246563
graphsage,2,20507,0,0,0.0001601669
graphsage,2,27853,0,0,0.117694885
graphsage,2,26679,1,1,0.9976133
graphsage,2,20115,0,0,0.0005139565
graphsage,2,38589,1,1,0.9998578
graphsage,2,47890,0,1,0.964419
graphsage,2,18141,0,0,0.00059887045
graphsage,2,25378,1,1,0.929164
graphsage,2,32245,0,0,0.0002207105
graphsage,2,70640,0,0,0.0005237602
graphsage,2,11717,0,0,0.0021480024
graphsage,2,12945,0,0,0.08687782
graphsage,2,67513,0,0,0.00012520803
graphsage,2,14316,0,0,0.00047858822
graphsage,2,67412,1,1,0.99691737
graphsage,2,1998,1,1,0.99633515
graphsage,2,44548,1,1,0.994522
graphsage,2,10686,0,0,0.0008868254
graphsage,2,11134,1,1,0.9876744
graphsage,2,21463,1,1,0.9977983
graphsage,2,68192,0,0,0.0014156577
graphsage,2,47381,1,1,0.9973139
graphsage,2,65479,1,0,0.16355363
graphsage,2,70498,0,0,0.040244944
graphsage,2,38291,0,0,0.00053342636
graphsage,2,44424,0,0,0.0010991174
graphsage,2,60404,1,1,0.9883513
graphsage,2,45177,1,1,0.99749386
graphsage,2,51388,1,0,0.025753781
graphsage,2,26867,0,1,0.98733157
graphsage,2,9945,1,1,0.9953133
graphsage,2,49644,1,1,0.9258557
graphsage,2,38092,1,1,0.9976665
graphsage,2,2902,1,1,0.99979943
graphsage,2,25218,0,0,0.000520858
graphsage,2,42406,1,1,0.98831344
graphsage,2,36201,1,1,0.96884626
graphsage,2,48459,0,0,0.22186407
graphsage,2,34847,0,0,0.00017704573
graphsage,2,21672,1,1,0.98802906
graphsage,2,44916,0,0,0.0026984017
graphsage,2,60203,0,0,0.00015485637
graphsage,2,37403,1,1,0.977248
graphsage,2,58524,1,1,0.99725145
graphsage,2,36753,0,0,8.958104e-05
graphsage,2,24267,1,1,0.9998485
graphsage,2,7937,0,1,0.68495965
graphsage,2,65743,0,0,0.00083587714
graphsage,2,70824,1,1,0.99956363
graphsage,2,33983,0,0,0.0033008184
graphsage,2,11840,1,1,0.99993443
graphsage,2,10789,1,1,0.9998222
graphsage,2,11928,0,0,0.24469814
graphsage,2,58717,1,1,0.7370655
graphsage,2,59603,1,1,0.99918526
graphsage,2,18732,1,1,0.9987324
graphsage,2,44594,0,0,0.21193582
graphsage,2,52919,0,0,0.019913292
graphsage,2,2102,0,1,0.8696224
graphsage,2,6380,0,0,0.39652267
graphsage,2,63559,1,1,0.523649
graphsage,2,54778,1,0,0.44357637
graphsage,2,6301,0,0,0.0007646814
graphsage,2,10929,1,1,0.99998915
graphsage,2,59186,0,0,0.10966005
graphsage,2,44805,0,1,0.95473707
graphsage,2,45556,1,1,0.940289
graphsage,2,4110,0,1,0.72885936
graphsage,2,66559,0,0,0.035775322
graphsage,2,1554,0,0,0.00072242593
graphsage,2,68633,0,0,0.00092944433
graphsage,2,3391,0,0,0.10039422
graphsage,2,12328,1,1,0.99971837
graphsage,2,57182,0,1,0.9253185
graphsage,2,53229,0,0,0.019098876
graphsage,2,61438,0,0,0.02783181
graphsage,2,22141,1,1,0.88407904
graphsage,2,15483,0,0,0.0055795633
graphsage,2,20565,0,0,1.0412668e-05
graphsage,2,27831,0,0,2.9034833e-05
graphsage,2,57964,1,1,0.9817423
graphsage,2,46916,0,0,0.13356942
graphsage,2,9591,1,1,0.99836165
graphsage,2,39116,1,1,0.7186353
graphsage,2,44331,1,0,0.016938591
graphsage,2,22353,1,1,0.9995845
graphsage,2,1230,0,0,0.0016244806
graphsage,2,16170,0,0,0.0012994003
graphsage,2,46499,1,0,0.20511726
graphsage,2,44125,0,0,0.010284185
graphsage,2,42824,1,1,0.99708074
graphsage,2,13795,1,1,0.99787617
graphsage,2,47918,1,0,0.12944683
graphsage,2,44698,0,0,0.0044533196
graphsage,2,12799,1,1,0.98417586
graphsage,2,28387,0,0,8.819243e-05
graphsage,2,49975,1,1,0.99571687
graphsage,2,28249,0,0,0.10196023
graphsage,2,33675,1,1,0.7084049
graphsage,2,32762,1,1,0.99980444
graphsage,2,46578,0,0,0.002611312
graphsage,2,40384,1,1,0.9778235
graphsage,2,69671,0,0,0.000297267
graphsage,2,55518,0,0,0.00020219538
graphsage,2,34294,1,0,0.32277417
graphsage,2,22715,0,0,1.3496147e-05
graphsage,2,15167,1,1,0.9976065
graphsage,2,72036,1,1,0.99990165
graphsage,2,6057,0,0,7.010764e-05
graphsage,2,14541,1,1,0.9995222
graphsage,2,23514,0,1,0.8289425
graphsage,2,4952,1,1,0.57404894
graphsage,2,37793,1,1,0.88224095
graphsage,2,17610,0,0,0.00037754723
graphsage,2,35116,1,1,0.6843065
graphsage,2,439,0,0,0.0012571729
graphsage,2,62783,1,1,0.9294975
graphsage,2,63051,0,1,0.85111576
graphsage,2,42540,0,0,0.0010695888
graphsage,2,12354,0,0,0.18442568
graphsage,2,37811,1,1,0.75870675
graphsage,2,57650,0,0,0.0012389472
graphsage,2,37350,0,0,0.019797962
graphsage,2,62848,0,0,0.35602346
graphsage,2,70937,0,0,0.45600897
graphsage,2,10958,1,1,0.99992096
graphsage,2,62164,1,1,0.97373486
graphsage,2,58188,0,0,0.0014095178
graphsage,2,11482,0,0,0.00036010874
graphsage,2,13778,1,1,0.9530653
graphsage,2,6438,1,1,0.6322658
graphsage,2,63946,1,1,0.98650116
graphsage,2,53700,0,0,0.18509544
graphsage,2,48181,0,0,0.44318187
graphsage,2,31601,1,1,0.98886335
graphsage,2,64053,0,0,0.0014560511
graphsage,2,59002,0,0,0.06558163
graphsage,2,11622,1,1,0.94141024
graphsage,2,13380,0,0,0.007803548
graphsage,2,70380,1,1,0.9932673
graphsage,2,56621,1,1,0.99532986
graphsage,2,14717,0,0,0.0044800784
graphsage,2,32255,1,1,0.5880844
graphsage,2,41549,0,0,0.014574605
graphsage,2,54726,0,0,0.28874624
graphsage,2,67869,0,0,0.00027169418
graphsage,2,56460,0,0,0.00016839468
graphsage,2,6010,0,0,2.775456e-05
graphsage,2,52369,1,1,0.99934834
graphsage,2,21768,1,1,0.9997588
graphsage,2,21070,1,1,0.9856
graphsage,2,55711,0,0,0.04537883
graphsage,2,16724,0,0,0.0040896987
graphsage,2,51728,0,0,0.01213851
graphsage,2,38357,0,0,0.07977953
graphsage,2,24310,1,1,0.9982039
graphsage,2,23262,1,1,0.9961026
graphsage,2,14249,0,0,0.08072736
graphsage,2,1121,1,1,0.9988605
graphsage,2,24393,1,1,0.99904686
graphsage,2,6521,0,0,0.020022955
graphsage,2,51056,1,1,0.9947826
graphsage,2,33286,1,0,0.37001145
graphsage,2,42658,0,0,0.003129025
graphsage,2,12896,0,0,0.00012035777
graphsage,2,59036,1,1,0.9997547
graphsage,2,4910,1,1,0.9997329
graphsage,2,47591,0,0,0.028832056
graphsage,2,28554,0,0,0.0005689459
graphsage,2,67968,0,0,0.0013521378
graphsage,2,62686,1,1,0.9998604
graphsage,2,22615,0,0,0.29267576
graphsage,2,39132,0,0,0.0009759323
graphsage,2,10016,0,0,0.00018444132
graphsage,2,19428,0,0,0.100276075
graphsage,2,52186,1,1,0.9540802
graphsage,2,24316,1,1,0.99829155
graphsage,2,6442,0,0,0.00012727547
graphsage,2,31571,0,0,0.037404157
graphsage,2,7004,0,0,0.013396107
graphsage,2,53946,0,0,0.0024731618
graphsage,2,58548,0,0,0.004867237
graphsage,2,61529,1,1,0.9188702
graphsage,2,71917,0,0,0.0014374903
graphsage,2,1978,0,0,0.043983046
graphsage,2,44945,0,0,0.10514136
graphsage,2,44928,1,1,0.9186326
graphsage,2,27686,0,0,0.0065441737
graphsage,2,49655,1,1,0.9814705
graphsage,2,23281,0,0,0.004331753
graphsage,2,57226,0,0,0.035664044
graphsage,2,32542,0,0,2.6431266e-05
graphsage,2,49102,0,0,0.0003290608
graphsage,2,30398,1,1,0.99902344
graphsage,2,28738,0,0,0.008171914
graphsage,2,43901,1,1,0.99958855
graphsage,2,29266,1,1,0.96872866
graphsage,2,60096,1,1,0.9954862
graphsage,2,68607,1,1,0.9975721
graphsage,2,8909,1,1,0.99906677
graphsage,2,56561,1,1,0.99990773
graphsage,2,11603,1,0,0.32062933
graphsage,2,58296,1,1,0.99918
graphsage,2,14327,0,0,0.0073250392
graphsage,2,25569,1,1,0.9830434
graphsage,2,32345,0,0,0.002862334
graphsage,2,52632,0,0,0.0033168178
graphsage,2,12942,0,1,0.99835604
graphsage,2,11993,0,0,0.0010728933
graphsage,2,49561,0,0,0.26181468
graphsage,2,22462,0,0,0.0021584567
graphsage,2,47357,0,1,0.9215485
graphsage,2,29797,0,0,0.016258858
graphsage,2,61156,0,1,0.5091701
graphsage,2,11764,0,0,0.0062853857
graphsage,2,2421,0,0,0.0029099635
graphsage,2,67859,1,1,0.7027289
graphsage,2,31761,0,0,0.037174758
graphsage,2,33758,1,0,0.15316677
graphsage,2,60407,0,0,0.009508472
graphsage,2,16212,0,0,0.012206839
graphsage,2,30188,0,0,0.09301898
graphsage,2,39385,0,0,0.0007211644
graphsage,2,38670,1,1,0.69739777
graphsage,2,61765,0,0,0.0015743035
graphsage,2,11384,1,1,0.99626285
graphsage,2,67189,0,0,0.096416436
graphsage,2,10724,0,0,0.0019012622
graphsage,2,66260,0,0,0.0024624541
graphsage,2,19334,1,1,0.9842328
graphsage,2,27695,0,0,0.0011952884
graphsage,2,32673,1,1,0.5394289
graphsage,2,45974,0,0,0.0017714268
graphsage,2,16953,1,1,0.93971235
graphsage,2,64218,0,1,0.97664434
graphsage,2,12692,1,1,0.9694741
graphsage,2,60964,0,0,0.00068802945
graphsage,2,44525,1,0,0.111477524
graphsage,2,38385,0,1,0.6536553
graphsage,2,19917,0,0,0.0015125285
graphsage,2,56727,0,0,0.1322112
graphsage,2,8728,1,1,0.9999497
graphsage,2,11803,0,0,0.00030472135
graphsage,2,21135,0,0,0.0020471339
graphsage,2,45379,0,0,4.993962e-05
graphsage,2,17827,0,0,2.7669992e-05
graphsage,2,2912,1,1,0.9997799
graphsage,2,4240,1,0,0.0013305437
graphsage,2,27652,1,1,0.99869734
graphsage,2,32411,1,1,0.88973176
graphsage,2,37637,1,1,0.9472519
graphsage,2,29170,1,1,0.9997062
graphsage,2,4713,1,1,0.98640835
graphsage,2,30513,0,0,0.00094655465
graphsage,2,22035,0,0,0.041875582
graphsage,2,64858,0,0,0.06169168
graphsage,2,6484,1,1,0.93291485
graphsage,2,41547,0,0,0.02700855
graphsage,2,10820,1,1,0.9862277
graphsage,2,21988,1,1,0.9994635
graphsage,2,60577,0,0,0.034130327
graphsage,2,61347,1,1,0.9982697
graphsage,2,12174,0,0,0.000657864
graphsage,2,57817,0,0,0.211504
graphsage,2,2092,1,1,0.9597133
graphsage,2,35073,0,0,0.009980733
graphsage,2,38466,1,1,0.776461
graphsage,2,2181,1,0,0.025286628
graphsage,2,35525,1,1,0.9996886
graphsage,2,65614,1,1,0.99923337
graphsage,2,71729,0,0,0.018206945
graphsage,2,57701,0,0,7.561139e-05
graphsage,2,326,1,1,0.9997137
graphsage,2,49288,1,1,0.95682967
graphsage,2,33923,1,1,0.98820347
graphsage,2,48723,1,0,0.38652295
graphsage,2,18763,0,0,0.00054129347
graphsage,2,65001,0,0,0.00053629914
graphsage,2,53028,0,0,0.0001002382
graphsage,2,17681,0,0,0.0021641224
graphsage,2,47662,1,1,0.98207814
graphsage,2,8764,1,0,0.15884246
graphsage,2,47311,0,0,0.00771952
graphsage,2,55770,1,1,0.9942272
graphsage,2,29165,0,0,0.3399951
graphsage,2,48905,0,0,0.00025554845
graphsage,2,18595,1,1,0.99976736
graphsage,2,44139,0,0,0.00046065488
graphsage,2,54684,0,0,0.0015211361
graphsage,2,61289,0,0,0.0010326215
graphsage,2,25490,1,1,0.99770254
graphsage,2,35860,1,1,0.86235577
graphsage,2,34076,0,1,0.99602747
graphsage,2,16741,0,0,0.100465685
graphsage,2,70965,1,1,0.99945563
graphsage,2,34912,0,0,0.20594566
graphsage,2,40652,0,0,1.148548e-05
graphsage,2,62834,1,1,0.98656505
graphsage,2,38206,1,1,0.9993975
graphsage,2,20076,1,1,0.99881196
graphsage,2,29549,1,1,0.9860491
graphsage,2,51324,1,1,0.99988437
graphsage,2,52727,0,0,0.04122903
graphsage,2,29281,1,1,0.648328
graphsage,2,24540,1,1,0.99858534
graphsage,2,27118,0,0,3.2900334e-05
graphsage,2,2162,0,0,0.002385509
graphsage,2,54813,0,0,0.00066993537
graphsage,2,2516,1,1,0.9897384
graphsage,2,8238,1,1,0.99948263
graphsage,2,29414,0,0,0.0010045924
graphsage,2,24744,1,1,0.9965042
graphsage,2,53103,1,1,0.97168183
graphsage,2,4557,1,1,0.9992424
graphsage,2,30963,1,1,0.9997404
graphsage,2,68329,1,1,0.99462646
graphsage,2,19363,1,1,0.9988954
graphsage,2,46995,0,0,0.0001940092
graphsage,2,34715,1,1,0.998283
graphsage,2,2547,1,0,0.31337294
graphsage,2,45354,0,0,0.008546941
graphsage,2,27183,0,0,0.0028449988
graphsage,2,63354,1,1,0.9988997
graphsage,2,9540,0,0,0.023277389
graphsage,2,63171,0,0,0.029688437
graphsage,2,8110,1,1,0.8769223
graphsage,2,15183,1,1,0.9851997
graphsage,2,27816,0,0,0.0067554796
graphsage,2,57724,1,1,0.7320841
graphsage,2,50323,1,1,0.7110449
graphsage,2,19335,0,0,0.16008596
graphsage,2,3782,0,0,0.000886891
graphsage,2,21660,1,1,0.99941254
graphsage,2,33667,0,0,0.0025884274
graphsage,2,2671,1,1,0.9985084
graphsage,2,21690,1,1,0.99971265
graphsage,2,49932,0,0,0.041186888
graphsage,2,36263,1,0,0.45813382
graphsage,2,30458,1,1,0.9944741
graphsage,2,65006,1,1,0.9941273
graphsage,2,10871,1,0,0.17195232
graphsage,2,38284,0,0,0.00039249726
graphsage,2,63542,1,1,0.9728115
graphsage,2,45584,0,0,0.05525041
graphsage,2,22386,1,0,0.0010269344
graphsage,2,28807,0,0,0.00025354602
graphsage,2,7143,1,1,0.99985814
graphsage,2,51812,1,1,0.99762136
graphsage,2,60284,1,1,0.99683195
graphsage,2,31763,0,0,0.002408323
graphsage,2,30078,1,1,0.9840443
graphsage,2,43200,0,0,0.000679898
graphsage,2,6816,0,0,0.07218676
graphsage,2,60470,0,0,0.0018127044
graphsage,2,46662,0,0,0.0013375034
graphsage,2,30892,1,1,0.9952122
graphsage,2,38883,1,1,0.80665386
graphsage,2,69025,1,1,0.9729968
graphsage,2,23517,1,1,0.9473479
graphsage,2,58175,0,0,0.0052072606
graphsage,2,874,0,1,0.77098703
graphsage,2,47998,1,1,0.9998487
graphsage,2,58118,1,0,0.43686974
graphsage,2,29117,0,0,0.090352215
graphsage,2,59386,1,1,0.9994898
graphsage,2,59530,0,0,0.0026126287
graphsage,2,46711,1,1,0.99986625
graphsage,2,36468,0,0,0.005531727
graphsage,2,12091,1,1,0.9917829
graphsage,2,39706,1,1,0.995886
graphsage,2,31081,1,1,0.75603986
graphsage,2,52028,0,0,0.0004695039
graphsage,2,15436,1,1,0.996561
graphsage,2,28415,1,1,0.9999157
graphsage,2,23715,1,1,0.9934657
graphsage,2,60120,0,0,0.0074065328
graphsage,2,48201,0,1,0.9423709
graphsage,2,66881,1,1,0.9988997
graphsage,2,33425,1,1,0.9973556
graphsage,2,41906,1,1,0.9809528
graphsage,2,37925,1,0,0.40000695
graphsage,2,63778,0,0,0.026928192
graphsage,2,8264,0,0,0.002370389
graphsage,2,56412,1,1,0.9737462
graphsage,2,45720,0,0,0.00010996796
graphsage,2,26017,1,1,0.7783768
graphsage,2,13027,0,0,0.0014700098
graphsage,2,67714,1,1,0.9145684
graphsage,2,16320,1,1,0.9985775
graphsage,2,35935,0,0,0.0011171448
graphsage,2,39693,1,1,0.9953245
graphsage,2,25415,0,0,0.007143283
graphsage,2,64503,0,0,0.024345623
graphsage,2,48146,0,0,1.8677289e-05
graphsage,2,12358,1,1,0.99998796
graphsage,2,49363,0,0,0.0026837026
graphsage,2,50516,0,0,0.35143822
graphsage,2,8925,1,1,0.99998546
graphsage,2,3414,0,0,0.0365828
graphsage,2,60969,1,1,0.9775203
graphsage,2,36381,0,0,0.010362468
graphsage,2,24342,1,1,0.84246045
graphsage,2,41361,0,0,0.00049589976
graphsage,2,49900,0,0,0.23109865
graphsage,2,43152,0,0,0.0071373875
graphsage,2,26988,1,1,0.9298578
graphsage,2,68118,1,1,0.82652044
graphsage,2,30736,1,1,0.86682785
graphsage,2,35369,1,1,0.9966987
graphsage,2,39682,0,0,0.0136802355
graphsage,2,55304,1,1,0.9960975
graphsage,2,47982,1,1,0.927503
graphsage,2,6115,0,0,0.0045177205
graphsage,2,48892,1,1,0.9999962
graphsage,2,31058,1,1,0.9985348
graphsage,2,54317,0,0,0.002321807
graphsage,2,58193,0,0,0.01875351
graphsage,2,51315,0,0,0.021123003
graphsage,2,8063,0,0,0.27051237
graphsage,2,8632,1,1,0.75603986
graphsage,2,45763,0,1,0.99070907
graphsage,2,52029,0,0,0.0041842144
graphsage,2,71447,1,1,0.9926144
graphsage,2,5914,1,1,0.99660325
graphsage,2,33506,1,1,0.9820227
graphsage,2,52221,1,1,0.9938148
graphsage,2,12827,1,1,0.9911913
graphsage,2,5945,0,0,0.0026941907
graphsage,2,35624,1,1,0.9961964
graphsage,2,42655,0,0,0.0006008908
graphsage,2,20998,0,0,0.0004220063
graphsage,2,15456,1,0,0.13592598
graphsage,2,7916,0,0,0.0023352215
graphsage,2,59334,1,1,0.87241703
graphsage,2,35540,1,1,0.99959046
graphsage,2,37231,1,1,0.9978654
graphsage,2,10307,0,0,0.2908445
graphsage,2,59505,0,0,0.0051646135
graphsage,2,60321,0,1,0.8873944
graphsage,2,53775,0,0,0.02139451
graphsage,2,67402,0,0,0.023728022
graphsage,2,45229,0,0,0.035351153
graphsage,2,17174,0,0,0.0123500815
graphsage,2,6189,1,1,0.97314125
graphsage,2,64639,1,1,0.86816806
graphsage,2,17046,0,0,0.0024813998
graphsage,2,14641,0,0,0.013513917
graphsage,2,62911,1,1,0.9796984
graphsage,2,42434,0,0,0.008882628
graphsage,2,36012,0,0,0.00041897738
graphsage,2,52580,1,1,0.9988078
graphsage,2,15479,0,0,0.005094861
graphsage,2,57842,1,1,0.9977227
graphsage,2,47384,0,1,0.562322
graphsage,2,52867,0,0,0.0010877531
graphsage,2,50956,1,1,0.99060994
graphsage,2,9590,1,1,0.9997584
graphsage,2,23300,0,0,0.24118392
graphsage,2,55153,1,1,0.9771029
graphsage,2,28586,0,0,0.00905495
graphsage,2,71066,1,1,0.9844354
graphsage,2,7157,1,1,0.9994067
graphsage,2,37544,1,1,0.6313892
graphsage,2,48090,0,0,0.0010406317
graphsage,2,37415,0,0,0.0547299
graphsage,2,71363,1,1,0.9823271
graphsage,2,11518,0,0,0.025846804
graphsage,2,47605,0,0,0.00415042
graphsage,2,34966,1,1,0.9990403
graphsage,2,33656,1,1,0.99977773
graphsage,2,4806,0,0,2.652587e-06
graphsage,2,12935,1,1,0.9944548
graphsage,2,20352,0,0,0.0002571827
graphsage,2,46330,0,0,0.00017358967
graphsage,2,16994,0,0,0.2872908
graphsage,2,12632,0,0,0.002096226
graphsage,2,46136,0,0,0.0019385887
graphsage,2,13292,1,0,0.25323015
graphsage,2,47631,1,1,0.96473056
graphsage,2,69603,0,0,0.00015117262
graphsage,2,18986,0,0,0.04532397
graphsage,2,24370,1,1,0.9315233
graphsage,2,15169,0,0,0.00024840175
graphsage,2,5395,0,0,0.005203478
graphsage,2,60383,1,1,0.9492869
graphsage,2,53464,1,1,0.991886
graphsage,2,1197,0,0,0.019181842
graphsage,2,8414,0,0,0.05387958
graphsage,2,620,1,1,0.94942063
graphsage,2,39196,0,0,0.003929158
graphsage,2,70028,1,0,0.26260653
graphsage,2,49370,0,0,0.07173366
graphsage,2,16948,0,0,0.479907
graphsage,2,15381,0,0,0.22068655
graphsage,2,39599,0,0,0.053744983
graphsage,2,61885,0,1,0.7460967
graphsage,2,3478,0,0,8.60556e-06
graphsage,2,51600,0,0,0.011313467
graphsage,2,60678,1,1,0.75603986
graphsage,2,42569,0,0,0.00066003815
graphsage,2,35713,0,0,0.18621883
graphsage,2,53644,0,0,0.002507999
graphsage,2,46695,0,1,0.5228065
graphsage,2,22147,0,0,2.7162834e-05
graphsage,2,4096,1,1,0.69950897
graphsage,2,46824,0,0,0.2083658
graphsage,2,21169,0,0,0.0014759838
graphsage,2,62420,0,0,0.04092189
graphsage,2,16347,0,0,0.0013802791
graphsage,2,25624,1,1,0.9788633
graphsage,2,70541,1,1,0.75577605
graphsage,2,17750,1,1,0.92945725
graphsage,2,65059,0,0,0.0021153148
graphsage,2,20474,0,0,0.05825005
graphsage,2,29804,1,1,0.50729597
graphsage,2,1431,0,0,0.0009553132
graphsage,2,3440,0,0,0.0049139042
graphsage,2,17326,1,1,0.99834263
graphsage,2,57400,0,0,0.022412816
graphsage,2,16838,0,0,0.00800173
graphsage,2,34134,0,0,0.0063047204
graphsage,2,48600,0,0,0.1343524
graphsage,2,16409,0,0,0.22915289
graphsage,2,41723,1,1,0.9999305
graphsage,2,66658,0,0,0.0075630373
graphsage,2,45459,0,0,0.019784966
graphsage,2,39919,1,1,0.9998041
graphsage,2,27363,1,1,0.99871504
graphsage,2,4185,0,0,0.45831788
graphsage,2,62258,0,1,0.77680063
graphsage,2,34042,0,0,2.1941538e-05
graphsage,2,35055,0,0,0.0010209448
graphsage,2,59941,0,0,0.00026068505
graphsage,2,10620,0,1,0.7098798
graphsage,2,49358,0,0,0.00049656903
graphsage,2,65130,1,0,0.47276306
graphsage,2,14542,1,1,0.99200034
graphsage,2,22486,0,0,0.02891471
graphsage,2,23787,0,0,0.0013085782
graphsage,2,43211,0,1,0.8397707
graphsage,2,54642,0,0,0.0053047696
graphsage,2,23267,1,1,0.999798
graphsage,2,55537,1,1,0.9988997
graphsage,2,24072,1,1,0.92973524
graphsage,2,55876,0,0,0.015448017
graphsage,2,23779,1,1,0.9989691
graphsage,2,59392,1,1,0.9999119
graphsage,2,32997,1,1,0.9984078
graphsage,2,49229,1,1,0.9716513
graphsage,2,69954,1,1,0.99952555
graphsage,2,38289,0,0,0.012201021
graphsage,2,17706,0,0,0.05044897
graphsage,2,40816,1,1,0.99880993
graphsage,2,33493,0,0,0.0013540552
graphsage,2,69949,0,0,0.01696296
graphsage,2,22085,0,0,0.02528492
graphsage,2,21657,1,1,0.9995987
graphsage,2,48458,0,0,0.0049391123
graphsage,2,49392,0,0,0.0046932707
graphsage,2,7442,1,1,0.9996723
graphsage,2,65834,0,0,0.0150286965
graphsage,2,61074,0,0,0.0043418584
graphsage,2,69754,1,1,0.99994373
graphsage,2,68258,1,1,0.9991141
graphsage,2,56633,0,0,0.009153308
graphsage,2,9899,0,0,0.0010208032
graphsage,2,58637,1,0,0.14602192
graphsage,2,50219,0,0,0.0017952482
graphsage,2,61932,1,1,0.99956673
graphsage,2,20481,0,0,0.022317607
graphsage,2,19835,1,1,0.99920976
graphsage,2,25076,1,1,0.9393148
graphsage,2,50172,1,1,0.75603986
graphsage,2,71520,0,0,2.0551448e-05
graphsage,2,21007,0,0,0.0009153721
graphsage,2,34189,1,1,0.99850225
graphsage,2,46879,1,1,0.99966574
graphsage,2,64306,0,0,0.00032665092
graphsage,2,2307,0,0,0.00040527235
graphsage,2,22896,0,0,0.02041824
graphsage,2,41513,0,0,5.2775937e-05
graphsage,2,24859,0,0,1.4633338e-05
graphsage,2,1801,0,0,0.002305193
graphsage,2,56715,1,1,0.99985945
graphsage,2,47235,1,1,0.9955259
graphsage,2,66977,1,1,0.75603986
graphsage,2,2426,0,0,0.005114442
graphsage,2,68760,1,1,0.9998566
graphsage,2,48560,1,1,0.9904524
graphsage,2,71204,1,1,0.99988353
graphsage,2,35052,1,1,0.98114
graphsage,2,65578,0,0,0.002272323
graphsage,2,13735,0,0,7.557404e-05
graphsage,2,33817,0,0,0.054464612
graphsage,2,7740,1,1,0.999992
graphsage,2,40231,0,0,0.013451598
graphsage,2,2055,1,1,0.9906211
graphsage,2,41509,0,0,0.0018978015
graphsage,2,67878,0,0,0.0015084688
graphsage,2,35179,0,1,0.73855114
graphsage,2,22360,1,1,0.9963439
graphsage,2,58098,1,1,0.99926096
graphsage,2,55400,0,1,0.92245567
graphsage,2,54043,1,1,0.99393916
graphsage,2,63711,1,1,0.99709487
graphsage,2,66653,1,1,0.9742003
graphsage,2,31258,1,1,0.999498
graphsage,2,16688,0,0,0.00031837812
graphsage,2,5531,1,1,0.9973719
graphsage,2,62531,0,0,0.010239638
graphsage,2,20729,1,0,0.09783883
graphsage,2,40592,1,1,0.99963176
graphsage,2,13831,0,0,0.0004824603
graphsage,2,30923,1,1,0.7875305
graphsage,2,28752,0,0,0.024975054
graphsage,2,36362,1,1,0.9997459
graphsage,2,25633,0,0,0.010954437
graphsage,2,18801,1,1,0.9996829
graphsage,2,38116,0,0,0.00082495477
graphsage,2,50494,0,0,3.795764e-05
graphsage,2,49684,0,1,0.82186496
graphsage,2,23255,1,1,0.9915571
graphsage,2,7385,1,1,0.98275924
graphsage,2,5481,1,1,0.984616
graphsage,2,34146,0,0,0.4090117
graphsage,2,23184,1,1,0.99986684
graphsage,2,64353,1,1,0.9733724
graphsage,2,69641,1,1,0.9638306
graphsage,2,24798,0,0,0.00030011695
graphsage,2,25362,1,1,0.997964
graphsage,2,46104,1,0,0.3426022
graphsage,2,70599,0,0,0.24171779
graphsage,2,416,1,1,0.9996774
graphsage,2,66776,1,1,0.99998856
graphsage,2,18406,1,1,0.9663303
graphsage,2,9932,1,1,0.7665682
graphsage,2,24619,0,0,0.007072399
graphsage,2,44612,0,0,0.014434436
graphsage,2,11011,1,1,0.9726547
graphsage,2,17731,0,0,0.00048068358
graphsage,2,24096,1,1,0.9982597
graphsage,2,18360,1,1,0.98553526
graphsage,2,35788,1,1,0.9999441
graphsage,2,58182,1,1,0.99992347
graphsage,2,59299,1,1,0.9254673
graphsage,2,34555,1,1,0.9766208
graphsage,2,14052,1,1,0.9992132
graphsage,2,2322,0,0,0.0020127736
graphsage,2,46135,0,0,0.0010735067
graphsage,2,15047,0,0,0.011668095
graphsage,2,54405,1,1,0.9826538
graphsage,2,7852,1,1,0.8581095
graphsage,2,413,1,1,0.99967265
graphsage,2,62759,0,0,0.00010080028
graphsage,2,38053,0,0,0.00022560105
graphsage,2,48991,0,0,0.4181719
graphsage,2,24723,1,0,0.30741292
graphsage,2,34465,1,1,0.9996841
graphsage,2,33069,0,0,0.01696918
graphsage,2,63020,1,1,0.9643223
graphsage,2,33919,1,1,0.97138727
graphsage,2,38237,1,1,0.8656696
graphsage,2,57070,1,1,0.9999608
graphsage,2,35064,1,1,0.99995196
graphsage,2,60257,1,0,0.18769589
graphsage,2,36528,1,1,0.9274701
graphsage,2,12538,0,0,0.0057842187
graphsage,2,25351,0,1,0.7981213
graphsage,2,6106,1,1,0.9997452
graphsage,2,48628,1,1,0.9997055
graphsage,2,32193,1,1,0.9998159
graphsage,2,1889,1,1,0.8174204
graphsage,2,60098,1,1,0.99992704
graphsage,2,33488,0,0,0.010970975
graphsage,2,30054,0,0,0.00020741526
graphsage,2,18123,1,1,0.9794938
graphsage,2,32195,1,1,0.9999399
graphsage,2,18361,0,0,0.0066401316
graphsage,2,24788,1,1,0.9996136
graphsage,2,54727,0,0,0.0024603244
graphsage,2,46598,1,1,0.75866777
graphsage,2,3329,1,1,0.9692532
graphsage,2,62141,0,0,0.0026683018
graphsage,2,35993,0,0,0.0035939747
graphsage,2,2703,0,0,0.27599537
graphsage,2,28570,1,1,0.99952865
graphsage,2,16620,1,1,0.9922132
graphsage,2,4062,0,0,0.01601902
graphsage,2,41714,1,1,0.93405
graphsage,2,38812,0,0,0.0043828296
graphsage,2,57616,0,1,0.5530688
graphsage,2,20802,1,1,0.9999627
graphsage,2,68218,0,0,0.0104467925
graphsage,2,66868,0,0,0.011357093
graphsage,2,26422,0,0,0.4683592
graphsage,2,59369,1,1,0.6004375
graphsage,2,13452,1,1,0.8525533
graphsage,2,22848,1,1,0.8170845
graphsage,2,967,1,1,0.999984
graphsage,2,25020,1,1,0.9999784
graphsage,2,34123,1,1,0.95413196
graphsage,2,53206,0,0,0.010169513
graphsage,2,35212,1,1,0.99465734
graphsage,2,26780,1,0,0.47122177
graphsage,2,47207,0,0,0.041047823
graphsage,2,15028,1,1,0.9551363
graphsage,2,62626,0,0,0.00018008483
graphsage,2,60160,1,0,0.10068381
graphsage,2,70550,1,1,0.96609426
graphsage,2,9931,0,0,0.019286808
graphsage,2,19288,1,1,0.99998844
graphsage,2,23320,0,0,0.00036570677
graphsage,2,2812,1,1,0.98952204
graphsage,2,7962,1,1,0.99691737
graphsage,2,29190,1,1,0.88495004
graphsage,2,64989,1,1,0.87212515
graphsage,2,52924,0,0,0.004040583
graphsage,2,53401,0,0,0.036155995
graphsage,2,54679,1,1,0.9991763
graphsage,2,18903,1,1,0.9708034
graphsage,2,3901,1,1,0.9963787
graphsage,2,59029,0,0,0.0030579432
graphsage,2,37882,0,0,0.028770257
graphsage,2,70439,0,0,0.0032712142
graphsage,2,21026,1,1,0.9709367
graphsage,2,46342,1,1,0.9999629
graphsage,2,16576,0,0,0.0010020536
graphsage,2,65839,0,0,0.08769222
graphsage,2,55744,1,1,0.9998554
graphsage,2,39449,0,0,4.7002966e-05
graphsage,2,48330,1,1,0.9635933
graphsage,2,64026,0,0,0.004145019
graphsage,2,54504,0,1,0.82629657
graphsage,2,55018,1,1,0.83509326
graphsage,2,11390,1,1,0.99998677
graphsage,2,57312,1,1,0.99995565
graphsage,2,55804,1,1,0.9992687
graphsage,2,23913,0,1,0.54295707
graphsage,2,24268,0,0,0.0005985016
graphsage,2,1391,0,0,0.039165273
graphsage,2,66900,0,0,0.007105694
graphsage,2,49704,0,1,0.99530494
graphsage,2,6825,1,1,0.99992466
graphsage,2,68274,1,1,0.9524481
graphsage,2,40619,0,0,0.003649678
graphsage,2,31748,1,1,0.99995005
graphsage,2,36872,0,0,0.0029185181
graphsage,2,34487,0,0,0.017803155
graphsage,2,60527,1,1,0.68297917
graphsage,2,18221,0,0,0.00017172816
graphsage,2,48823,1,1,0.99469525
graphsage,2,39827,0,0,9.432364e-05
graphsage,2,19497,1,1,0.9996697
graphsage,2,21089,0,0,0.0048352713
graphsage,2,14565,1,1,0.9945392
graphsage,2,279,0,0,0.0105012385
graphsage,2,6130,1,0,0.4611524
graphsage,2,68751,1,1,0.99941945
graphsage,2,55738,0,0,0.13241753
graphsage,2,22,1,1,0.99529463
graphsage,2,4976,1,1,0.9942398
graphsage,2,57901,0,0,0.0012566408
graphsage,2,53741,1,1,0.9999435
graphsage,2,50362,1,1,0.9979024
graphsage,2,64745,0,0,0.12586412
graphsage,2,14880,0,0,0.010165118
graphsage,2,44328,1,1,0.999967
graphsage,2,22110,1,1,0.9997553
graphsage,2,57915,1,1,0.99914575
graphsage,2,28656,1,1,0.9982496
graphsage,2,41077,1,0,0.029310578
graphsage,2,33764,0,0,0.0052135284
graphsage,2,52496,1,1,0.99203074
graphsage,2,30455,0,0,0.031047814
graphsage,2,27880,1,1,0.9554888
graphsage,2,50647,1,1,0.9823721
graphsage,2,38506,1,1,0.9988997
graphsage,2,55248,0,0,0.0012820018
graphsage,2,6437,0,0,0.06323568
graphsage,2,40,1,1,0.99949133
graphsage,2,8056,0,0,0.0020209767
graphsage,2,49995,0,0,0.0005547522
graphsage,2,50622,1,1,0.58603615
graphsage,2,54319,0,1,0.82967097
graphsage,2,56882,1,1,0.99996686
graphsage,2,45411,0,0,0.0007026507
graphsage,2,10894,1,1,0.97415304
graphsage,2,66599,0,0,0.00034076042
graphsage,2,7498,1,1,0.9520438
graphsage,2,26122,1,1,0.9961701
graphsage,2,24843,1,1,0.9776409
graphsage,2,8886,1,1,0.9954933
graphsage,2,12210,0,1,0.7611043
graphsage,2,39446,0,0,0.0006484977
graphsage,2,41231,1,1,0.99996233
graphsage,2,40289,1,1,0.5764711
graphsage,2,601,0,0,0.001454414
graphsage,2,30460,1,1,0.96872866
graphsage,2,15616,1,1,0.99148846
graphsage,2,35232,0,0,0.012175394
graphsage,2,39077,1,1,0.9984341
graphsage,2,6213,1,1,0.99935704
graphsage,2,32148,1,1,0.96688986
graphsage,2,6388,1,1,0.99999785
graphsage,2,25952,1,1,0.9999838
graphsage,2,6270,1,1,0.9953537
graphsage,2,59668,1,1,0.9999714
graphsage,2,15210,0,0,0.0029716934
graphsage,2,60798,1,1,0.9953317
graphsage,2,28430,0,0,0.3101616
graphsage,2,45127,1,1,0.99859685
graphsage,2,57554,1,1,0.75603986
graphsage,2,42915,0,1,0.7266665
graphsage,2,28639,1,1,0.99900395
graphsage,2,48091,1,1,0.9999615
graphsage,2,43296,0,0,0.005623907
graphsage,2,11436,0,1,0.6916461
graphsage,2,33092,0,0,0.019187702
graphsage,2,46960,1,1,0.99326056
graphsage,2,34282,1,1,0.9208516
graphsage,2,33791,1,1,0.9652164
graphsage,2,29308,1,1,0.99263144
graphsage,2,10419,1,1,0.983982
graphsage,2,4298,1,1,0.99922633
graphsage,2,32903,0,0,0.00012926928
graphsage,2,70688,0,0,0.0014092274
graphsage,2,29366,1,1,0.7694607
graphsage,2,66808,1,1,0.9990017
graphsage,2,12593,1,1,0.98521245
graphsage,2,19195,0,0,0.3362642
graphsage,2,15921,0,0,0.002337518
graphsage,2,1811,0,0,0.00026843962
graphsage,2,17794,0,1,0.5249615
graphsage,2,34316,1,1,0.75603986
graphsage,2,48896,1,1,0.9985897
graphsage,2,16304,1,1,0.99933916
graphsage,2,66751,1,1,0.7974012
graphsage,2,8946,1,1,0.9997638
graphsage,2,20,1,1,0.9989459
graphsage,2,56922,0,1,0.5056093
graphsage,2,28406,1,1,0.99774677
graphsage,2,12988,1,1,0.9855715
graphsage,2,2491,1,1,0.99601173
graphsage,2,24820,1,1,0.72551954
graphsage,2,23102,1,1,0.94846815
graphsage,2,3229,1,1,0.99763143
graphsage,2,49303,1,1,0.9838217
graphsage,2,28395,1,1,0.639321
graphsage,2,61341,1,1,0.99994767
graphsage,2,24708,0,0,0.00047567813
graphsage,2,39002,0,0,0.000107634616
graphsage,2,21607,0,0,0.006347111
graphsage,2,24008,0,0,0.07068976
graphsage,2,3683,1,1,0.9999074
graphsage,2,14544,0,0,0.44086635
graphsage,2,29792,0,0,0.072268665
graphsage,2,44402,0,0,0.2222441
graphsage,2,1265,1,1,0.989502
graphsage,2,28872,1,1,0.9982827
graphsage,2,42240,0,0,0.0035728423
graphsage,2,44834,1,1,0.99459815
graphsage,2,42644,1,1,0.9699597
graphsage,2,58334,1,1,0.86154467
graphsage,2,70892,0,0,0.0004963317
graphsage,2,31690,0,0,0.001253542
graphsage,2,50642,0,0,0.057635814
graphsage,2,308,1,1,0.9797301
graphsage,2,8035,1,1,0.9390027
graphsage,2,26960,1,1,0.9948508
graphsage,2,37941,0,0,0.0021004123
graphsage,2,67555,1,1,0.99926704
graphsage,2,62716,1,1,0.994755
graphsage,2,61576,1,1,0.98027235
graphsage,2,25074,0,0,0.022709673
graphsage,2,18307,0,0,0.0005935803
graphsage,2,56354,1,1,0.9988399
graphsage,2,54018,1,1,0.9760503
graphsage,2,2499,0,0,0.006557526
graphsage,2,65463,0,0,0.0012939945
graphsage,2,44872,0,0,0.0016271337
graphsage,2,14842,0,0,0.0008422963
graphsage,2,51383,1,1,0.6741564
graphsage,2,22995,1,1,0.89882475
graphsage,2,65194,1,1,0.99993074
graphsage,2,53172,1,1,0.9857184
graphsage,2,70234,1,1,0.725716
graphsage,2,66543,0,0,0.00020515436
graphsage,2,55414,1,1,0.99994683
graphsage,2,38685,1,1,0.94943666
graphsage,2,56499,1,1,0.88952214
graphsage,2,61750,1,1,0.99868137
graphsage,2,53919,0,1,0.9832477
graphsage,2,5026,0,1,0.79192305
graphsage,2,49387,1,1,0.9995888
graphsage,2,68237,0,0,0.02904172
graphsage,2,28180,0,0,0.008997407
graphsage,2,67640,0,0,0.3487457
graphsage,2,49987,0,0,0.00037444956
graphsage,2,53747,1,0,0.27728269
graphsage,2,4608,1,1,0.9877424
graphsage,2,60573,0,0,0.03569736
graphsage,2,34879,0,0,0.002531169
graphsage,2,6423,1,0,0.39243615
graphsage,2,27711,0,0,0.036361884
graphsage,2,25896,0,0,0.0028960179
graphsage,2,61682,1,1,0.9990447
graphsage,2,7363,1,1,0.9899553
graphsage,2,2280,0,0,0.001056994
graphsage,2,60328,0,0,0.016018607
graphsage,2,11934,0,0,0.00024885096
graphsage,2,14175,0,0,0.0013624647
graphsage,2,3057,0,0,0.001075674
graphsage,2,69352,1,1,0.8985887
graphsage,2,66365,0,0,0.047114413
graphsage,2,54403,0,0,0.01607278
graphsage,2,41500,0,0,0.043011818
graphsage,2,60198,1,1,0.75603986
graphsage,2,14098,0,0,3.7412505e-05
graphsage,2,56235,1,1,0.98964417
graphsage,2,10825,1,1,0.9972293
graphsage,2,38498,0,0,0.004653637
graphsage,2,55874,1,0,0.20122744
graphsage,2,5998,1,1,0.99490887
graphsage,2,31790,1,1,0.74962515
graphsage,2,17819,1,1,0.8617022
graphsage,2,41205,1,1,0.99979156
graphsage,2,2765,1,1,0.99980134
graphsage,2,29503,0,0,0.018746521
graphsage,2,23243,1,1,0.99880147
graphsage,2,58070,1,1,0.98370034
graphsage,2,67876,0,0,0.26265433
graphsage,2,58918,1,0,0.033439916
graphsage,2,23630,0,0,0.04976203
graphsage,2,4768,0,0,0.05836109
graphsage,2,33668,1,1,0.99571395
graphsage,2,43857,0,0,1.282975e-05
graphsage,2,39246,0,0,0.05365345
graphsage,2,30086,1,1,0.9959388
graphsage,2,41167,0,0,0.0037438783
graphsage,2,64781,1,1,0.6918555
graphsage,2,60746,1,1,0.9997441
graphsage,2,28543,1,1,0.75603986
graphsage,2,10288,1,0,0.21507858
graphsage,2,64405,1,1,0.9993187
graphsage,2,18924,0,0,9.844392e-06
graphsage,2,8351,1,1,0.9967976
graphsage,2,42599,1,1,0.9298911
graphsage,2,6341,1,1,0.99875176
graphsage,2,807,1,1,0.99926525
graphsage,2,60786,0,1,0.6188581
graphsage,2,68061,0,0,1.9410794e-05
graphsage,2,12234,0,0,1.6938455e-06
graphsage,2,47858,1,1,0.998302
graphsage,2,26042,0,0,0.0041962643
graphsage,2,51115,0,1,0.99690634
graphsage,2,20812,1,1,0.9998987
graphsage,2,51113,0,0,0.006763732
graphsage,2,34888,1,1,0.8567766
graphsage,2,25645,0,0,0.0013871157
graphsage,2,5573,0,0,0.0027732197
graphsage,2,38449,1,1,0.9205726
graphsage,2,16740,0,1,0.92181957
graphsage,2,50646,1,1,0.99860615
graphsage,2,39979,1,1,0.660558
graphsage,2,32818,0,0,0.009081196
graphsage,2,14383,1,1,0.9892363
graphsage,2,66656,0,0,0.17361315
graphsage,2,64301,1,1,0.9997439
graphsage,2,56552,1,1,0.99987197
graphsage,2,19321,0,1,0.6271602
graphsage,2,1791,1,1,0.9971631
graphsage,2,22587,1,1,0.9879494
graphsage,2,51700,1,1,0.99879754
graphsage,2,38344,1,1,0.9423398
graphsage,2,16006,1,1,0.7628259
graphsage,2,54933,1,0,0.19686092
graphsage,2,51002,1,1,0.8379052
graphsage,2,2658,1,1,0.9787805
graphsage,2,51685,1,1,0.9958599
graphsage,2,31745,0,0,0.0071972287
graphsage,2,23699,0,0,0.0013339034
graphsage,2,12841,0,0,0.0021258825
graphsage,2,56287,0,0,0.17911716
graphsage,2,37009,1,1,0.991683
graphsage,2,2057,1,1,0.9941539
graphsage,2,43472,1,1,0.98155814
graphsage,2,65009,1,1,0.9802157
graphsage,2,20410,0,0,0.018143374
graphsage,2,40317,1,1,0.9996667
graphsage,2,61861,1,1,0.9999243
graphsage,2,39975,0,0,0.013686528
graphsage,2,60460,0,0,0.0100339465
graphsage,2,46777,0,0,0.4005858
graphsage,2,28348,1,1,0.99999547
graphsage,2,15422,1,1,0.9931288
graphsage,2,21228,0,0,0.08287027
graphsage,2,31492,1,1,0.99994314
graphsage,2,10472,1,1,0.8408868
graphsage,2,14605,0,0,0.24275516
graphsage,2,7678,0,0,0.0015698598
graphsage,2,29363,0,0,0.00095601287
graphsage,2,47748,1,1,0.9735711
graphsage,2,21747,0,0,0.06265742
graphsage,2,34618,0,0,0.06791862
graphsage,2,56117,1,1,0.5990927
graphsage,2,42026,0,1,0.7864674
graphsage,2,28859,0,0,0.0019504229
graphsage,2,67072,0,0,0.0019937332
graphsage,2,47382,1,1,0.99922323
graphsage,2,51235,1,1,0.99783427
graphsage,2,62860,1,1,0.993148
graphsage,2,32924,1,1,0.9969537
graphsage,2,13950,1,1,0.99869007
graphsage,2,45130,1,1,0.99380434
graphsage,2,32892,0,0,0.005310162
graphsage,2,34529,0,0,0.091177575
graphsage,2,12184,0,0,0.02762121
graphsage,2,38715,0,0,4.1358307e-05
graphsage,2,32110,0,1,0.7040261
graphsage,2,52383,1,1,0.95924586
graphsage,2,65081,0,0,0.02460186
graphsage,2,71892,0,0,0.06422565
graphsage,2,69479,1,1,0.9999876
graphsage,2,56409,1,1,0.55348283
graphsage,2,16809,1,1,0.982678
graphsage,2,23123,0,0,0.008900252
graphsage,2,52547,1,1,0.9676142
graphsage,2,24526,1,1,0.9703212
graphsage,2,60290,0,0,0.0006803121
graphsage,2,30660,0,0,0.0033255557
graphsage,2,70612,0,1,0.63264143
graphsage,2,38382,1,0,0.15232033
graphsage,2,24239,1,1,0.91046774
graphsage,2,20630,0,0,0.18483052
graphsage,2,51253,1,1,0.99468803
graphsage,2,69152,1,1,0.9997956
graphsage,2,71228,0,0,0.021134136
graphsage,2,21404,0,0,0.00017057016
graphsage,2,18293,1,1,0.97763205
graphsage,2,70038,0,0,0.0013011154
graphsage,2,14683,0,0,0.0009767109
graphsage,2,24821,0,0,0.006130984
graphsage,2,14834,0,0,0.00038583437
graphsage,2,62960,1,1,0.9283889
graphsage,2,25293,1,1,0.9996581
graphsage,2,58362,0,1,0.7655889
graphsage,2,62915,1,1,0.99864525
graphsage,2,13532,0,0,0.011439863
graphsage,2,46023,1,1,0.99852437
graphsage,2,49154,1,1,0.9296593
graphsage,2,15402,0,0,7.3166634e-06
graphsage,2,26427,1,1,0.9945866
graphsage,2,16975,1,1,0.99814713
graphsage,2,53948,0,0,0.0039864895
graphsage,2,71772,1,1,0.9996904
graphsage,2,47046,1,1,0.75603986
graphsage,2,21500,1,0,0.09317462
graphsage,2,4071,1,1,0.998094
graphsage,2,58553,0,0,0.022595689
graphsage,2,23282,0,0,0.21463698
graphsage,2,3541,0,0,1.6084097e-05
graphsage,2,68703,1,1,0.99891675
graphsage,2,68509,0,0,0.43206128
graphsage,2,57755,0,0,0.122309655
graphsage,2,23756,0,0,0.0047351667
graphsage,2,6977,1,1,0.8473709
graphsage,2,10880,1,1,0.9940632
graphsage,2,45534,1,1,0.9843911
graphsage,2,38509,1,1,0.9432074
graphsage,2,18153,0,0,0.066080734
graphsage,2,29204,0,0,0.062232256
graphsage,2,70428,0,0,2.5179947e-05
graphsage,2,11223,1,1,0.9309681
graphsage,2,11674,0,0,0.081299864
graphsage,2,34764,0,0,0.001177763
graphsage,2,20776,0,0,0.36825424
graphsage,2,8246,1,1,0.9998306
graphsage,2,64785,1,1,0.91254014
graphsage,2,69509,1,1,0.9884058
graphsage,2,15410,1,1,0.75603986
graphsage,2,30954,1,1,0.9992643
graphsage,2,6374,1,1,0.99953115
graphsage,2,40080,1,1,0.94943666
graphsage,2,3975,0,0,0.19139044
graphsage,2,25335,1,1,0.99892396
graphsage,2,41241,0,0,0.0034563504
graphsage,2,2509,0,0,0.009772878
graphsage,2,37080,0,0,0.009833806
graphsage,2,40388,1,1,0.9981123
graphsage,2,3366,0,0,0.013672445
graphsage,2,8568,1,1,0.88771605
graphsage,2,56798,0,1,0.6496541
graphsage,2,36265,1,1,0.994467
graphsage,2,58081,1,1,0.9997514
graphsage,2,30542,1,1,0.9974661
graphsage,2,3973,0,0,0.07349678
graphsage,2,54109,0,0,0.00036714773
graphsage,2,17289,1,1,0.9431204
graphsage,2,7584,0,0,0.028469687
graphsage,2,9456,1,1,0.9999584
graphsage,2,2619,1,1,0.97874075
graphsage,2,16924,0,0,0.0037609176
graphsage,2,7826,1,1,0.9771637
graphsage,2,29238,0,0,0.0041573946
graphsage,2,6818,1,1,0.9968784
graphsage,2,60854,1,1,0.75603986
graphsage,2,20275,1,1,0.99989307
graphsage,2,13150,1,1,0.9843424
graphsage,2,23585,1,1,0.9996377
graphsage,2,14338,1,1,0.67567664
graphsage,2,61809,1,1,0.9860131
graphsage,2,54616,1,1,0.9991534
graphsage,2,27834,0,0,0.009794192
graphsage,2,53941,0,0,0.0009899521
graphsage,2,37703,1,1,0.99997354
graphsage,2,20041,1,1,0.9994629
graphsage,2,24581,1,1,0.629795
graphsage,2,14701,1,1,0.98421973
graphsage,2,13900,1,1,0.9955315
graphsage,2,58178,1,1,0.5706847
graphsage,2,28594,1,1,0.9816301
graphsage,2,39426,1,1,0.96201783
graphsage,2,47930,0,0,0.23450322
graphsage,2,22616,1,1,0.99983203
graphsage,2,56327,0,0,0.0017132489
graphsage,2,49796,1,0,0.036372423
graphsage,2,60622,1,1,0.9329294
graphsage,2,23126,1,1,0.9414423
graphsage,2,29337,0,0,0.20646878
graphsage,2,16981,1,1,0.8732199
graphsage,2,31887,1,1,0.8524811
graphsage,2,177,1,1,0.636175
graphsage,2,51225,1,1,0.9969867
graphsage,2,45425,1,0,0.13149133
graphsage,2,31731,0,0,3.2901968e-05
graphsage,2,17853,1,1,0.9970913
graphsage,2,43599,0,0,0.025473326
graphsage,2,25389,0,0,0.012676181
graphsage,2,23006,1,1,0.8118083
graphsage,2,8710,1,1,0.9656929
graphsage,2,5347,1,1,0.9906013
graphsage,2,58079,0,0,0.06708987
graphsage,2,13415,0,0,0.0009236381
graphsage,2,14665,0,0,0.0009532974
graphsage,2,44375,1,1,0.73371285
graphsage,2,38390,1,1,0.9989519
graphsage,2,52638,1,1,0.9978745
graphsage,2,33550,0,1,0.72809714
graphsage,2,52450,0,0,0.0012183232
graphsage,2,5134,0,0,0.06377882
graphsage,2,51473,1,1,0.9995733
graphsage,2,21152,0,0,0.014711801
graphsage,2,27303,1,1,0.99983263
graphsage,2,17795,0,0,0.015046382
graphsage,2,22521,0,0,0.00026273055
graphsage,2,48200,0,0,0.02400371
graphsage,2,55088,1,1,0.99220896
graphsage,2,2152,0,0,0.0019683563
graphsage,2,61242,0,0,0.008633576
graphsage,2,48195,0,0,0.12890516
graphsage,2,66499,1,1,0.9754657
graphsage,2,7529,0,0,0.10311647
graphsage,2,28848,0,0,0.00024507302
graphsage,2,58907,0,0,0.3966748
graphsage,2,60861,1,0,0.273435
graphsage,2,1452,0,0,0.13327888
graphsage,2,18584,0,0,0.0092542
graphsage,2,32801,1,1,0.9997528
graphsage,2,66274,0,0,0.18020529
graphsage,2,5661,1,1,0.99443734
graphsage,2,37171,0,0,6.66603e-05
graphsage,2,54047,0,0,0.006820991
graphsage,2,26916,1,1,0.999995
graphsage,2,32611,0,0,0.028023006
graphsage,2,56276,0,1,0.56919783
graphsage,2,41735,1,1,0.9966594
graphsage,2,52395,0,0,0.0023510174
graphsage,2,48566,0,0,0.014618748
graphsage,2,31363,0,0,0.00017749872
graphsage,2,46718,0,0,0.045373615
graphsage,2,39528,0,0,0.055211104
graphsage,2,4107,0,0,0.0015000262
graphsage,2,68367,0,0,0.0015058884
graphsage,2,24475,1,1,0.8607172
graphsage,2,17158,0,0,0.0015626663
graphsage,2,38740,1,1,0.70134246
graphsage,2,46510,1,1,0.9661776
graphsage,2,17230,0,0,0.027376702
graphsage,2,39431,1,1,0.98067105
graphsage,2,36709,1,1,0.9984357
graphsage,2,55468,0,0,0.012309532
graphsage,2,15266,1,1,0.9986205
graphsage,2,11363,0,0,0.005978327
graphsage,2,64401,0,1,0.9888248
graphsage,2,37823,1,1,0.8776094
graphsage,2,31306,0,0,0.027301159
graphsage,2,19562,0,0,0.00025938742
graphsage,2,24111,1,1,0.9999294
graphsage,2,11929,0,0,0.0005210385
graphsage,2,62333,0,0,0.0111079505
graphsage,2,48928,1,1,0.9979164
graphsage,2,22362,1,1,0.99339783
graphsage,2,60319,0,0,9.665274e-05
graphsage,2,41304,1,1,0.9102337
graphsage,2,48580,1,1,0.98712826
graphsage,2,69067,1,1,0.9975063
graphsage,2,4921,1,1,0.974841
graphsage,2,8386,0,0,9.450063e-05
graphsage,2,33840,0,0,0.23918383
graphsage,2,15425,1,1,0.98558134
graphsage,2,41596,0,0,0.10383399
graphsage,2,38183,0,0,0.10020309
graphsage,2,1348,1,1,0.9996346
graphsage,2,28806,1,1,0.55360365
graphsage,2,31360,0,0,0.00024781178
graphsage,2,43515,0,0,0.022524944
graphsage,2,64403,0,0,0.0019369472
graphsage,2,43363,1,1,0.90581256
graphsage,2,57644,0,0,0.00015200012
graphsage,2,1319,1,1,0.98219
graphsage,2,6536,1,1,0.9662661
graphsage,2,41043,0,0,0.00029308014
graphsage,2,29107,1,1,0.9998815
graphsage,2,13125,1,1,0.9982692
graphsage,2,29761,1,1,0.9988348
graphsage,2,53920,0,1,0.83226144
graphsage,2,43262,0,0,0.009973866
graphsage,2,57976,1,0,0.11098627
graphsage,2,22936,0,0,0.0071285465
graphsage,2,40751,1,1,0.9604446
graphsage,2,48186,1,1,0.9978422
graphsage,2,15878,1,1,0.60826826
graphsage,2,42571,1,1,0.98456687
graphsage,2,21376,1,1,0.99934286
graphsage,2,60125,0,0,0.013166768
graphsage,2,22020,0,0,0.06656439
graphsage,2,27727,0,0,0.060016185
graphsage,2,53759,1,1,0.9996068
graphsage,2,14711,0,0,0.00020195397
graphsage,2,3998,1,1,0.99947864
graphsage,2,60508,0,0,0.0059935083
graphsage,2,36198,1,1,0.9956722
graphsage,2,24122,1,0,0.28596428
graphsage,2,33060,0,0,0.0017044572
graphsage,2,47694,1,1,0.5264533
graphsage,2,45778,1,1,0.9690034
graphsage,2,22973,1,1,0.99826366
graphsage,2,49904,0,0,0.0018055598
graphsage,2,35309,0,0,0.0009114089
graphsage,2,43596,1,1,0.86810607
graphsage,2,15686,0,0,0.013544248
graphsage,2,56385,1,1,0.99132943
graphsage,2,61622,1,1,0.9569062
graphsage,2,6647,1,1,0.94626886
graphsage,2,53337,1,1,0.99988055
graphsage,2,57122,1,1,0.96436864
graphsage,2,14584,0,0,0.48421463
graphsage,2,49334,0,0,0.000119464996
graphsage,2,22934,1,1,0.7490644
graphsage,2,7465,1,1,0.999027
graphsage,2,68532,0,0,0.008300809
graphsage,2,13498,0,0,0.0032708973
graphsage,2,52225,0,0,0.046199646
graphsage,2,43769,1,1,0.9917714
graphsage,2,26729,0,0,0.07636713
graphsage,2,17657,1,0,0.14196718
graphsage,2,48586,0,0,0.0006503986
graphsage,2,23786,1,0,0.14458372
graphsage,2,59164,1,1,0.88720983
graphsage,2,71199,0,0,0.006757095
graphsage,2,46213,1,1,0.7875305
graphsage,2,19658,0,0,0.004626858
graphsage,2,69141,1,1,0.9966407
graphsage,2,48654,1,1,0.5142291
graphsage,2,12414,0,0,0.0007384528
graphsage,2,44433,0,0,0.012328307
graphsage,2,49094,0,0,0.00065521535
graphsage,2,61632,1,0,0.06986196
graphsage,2,58373,1,1,0.99996185
graphsage,2,35761,1,1,0.99973935
graphsage,2,17887,0,1,0.59866285
graphsage,2,47702,1,1,0.9965668
graphsage,2,68573,1,1,0.99196
graphsage,2,46901,1,1,0.9978259
graphsage,2,17969,1,1,0.6277367
graphsage,2,33878,0,0,0.11035425
graphsage,2,70187,1,0,0.38472918
graphsage,2,39983,0,0,0.0099843005
graphsage,2,23009,1,1,0.9984939
graphsage,2,66820,1,1,0.99484974
graphsage,2,31916,0,0,0.4158602
graphsage,2,20034,1,1,0.6850587
graphsage,2,29621,1,1,0.80770105
graphsage,2,8009,1,1,0.9998222
graphsage,2,9034,1,1,0.9835824
graphsage,2,49806,1,1,0.99673706
graphsage,2,53012,1,1,0.9983582
graphsage,2,59005,1,1,0.95721245
graphsage,2,920,1,1,0.99947435
graphsage,2,30270,0,1,0.96384066
graphsage,2,60455,0,0,0.07272773
graphsage,2,49026,0,0,0.1933827
graphsage,2,28719,1,1,0.9989297
graphsage,2,61228,0,0,0.0007220116
graphsage,2,22332,0,0,0.0011590387
graphsage,2,55991,1,1,0.9999566
graphsage,2,19422,0,0,0.010266949
graphsage,2,51088,1,1,0.9988771
graphsage,2,65896,0,0,0.00906452
graphsage,2,20514,0,0,0.04428
graphsage,2,24121,0,0,0.00066459674
graphsage,2,44391,0,0,0.00021214735
graphsage,2,49298,0,0,0.0017013823
graphsage,2,56027,0,0,1.4427178e-05
graphsage,2,39129,1,1,0.95784104
graphsage,2,47543,1,1,0.9010804
graphsage,2,54981,0,0,0.000804381
graphsage,2,32379,1,1,0.9519864
graphsage,2,35767,0,0,0.0079196
graphsage,2,38665,1,1,0.999972
graphsage,2,59124,0,0,0.2288381
graphsage,2,65089,1,1,0.8645235
graphsage,2,11212,0,0,0.0049722944
graphsage,2,53895,0,0,0.019730126
graphsage,2,50395,0,0,0.00041816838
graphsage,2,40377,0,0,0.014506845
graphsage,2,12465,1,1,0.9985954
graphsage,2,63846,0,0,0.00162278
graphsage,2,29,1,1,0.89026636
graphsage,2,15033,0,0,0.0072862697
graphsage,2,4472,1,1,0.99964523
graphsage,2,7345,0,0,0.00064676645
graphsage,2,27570,0,0,0.055559393
graphsage,2,44553,0,1,0.65227604
graphsage,2,70822,0,0,0.0017289442
graphsage,2,11118,0,1,0.8439742
graphsage,2,37944,1,1,0.9757178
graphsage,2,2960,0,0,0.01662894
graphsage,2,61122,0,0,0.0041803657
graphsage,2,8382,1,1,0.99660826
graphsage,2,67758,0,0,0.0026185561
graphsage,2,3632,0,0,2.7466978e-05
graphsage,2,47586,0,0,3.002302e-05
graphsage,2,8463,1,1,0.9935128
graphsage,2,46014,1,1,0.99997306
graphsage,2,33314,1,1,0.99560803
graphsage,2,20711,0,0,0.053768374
graphsage,2,15283,0,0,0.4815384
graphsage,2,3822,0,0,0.0011407391
graphsage,2,4832,0,0,0.06344763
graphsage,2,59833,1,1,0.8763166
graphsage,2,4354,1,1,0.9304423
graphsage,2,54084,1,1,0.75603986
graphsage,2,65835,1,1,0.9120309
graphsage,2,44181,1,1,0.75603986
graphsage,2,50360,0,0,0.024315361
graphsage,2,28689,0,0,0.24765216
graphsage,2,65459,1,1,0.99930143
graphsage,2,8637,0,0,0.00026948866
graphsage,2,46095,1,1,0.99465454
graphsage,2,29898,1,1,0.9977069
graphsage,2,49222,0,0,0.0061254627
graphsage,2,39317,0,0,0.076981924
graphsage,2,42969,1,1,0.9976635
graphsage,2,23082,1,1,0.9986712
graphsage,2,54049,0,0,0.0001835662
graphsage,2,32789,1,1,0.9982147
graphsage,2,39270,0,1,0.6958664
graphsage,2,71543,0,0,0.008115699
graphsage,2,35546,1,1,0.99892706
graphsage,2,33872,1,1,0.95560485
graphsage,2,14147,1,1,0.9789348
graphsage,2,71192,1,1,0.8202309
graphsage,2,54377,0,0,0.0071484786
graphsage,2,30505,1,1,0.99810225
graphsage,2,43921,0,0,0.17306912
graphsage,2,29077,1,1,0.8323032
graphsage,2,32538,0,0,0.0013379545
graphsage,2,4165,0,0,0.32537416
graphsage,2,22331,1,1,0.87011445
graphsage,2,13914,0,0,0.0067616277
graphsage,2,30811,1,1,0.99776053
graphsage,2,56527,0,0,0.00047189716
graphsage,2,67490,0,0,0.0023493438
graphsage,2,44224,1,1,0.89157146
graphsage,2,27457,1,1,0.97601557
graphsage,2,1732,1,1,0.7331128
graphsage,2,46723,1,0,0.10122741
graphsage,2,7045,1,1,0.9784646
graphsage,2,59707,1,1,0.9890665
graphsage,2,41779,1,1,0.99299073
graphsage,2,19653,1,1,0.738354
graphsage,2,66291,1,1,0.99657035
graphsage,2,66445,0,0,0.005640973
graphsage,2,53377,0,0,0.00032644888
graphsage,2,64176,0,0,9.0153066e-05
graphsage,2,26413,0,0,0.0028692754
graphsage,2,27612,0,0,0.00071978715
graphsage,2,11629,1,1,0.9988078
graphsage,2,57731,1,1,0.74509495
graphsage,2,38281,1,1,0.8976709
graphsage,2,66815,1,1,0.606922
graphsage,2,68276,1,1,0.970988
graphsage,2,27165,0,0,0.050752003
graphsage,2,53786,1,1,0.999236
graphsage,2,65033,0,0,0.00018397286
graphsage,2,40113,1,1,0.97927696
graphsage,2,56823,1,0,0.07087785
graphsage,2,59351,1,1,0.99952745
graphsage,2,69573,0,0,0.0040640654
graphsage,2,46740,0,0,0.0023500065
graphsage,2,37513,0,0,8.1607795e-06
graphsage,2,2151,0,0,0.00013495519
graphsage,2,66116,1,1,0.9903994
graphsage,2,35798,0,0,0.042705826
graphsage,2,7823,0,0,0.00086678757
graphsage,2,55268,1,1,0.99257624
graphsage,2,17899,0,0,0.0016035761
graphsage,2,3814,0,0,0.00015916744
graphsage,2,58899,0,0,0.09579535
graphsage,2,7120,0,0,0.0003755073
graphsage,2,24198,1,1,0.99602735
graphsage,2,63786,0,0,0.06874195
graphsage,2,71978,0,1,0.69170433
graphsage,2,48999,0,0,0.00040272088
graphsage,2,44065,0,1,0.87873316
graphsage,2,56857,1,1,0.9999317
graphsage,2,2257,0,0,0.0011597899
graphsage,2,52599,0,0,0.065744184
graphsage,2,50271,1,1,0.9984274
graphsage,2,26356,1,1,0.9997849
graphsage,2,58507,1,1,0.94063795
graphsage,2,61048,1,1,0.98042554
graphsage,2,38016,1,1,0.99741673
graphsage,2,6418,0,0,0.034664843
graphsage,2,31922,0,0,0.28960356
graphsage,2,42460,1,1,0.99877876
graphsage,2,35626,0,0,0.3587678
graphsage,2,26846,1,1,0.99855584
graphsage,2,56152,1,1,0.9999243
graphsage,2,60175,0,0,0.013820291
graphsage,2,26661,1,1,0.9992592
graphsage,2,11280,0,0,0.00674177
graphsage,2,20119,1,1,0.99984634
graphsage,2,31369,1,1,0.99905294
graphsage,2,32822,0,0,0.024071127
graphsage,2,49452,0,0,0.10857074
graphsage,2,36117,1,1,0.9989813
graphsage,2,58221,0,0,0.08707412
graphsage,2,38719,1,1,0.99913764
graphsage,2,52285,0,0,0.080199674
graphsage,2,13007,0,0,0.061110627
graphsage,2,18577,0,0,0.06492727
graphsage,2,4432,0,0,9.884271e-05
graphsage,2,52634,1,1,0.99722075
graphsage,2,4077,1,0,0.18140654
graphsage,2,54179,1,1,0.9922786
graphsage,2,23201,0,0,0.00057043636
graphsage,2,6482,1,0,0.1679646
graphsage,2,60023,1,1,0.9892831
graphsage,2,9218,1,1,0.6340518
graphsage,2,54755,1,1,0.9329883
graphsage,2,30706,0,0,0.23277812
graphsage,2,50475,1,1,0.9952153
graphsage,2,55477,1,1,0.99948406
graphsage,2,9977,1,1,0.9999522
graphsage,2,57068,1,1,0.99992573
graphsage,2,50123,1,1,0.99838686
graphsage,2,46896,0,0,0.0003013673
graphsage,2,6479,1,0,0.23681001
graphsage,2,69669,0,0,0.059658602
graphsage,2,45143,1,0,0.03106932
graphsage,2,61708,0,0,0.020988783
graphsage,2,41950,1,1,0.67254514
graphsage,2,52811,1,1,0.95698935
graphsage,2,60904,0,0,0.024739077
graphsage,2,17304,0,0,0.0011736305
graphsage,2,12264,0,0,0.021317394
graphsage,2,50486,0,0,0.09996576
graphsage,2,64830,0,0,0.013012539
graphsage,2,49197,0,0,4.2184853e-05
graphsage,2,36043,1,1,0.9737719
graphsage,2,24275,1,1,0.6488759
graphsage,2,1944,0,0,0.3236028
graphsage,2,6611,0,0,0.00021083582
graphsage,2,16333,0,0,0.21400477
graphsage,2,6406,1,1,0.99425524
graphsage,2,4920,0,0,0.014050687
graphsage,2,26372,1,1,0.99937975
graphsage,2,13422,0,0,0.022440119
graphsage,2,38936,0,0,0.04268085
graphsage,2,4339,0,0,0.0012432828
graphsage,2,71896,1,1,0.9982601
graphsage,2,43554,1,1,0.99995863
graphsage,2,59122,0,0,0.014405681
graphsage,2,35542,0,0,0.0034056392
graphsage,2,46775,1,1,0.5275813
graphsage,2,5114,1,1,0.9961514
graphsage,2,8926,1,1,0.98169625
graphsage,2,27870,0,0,0.00053144485
graphsage,2,71087,1,1,0.8028582
graphsage,2,17974,0,0,0.0071888757
graphsage,2,47565,1,1,0.8502995
graphsage,2,71728,1,1,0.9920815
graphsage,2,18115,1,1,0.99675685
graphsage,2,11882,1,1,0.9455369
graphsage,2,48400,0,0,0.0061199465
graphsage,2,10048,0,0,0.0016918322
graphsage,2,9922,1,1,0.9321417
graphsage,2,61152,0,0,0.16057004
graphsage,2,22940,0,1,0.9147952
graphsage,2,35681,1,1,0.9998616
graphsage,2,31190,0,0,0.00035214896
graphsage,2,8442,0,0,0.00035859694
graphsage,2,37282,0,0,0.05510315
graphsage,2,60688,0,0,0.00413744
graphsage,2,62086,1,1,0.92969
graphsage,2,38106,0,0,0.0024040674
graphsage,2,69085,0,0,0.0010109677
graphsage,2,10756,1,1,0.9989084
graphsage,2,3364,0,1,0.65446615
graphsage,2,3480,1,1,0.92126954
graphsage,2,36266,1,1,0.66022986
graphsage,2,52143,1,1,0.5994344
graphsage,2,70914,0,0,0.33286124
graphsage,2,22033,0,0,0.0011935789
graphsage,2,50618,0,0,0.10710151
graphsage,2,48080,0,0,0.029346421
graphsage,2,29943,1,0,0.23855275
graphsage,2,26838,1,1,0.99994516
graphsage,2,57622,1,1,0.98991406
graphsage,2,13060,1,0,0.1482594
graphsage,2,19136,1,1,0.99938047
graphsage,2,45240,1,1,0.99137384
graphsage,2,43699,1,1,0.9644461
graphsage,2,55213,1,1,0.9958269
graphsage,2,56805,1,1,0.9996506
graphsage,2,18563,1,1,0.9734085
graphsage,2,68120,1,1,0.9983742
graphsage,2,16747,1,1,0.9957634
graphsage,2,31238,0,1,0.507528
graphsage,2,18137,1,0,0.14640851
graphsage,2,44950,1,1,0.9990902
graphsage,2,50419,1,1,0.9995378
graphsage,2,55028,0,0,0.115017265
graphsage,2,37561,1,0,0.21148556
graphsage,2,40533,0,1,0.7225936
graphsage,2,14916,0,0,8.753104e-05
graphsage,2,52624,1,0,0.2857981
graphsage,2,54384,0,0,0.0077915583
graphsage,2,2901,1,1,0.9791293
graphsage,2,17549,0,0,0.047468115
graphsage,2,14835,1,1,0.75603986
graphsage,2,35080,1,1,0.99927825
graphsage,2,5720,0,1,0.5096023
graphsage,2,50630,0,0,0.00019979752
graphsage,2,32637,0,0,0.07538158
graphsage,2,66901,1,1,0.9979241
graphsage,2,50844,1,1,0.6420334
graphsage,2,61315,0,0,0.0020215677
graphsage,2,47633,0,0,0.006578017
graphsage,2,37755,1,1,0.69544524
graphsage,2,53754,0,0,0.0002926161
graphsage,2,44580,0,0,0.0007196424
graphsage,2,38864,1,1,0.8754995
graphsage,2,41108,0,0,0.00045229882
graphsage,2,64180,1,1,0.9764306
graphsage,2,52538,0,0,0.1112883
graphsage,2,28710,0,1,0.69744664
graphsage,2,430,0,0,0.12624824
graphsage,2,29822,0,1,0.84743243
graphsage,2,69942,0,0,0.0036739646
graphsage,2,56326,0,0,0.49115163
graphsage,2,5046,0,0,3.991801e-05
graphsage,2,71246,0,0,0.0034850948
graphsage,2,58935,1,1,0.724505
graphsage,2,54845,0,0,0.053852677
graphsage,2,68327,1,1,0.97700447
graphsage,2,44913,0,0,0.0020421739
graphsage,2,42470,0,0,0.006901707
graphsage,2,22944,0,0,0.014026334
graphsage,2,36385,0,0,0.006699505
graphsage,2,20931,0,0,7.445434e-05
graphsage,2,41561,1,1,0.91812503
graphsage,2,61954,0,0,0.014202624
graphsage,2,60909,1,1,0.99507856
graphsage,2,11219,1,1,0.9243892
graphsage,2,65250,1,1,0.9836348
graphsage,2,29784,1,1,0.98913443
graphsage,2,70761,0,0,0.0036036854
graphsage,2,1830,1,1,0.89103425
graphsage,2,30267,0,0,6.0187933e-05
graphsage,2,33490,1,1,0.9452862
graphsage,2,29303,1,1,0.9884593
graphsage,2,53999,1,1,0.99939823
graphsage,2,18977,0,0,0.0014765463
graphsage,2,28044,1,1,0.9801925
graphsage,2,524,0,0,0.08086208
graphsage,2,25266,1,1,0.99906915
graphsage,2,58119,0,0,0.10239048
graphsage,2,5807,0,0,0.0017072066
graphsage,2,47279,0,0,0.19268544
graphsage,2,2876,0,0,0.10008826
graphsage,2,33974,1,1,0.98226583
graphsage,2,7123,0,0,0.42741883
graphsage,2,28908,0,0,0.06059339
graphsage,2,7542,1,1,0.9999621
graphsage,2,59930,1,1,0.6332907
graphsage,2,9504,1,1,0.94320077
graphsage,2,28106,0,0,0.00030283016
graphsage,2,20627,0,0,0.0018098466
graphsage,2,70481,0,0,0.0028522124
graphsage,2,11534,1,1,0.9999201
graphsage,2,57536,1,1,0.9801311
graphsage,2,53262,0,0,0.0046222787
graphsage,2,45694,1,1,0.9997383
graphsage,2,15324,0,1,0.55069095
graphsage,2,44310,0,0,0.27365354
graphsage,2,43842,0,0,0.0051566474
graphsage,2,15098,0,0,0.2464916
graphsage,2,52679,0,0,0.012627601
graphsage,2,24565,1,1,0.9997904
graphsage,2,62568,1,1,0.6064598
graphsage,2,48253,1,0,0.4049751
graphsage,2,3507,0,0,9.259703e-05
graphsage,2,22374,1,1,0.99341196
graphsage,2,50238,0,0,0.0005231732
graphsage,2,58406,0,0,0.0017810225
graphsage,2,44992,1,1,0.9804554
graphsage,2,2630,1,1,0.99981076
graphsage,2,14515,0,0,0.03489548
graphsage,2,15633,0,0,0.00036141186
graphsage,2,5687,0,0,0.05095438
graphsage,2,18340,1,1,0.9071624
graphsage,2,44483,0,0,4.604991e-05
graphsage,2,31681,0,0,5.4085198e-05
graphsage,2,67814,0,1,0.76705116
graphsage,2,70757,1,1,0.9997578
graphsage,2,46560,1,1,0.6398641
graphsage,2,59726,1,1,0.99963427
graphsage,2,40873,0,0,0.00082255754
graphsage,2,27529,1,1,0.99908996
graphsage,2,31225,0,0,0.009443005
graphsage,2,39061,1,1,0.99684566
graphsage,2,13149,0,0,0.00037019278
graphsage,2,20283,1,1,0.9986077
graphsage,2,19301,1,1,0.99853504
graphsage,2,35216,0,1,0.90338594
graphsage,2,9111,1,1,0.99987864
graphsage,2,60384,1,1,0.99468285
graphsage,2,66690,1,1,0.8164425
graphsage,2,12881,1,1,0.9872143
graphsage,2,42085,0,0,0.00943358
graphsage,2,27860,0,0,0.053694565
graphsage,2,20140,1,1,0.988145
graphsage,2,60774,0,0,0.018107308
graphsage,2,22004,0,0,0.1117646
graphsage,2,53535,1,1,0.99818856
graphsage,2,3431,0,0,0.059847366
graphsage,2,10244,0,1,0.9887918
graphsage,2,41604,0,0,0.0029548106
graphsage,2,71868,1,1,0.9986664
graphsage,2,24479,0,0,0.00016018204
graphsage,2,22914,1,1,0.9845674
graphsage,2,38822,1,0,0.01812287
graphsage,2,59709,1,0,0.43949
graphsage,2,18818,1,1,0.99911827
graphsage,2,47629,0,0,0.0013911215
graphsage,2,58858,0,0,0.0029099635
graphsage,2,55851,1,1,0.9963439
graphsage,2,40025,0,0,0.015022289
graphsage,2,68406,0,0,0.0009854832
graphsage,2,37847,1,1,0.9534169
graphsage,2,9455,1,1,0.97723174
graphsage,2,16931,0,0,0.26275793
graphsage,2,50954,1,1,0.9997478
graphsage,2,63106,0,0,0.0027165636
graphsage,2,9485,0,0,0.0620037
graphsage,2,50482,1,1,0.9498848
graphsage,2,41286,0,1,0.5377331
graphsage,2,30134,0,0,0.011884085
graphsage,2,69625,0,0,0.02126757
graphsage,2,51568,1,1,0.9986077
graphsage,2,13788,1,0,0.4281161
graphsage,2,1500,0,0,0.01160291
graphsage,2,57785,1,1,0.9988078
graphsage,2,16597,0,0,0.004885607
graphsage,2,1511,1,1,0.995414
graphsage,2,30259,1,0,0.40341464
graphsage,2,13786,1,1,0.9999883
graphsage,2,69585,1,1,0.82282937
graphsage,2,37141,0,0,5.147671e-05
graphsage,2,71690,0,0,0.00037724932
graphsage,2,44072,1,1,0.9733724
graphsage,2,35285,0,0,0.4805269
graphsage,2,44566,1,1,0.81000715
graphsage,2,35972,1,1,0.81431293
graphsage,2,49543,0,0,0.00089909043
graphsage,2,70217,0,0,0.014698407
graphsage,2,39003,0,0,0.011222581
graphsage,2,9711,1,1,0.9982609
graphsage,2,69124,1,1,0.8177196
graphsage,2,23159,0,0,0.0016522865
graphsage,2,56020,1,1,0.9713481
graphsage,2,17570,1,1,0.72978693
graphsage,2,71594,0,0,0.0022626615
graphsage,2,52604,0,0,0.22311017
graphsage,2,49359,0,0,0.01042483
graphsage,2,67669,0,1,0.68125933
graphsage,2,56211,1,1,0.99390113
graphsage,2,57632,1,1,0.8853414
graphsage,2,12891,1,1,0.9135104
graphsage,2,62336,0,0,0.002441487
graphsage,2,55362,0,0,0.025503747
graphsage,2,55963,0,0,0.05052577
graphsage,2,11913,1,1,0.93758243
graphsage,2,1756,0,0,0.010702463
graphsage,2,69802,1,1,0.99821544
graphsage,2,60283,1,1,0.9999975
graphsage,2,28998,0,0,0.08638607
graphsage,2,48898,0,0,0.0001049381
graphsage,2,63933,1,0,0.44484544
graphsage,2,19801,0,0,0.0027118127
graphsage,2,69410,1,1,0.9849517
graphsage,2,9149,1,1,0.9999254
graphsage,2,4313,0,0,0.0022981458
graphsage,2,47034,0,0,0.011567239
graphsage,2,51832,1,1,0.9994511
graphsage,2,7612,0,0,0.059428725
graphsage,2,1336,0,0,0.00011144598
graphsage,2,33472,0,0,0.13292523
graphsage,2,46631,0,1,0.9854735
graphsage,2,34942,1,1,0.91344774
graphsage,2,10313,0,0,0.0005460563
graphsage,2,44753,1,0,0.23485817
graphsage,2,14627,0,0,0.29317445
graphsage,2,64437,1,0,0.040925615
graphsage,2,50771,1,1,0.9983438
graphsage,2,28155,1,0,0.19896561
graphsage,2,24917,0,0,6.6209555e-05
graphsage,2,59538,0,0,0.0019123245
graphsage,2,24126,1,1,0.53176767
graphsage,2,19180,0,0,0.051842235
graphsage,2,19070,1,1,0.55811596
graphsage,2,9604,1,1,0.9758596
graphsage,2,43969,0,0,9.050571e-05
graphsage,2,34704,1,1,0.9985989
graphsage,2,38423,0,0,0.3127608
graphsage,2,68217,1,1,0.9969549
graphsage,2,304,0,0,0.00071291125
graphsage,2,1043,0,0,0.079260975
graphsage,2,67344,0,0,0.0011750271
graphsage,2,43364,0,1,0.549784
graphsage,2,6231,0,0,0.0013917085
graphsage,2,41559,1,1,0.9990681
graphsage,2,11372,1,1,0.9991949
graphsage,2,39085,0,1,0.74955654
graphsage,2,14380,1,1,0.9443632
graphsage,2,42266,1,1,0.9827368
graphsage,2,4537,0,0,0.058374535
graphsage,2,35459,1,1,0.93349695
graphsage,2,54079,0,0,0.0012944858
graphsage,2,15030,0,0,0.13919169
graphsage,2,6627,1,1,0.75603986
graphsage,2,25918,0,0,0.0031810063
graphsage,2,57019,0,0,4.1965413e-05
graphsage,2,56592,1,1,0.99952424
graphsage,2,39600,1,1,0.9956934
graphsage,2,40980,0,0,0.15839063
graphsage,2,47483,1,1,0.94339573
graphsage,2,50534,1,1,0.9992867
graphsage,2,9167,1,1,0.9432359
graphsage,2,17803,1,1,0.9996922
graphsage,2,41888,0,0,0.0015455495
graphsage,2,42410,1,1,0.9997584
graphsage,2,8368,1,1,0.99897635
graphsage,2,42140,1,1,0.9999975
graphsage,2,42479,1,1,0.99574125
graphsage,2,24197,1,1,0.5286257
graphsage,2,57971,0,0,0.00021604291
graphsage,2,55819,0,0,0.00021693029
graphsage,2,17462,0,0,0.0091850115
graphsage,2,50225,0,0,0.046150275
graphsage,2,27322,1,1,0.9844387
graphsage,2,124,0,0,0.36126497
graphsage,2,16088,1,1,0.9347349
graphsage,2,65812,1,1,0.9810426
graphsage,2,16905,0,0,0.00020824932
graphsage,2,57255,1,1,0.9980539
graphsage,2,71819,0,0,0.0025306756
graphsage,2,33107,0,0,1.5682817e-05
graphsage,2,48138,0,1,0.6490002
graphsage,2,24623,1,1,0.9615534
graphsage,2,59067,1,1,0.946936
graphsage,2,5250,0,0,0.0009644153
graphsage,2,37333,0,0,0.0038951265
graphsage,2,12304,0,0,0.027899507
graphsage,2,3262,1,1,0.9950364
graphsage,2,4139,0,0,0.012162709
graphsage,2,290,1,1,0.998547
graphsage,2,22218,0,0,0.00025883425
graphsage,2,55573,0,0,0.0015574361
graphsage,2,24518,1,1,0.9893594
graphsage,2,5600,0,0,0.11527176
graphsage,2,840,0,0,0.008856844
graphsage,2,17519,1,1,0.7683671
graphsage,2,18995,1,1,0.99986124
graphsage,2,28963,0,0,0.0022098718
graphsage,2,25680,0,0,0.049309324
graphsage,2,71991,0,0,0.00020655793
graphsage,2,11342,1,1,0.76979494
graphsage,2,49550,1,1,0.9824859
graphsage,2,50048,0,0,0.00014620721
graphsage,2,66096,0,0,0.0017560917
graphsage,2,60201,1,1,0.99994516
graphsage,2,15140,0,0,0.011186331
graphsage,2,61970,1,1,0.85156304
graphsage,2,55652,0,0,0.01986453
graphsage,2,30183,0,0,0.0001863771
graphsage,2,28658,0,0,0.046871237
graphsage,2,41191,0,0,0.0007665236
graphsage,2,8054,1,1,0.9969357
graphsage,2,67536,0,0,0.00024687886
graphsage,2,48412,1,1,0.9977551
graphsage,2,70802,1,1,0.9969127
graphsage,2,68334,0,0,0.33046126
graphsage,2,28580,1,1,0.9990435
graphsage,2,60738,0,0,0.02934212
graphsage,2,47469,0,0,0.00046226173
graphsage,2,56955,1,1,0.9998735
graphsage,2,58127,0,0,0.010751202
graphsage,2,61209,1,1,0.9970426
graphsage,2,59001,1,0,0.029055025
graphsage,2,26086,1,1,0.9899094
graphsage,2,49636,1,1,0.5744377
graphsage,2,57776,0,0,0.15258364
graphsage,2,6545,1,1,0.9997502
graphsage,2,71497,0,0,0.017447168
graphsage,2,58757,0,1,0.98318624
graphsage,2,11277,1,1,0.98294526
graphsage,2,52788,0,0,0.0015309295
graphsage,2,42558,1,1,0.9747218
graphsage,2,46267,0,0,0.084291264
graphsage,2,9823,0,0,0.33295923
graphsage,2,68699,1,1,0.9955487
graphsage,2,38309,0,0,0.009566445
graphsage,2,61188,0,0,0.015569756
graphsage,2,47949,0,0,0.0076077953
graphsage,2,42786,0,0,0.038848065
graphsage,2,18711,1,1,0.99979717
graphsage,2,8720,0,0,0.08901104
graphsage,2,54336,0,0,0.00959388
graphsage,2,17002,0,0,0.000113981325
graphsage,2,47230,0,0,0.005089365
graphsage,2,56437,0,0,2.0120366e-05
graphsage,2,14156,0,0,0.0005930456
graphsage,2,17751,0,0,0.42663085
graphsage,2,40129,1,1,0.9966169
graphsage,2,431,0,0,0.0021264763
graphsage,2,43503,1,1,0.90668774
graphsage,2,3556,0,1,0.66495943
graphsage,2,2633,0,0,0.006673434
graphsage,2,52123,1,1,0.9978415
graphsage,2,12503,1,1,0.99952245
graphsage,2,40907,0,0,4.5008865e-06
