[data] 10 pulsars, 4944 active ToAs, sigma avg 0.37 us
[data] T_obs = 5724 days, Nfreq = 14
D:\project\paper-bench\tasks\astro\2504.04211_pta_normalizing_flows\agent_solution\code\pta_likelihood.py:37: RuntimeWarning: divide by zero encountered in log
  gamma = 1.5 * x * np.log(x) - x / 4.0 + 0.5
D:\project\paper-bench\tasks\astro\2504.04211_pta_normalizing_flows\agent_solution\code\pta_likelihood.py:37: RuntimeWarning: invalid value encountered in multiply
  gamma = 1.5 * x * np.log(x) - x / 4.0 + 0.5
[inject] loglike(true) = 69007.51

===== model PowerLaw =====
  [mcmc] opt logpost 66442.3 -> 68943.8
  [mcmc] PowerLaw: 1200 steps x 48 walkers in 731.5s; acceptance=0.13
The chain is shorter than 50 times the integrated autocorrelation time for 22 parameter(s). Use this estimate with caution and run a longer chain!
N/50 = 24;
tau: [124.01156637 124.87811055 124.93806545 124.24009675 115.52283073
 124.45605945 122.46991832 125.59694828 125.07856483 124.95546477
 115.59867233 125.01377685 131.65743968 121.86734335 125.82731233
 119.61560971 124.49537507 119.93636373 115.79562645 122.46497747
 123.3109762  123.32609471]
  [mcmc] n_eff=43200  logZ_HME = 69005.56  tau~123
  [sim] 15000 forward sims in 29.9s
  [nf] training 15000 x 40 epochs in 130.7s; loss 283.63 -> 6.24
D:\project\paper-bench\tasks\astro\2504.04211_pta_normalizing_flows\agent_solution\code\pta_likelihood.py:167: LinAlgWarning: An ill-conditioned matrix detected: slice 0 has rcond = 1.585956699930806e-16.
  Lam_inv = inv(Lam)
D:\project\paper-bench\tasks\astro\2504.04211_pta_normalizing_flows\agent_solution\code\pta_likelihood.py:167: LinAlgWarning: An ill-conditioned matrix detected: slice 0 has rcond = 5.968711897613922e-19.
  Lam_inv = inv(Lam)
D:\project\paper-bench\tasks\astro\2504.04211_pta_normalizing_flows\agent_solution\code\pta_likelihood.py:167: LinAlgWarning: An ill-conditioned matrix detected: slice 0 has rcond = 3.236962117537949e-23.
  Lam_inv = inv(Lam)
D:\project\paper-bench\tasks\astro\2504.04211_pta_normalizing_flows\agent_solution\code\pta_likelihood.py:167: LinAlgWarning: An ill-conditioned matrix detected: slice 0 has rcond = 1.1095641702124157e-19.
  Lam_inv = inv(Lam)
D:\project\paper-bench\tasks\astro\2504.04211_pta_normalizing_flows\agent_solution\code\pta_likelihood.py:167: LinAlgWarning: An ill-conditioned matrix detected: slice 0 has rcond = 3.131711035743371e-21.
  Lam_inv = inv(Lam)
D:\project\paper-bench\tasks\astro\2504.04211_pta_normalizing_flows\agent_solution\code\pta_likelihood.py:167: LinAlgWarning: An ill-conditioned matrix detected: slice 0 has rcond = 1.9677110043977474e-18.
  Lam_inv = inv(Lam)
D:\project\paper-bench\tasks\astro\2504.04211_pta_normalizing_flows\agent_solution\code\pta_likelihood.py:167: LinAlgWarning: An ill-conditioned matrix detected: slice 0 has rcond = 2.0065540804794368e-16.
  Lam_inv = inv(Lam)
D:\project\paper-bench\tasks\astro\2504.04211_pta_normalizing_flows\agent_solution\code\pta_likelihood.py:167: LinAlgWarning: An ill-conditioned matrix detected: slice 0 has rcond = 3.763346349366881e-18.
  Lam_inv = inv(Lam)
D:\project\paper-bench\tasks\astro\2504.04211_pta_normalizing_flows\agent_solution\code\pta_likelihood.py:167: LinAlgWarning: An ill-conditioned matrix detected: slice 0 has rcond = 2.3894497743426888e-17.
  Lam_inv = inv(Lam)
D:\project\paper-bench\tasks\astro\2504.04211_pta_normalizing_flows\agent_solution\code\pta_likelihood.py:167: LinAlgWarning: An ill-conditioned matrix detected: slice 0 has rcond = 3.23928412244255e-17.
  Lam_inv = inv(Lam)
D:\project\paper-bench\tasks\astro\2504.04211_pta_normalizing_flows\agent_solution\code\pta_likelihood.py:167: LinAlgWarning: An ill-conditioned matrix detected: slice 0 has rcond = 2.1630529548959104e-18.
  Lam_inv = inv(Lam)
D:\project\paper-bench\tasks\astro\2504.04211_pta_normalizing_flows\agent_solution\code\pta_likelihood.py:167: LinAlgWarning: An ill-conditioned matrix detected: slice 0 has rcond = 3.073877304379983e-22.
  Lam_inv = inv(Lam)
D:\project\paper-bench\tasks\astro\2504.04211_pta_normalizing_flows\agent_solution\code\pta_likelihood.py:167: LinAlgWarning: An ill-conditioned matrix detected: slice 0 has rcond = 6.133981706475095e-20.
  Lam_inv = inv(Lam)
D:\project\paper-bench\tasks\astro\2504.04211_pta_normalizing_flows\agent_solution\code\pta_likelihood.py:167: LinAlgWarning: An ill-conditioned matrix detected: slice 0 has rcond = 4.4890478868711925e-17.
  Lam_inv = inv(Lam)
D:\project\paper-bench\tasks\astro\2504.04211_pta_normalizing_flows\agent_solution\code\pta_likelihood.py:167: LinAlgWarning: An ill-conditioned matrix detected: slice 0 has rcond = 2.3493162203467795e-18.
  Lam_inv = inv(Lam)
D:\project\paper-bench\tasks\astro\2504.04211_pta_normalizing_flows\agent_solution\code\pta_likelihood.py:167: LinAlgWarning: An ill-conditioned matrix detected: slice 0 has rcond = 4.421388863745004e-17.
  Lam_inv = inv(Lam)
D:\project\paper-bench\tasks\astro\2504.04211_pta_normalizing_flows\agent_solution\code\pta_likelihood.py:167: LinAlgWarning: An ill-conditioned matrix detected: slice 0 has rcond = 1.1357474827437899e-17.
  Lam_inv = inv(Lam)
D:\project\paper-bench\tasks\astro\2504.04211_pta_normalizing_flows\agent_solution\code\pta_likelihood.py:167: LinAlgWarning: An ill-conditioned matrix detected: slice 0 has rcond = 4.3984281640581096e-17.
  Lam_inv = inv(Lam)
D:\project\paper-bench\tasks\astro\2504.04211_pta_normalizing_flows\agent_solution\code\pta_likelihood.py:167: LinAlgWarning: An ill-conditioned matrix detected: slice 0 has rcond = 1.6569660050985244e-16.
  Lam_inv = inv(Lam)
D:\project\paper-bench\tasks\astro\2504.04211_pta_normalizing_flows\agent_solution\code\pta_likelihood.py:167: LinAlgWarning: An ill-conditioned matrix detected: slice 0 has rcond = 7.232283926258485e-17.
  Lam_inv = inv(Lam)
D:\project\paper-bench\tasks\astro\2504.04211_pta_normalizing_flows\agent_solution\code\pta_likelihood.py:167: LinAlgWarning: An ill-conditioned matrix detected: slice 0 has rcond = 1.515824434954012e-16.
  Lam_inv = inv(Lam)
D:\project\paper-bench\tasks\astro\2504.04211_pta_normalizing_flows\agent_solution\code\pta_likelihood.py:167: LinAlgWarning: An ill-conditioned matrix detected: slice 0 has rcond = 1.923583327061251e-17.
  Lam_inv = inv(Lam)
D:\project\paper-bench\tasks\astro\2504.04211_pta_normalizing_flows\agent_solution\code\pta_likelihood.py:167: LinAlgWarning: An ill-conditioned matrix detected: slice 0 has rcond = 4.943938225999506e-18.
  Lam_inv = inv(Lam)
D:\project\paper-bench\tasks\astro\2504.04211_pta_normalizing_flows\agent_solution\code\pta_likelihood.py:167: LinAlgWarning: An ill-conditioned matrix detected: slice 0 has rcond = 6.86170851524218e-17.
  Lam_inv = inv(Lam)
D:\project\paper-bench\tasks\astro\2504.04211_pta_normalizing_flows\agent_solution\code\pta_likelihood.py:167: LinAlgWarning: An ill-conditioned matrix detected: slice 0 has rcond = 1.2331932841272888e-16.
  Lam_inv = inv(Lam)
D:\project\paper-bench\tasks\astro\2504.04211_pta_normalizing_flows\agent_solution\code\pta_likelihood.py:167: LinAlgWarning: An ill-conditioned matrix detected: slice 0 has rcond = 7.415943993718868e-20.
  Lam_inv = inv(Lam)
D:\project\paper-bench\tasks\astro\2504.04211_pta_normalizing_flows\agent_solution\code\pta_likelihood.py:167: LinAlgWarning: An ill-conditioned matrix detected: slice 0 has rcond = 3.1848540833500044e-18.
  Lam_inv = inv(Lam)
D:\project\paper-bench\tasks\astro\2504.04211_pta_normalizing_flows\agent_solution\code\pta_likelihood.py:167: LinAlgWarning: An ill-conditioned matrix detected: slice 0 has rcond = 1.8307885928585734e-17.
  Lam_inv = inv(Lam)
D:\project\paper-bench\tasks\astro\2504.04211_pta_normalizing_flows\agent_solution\code\pta_likelihood.py:167: LinAlgWarning: An ill-conditioned matrix detected: slice 0 has rcond = 1.5952596996180387e-17.
  Lam_inv = inv(Lam)
D:\project\paper-bench\tasks\astro\2504.04211_pta_normalizing_flows\agent_solution\code\pta_likelihood.py:167: LinAlgWarning: An ill-conditioned matrix detected: slice 0 has rcond = 6.383031783054038e-19.
  Lam_inv = inv(Lam)
D:\project\paper-bench\tasks\astro\2504.04211_pta_normalizing_flows\agent_solution\code\pta_likelihood.py:167: LinAlgWarning: An ill-conditioned matrix detected: slice 0 has rcond = 2.3129457385138457e-20.
  Lam_inv = inv(Lam)
D:\project\paper-bench\tasks\astro\2504.04211_pta_normalizing_flows\agent_solution\code\pta_likelihood.py:167: LinAlgWarning: An ill-conditioned matrix detected: slice 0 has rcond = 1.2501217809880416e-18.
  Lam_inv = inv(Lam)
D:\project\paper-bench\tasks\astro\2504.04211_pta_normalizing_flows\agent_solution\code\pta_likelihood.py:167: LinAlgWarning: An ill-conditioned matrix detected: slice 0 has rcond = 9.661575555109512e-17.
  Lam_inv = inv(Lam)
D:\project\paper-bench\tasks\astro\2504.04211_pta_normalizing_flows\agent_solution\code\pta_likelihood.py:167: LinAlgWarning: An ill-conditioned matrix detected: slice 0 has rcond = 3.2700830892085033e-18.
  Lam_inv = inv(Lam)
D:\project\paper-bench\tasks\astro\2504.04211_pta_normalizing_flows\agent_solution\code\pta_likelihood.py:167: LinAlgWarning: An ill-conditioned matrix detected: slice 0 has rcond = 1.1041198878919015e-17.
  Lam_inv = inv(Lam)
D:\project\paper-bench\tasks\astro\2504.04211_pta_normalizing_flows\agent_solution\code\pta_likelihood.py:167: LinAlgWarning: An ill-conditioned matrix detected: slice 0 has rcond = 2.1109714328292336e-17.
  Lam_inv = inv(Lam)
D:\project\paper-bench\tasks\astro\2504.04211_pta_normalizing_flows\agent_solution\code\pta_likelihood.py:167: LinAlgWarning: An ill-conditioned matrix detected: slice 0 has rcond = 1.508921439170397e-16.
  Lam_inv = inv(Lam)
D:\project\paper-bench\tasks\astro\2504.04211_pta_normalizing_flows\agent_solution\code\pta_likelihood.py:167: LinAlgWarning: An ill-conditioned matrix detected: slice 0 has rcond = 4.829267538923563e-19.
  Lam_inv = inv(Lam)
D:\project\paper-bench\tasks\astro\2504.04211_pta_normalizing_flows\agent_solution\code\pta_likelihood.py:167: LinAlgWarning: An ill-conditioned matrix detected: slice 0 has rcond = 1.0697844619992456e-16.
  Lam_inv = inv(Lam)
D:\project\paper-bench\tasks\astro\2504.04211_pta_normalizing_flows\agent_solution\code\pta_likelihood.py:167: LinAlgWarning: An ill-conditioned matrix detected: slice 0 has rcond = 1.3835519727676748e-18.
  Lam_inv = inv(Lam)
D:\project\paper-bench\tasks\astro\2504.04211_pta_normalizing_flows\agent_solution\code\pta_likelihood.py:167: LinAlgWarning: An ill-conditioned matrix detected: slice 0 has rcond = 1.7367086934860504e-21.
  Lam_inv = inv(Lam)
D:\project\paper-bench\tasks\astro\2504.04211_pta_normalizing_flows\agent_solution\code\pta_likelihood.py:167: LinAlgWarning: An ill-conditioned matrix detected: slice 0 has rcond = 4.3426149552577245e-18.
  Lam_inv = inv(Lam)
D:\project\paper-bench\tasks\astro\2504.04211_pta_normalizing_flows\agent_solution\code\pta_likelihood.py:167: LinAlgWarning: An ill-conditioned matrix detected: slice 0 has rcond = 3.0349744967820443e-18.
  Lam_inv = inv(Lam)
D:\project\paper-bench\tasks\astro\2504.04211_pta_normalizing_flows\agent_solution\code\pta_likelihood.py:167: LinAlgWarning: An ill-conditioned matrix detected: slice 0 has rcond = 1.1690773057609048e-16.
  Lam_inv = inv(Lam)
D:\project\paper-bench\tasks\astro\2504.04211_pta_normalizing_flows\agent_solution\code\pta_likelihood.py:167: LinAlgWarning: An ill-conditioned matrix detected: slice 0 has rcond = 3.4984492459740954e-17.
  Lam_inv = inv(Lam)
D:\project\paper-bench\tasks\astro\2504.04211_pta_normalizing_flows\agent_solution\code\pta_likelihood.py:167: LinAlgWarning: An ill-conditioned matrix detected: slice 0 has rcond = 5.85404595382415e-17.
  Lam_inv = inv(Lam)
D:\project\paper-bench\tasks\astro\2504.04211_pta_normalizing_flows\agent_solution\code\pta_likelihood.py:167: LinAlgWarning: An ill-conditioned matrix detected: slice 0 has rcond = 1.2809574231229657e-16.
  Lam_inv = inv(Lam)
D:\project\paper-bench\tasks\astro\2504.04211_pta_normalizing_flows\agent_solution\code\pta_likelihood.py:167: LinAlgWarning: An ill-conditioned matrix detected: slice 0 has rcond = 1.0858823528025774e-18.
  Lam_inv = inv(Lam)
D:\project\paper-bench\tasks\astro\2504.04211_pta_normalizing_flows\agent_solution\code\pta_likelihood.py:167: LinAlgWarning: An ill-conditioned matrix detected: slice 0 has rcond = 4.9746733087071195e-17.
  Lam_inv = inv(Lam)
D:\project\paper-bench\tasks\astro\2504.04211_pta_normalizing_flows\agent_solution\code\pta_likelihood.py:167: LinAlgWarning: An ill-conditioned matrix detected: slice 0 has rcond = 4.088617142019433e-21.
  Lam_inv = inv(Lam)
D:\project\paper-bench\tasks\astro\2504.04211_pta_normalizing_flows\agent_solution\code\pta_likelihood.py:167: LinAlgWarning: An ill-conditioned matrix detected: slice 0 has rcond = 4.357360895332783e-18.
  Lam_inv = inv(Lam)
D:\project\paper-bench\tasks\astro\2504.04211_pta_normalizing_flows\agent_solution\code\pta_likelihood.py:167: LinAlgWarning: An ill-conditioned matrix detected: slice 0 has rcond = 6.422021559290172e-17.
  Lam_inv = inv(Lam)
D:\project\paper-bench\tasks\astro\2504.04211_pta_normalizing_flows\agent_solution\code\pta_likelihood.py:167: LinAlgWarning: An ill-conditioned matrix detected: slice 0 has rcond = 8.521847450606475e-17.
  Lam_inv = inv(Lam)
D:\project\paper-bench\tasks\astro\2504.04211_pta_normalizing_flows\agent_solution\code\pta_likelihood.py:167: LinAlgWarning: An ill-conditioned matrix detected: slice 0 has rcond = 1.0118344750885675e-16.
  Lam_inv = inv(Lam)
D:\project\paper-bench\tasks\astro\2504.04211_pta_normalizing_flows\agent_solution\code\pta_likelihood.py:167: LinAlgWarning: An ill-conditioned matrix detected: slice 0 has rcond = 7.494337625684672e-19.
  Lam_inv = inv(Lam)
D:\project\paper-bench\tasks\astro\2504.04211_pta_normalizing_flows\agent_solution\code\pta_likelihood.py:167: LinAlgWarning: An ill-conditioned matrix detected: slice 0 has rcond = 3.080567371899463e-19.
  Lam_inv = inv(Lam)
D:\project\paper-bench\tasks\astro\2504.04211_pta_normalizing_flows\agent_solution\code\pta_likelihood.py:167: LinAlgWarning: An ill-conditioned matrix detected: slice 0 has rcond = 5.156587047197707e-17.
  Lam_inv = inv(Lam)
D:\project\paper-bench\tasks\astro\2504.04211_pta_normalizing_flows\agent_solution\code\pta_likelihood.py:167: LinAlgWarning: An ill-conditioned matrix detected: slice 0 has rcond = 1.1711179267667072e-16.
  Lam_inv = inv(Lam)
D:\project\paper-bench\tasks\astro\2504.04211_pta_normalizing_flows\agent_solution\code\pta_likelihood.py:167: LinAlgWarning: An ill-conditioned matrix detected: slice 0 has rcond = 4.980348515167426e-19.
  Lam_inv = inv(Lam)
D:\project\paper-bench\tasks\astro\2504.04211_pta_normalizing_flows\agent_solution\code\pta_likelihood.py:167: LinAlgWarning: An ill-conditioned matrix detected: slice 0 has rcond = 4.6891520580695917e-20.
  Lam_inv = inv(Lam)
D:\project\paper-bench\tasks\astro\2504.04211_pta_normalizing_flows\agent_solution\code\pta_likelihood.py:167: LinAlgWarning: An ill-conditioned matrix detected: slice 0 has rcond = 3.2781465641414015e-17.
  Lam_inv = inv(Lam)
D:\project\paper-bench\tasks\astro\2504.04211_pta_normalizing_flows\agent_solution\code\pta_likelihood.py:167: LinAlgWarning: An ill-conditioned matrix detected: slice 0 has rcond = 9.283705648211952e-17.
  Lam_inv = inv(Lam)
D:\project\paper-bench\tasks\astro\2504.04211_pta_normalizing_flows\agent_solution\code\pta_likelihood.py:167: LinAlgWarning: An ill-conditioned matrix detected: slice 0 has rcond = 1.0274393164928551e-16.
  Lam_inv = inv(Lam)
D:\project\paper-bench\tasks\astro\2504.04211_pta_normalizing_flows\agent_solution\code\pta_likelihood.py:167: LinAlgWarning: An ill-conditioned matrix detected: slice 0 has rcond = 5.5502520846882426e-18.
  Lam_inv = inv(Lam)
D:\project\paper-bench\tasks\astro\2504.04211_pta_normalizing_flows\agent_solution\code\pta_likelihood.py:167: LinAlgWarning: An ill-conditioned matrix detected: slice 0 has rcond = 1.0430940471342048e-18.
  Lam_inv = inv(Lam)
D:\project\paper-bench\tasks\astro\2504.04211_pta_normalizing_flows\agent_solution\code\pta_likelihood.py:167: LinAlgWarning: An ill-conditioned matrix detected: slice 0 has rcond = 1.743012025274967e-18.
  Lam_inv = inv(Lam)
D:\project\paper-bench\tasks\astro\2504.04211_pta_normalizing_flows\agent_solution\code\pta_likelihood.py:167: LinAlgWarning: An ill-conditioned matrix detected: slice 0 has rcond = 3.661374927118698e-18.
  Lam_inv = inv(Lam)
D:\project\paper-bench\tasks\astro\2504.04211_pta_normalizing_flows\agent_solution\code\pta_likelihood.py:167: LinAlgWarning: An ill-conditioned matrix detected: slice 0 has rcond = 9.243311074733936e-17.
  Lam_inv = inv(Lam)
D:\project\paper-bench\tasks\astro\2504.04211_pta_normalizing_flows\agent_solution\code\pta_likelihood.py:167: LinAlgWarning: An ill-conditioned matrix detected: slice 0 has rcond = 2.7610878497669354e-21.
  Lam_inv = inv(Lam)
D:\project\paper-bench\tasks\astro\2504.04211_pta_normalizing_flows\agent_solution\code\pta_likelihood.py:167: LinAlgWarning: An ill-conditioned matrix detected: slice 0 has rcond = 1.3658822992819174e-18.
  Lam_inv = inv(Lam)
D:\project\paper-bench\tasks\astro\2504.04211_pta_normalizing_flows\agent_solution\code\pta_likelihood.py:167: LinAlgWarning: An ill-conditioned matrix detected: slice 0 has rcond = 1.5569658158459712e-21.
  Lam_inv = inv(Lam)
D:\project\paper-bench\tasks\astro\2504.04211_pta_normalizing_flows\agent_solution\code\pta_likelihood.py:167: LinAlgWarning: An ill-conditioned matrix detected: slice 0 has rcond = 1.325579741988685e-19.
  Lam_inv = inv(Lam)
D:\project\paper-bench\tasks\astro\2504.04211_pta_normalizing_flows\agent_solution\code\pta_likelihood.py:167: LinAlgWarning: An ill-conditioned matrix detected: slice 0 has rcond = 2.1863428941423624e-20.
  Lam_inv = inv(Lam)
D:\project\paper-bench\tasks\astro\2504.04211_pta_normalizing_flows\agent_solution\code\pta_likelihood.py:167: LinAlgWarning: An ill-conditioned matrix detected: slice 0 has rcond = 9.700160494071134e-18.
  Lam_inv = inv(Lam)
D:\project\paper-bench\tasks\astro\2504.04211_pta_normalizing_flows\agent_solution\code\pta_likelihood.py:167: LinAlgWarning: An ill-conditioned matrix detected: slice 0 has rcond = 1.3009788518154249e-17.
  Lam_inv = inv(Lam)
D:\project\paper-bench\tasks\astro\2504.04211_pta_normalizing_flows\agent_solution\code\pta_likelihood.py:167: LinAlgWarning: An ill-conditioned matrix detected: slice 0 has rcond = 1.6160605652559529e-18.
  Lam_inv = inv(Lam)
D:\project\paper-bench\tasks\astro\2504.04211_pta_normalizing_flows\agent_solution\code\pta_likelihood.py:167: LinAlgWarning: An ill-conditioned matrix detected: slice 0 has rcond = 6.496979014488736e-17.
  Lam_inv = inv(Lam)
D:\project\paper-bench\tasks\astro\2504.04211_pta_normalizing_flows\agent_solution\code\pta_likelihood.py:167: LinAlgWarning: An ill-conditioned matrix detected: slice 0 has rcond = 4.599532598792921e-17.
  Lam_inv = inv(Lam)
D:\project\paper-bench\tasks\astro\2504.04211_pta_normalizing_flows\agent_solution\code\pta_likelihood.py:167: LinAlgWarning: An ill-conditioned matrix detected: slice 0 has rcond = 1.070200571772428e-18.
  Lam_inv = inv(Lam)
D:\project\paper-bench\tasks\astro\2504.04211_pta_normalizing_flows\agent_solution\code\pta_likelihood.py:167: LinAlgWarning: An ill-conditioned matrix detected: slice 0 has rcond = 7.064044073468074e-20.
  Lam_inv = inv(Lam)
D:\project\paper-bench\tasks\astro\2504.04211_pta_normalizing_flows\agent_solution\code\pta_likelihood.py:167: LinAlgWarning: An ill-conditioned matrix detected: slice 0 has rcond = 5.82451742264777e-17.
  Lam_inv = inv(Lam)
D:\project\paper-bench\tasks\astro\2504.04211_pta_normalizing_flows\agent_solution\code\pta_likelihood.py:167: LinAlgWarning: An ill-conditioned matrix detected: slice 0 has rcond = 7.720326313211305e-17.
  Lam_inv = inv(Lam)
D:\project\paper-bench\tasks\astro\2504.04211_pta_normalizing_flows\agent_solution\code\pta_likelihood.py:167: LinAlgWarning: An ill-conditioned matrix detected: slice 0 has rcond = 9.288738277794747e-17.
  Lam_inv = inv(Lam)
D:\project\paper-bench\tasks\astro\2504.04211_pta_normalizing_flows\agent_solution\code\pta_likelihood.py:167: LinAlgWarning: An ill-conditioned matrix detected: slice 0 has rcond = 2.1775037606341827e-17.
  Lam_inv = inv(Lam)
D:\project\paper-bench\tasks\astro\2504.04211_pta_normalizing_flows\agent_solution\code\pta_likelihood.py:167: LinAlgWarning: An ill-conditioned matrix detected: slice 0 has rcond = 4.329793431845665e-17.
  Lam_inv = inv(Lam)
D:\project\paper-bench\tasks\astro\2504.04211_pta_normalizing_flows\agent_solution\code\pta_likelihood.py:167: LinAlgWarning: An ill-conditioned matrix detected: slice 0 has rcond = 3.327292081687699e-19.
  Lam_inv = inv(Lam)
D:\project\paper-bench\tasks\astro\2504.04211_pta_normalizing_flows\agent_solution\code\pta_likelihood.py:167: LinAlgWarning: An ill-conditioned matrix detected: slice 0 has rcond = 3.456581107823963e-19.
  Lam_inv = inv(Lam)
D:\project\paper-bench\tasks\astro\2504.04211_pta_normalizing_flows\agent_solution\code\pta_likelihood.py:167: LinAlgWarning: An ill-conditioned matrix detected: slice 0 has rcond = 9.877334092901758e-19.
  Lam_inv = inv(Lam)
D:\project\paper-bench\tasks\astro\2504.04211_pta_normalizing_flows\agent_solution\code\pta_likelihood.py:167: LinAlgWarning: An ill-conditioned matrix detected: slice 0 has rcond = 4.160882939940921e-17.
  Lam_inv = inv(Lam)
D:\project\paper-bench\tasks\astro\2504.04211_pta_normalizing_flows\agent_solution\code\pta_likelihood.py:167: LinAlgWarning: An ill-conditioned matrix detected: slice 0 has rcond = 5.08225666116815e-18.
  Lam_inv = inv(Lam)
D:\project\paper-bench\tasks\astro\2504.04211_pta_normalizing_flows\agent_solution\code\pta_likelihood.py:167: LinAlgWarning: An ill-conditioned matrix detected: slice 0 has rcond = 1.751257352607259e-16.
  Lam_inv = inv(Lam)
D:\project\paper-bench\tasks\astro\2504.04211_pta_normalizing_flows\agent_solution\code\pta_likelihood.py:167: LinAlgWarning: An ill-conditioned matrix detected: slice 0 has rcond = 3.2434063774159715e-22.
  Lam_inv = inv(Lam)
D:\project\paper-bench\tasks\astro\2504.04211_pta_normalizing_flows\agent_solution\code\pta_likelihood.py:167: LinAlgWarning: An ill-conditioned matrix detected: slice 0 has rcond = 1.6163724712204158e-18.
  Lam_inv = inv(Lam)
D:\project\paper-bench\tasks\astro\2504.04211_pta_normalizing_flows\agent_solution\code\pta_likelihood.py:167: LinAlgWarning: An ill-conditioned matrix detected: slice 0 has rcond = 1.9092908164903912e-16.
  Lam_inv = inv(Lam)
D:\project\paper-bench\tasks\astro\2504.04211_pta_normalizing_flows\agent_solution\code\pta_likelihood.py:167: LinAlgWarning: An ill-conditioned matrix detected: slice 0 has rcond = 1.0679398888454049e-16.
  Lam_inv = inv(Lam)
D:\project\paper-bench\tasks\astro\2504.04211_pta_normalizing_flows\agent_solution\code\pta_likelihood.py:167: LinAlgWarning: An ill-conditioned matrix detected: slice 0 has rcond = 1.9291735316280638e-17.
  Lam_inv = inv(Lam)
D:\project\paper-bench\tasks\astro\2504.04211_pta_normalizing_flows\agent_solution\code\pta_likelihood.py:167: LinAlgWarning: An ill-conditioned matrix detected: slice 0 has rcond = 3.582248903623862e-18.
  Lam_inv = inv(Lam)
D:\project\paper-bench\tasks\astro\2504.04211_pta_normalizing_flows\agent_solution\code\pta_likelihood.py:167: LinAlgWarning: An ill-conditioned matrix detected: slice 0 has rcond = 1.5988031246139494e-16.
  Lam_inv = inv(Lam)
D:\project\paper-bench\tasks\astro\2504.04211_pta_normalizing_flows\agent_solution\code\pta_likelihood.py:167: LinAlgWarning: An ill-conditioned matrix detected: slice 0 has rcond = 7.878876628872149e-17.
  Lam_inv = inv(Lam)
D:\project\paper-bench\tasks\astro\2504.04211_pta_normalizing_flows\agent_solution\code\pta_likelihood.py:167: LinAlgWarning: An ill-conditioned matrix detected: slice 0 has rcond = 2.4232990008648703e-17.
  Lam_inv = inv(Lam)
D:\project\paper-bench\tasks\astro\2504.04211_pta_normalizing_flows\agent_solution\code\pta_likelihood.py:167: LinAlgWarning: An ill-conditioned matrix detected: slice 0 has rcond = 1.0468156476600764e-16.
  Lam_inv = inv(Lam)
D:\project\paper-bench\tasks\astro\2504.04211_pta_normalizing_flows\agent_solution\code\pta_likelihood.py:167: LinAlgWarning: An ill-conditioned matrix detected: slice 0 has rcond = 1.4057843011626344e-17.
  Lam_inv = inv(Lam)
D:\project\paper-bench\tasks\astro\2504.04211_pta_normalizing_flows\agent_solution\code\pta_likelihood.py:167: LinAlgWarning: An ill-conditioned matrix detected: slice 0 has rcond = 6.922001976357867e-21.
  Lam_inv = inv(Lam)
D:\project\paper-bench\tasks\astro\2504.04211_pta_normalizing_flows\agent_solution\code\pta_likelihood.py:167: LinAlgWarning: An ill-conditioned matrix detected: slice 0 has rcond = 1.1961202409587246e-16.
  Lam_inv = inv(Lam)
D:\project\paper-bench\tasks\astro\2504.04211_pta_normalizing_flows\agent_solution\code\pta_likelihood.py:167: LinAlgWarning: An ill-conditioned matrix detected: slice 0 has rcond = 1.5380832469684285e-18.
  Lam_inv = inv(Lam)
D:\project\paper-bench\tasks\astro\2504.04211_pta_normalizing_flows\agent_solution\code\pta_likelihood.py:167: LinAlgWarning: An ill-conditioned matrix detected: slice 0 has rcond = 5.8121549342614684e-18.
  Lam_inv = inv(Lam)
D:\project\paper-bench\tasks\astro\2504.04211_pta_normalizing_flows\agent_solution\code\pta_likelihood.py:167: LinAlgWarning: An ill-conditioned matrix detected: slice 0 has rcond = 1.6610754112049443e-16.
  Lam_inv = inv(Lam)
D:\project\paper-bench\tasks\astro\2504.04211_pta_normalizing_flows\agent_solution\code\pta_likelihood.py:167: LinAlgWarning: An ill-conditioned matrix detected: slice 0 has rcond = 8.89456797371443e-19.
  Lam_inv = inv(Lam)
D:\project\paper-bench\tasks\astro\2504.04211_pta_normalizing_flows\agent_solution\code\pta_likelihood.py:167: LinAlgWarning: An ill-conditioned matrix detected: slice 0 has rcond = 6.073147169995548e-20.
  Lam_inv = inv(Lam)
D:\project\paper-bench\tasks\astro\2504.04211_pta_normalizing_flows\agent_solution\code\pta_likelihood.py:167: LinAlgWarning: An ill-conditioned matrix detected: slice 0 has rcond = 6.905366483968157e-19.
  Lam_inv = inv(Lam)
D:\project\paper-bench\tasks\astro\2504.04211_pta_normalizing_flows\agent_solution\code\pta_likelihood.py:167: LinAlgWarning: An ill-conditioned matrix detected: slice 0 has rcond = 3.88097347854133e-18.
  Lam_inv = inv(Lam)
D:\project\paper-bench\tasks\astro\2504.04211_pta_normalizing_flows\agent_solution\code\pta_likelihood.py:167: LinAlgWarning: An ill-conditioned matrix detected: slice 0 has rcond = 6.0588357443119766e-18.
  Lam_inv = inv(Lam)
D:\project\paper-bench\tasks\astro\2504.04211_pta_normalizing_flows\agent_solution\code\pta_likelihood.py:167: LinAlgWarning: An ill-conditioned matrix detected: slice 0 has rcond = 7.08443067946425e-18.
  Lam_inv = inv(Lam)
D:\project\paper-bench\tasks\astro\2504.04211_pta_normalizing_flows\agent_solution\code\pta_likelihood.py:167: LinAlgWarning: An ill-conditioned matrix detected: slice 0 has rcond = 3.704858639093723e-17.
  Lam_inv = inv(Lam)
D:\project\paper-bench\tasks\astro\2504.04211_pta_normalizing_flows\agent_solution\code\pta_likelihood.py:167: LinAlgWarning: An ill-conditioned matrix detected: slice 0 has rcond = 1.891741727770581e-17.
  Lam_inv = inv(Lam)
D:\project\paper-bench\tasks\astro\2504.04211_pta_normalizing_flows\agent_solution\code\pta_likelihood.py:167: LinAlgWarning: An ill-conditioned matrix detected: slice 0 has rcond = 1.2023947937958855e-18.
  Lam_inv = inv(Lam)
D:\project\paper-bench\tasks\astro\2504.04211_pta_normalizing_flows\agent_solution\code\pta_likelihood.py:167: LinAlgWarning: An ill-conditioned matrix detected: slice 0 has rcond = 1.1676636481447959e-18.
  Lam_inv = inv(Lam)
D:\project\paper-bench\tasks\astro\2504.04211_pta_normalizing_flows\agent_solution\code\pta_likelihood.py:167: LinAlgWarning: An ill-conditioned matrix detected: slice 0 has rcond = 1.1881292893635906e-16.
  Lam_inv = inv(Lam)
D:\project\paper-bench\tasks\astro\2504.04211_pta_normalizing_flows\agent_solution\code\pta_likelihood.py:167: LinAlgWarning: An ill-conditioned matrix detected: slice 0 has rcond = 6.141067474289667e-22.
  Lam_inv = inv(Lam)
D:\project\paper-bench\tasks\astro\2504.04211_pta_normalizing_flows\agent_solution\code\pta_likelihood.py:167: LinAlgWarning: An ill-conditioned matrix detected: slice 0 has rcond = 1.1815784216284504e-16.
  Lam_inv = inv(Lam)
D:\project\paper-bench\tasks\astro\2504.04211_pta_normalizing_flows\agent_solution\code\pta_likelihood.py:167: LinAlgWarning: An ill-conditioned matrix detected: slice 0 has rcond = 9.987311388991515e-17.
  Lam_inv = inv(Lam)
D:\project\paper-bench\tasks\astro\2504.04211_pta_normalizing_flows\agent_solution\code\pta_likelihood.py:167: LinAlgWarning: An ill-conditioned matrix detected: slice 0 has rcond = 1.6984686014042592e-17.
  Lam_inv = inv(Lam)
D:\project\paper-bench\tasks\astro\2504.04211_pta_normalizing_flows\agent_solution\code\pta_likelihood.py:167: LinAlgWarning: An ill-conditioned matrix detected: slice 0 has rcond = 1.7300361668502611e-16.
  Lam_inv = inv(Lam)
D:\project\paper-bench\tasks\astro\2504.04211_pta_normalizing_flows\agent_solution\code\pta_likelihood.py:167: LinAlgWarning: An ill-conditioned matrix detected: slice 0 has rcond = 5.075547069831151e-17.
  Lam_inv = inv(Lam)
D:\project\paper-bench\tasks\astro\2504.04211_pta_normalizing_flows\agent_solution\code\pta_likelihood.py:167: LinAlgWarning: An ill-conditioned matrix detected: slice 0 has rcond = 3.9177145018304307e-19.
  Lam_inv = inv(Lam)
D:\project\paper-bench\tasks\astro\2504.04211_pta_normalizing_flows\agent_solution\code\pta_likelihood.py:167: LinAlgWarning: An ill-conditioned matrix detected: slice 0 has rcond = 8.386543913780333e-18.
  Lam_inv = inv(Lam)
D:\project\paper-bench\tasks\astro\2504.04211_pta_normalizing_flows\agent_solution\code\pta_likelihood.py:167: LinAlgWarning: An ill-conditioned matrix detected: slice 0 has rcond = 1.3328098925340566e-16.
  Lam_inv = inv(Lam)
D:\project\paper-bench\tasks\astro\2504.04211_pta_normalizing_flows\agent_solution\code\pta_likelihood.py:167: LinAlgWarning: An ill-conditioned matrix detected: slice 0 has rcond = 1.5636283327644354e-20.
  Lam_inv = inv(Lam)
D:\project\paper-bench\tasks\astro\2504.04211_pta_normalizing_flows\agent_solution\code\pta_likelihood.py:167: LinAlgWarning: An ill-conditioned matrix detected: slice 0 has rcond = 2.8655453628515793e-18.
  Lam_inv = inv(Lam)
D:\project\paper-bench\tasks\astro\2504.04211_pta_normalizing_flows\agent_solution\code\pta_likelihood.py:167: LinAlgWarning: An ill-conditioned matrix detected: slice 0 has rcond = 8.989944047217483e-17.
  Lam_inv = inv(Lam)
D:\project\paper-bench\tasks\astro\2504.04211_pta_normalizing_flows\agent_solution\code\pta_likelihood.py:167: LinAlgWarning: An ill-conditioned matrix detected: slice 0 has rcond = 3.6644704530675684e-18.
  Lam_inv = inv(Lam)
D:\project\paper-bench\tasks\astro\2504.04211_pta_normalizing_flows\agent_solution\code\pta_likelihood.py:167: LinAlgWarning: An ill-conditioned matrix detected: slice 0 has rcond = 1.5958627659744718e-16.
  Lam_inv = inv(Lam)
D:\project\paper-bench\tasks\astro\2504.04211_pta_normalizing_flows\agent_solution\code\pta_likelihood.py:167: LinAlgWarning: An ill-conditioned matrix detected: slice 0 has rcond = 9.38684729903859e-18.
  Lam_inv = inv(Lam)
D:\project\paper-bench\tasks\astro\2504.04211_pta_normalizing_flows\agent_solution\code\pta_likelihood.py:167: LinAlgWarning: An ill-conditioned matrix detected: slice 0 has rcond = 6.970715675956324e-21.
  Lam_inv = inv(Lam)
D:\project\paper-bench\tasks\astro\2504.04211_pta_normalizing_flows\agent_solution\code\pta_likelihood.py:167: LinAlgWarning: An ill-conditioned matrix detected: slice 0 has rcond = 4.231270955014667e-18.
  Lam_inv = inv(Lam)
D:\project\paper-bench\tasks\astro\2504.04211_pta_normalizing_flows\agent_solution\code\pta_likelihood.py:167: LinAlgWarning: An ill-conditioned matrix detected: slice 0 has rcond = 9.111735037934275e-17.
  Lam_inv = inv(Lam)
D:\project\paper-bench\tasks\astro\2504.04211_pta_normalizing_flows\agent_solution\code\pta_likelihood.py:167: LinAlgWarning: An ill-conditioned matrix detected: slice 0 has rcond = 6.424448277988224e-17.
  Lam_inv = inv(Lam)
D:\project\paper-bench\tasks\astro\2504.04211_pta_normalizing_flows\agent_solution\code\pta_likelihood.py:167: LinAlgWarning: An ill-conditioned matrix detected: slice 0 has rcond = 2.755965907333137e-19.
  Lam_inv = inv(Lam)
D:\project\paper-bench\tasks\astro\2504.04211_pta_normalizing_flows\agent_solution\code\pta_likelihood.py:167: LinAlgWarning: An ill-conditioned matrix detected: slice 0 has rcond = 1.0891423430798808e-21.
  Lam_inv = inv(Lam)
D:\project\paper-bench\tasks\astro\2504.04211_pta_normalizing_flows\agent_solution\code\pta_likelihood.py:167: LinAlgWarning: An ill-conditioned matrix detected: slice 0 has rcond = 7.739560513068611e-19.
  Lam_inv = inv(Lam)
D:\project\paper-bench\tasks\astro\2504.04211_pta_normalizing_flows\agent_solution\code\pta_likelihood.py:167: LinAlgWarning: An ill-conditioned matrix detected: slice 0 has rcond = 2.1662122404382378e-16.
  Lam_inv = inv(Lam)
D:\project\paper-bench\tasks\astro\2504.04211_pta_normalizing_flows\agent_solution\code\pta_likelihood.py:167: LinAlgWarning: An ill-conditioned matrix detected: slice 0 has rcond = 8.478924137105498e-21.
  Lam_inv = inv(Lam)
D:\project\paper-bench\tasks\astro\2504.04211_pta_normalizing_flows\agent_solution\code\pta_likelihood.py:167: LinAlgWarning: An ill-conditioned matrix detected: slice 0 has rcond = 5.079232192440105e-18.
  Lam_inv = inv(Lam)
D:\project\paper-bench\tasks\astro\2504.04211_pta_normalizing_flows\agent_solution\code\pta_likelihood.py:167: LinAlgWarning: An ill-conditioned matrix detected: slice 0 has rcond = 4.718868595694672e-17.
  Lam_inv = inv(Lam)
D:\project\paper-bench\tasks\astro\2504.04211_pta_normalizing_flows\agent_solution\code\pta_likelihood.py:167: LinAlgWarning: An ill-conditioned matrix detected: slice 0 has rcond = 3.4381670273959866e-17.
  Lam_inv = inv(Lam)
D:\project\paper-bench\tasks\astro\2504.04211_pta_normalizing_flows\agent_solution\code\pta_likelihood.py:167: LinAlgWarning: An ill-conditioned matrix detected: slice 0 has rcond = 1.7552364166914212e-22.
  Lam_inv = inv(Lam)
D:\project\paper-bench\tasks\astro\2504.04211_pta_normalizing_flows\agent_solution\code\pta_likelihood.py:167: LinAlgWarning: An ill-conditioned matrix detected: slice 0 has rcond = 2.1147542542881e-18.
  Lam_inv = inv(Lam)
D:\project\paper-bench\tasks\astro\2504.04211_pta_normalizing_flows\agent_solution\code\pta_likelihood.py:167: LinAlgWarning: An ill-conditioned matrix detected: slice 0 has rcond = 8.122246296611006e-19.
  Lam_inv = inv(Lam)
D:\project\paper-bench\tasks\astro\2504.04211_pta_normalizing_flows\agent_solution\code\pta_likelihood.py:167: LinAlgWarning: An ill-conditioned matrix detected: slice 0 has rcond = 1.249849251863429e-18.
  Lam_inv = inv(Lam)
D:\project\paper-bench\tasks\astro\2504.04211_pta_normalizing_flows\agent_solution\code\pta_likelihood.py:167: LinAlgWarning: An ill-conditioned matrix detected: slice 0 has rcond = 3.210994632664267e-17.
  Lam_inv = inv(Lam)
D:\project\paper-bench\tasks\astro\2504.04211_pta_normalizing_flows\agent_solution\code\pta_likelihood.py:167: LinAlgWarning: An ill-conditioned matrix detected: slice 0 has rcond = 1.7835857166238135e-18.
  Lam_inv = inv(Lam)
D:\project\paper-bench\tasks\astro\2504.04211_pta_normalizing_flows\agent_solution\code\pta_likelihood.py:167: LinAlgWarning: An ill-conditioned matrix detected: slice 0 has rcond = 1.8206111944277034e-16.
  Lam_inv = inv(Lam)
D:\project\paper-bench\tasks\astro\2504.04211_pta_normalizing_flows\agent_solution\code\pta_likelihood.py:167: LinAlgWarning: An ill-conditioned matrix detected: slice 0 has rcond = 1.269877820722373e-17.
  Lam_inv = inv(Lam)
D:\project\paper-bench\tasks\astro\2504.04211_pta_normalizing_flows\agent_solution\code\pta_likelihood.py:167: LinAlgWarning: An ill-conditioned matrix detected: slice 0 has rcond = 1.0732837183056507e-17.
  Lam_inv = inv(Lam)
D:\project\paper-bench\tasks\astro\2504.04211_pta_normalizing_flows\agent_solution\code\pta_likelihood.py:167: LinAlgWarning: An ill-conditioned matrix detected: slice 0 has rcond = 2.427473768330906e-17.
  Lam_inv = inv(Lam)
D:\project\paper-bench\tasks\astro\2504.04211_pta_normalizing_flows\agent_solution\code\pta_likelihood.py:167: LinAlgWarning: An ill-conditioned matrix detected: slice 0 has rcond = 1.260597440584662e-18.
  Lam_inv = inv(Lam)
D:\project\paper-bench\tasks\astro\2504.04211_pta_normalizing_flows\agent_solution\code\pta_likelihood.py:167: LinAlgWarning: An ill-conditioned matrix detected: slice 0 has rcond = 9.368717751555275e-18.
  Lam_inv = inv(Lam)
D:\project\paper-bench\tasks\astro\2504.04211_pta_normalizing_flows\agent_solution\code\pta_likelihood.py:167: LinAlgWarning: An ill-conditioned matrix detected: slice 0 has rcond = 1.2688749697468479e-16.
  Lam_inv = inv(Lam)
D:\project\paper-bench\tasks\astro\2504.04211_pta_normalizing_flows\agent_solution\code\pta_likelihood.py:167: LinAlgWarning: An ill-conditioned matrix detected: slice 0 has rcond = 7.075214292542157e-20.
  Lam_inv = inv(Lam)
D:\project\paper-bench\tasks\astro\2504.04211_pta_normalizing_flows\agent_solution\code\pta_likelihood.py:167: LinAlgWarning: An ill-conditioned matrix detected: slice 0 has rcond = 3.3619837505807073e-18.
  Lam_inv = inv(Lam)
D:\project\paper-bench\tasks\astro\2504.04211_pta_normalizing_flows\agent_solution\code\pta_likelihood.py:167: LinAlgWarning: An ill-conditioned matrix detected: slice 0 has rcond = 1.5485839101241357e-16.
  Lam_inv = inv(Lam)
D:\project\paper-bench\tasks\astro\2504.04211_pta_normalizing_flows\agent_solution\code\pta_likelihood.py:167: LinAlgWarning: An ill-conditioned matrix detected: slice 0 has rcond = 4.646496055245006e-18.
  Lam_inv = inv(Lam)
D:\project\paper-bench\tasks\astro\2504.04211_pta_normalizing_flows\agent_solution\code\pta_likelihood.py:167: LinAlgWarning: An ill-conditioned matrix detected: slice 0 has rcond = 1.1985167624105058e-16.
  Lam_inv = inv(Lam)
D:\project\paper-bench\tasks\astro\2504.04211_pta_normalizing_flows\agent_solution\code\pta_likelihood.py:167: LinAlgWarning: An ill-conditioned matrix detected: slice 0 has rcond = 7.21455290381519e-17.
  Lam_inv = inv(Lam)
D:\project\paper-bench\tasks\astro\2504.04211_pta_normalizing_flows\agent_solution\code\pta_likelihood.py:167: LinAlgWarning: An ill-conditioned matrix detected: slice 0 has rcond = 1.0424432858514041e-18.
  Lam_inv = inv(Lam)
D:\project\paper-bench\tasks\astro\2504.04211_pta_normalizing_flows\agent_solution\code\pta_likelihood.py:167: LinAlgWarning: An ill-conditioned matrix detected: slice 0 has rcond = 7.912334015605386e-18.
  Lam_inv = inv(Lam)
D:\project\paper-bench\tasks\astro\2504.04211_pta_normalizing_flows\agent_solution\code\pta_likelihood.py:167: LinAlgWarning: An ill-conditioned matrix detected: slice 0 has rcond = 1.0172233211875325e-18.
  Lam_inv = inv(Lam)
D:\project\paper-bench\tasks\astro\2504.04211_pta_normalizing_flows\agent_solution\code\pta_likelihood.py:167: LinAlgWarning: An ill-conditioned matrix detected: slice 0 has rcond = 2.6710644654346597e-18.
  Lam_inv = inv(Lam)
D:\project\paper-bench\tasks\astro\2504.04211_pta_normalizing_flows\agent_solution\code\pta_likelihood.py:167: LinAlgWarning: An ill-conditioned matrix detected: slice 0 has rcond = 1.844035251224898e-18.
  Lam_inv = inv(Lam)
D:\project\paper-bench\tasks\astro\2504.04211_pta_normalizing_flows\agent_solution\code\pta_likelihood.py:167: LinAlgWarning: An ill-conditioned matrix detected: slice 0 has rcond = 2.6148002846527237e-17.
  Lam_inv = inv(Lam)
D:\project\paper-bench\tasks\astro\2504.04211_pta_normalizing_flows\agent_solution\code\pta_likelihood.py:167: LinAlgWarning: An ill-conditioned matrix detected: slice 0 has rcond = 3.2040852459491246e-17.
  Lam_inv = inv(Lam)
D:\project\paper-bench\tasks\astro\2504.04211_pta_normalizing_flows\agent_solution\code\pta_likelihood.py:167: LinAlgWarning: An ill-conditioned matrix detected: slice 0 has rcond = 2.9297293221636693e-18.
  Lam_inv = inv(Lam)
D:\project\paper-bench\tasks\astro\2504.04211_pta_normalizing_flows\agent_solution\code\pta_likelihood.py:167: LinAlgWarning: An ill-conditioned matrix detected: slice 0 has rcond = 8.550860047599836e-17.
  Lam_inv = inv(Lam)
D:\project\paper-bench\tasks\astro\2504.04211_pta_normalizing_flows\agent_solution\code\pta_likelihood.py:167: LinAlgWarning: An ill-conditioned matrix detected: slice 0 has rcond = 2.15782094013436e-16.
  Lam_inv = inv(Lam)
D:\project\paper-bench\tasks\astro\2504.04211_pta_normalizing_flows\agent_solution\code\pta_likelihood.py:167: LinAlgWarning: An ill-conditioned matrix detected: slice 0 has rcond = 6.910133130372785e-18.
  Lam_inv = inv(Lam)
D:\project\paper-bench\tasks\astro\2504.04211_pta_normalizing_flows\agent_solution\code\pta_likelihood.py:167: LinAlgWarning: An ill-conditioned matrix detected: slice 0 has rcond = 1.497527197276415e-18.
  Lam_inv = inv(Lam)
D:\project\paper-bench\tasks\astro\2504.04211_pta_normalizing_flows\agent_solution\code\pta_likelihood.py:167: LinAlgWarning: An ill-conditioned matrix detected: slice 0 has rcond = 1.834830856237826e-19.
  Lam_inv = inv(Lam)
D:\project\paper-bench\tasks\astro\2504.04211_pta_normalizing_flows\agent_solution\code\pta_likelihood.py:167: LinAlgWarning: An ill-conditioned matrix detected: slice 0 has rcond = 1.2273479898599713e-16.
  Lam_inv = inv(Lam)
D:\project\paper-bench\tasks\astro\2504.04211_pta_normalizing_flows\agent_solution\code\pta_likelihood.py:167: LinAlgWarning: An ill-conditioned matrix detected: slice 0 has rcond = 1.4686343167184762e-16.
  Lam_inv = inv(Lam)
D:\project\paper-bench\tasks\astro\2504.04211_pta_normalizing_flows\agent_solution\code\pta_likelihood.py:167: LinAlgWarning: An ill-conditioned matrix detected: slice 0 has rcond = 2.850657578509251e-17.
  Lam_inv = inv(Lam)
D:\project\paper-bench\tasks\astro\2504.04211_pta_normalizing_flows\agent_solution\code\pta_likelihood.py:167: LinAlgWarning: An ill-conditioned matrix detected: slice 0 has rcond = 1.4197644959232478e-16.
  Lam_inv = inv(Lam)
D:\project\paper-bench\tasks\astro\2504.04211_pta_normalizing_flows\agent_solution\code\pta_likelihood.py:167: LinAlgWarning: An ill-conditioned matrix detected: slice 0 has rcond = 7.956260025576968e-17.
  Lam_inv = inv(Lam)
D:\project\paper-bench\tasks\astro\2504.04211_pta_normalizing_flows\agent_solution\code\pta_likelihood.py:167: LinAlgWarning: An ill-conditioned matrix detected: slice 0 has rcond = 2.38702014853344e-19.
  Lam_inv = inv(Lam)
D:\project\paper-bench\tasks\astro\2504.04211_pta_normalizing_flows\agent_solution\code\pta_likelihood.py:167: LinAlgWarning: An ill-conditioned matrix detected: slice 0 has rcond = 2.202409078886893e-17.
  Lam_inv = inv(Lam)
D:\project\paper-bench\tasks\astro\2504.04211_pta_normalizing_flows\agent_solution\code\pta_likelihood.py:167: LinAlgWarning: An ill-conditioned matrix detected: slice 0 has rcond = 6.126316336263862e-17.
  Lam_inv = inv(Lam)
D:\project\paper-bench\tasks\astro\2504.04211_pta_normalizing_flows\agent_solution\code\pta_likelihood.py:167: LinAlgWarning: An ill-conditioned matrix detected: slice 0 has rcond = 4.468438039738204e-17.
  Lam_inv = inv(Lam)
D:\project\paper-bench\tasks\astro\2504.04211_pta_normalizing_flows\agent_solution\code\pta_likelihood.py:167: LinAlgWarning: An ill-conditioned matrix detected: slice 0 has rcond = 1.5998934470509286e-18.
  Lam_inv = inv(Lam)
D:\project\paper-bench\tasks\astro\2504.04211_pta_normalizing_flows\agent_solution\code\pta_likelihood.py:167: LinAlgWarning: An ill-conditioned matrix detected: slice 0 has rcond = 5.508128179632631e-21.
  Lam_inv = inv(Lam)
D:\project\paper-bench\tasks\astro\2504.04211_pta_normalizing_flows\agent_solution\code\pta_likelihood.py:167: LinAlgWarning: An ill-conditioned matrix detected: slice 0 has rcond = 6.4205236051385e-17.
  Lam_inv = inv(Lam)
D:\project\paper-bench\tasks\astro\2504.04211_pta_normalizing_flows\agent_solution\code\pta_likelihood.py:167: LinAlgWarning: An ill-conditioned matrix detected: slice 0 has rcond = 7.590541977656694e-19.
  Lam_inv = inv(Lam)
D:\project\paper-bench\tasks\astro\2504.04211_pta_normalizing_flows\agent_solution\code\pta_likelihood.py:167: LinAlgWarning: An ill-conditioned matrix detected: slice 0 has rcond = 1.2695380972058202e-16.
  Lam_inv = inv(Lam)
D:\project\paper-bench\tasks\astro\2504.04211_pta_normalizing_flows\agent_solution\code\pta_likelihood.py:167: LinAlgWarning: An ill-conditioned matrix detected: slice 0 has rcond = 3.864265679307904e-18.
  Lam_inv = inv(Lam)
D:\project\paper-bench\tasks\astro\2504.04211_pta_normalizing_flows\agent_solution\code\pta_likelihood.py:167: LinAlgWarning: An ill-conditioned matrix detected: slice 0 has rcond = 3.646222636046387e-19.
  Lam_inv = inv(Lam)
D:\project\paper-bench\tasks\astro\2504.04211_pta_normalizing_flows\agent_solution\code\pta_likelihood.py:167: LinAlgWarning: An ill-conditioned matrix detected: slice 0 has rcond = 2.1624751310961375e-16.
  Lam_inv = inv(Lam)
D:\project\paper-bench\tasks\astro\2504.04211_pta_normalizing_flows\agent_solution\code\pta_likelihood.py:167: LinAlgWarning: An ill-conditioned matrix detected: slice 0 has rcond = 9.790319304261848e-18.
  Lam_inv = inv(Lam)
D:\project\paper-bench\tasks\astro\2504.04211_pta_normalizing_flows\agent_solution\code\pta_likelihood.py:167: LinAlgWarning: An ill-conditioned matrix detected: slice 0 has rcond = 1.825022676500682e-20.
  Lam_inv = inv(Lam)
D:\project\paper-bench\tasks\astro\2504.04211_pta_normalizing_flows\agent_solution\code\pta_likelihood.py:167: LinAlgWarning: An ill-conditioned matrix detected: slice 0 has rcond = 1.2430020944671957e-16.
  Lam_inv = inv(Lam)
D:\project\paper-bench\tasks\astro\2504.04211_pta_normalizing_flows\agent_solution\code\pta_likelihood.py:167: LinAlgWarning: An ill-conditioned matrix detected: slice 0 has rcond = 3.695312019345603e-17.
  Lam_inv = inv(Lam)
D:\project\paper-bench\tasks\astro\2504.04211_pta_normalizing_flows\agent_solution\code\pta_likelihood.py:167: LinAlgWarning: An ill-conditioned matrix detected: slice 0 has rcond = 1.8306713357305192e-16.
  Lam_inv = inv(Lam)
D:\project\paper-bench\tasks\astro\2504.04211_pta_normalizing_flows\agent_solution\code\pta_likelihood.py:167: LinAlgWarning: An ill-conditioned matrix detected: slice 0 has rcond = 3.859883111716548e-17.
  Lam_inv = inv(Lam)
D:\project\paper-bench\tasks\astro\2504.04211_pta_normalizing_flows\agent_solution\code\pta_likelihood.py:167: LinAlgWarning: An ill-conditioned matrix detected: slice 0 has rcond = 3.380300217132347e-19.
  Lam_inv = inv(Lam)
D:\project\paper-bench\tasks\astro\2504.04211_pta_normalizing_flows\agent_solution\code\pta_likelihood.py:167: LinAlgWarning: An ill-conditioned matrix detected: slice 0 has rcond = 5.594722600971847e-17.
  Lam_inv = inv(Lam)
D:\project\paper-bench\tasks\astro\2504.04211_pta_normalizing_flows\agent_solution\code\pta_likelihood.py:167: LinAlgWarning: An ill-conditioned matrix detected: slice 0 has rcond = 7.80165034074945e-17.
  Lam_inv = inv(Lam)
D:\project\paper-bench\tasks\astro\2504.04211_pta_normalizing_flows\agent_solution\code\pta_likelihood.py:167: LinAlgWarning: An ill-conditioned matrix detected: slice 0 has rcond = 3.522940955669793e-17.
  Lam_inv = inv(Lam)
D:\project\paper-bench\tasks\astro\2504.04211_pta_normalizing_flows\agent_solution\code\pta_likelihood.py:167: LinAlgWarning: An ill-conditioned matrix detected: slice 0 has rcond = 7.295091197931551e-18.
  Lam_inv = inv(Lam)
D:\project\paper-bench\tasks\astro\2504.04211_pta_normalizing_flows\agent_solution\code\pta_likelihood.py:167: LinAlgWarning: An ill-conditioned matrix detected: slice 0 has rcond = 4.816903378071682e-18.
  Lam_inv = inv(Lam)
D:\project\paper-bench\tasks\astro\2504.04211_pta_normalizing_flows\agent_solution\code\pta_likelihood.py:167: LinAlgWarning: An ill-conditioned matrix detected: slice 0 has rcond = 1.3668030531227333e-16.
  Lam_inv = inv(Lam)
D:\project\paper-bench\tasks\astro\2504.04211_pta_normalizing_flows\agent_solution\code\pta_likelihood.py:167: LinAlgWarning: An ill-conditioned matrix detected: slice 0 has rcond = 8.136868669628464e-20.
  Lam_inv = inv(Lam)
D:\project\paper-bench\tasks\astro\2504.04211_pta_normalizing_flows\agent_solution\code\pta_likelihood.py:167: LinAlgWarning: An ill-conditioned matrix detected: slice 0 has rcond = 1.669343801041424e-17.
  Lam_inv = inv(Lam)
D:\project\paper-bench\tasks\astro\2504.04211_pta_normalizing_flows\agent_solution\code\pta_likelihood.py:167: LinAlgWarning: An ill-conditioned matrix detected: slice 0 has rcond = 4.434183823830337e-17.
  Lam_inv = inv(Lam)
D:\project\paper-bench\tasks\astro\2504.04211_pta_normalizing_flows\agent_solution\code\pta_likelihood.py:167: LinAlgWarning: An ill-conditioned matrix detected: slice 0 has rcond = 1.59813497547642e-19.
  Lam_inv = inv(Lam)
D:\project\paper-bench\tasks\astro\2504.04211_pta_normalizing_flows\agent_solution\code\pta_likelihood.py:167: LinAlgWarning: An ill-conditioned matrix detected: slice 0 has rcond = 2.0944592455566826e-18.
  Lam_inv = inv(Lam)
D:\project\paper-bench\tasks\astro\2504.04211_pta_normalizing_flows\agent_solution\code\pta_likelihood.py:167: LinAlgWarning: An ill-conditioned matrix detected: slice 0 has rcond = 2.203801665604859e-16.
  Lam_inv = inv(Lam)
D:\project\paper-bench\tasks\astro\2504.04211_pta_normalizing_flows\agent_solution\code\pta_likelihood.py:167: LinAlgWarning: An ill-conditioned matrix detected: slice 0 has rcond = 2.0356787969787893e-19.
  Lam_inv = inv(Lam)
D:\project\paper-bench\tasks\astro\2504.04211_pta_normalizing_flows\agent_solution\code\pta_likelihood.py:167: LinAlgWarning: An ill-conditioned matrix detected: slice 0 has rcond = 9.071850452735114e-18.
  Lam_inv = inv(Lam)
D:\project\paper-bench\tasks\astro\2504.04211_pta_normalizing_flows\agent_solution\code\pta_likelihood.py:167: LinAlgWarning: An ill-conditioned matrix detected: slice 0 has rcond = 1.8090835998452454e-16.
  Lam_inv = inv(Lam)
D:\project\paper-bench\tasks\astro\2504.04211_pta_normalizing_flows\agent_solution\code\pta_likelihood.py:167: LinAlgWarning: An ill-conditioned matrix detected: slice 0 has rcond = 8.34321675922782e-19.
  Lam_inv = inv(Lam)
D:\project\paper-bench\tasks\astro\2504.04211_pta_normalizing_flows\agent_solution\code\pta_likelihood.py:167: LinAlgWarning: An ill-conditioned matrix detected: slice 0 has rcond = 3.868892370922621e-18.
  Lam_inv = inv(Lam)
D:\project\paper-bench\tasks\astro\2504.04211_pta_normalizing_flows\agent_solution\code\pta_likelihood.py:167: LinAlgWarning: An ill-conditioned matrix detected: slice 0 has rcond = 1.7848634965107738e-17.
  Lam_inv = inv(Lam)
D:\project\paper-bench\tasks\astro\2504.04211_pta_normalizing_flows\agent_solution\code\pta_likelihood.py:167: LinAlgWarning: An ill-conditioned matrix detected: slice 0 has rcond = 3.027497437352983e-17.
  Lam_inv = inv(Lam)
D:\project\paper-bench\tasks\astro\2504.04211_pta_normalizing_flows\agent_solution\code\pta_likelihood.py:167: LinAlgWarning: An ill-conditioned matrix detected: slice 0 has rcond = 1.3804219403278788e-19.
  Lam_inv = inv(Lam)
D:\project\paper-bench\tasks\astro\2504.04211_pta_normalizing_flows\agent_solution\code\pta_likelihood.py:167: LinAlgWarning: An ill-conditioned matrix detected: slice 0 has rcond = 1.5129714381087338e-19.
  Lam_inv = inv(Lam)
D:\project\paper-bench\tasks\astro\2504.04211_pta_normalizing_flows\agent_solution\code\pta_likelihood.py:167: LinAlgWarning: An ill-conditioned matrix detected: slice 0 has rcond = 3.493200048891913e-17.
  Lam_inv = inv(Lam)
D:\project\paper-bench\tasks\astro\2504.04211_pta_normalizing_flows\agent_solution\code\pta_likelihood.py:167: LinAlgWarning: An ill-conditioned matrix detected: slice 0 has rcond = 1.7879035414779694e-16.
  Lam_inv = inv(Lam)
D:\project\paper-bench\tasks\astro\2504.04211_pta_normalizing_flows\agent_solution\code\pta_likelihood.py:167: LinAlgWarning: An ill-conditioned matrix detected: slice 0 has rcond = 2.0236979810671893e-17.
  Lam_inv = inv(Lam)
D:\project\paper-bench\tasks\astro\2504.04211_pta_normalizing_flows\agent_solution\code\pta_likelihood.py:167: LinAlgWarning: An ill-conditioned matrix detected: slice 0 has rcond = 4.621881702359733e-18.
  Lam_inv = inv(Lam)
D:\project\paper-bench\tasks\astro\2504.04211_pta_normalizing_flows\agent_solution\code\pta_likelihood.py:167: LinAlgWarning: An ill-conditioned matrix detected: slice 0 has rcond = 6.013626809197332e-19.
  Lam_inv = inv(Lam)
D:\project\paper-bench\tasks\astro\2504.04211_pta_normalizing_flows\agent_solution\code\pta_likelihood.py:167: LinAlgWarning: An ill-conditioned matrix detected: slice 0 has rcond = 1.7573653051158022e-16.
  Lam_inv = inv(Lam)
D:\project\paper-bench\tasks\astro\2504.04211_pta_normalizing_flows\agent_solution\code\pta_likelihood.py:167: LinAlgWarning: An ill-conditioned matrix detected: slice 0 has rcond = 4.597736338443997e-18.
  Lam_inv = inv(Lam)
D:\project\paper-bench\tasks\astro\2504.04211_pta_normalizing_flows\agent_solution\code\pta_likelihood.py:167: LinAlgWarning: An ill-conditioned matrix detected: slice 0 has rcond = 1.0758869716982077e-18.
  Lam_inv = inv(Lam)
D:\project\paper-bench\tasks\astro\2504.04211_pta_normalizing_flows\agent_solution\code\pta_likelihood.py:167: LinAlgWarning: An ill-conditioned matrix detected: slice 0 has rcond = 9.613622076880575e-17.
  Lam_inv = inv(Lam)
D:\project\paper-bench\tasks\astro\2504.04211_pta_normalizing_flows\agent_solution\code\pta_likelihood.py:167: LinAlgWarning: An ill-conditioned matrix detected: slice 0 has rcond = 1.7466716848726833e-18.
  Lam_inv = inv(Lam)
D:\project\paper-bench\tasks\astro\2504.04211_pta_normalizing_flows\agent_solution\code\pta_likelihood.py:167: LinAlgWarning: An ill-conditioned matrix detected: slice 0 has rcond = 1.73209165502407e-16.
  Lam_inv = inv(Lam)
D:\project\paper-bench\tasks\astro\2504.04211_pta_normalizing_flows\agent_solution\code\pta_likelihood.py:167: LinAlgWarning: An ill-conditioned matrix detected: slice 0 has rcond = 9.449960921450814e-18.
  Lam_inv = inv(Lam)
D:\project\paper-bench\tasks\astro\2504.04211_pta_normalizing_flows\agent_solution\code\pta_likelihood.py:167: LinAlgWarning: An ill-conditioned matrix detected: slice 0 has rcond = 5.96730446837245e-17.
  Lam_inv = inv(Lam)
D:\project\paper-bench\tasks\astro\2504.04211_pta_normalizing_flows\agent_solution\code\pta_likelihood.py:167: LinAlgWarning: An ill-conditioned matrix detected: slice 0 has rcond = 5.744166770351626e-17.
  Lam_inv = inv(Lam)
D:\project\paper-bench\tasks\astro\2504.04211_pta_normalizing_flows\agent_solution\code\pta_likelihood.py:167: LinAlgWarning: An ill-conditioned matrix detected: slice 0 has rcond = 1.147846388490435e-16.
  Lam_inv = inv(Lam)
D:\project\paper-bench\tasks\astro\2504.04211_pta_normalizing_flows\agent_solution\code\pta_likelihood.py:167: LinAlgWarning: An ill-conditioned matrix detected: slice 0 has rcond = 1.7276421908617567e-17.
  Lam_inv = inv(Lam)
D:\project\paper-bench\tasks\astro\2504.04211_pta_normalizing_flows\agent_solution\code\pta_likelihood.py:167: LinAlgWarning: An ill-conditioned matrix detected: slice 0 has rcond = 6.448048057930163e-17.
  Lam_inv = inv(Lam)
D:\project\paper-bench\tasks\astro\2504.04211_pta_normalizing_flows\agent_solution\code\pta_likelihood.py:167: LinAlgWarning: An ill-conditioned matrix detected: slice 0 has rcond = 6.119641687991444e-17.
  Lam_inv = inv(Lam)
D:\project\paper-bench\tasks\astro\2504.04211_pta_normalizing_flows\agent_solution\code\pta_likelihood.py:167: LinAlgWarning: An ill-conditioned matrix detected: slice 0 has rcond = 1.2724643872309464e-17.
  Lam_inv = inv(Lam)
D:\project\paper-bench\tasks\astro\2504.04211_pta_normalizing_flows\agent_solution\code\pta_likelihood.py:167: LinAlgWarning: An ill-conditioned matrix detected: slice 0 has rcond = 4.868405813043585e-17.
  Lam_inv = inv(Lam)
D:\project\paper-bench\tasks\astro\2504.04211_pta_normalizing_flows\agent_solution\code\pta_likelihood.py:167: LinAlgWarning: An ill-conditioned matrix detected: slice 0 has rcond = 8.411831567625334e-17.
  Lam_inv = inv(Lam)
D:\project\paper-bench\tasks\astro\2504.04211_pta_normalizing_flows\agent_solution\code\pta_likelihood.py:167: LinAlgWarning: An ill-conditioned matrix detected: slice 0 has rcond = 2.0644863267323051e-19.
  Lam_inv = inv(Lam)
D:\project\paper-bench\tasks\astro\2504.04211_pta_normalizing_flows\agent_solution\code\pta_likelihood.py:167: LinAlgWarning: An ill-conditioned matrix detected: slice 0 has rcond = 5.5578267296231476e-18.
  Lam_inv = inv(Lam)
D:\project\paper-bench\tasks\astro\2504.04211_pta_normalizing_flows\agent_solution\code\pta_likelihood.py:167: LinAlgWarning: An ill-conditioned matrix detected: slice 0 has rcond = 1.893701807368683e-16.
  Lam_inv = inv(Lam)
D:\project\paper-bench\tasks\astro\2504.04211_pta_normalizing_flows\agent_solution\code\pta_likelihood.py:167: LinAlgWarning: An ill-conditioned matrix detected: slice 0 has rcond = 1.3764050251406278e-21.
  Lam_inv = inv(Lam)
D:\project\paper-bench\tasks\astro\2504.04211_pta_normalizing_flows\agent_solution\code\pta_likelihood.py:167: LinAlgWarning: An ill-conditioned matrix detected: slice 0 has rcond = 7.396897756793118e-17.
  Lam_inv = inv(Lam)
D:\project\paper-bench\tasks\astro\2504.04211_pta_normalizing_flows\agent_solution\code\pta_likelihood.py:167: LinAlgWarning: An ill-conditioned matrix detected: slice 0 has rcond = 1.3117086013236247e-16.
  Lam_inv = inv(Lam)
D:\project\paper-bench\tasks\astro\2504.04211_pta_normalizing_flows\agent_solution\code\pta_likelihood.py:167: LinAlgWarning: An ill-conditioned matrix detected: slice 0 has rcond = 1.6842973672821794e-17.
  Lam_inv = inv(Lam)
D:\project\paper-bench\tasks\astro\2504.04211_pta_normalizing_flows\agent_solution\code\pta_likelihood.py:167: LinAlgWarning: An ill-conditioned matrix detected: slice 0 has rcond = 5.774157507115314e-17.
  Lam_inv = inv(Lam)
D:\project\paper-bench\tasks\astro\2504.04211_pta_normalizing_flows\agent_solution\code\pta_likelihood.py:167: LinAlgWarning: An ill-conditioned matrix detected: slice 0 has rcond = 8.777805789273845e-19.
  Lam_inv = inv(Lam)
D:\project\paper-bench\tasks\astro\2504.04211_pta_normalizing_flows\agent_solution\code\pta_likelihood.py:167: LinAlgWarning: An ill-conditioned matrix detected: slice 0 has rcond = 1.1300255085357728e-17.
  Lam_inv = inv(Lam)
D:\project\paper-bench\tasks\astro\2504.04211_pta_normalizing_flows\agent_solution\code\pta_likelihood.py:167: LinAlgWarning: An ill-conditioned matrix detected: slice 0 has rcond = 1.4248919081935905e-18.
  Lam_inv = inv(Lam)
D:\project\paper-bench\tasks\astro\2504.04211_pta_normalizing_flows\agent_solution\code\pta_likelihood.py:167: LinAlgWarning: An ill-conditioned matrix detected: slice 0 has rcond = 4.1858514522117524e-17.
  Lam_inv = inv(Lam)
D:\project\paper-bench\tasks\astro\2504.04211_pta_normalizing_flows\agent_solution\code\pta_likelihood.py:167: LinAlgWarning: An ill-conditioned matrix detected: slice 0 has rcond = 1.0670593202018229e-17.
  Lam_inv = inv(Lam)
D:\project\paper-bench\tasks\astro\2504.04211_pta_normalizing_flows\agent_solution\code\pta_likelihood.py:167: LinAlgWarning: An ill-conditioned matrix detected: slice 0 has rcond = 1.796069459514986e-16.
  Lam_inv = inv(Lam)
D:\project\paper-bench\tasks\astro\2504.04211_pta_normalizing_flows\agent_solution\code\pta_likelihood.py:167: LinAlgWarning: An ill-conditioned matrix detected: slice 0 has rcond = 1.7097404881493748e-17.
  Lam_inv = inv(Lam)
D:\project\paper-bench\tasks\astro\2504.04211_pta_normalizing_flows\agent_solution\code\pta_likelihood.py:167: LinAlgWarning: An ill-conditioned matrix detected: slice 0 has rcond = 1.1194602480726453e-18.
  Lam_inv = inv(Lam)
D:\project\paper-bench\tasks\astro\2504.04211_pta_normalizing_flows\agent_solution\code\pta_likelihood.py:167: LinAlgWarning: An ill-conditioned matrix detected: slice 0 has rcond = 1.84569156142418e-18.
  Lam_inv = inv(Lam)
D:\project\paper-bench\tasks\astro\2504.04211_pta_normalizing_flows\agent_solution\code\pta_likelihood.py:167: LinAlgWarning: An ill-conditioned matrix detected: slice 0 has rcond = 1.2709912639172662e-17.
  Lam_inv = inv(Lam)
D:\project\paper-bench\tasks\astro\2504.04211_pta_normalizing_flows\agent_solution\code\pta_likelihood.py:167: LinAlgWarning: An ill-conditioned matrix detected: slice 0 has rcond = 2.154873680570732e-18.
  Lam_inv = inv(Lam)
D:\project\paper-bench\tasks\astro\2504.04211_pta_normalizing_flows\agent_solution\code\pta_likelihood.py:167: LinAlgWarning: An ill-conditioned matrix detected: slice 0 has rcond = 2.777523325105683e-19.
  Lam_inv = inv(Lam)
D:\project\paper-bench\tasks\astro\2504.04211_pta_normalizing_flows\agent_solution\code\pta_likelihood.py:167: LinAlgWarning: An ill-conditioned matrix detected: slice 0 has rcond = 9.792283679669435e-17.
  Lam_inv = inv(Lam)
D:\project\paper-bench\tasks\astro\2504.04211_pta_normalizing_flows\agent_solution\code\pta_likelihood.py:167: LinAlgWarning: An ill-conditioned matrix detected: slice 0 has rcond = 1.95735962593367e-16.
  Lam_inv = inv(Lam)
D:\project\paper-bench\tasks\astro\2504.04211_pta_normalizing_flows\agent_solution\code\pta_likelihood.py:167: LinAlgWarning: An ill-conditioned matrix detected: slice 0 has rcond = 1.819210497580175e-16.
  Lam_inv = inv(Lam)
D:\project\paper-bench\tasks\astro\2504.04211_pta_normalizing_flows\agent_solution\code\pta_likelihood.py:167: LinAlgWarning: An ill-conditioned matrix detected: slice 0 has rcond = 5.0381307422742227e-17.
  Lam_inv = inv(Lam)
D:\project\paper-bench\tasks\astro\2504.04211_pta_normalizing_flows\agent_solution\code\pta_likelihood.py:167: LinAlgWarning: An ill-conditioned matrix detected: slice 0 has rcond = 6.382969909503908e-19.
  Lam_inv = inv(Lam)
D:\project\paper-bench\tasks\astro\2504.04211_pta_normalizing_flows\agent_solution\code\pta_likelihood.py:167: LinAlgWarning: An ill-conditioned matrix detected: slice 0 has rcond = 3.949993564321616e-19.
  Lam_inv = inv(Lam)
D:\project\paper-bench\tasks\astro\2504.04211_pta_normalizing_flows\agent_solution\code\pta_likelihood.py:167: LinAlgWarning: An ill-conditioned matrix detected: slice 0 has rcond = 2.1390368793621076e-19.
  Lam_inv = inv(Lam)
D:\project\paper-bench\tasks\astro\2504.04211_pta_normalizing_flows\agent_solution\code\pta_likelihood.py:167: LinAlgWarning: An ill-conditioned matrix detected: slice 0 has rcond = 1.6085799286102966e-20.
  Lam_inv = inv(Lam)
D:\project\paper-bench\tasks\astro\2504.04211_pta_normalizing_flows\agent_solution\code\pta_likelihood.py:167: LinAlgWarning: An ill-conditioned matrix detected: slice 0 has rcond = 5.4950371266389065e-19.
  Lam_inv = inv(Lam)
D:\project\paper-bench\tasks\astro\2504.04211_pta_normalizing_flows\agent_solution\code\pta_likelihood.py:167: LinAlgWarning: An ill-conditioned matrix detected: slice 0 has rcond = 4.057602853935115e-18.
  Lam_inv = inv(Lam)
D:\project\paper-bench\tasks\astro\2504.04211_pta_normalizing_flows\agent_solution\code\pta_likelihood.py:167: LinAlgWarning: An ill-conditioned matrix detected: slice 0 has rcond = 1.9875436880542545e-23.
  Lam_inv = inv(Lam)
D:\project\paper-bench\tasks\astro\2504.04211_pta_normalizing_flows\agent_solution\code\pta_likelihood.py:167: LinAlgWarning: An ill-conditioned matrix detected: slice 0 has rcond = 5.3689445892922396e-18.
  Lam_inv = inv(Lam)
D:\project\paper-bench\tasks\astro\2504.04211_pta_normalizing_flows\agent_solution\code\pta_likelihood.py:167: LinAlgWarning: An ill-conditioned matrix detected: slice 0 has rcond = 2.1691611418858464e-16.
  Lam_inv = inv(Lam)
D:\project\paper-bench\tasks\astro\2504.04211_pta_normalizing_flows\agent_solution\code\pta_likelihood.py:167: LinAlgWarning: An ill-conditioned matrix detected: slice 0 has rcond = 3.356455790828433e-17.
  Lam_inv = inv(Lam)
D:\project\paper-bench\tasks\astro\2504.04211_pta_normalizing_flows\agent_solution\code\pta_likelihood.py:167: LinAlgWarning: An ill-conditioned matrix detected: slice 0 has rcond = 3.1384864988991203e-18.
  Lam_inv = inv(Lam)
D:\project\paper-bench\tasks\astro\2504.04211_pta_normalizing_flows\agent_solution\code\pta_likelihood.py:167: LinAlgWarning: An ill-conditioned matrix detected: slice 0 has rcond = 1.654704417589882e-17.
  Lam_inv = inv(Lam)
D:\project\paper-bench\tasks\astro\2504.04211_pta_normalizing_flows\agent_solution\code\pta_likelihood.py:167: LinAlgWarning: An ill-conditioned matrix detected: slice 0 has rcond = 9.242105230862916e-17.
  Lam_inv = inv(Lam)
D:\project\paper-bench\tasks\astro\2504.04211_pta_normalizing_flows\agent_solution\code\pta_likelihood.py:167: LinAlgWarning: An ill-conditioned matrix detected: slice 0 has rcond = 9.57180445191461e-19.
  Lam_inv = inv(Lam)
D:\project\paper-bench\tasks\astro\2504.04211_pta_normalizing_flows\agent_solution\code\pta_likelihood.py:167: LinAlgWarning: An ill-conditioned matrix detected: slice 0 has rcond = 2.485709539351807e-17.
  Lam_inv = inv(Lam)
D:\project\paper-bench\tasks\astro\2504.04211_pta_normalizing_flows\agent_solution\code\pta_likelihood.py:167: LinAlgWarning: An ill-conditioned matrix detected: slice 0 has rcond = 1.5702367219852942e-17.
  Lam_inv = inv(Lam)
D:\project\paper-bench\tasks\astro\2504.04211_pta_normalizing_flows\agent_solution\code\pta_likelihood.py:167: LinAlgWarning: An ill-conditioned matrix detected: slice 0 has rcond = 1.7773924431719934e-16.
  Lam_inv = inv(Lam)
D:\project\paper-bench\tasks\astro\2504.04211_pta_normalizing_flows\agent_solution\code\pta_likelihood.py:167: LinAlgWarning: An ill-conditioned matrix detected: slice 0 has rcond = 3.867187708329058e-18.
  Lam_inv = inv(Lam)
D:\project\paper-bench\tasks\astro\2504.04211_pta_normalizing_flows\agent_solution\code\pta_likelihood.py:167: LinAlgWarning: An ill-conditioned matrix detected: slice 0 has rcond = 8.174281952190704e-18.
  Lam_inv = inv(Lam)
D:\project\paper-bench\tasks\astro\2504.04211_pta_normalizing_flows\agent_solution\code\pta_likelihood.py:167: LinAlgWarning: An ill-conditioned matrix detected: slice 0 has rcond = 2.0045124017008955e-17.
  Lam_inv = inv(Lam)
D:\project\paper-bench\tasks\astro\2504.04211_pta_normalizing_flows\agent_solution\code\pta_likelihood.py:167: LinAlgWarning: An ill-conditioned matrix detected: slice 0 has rcond = 5.582251068055168e-19.
  Lam_inv = inv(Lam)
D:\project\paper-bench\tasks\astro\2504.04211_pta_normalizing_flows\agent_solution\code\pta_likelihood.py:167: LinAlgWarning: An ill-conditioned matrix detected: slice 0 has rcond = 4.4024735315516465e-17.
  Lam_inv = inv(Lam)
D:\project\paper-bench\tasks\astro\2504.04211_pta_normalizing_flows\agent_solution\code\pta_likelihood.py:167: LinAlgWarning: An ill-conditioned matrix detected: slice 0 has rcond = 1.5319417357061793e-16.
  Lam_inv = inv(Lam)
D:\project\paper-bench\tasks\astro\2504.04211_pta_normalizing_flows\agent_solution\code\pta_likelihood.py:167: LinAlgWarning: An ill-conditioned matrix detected: slice 0 has rcond = 7.894992924258496e-17.
  Lam_inv = inv(Lam)
D:\project\paper-bench\tasks\astro\2504.04211_pta_normalizing_flows\agent_solution\code\pta_likelihood.py:167: LinAlgWarning: An ill-conditioned matrix detected: slice 0 has rcond = 8.087441332967741e-17.
  Lam_inv = inv(Lam)
D:\project\paper-bench\tasks\astro\2504.04211_pta_normalizing_flows\agent_solution\code\pta_likelihood.py:167: LinAlgWarning: An ill-conditioned matrix detected: slice 0 has rcond = 3.439395777379735e-20.
  Lam_inv = inv(Lam)
D:\project\paper-bench\tasks\astro\2504.04211_pta_normalizing_flows\agent_solution\code\pta_likelihood.py:167: LinAlgWarning: An ill-conditioned matrix detected: slice 0 has rcond = 8.831038506130243e-18.
  Lam_inv = inv(Lam)
D:\project\paper-bench\tasks\astro\2504.04211_pta_normalizing_flows\agent_solution\code\pta_likelihood.py:167: LinAlgWarning: An ill-conditioned matrix detected: slice 0 has rcond = 8.68405324735729e-19.
  Lam_inv = inv(Lam)
D:\project\paper-bench\tasks\astro\2504.04211_pta_normalizing_flows\agent_solution\code\pta_likelihood.py:167: LinAlgWarning: An ill-conditioned matrix detected: slice 0 has rcond = 4.1961522270922726e-19.
  Lam_inv = inv(Lam)
D:\project\paper-bench\tasks\astro\2504.04211_pta_normalizing_flows\agent_solution\code\pta_likelihood.py:167: LinAlgWarning: An ill-conditioned matrix detected: slice 0 has rcond = 8.112389284664494e-19.
  Lam_inv = inv(Lam)
D:\project\paper-bench\tasks\astro\2504.04211_pta_normalizing_flows\agent_solution\code\pta_likelihood.py:167: LinAlgWarning: An ill-conditioned matrix detected: slice 0 has rcond = 5.747162669372981e-19.
  Lam_inv = inv(Lam)
D:\project\paper-bench\tasks\astro\2504.04211_pta_normalizing_flows\agent_solution\code\pta_likelihood.py:167: LinAlgWarning: An ill-conditioned matrix detected: slice 0 has rcond = 1.133753294679375e-16.
  Lam_inv = inv(Lam)
D:\project\paper-bench\tasks\astro\2504.04211_pta_normalizing_flows\agent_solution\code\pta_likelihood.py:167: LinAlgWarning: An ill-conditioned matrix detected: slice 0 has rcond = 4.029602213417562e-21.
  Lam_inv = inv(Lam)
D:\project\paper-bench\tasks\astro\2504.04211_pta_normalizing_flows\agent_solution\code\pta_likelihood.py:167: LinAlgWarning: An ill-conditioned matrix detected: slice 0 has rcond = 7.877508359642811e-17.
  Lam_inv = inv(Lam)
D:\project\paper-bench\tasks\astro\2504.04211_pta_normalizing_flows\agent_solution\code\pta_likelihood.py:167: LinAlgWarning: An ill-conditioned matrix detected: slice 0 has rcond = 8.71568133713509e-17.
  Lam_inv = inv(Lam)
D:\project\paper-bench\tasks\astro\2504.04211_pta_normalizing_flows\agent_solution\code\pta_likelihood.py:167: LinAlgWarning: An ill-conditioned matrix detected: slice 0 has rcond = 4.841838404572626e-21.
  Lam_inv = inv(Lam)
D:\project\paper-bench\tasks\astro\2504.04211_pta_normalizing_flows\agent_solution\code\pta_likelihood.py:167: LinAlgWarning: An ill-conditioned matrix detected: slice 0 has rcond = 2.922298253542691e-18.
  Lam_inv = inv(Lam)
D:\project\paper-bench\tasks\astro\2504.04211_pta_normalizing_flows\agent_solution\code\pta_likelihood.py:167: LinAlgWarning: An ill-conditioned matrix detected: slice 0 has rcond = 5.925912748842807e-18.
  Lam_inv = inv(Lam)
D:\project\paper-bench\tasks\astro\2504.04211_pta_normalizing_flows\agent_solution\code\pta_likelihood.py:167: LinAlgWarning: An ill-conditioned matrix detected: slice 0 has rcond = 1.4417706597721835e-18.
  Lam_inv = inv(Lam)
D:\project\paper-bench\tasks\astro\2504.04211_pta_normalizing_flows\agent_solution\code\pta_likelihood.py:167: LinAlgWarning: An ill-conditioned matrix detected: slice 0 has rcond = 5.772750431875261e-17.
  Lam_inv = inv(Lam)
D:\project\paper-bench\tasks\astro\2504.04211_pta_normalizing_flows\agent_solution\code\pta_likelihood.py:167: LinAlgWarning: An ill-conditioned matrix detected: slice 0 has rcond = 6.841373130665989e-17.
  Lam_inv = inv(Lam)
D:\project\paper-bench\tasks\astro\2504.04211_pta_normalizing_flows\agent_solution\code\pta_likelihood.py:167: LinAlgWarning: An ill-conditioned matrix detected: slice 0 has rcond = 6.046922790108641e-17.
  Lam_inv = inv(Lam)
D:\project\paper-bench\tasks\astro\2504.04211_pta_normalizing_flows\agent_solution\code\pta_likelihood.py:167: LinAlgWarning: An ill-conditioned matrix detected: slice 0 has rcond = 6.846965890806176e-18.
  Lam_inv = inv(Lam)
D:\project\paper-bench\tasks\astro\2504.04211_pta_normalizing_flows\agent_solution\code\pta_likelihood.py:167: LinAlgWarning: An ill-conditioned matrix detected: slice 0 has rcond = 3.1992215138384043e-18.
  Lam_inv = inv(Lam)
D:\project\paper-bench\tasks\astro\2504.04211_pta_normalizing_flows\agent_solution\code\pta_likelihood.py:167: LinAlgWarning: An ill-conditioned matrix detected: slice 0 has rcond = 1.5402833840954732e-18.
  Lam_inv = inv(Lam)
D:\project\paper-bench\tasks\astro\2504.04211_pta_normalizing_flows\agent_solution\code\pta_likelihood.py:167: LinAlgWarning: An ill-conditioned matrix detected: slice 0 has rcond = 6.669996951254491e-19.
  Lam_inv = inv(Lam)
D:\project\paper-bench\tasks\astro\2504.04211_pta_normalizing_flows\agent_solution\code\pta_likelihood.py:167: LinAlgWarning: An ill-conditioned matrix detected: slice 0 has rcond = 6.961895792956718e-21.
  Lam_inv = inv(Lam)
D:\project\paper-bench\tasks\astro\2504.04211_pta_normalizing_flows\agent_solution\code\pta_likelihood.py:167: LinAlgWarning: An ill-conditioned matrix detected: slice 0 has rcond = 2.625854543815317e-18.
  Lam_inv = inv(Lam)
D:\project\paper-bench\tasks\astro\2504.04211_pta_normalizing_flows\agent_solution\code\pta_likelihood.py:167: LinAlgWarning: An ill-conditioned matrix detected: slice 0 has rcond = 3.713147380854748e-17.
  Lam_inv = inv(Lam)
D:\project\paper-bench\tasks\astro\2504.04211_pta_normalizing_flows\agent_solution\code\pta_likelihood.py:167: LinAlgWarning: An ill-conditioned matrix detected: slice 0 has rcond = 1.8000048432961072e-16.
  Lam_inv = inv(Lam)
D:\project\paper-bench\tasks\astro\2504.04211_pta_normalizing_flows\agent_solution\code\pta_likelihood.py:167: LinAlgWarning: An ill-conditioned matrix detected: slice 0 has rcond = 1.4765836226384136e-16.
  Lam_inv = inv(Lam)
D:\project\paper-bench\tasks\astro\2504.04211_pta_normalizing_flows\agent_solution\code\pta_likelihood.py:167: LinAlgWarning: An ill-conditioned matrix detected: slice 0 has rcond = 1.8454104753658275e-16.
  Lam_inv = inv(Lam)
D:\project\paper-bench\tasks\astro\2504.04211_pta_normalizing_flows\agent_solution\code\pta_likelihood.py:167: LinAlgWarning: An ill-conditioned matrix detected: slice 0 has rcond = 3.303721064677585e-17.
  Lam_inv = inv(Lam)
D:\project\paper-bench\tasks\astro\2504.04211_pta_normalizing_flows\agent_solution\code\pta_likelihood.py:167: LinAlgWarning: An ill-conditioned matrix detected: slice 0 has rcond = 2.1855616603233042e-16.
  Lam_inv = inv(Lam)
D:\project\paper-bench\tasks\astro\2504.04211_pta_normalizing_flows\agent_solution\code\pta_likelihood.py:167: LinAlgWarning: An ill-conditioned matrix detected: slice 0 has rcond = 4.423679238408197e-19.
  Lam_inv = inv(Lam)
D:\project\paper-bench\tasks\astro\2504.04211_pta_normalizing_flows\agent_solution\code\pta_likelihood.py:167: LinAlgWarning: An ill-conditioned matrix detected: slice 0 has rcond = 4.718655725331654e-21.
  Lam_inv = inv(Lam)
D:\project\paper-bench\tasks\astro\2504.04211_pta_normalizing_flows\agent_solution\code\pta_likelihood.py:167: LinAlgWarning: An ill-conditioned matrix detected: slice 0 has rcond = 9.099856662923459e-17.
  Lam_inv = inv(Lam)
  [nf] sampled 8000 in 0.4s; reweight+loglike in 190.0s
  [nf] effective sample size for reweighting = 2 / 8000
  [nf] logZ_HME = -84695.41   logZ_IS = 68973.90
  [hellinger] direct=0.9324  reweighted=0.4320 (1d d=[0.784,0.710] r=[0.538,0.640])

===== model SMBHB =====
  [mcmc] opt logpost 68514.1 -> 68937.7
  [mcmc] SMBHB: 1200 steps x 48 walkers in 684.3s; acceptance=0.13
The chain is shorter than 50 times the integrated autocorrelation time for 22 parameter(s). Use this estimate with caution and run a longer chain!
N/50 = 24;
tau: [124.26698515 129.07431344 120.09144559 114.04545233 119.81193135
 137.0609184  109.55254444 123.33856453 108.99656025 122.9700001
 119.53624247 124.27810662 132.1163574  112.40269174 119.75135427
 123.38448044 123.88124216 126.82972793 123.7386208  126.72351164
 108.81054251 134.14820336]
  [mcmc] n_eff=43200  logZ_HME = 68999.01  tau~122
  [sim] 15000 forward sims in 27.1s
  [nf] training 15000 x 40 epochs in 112.1s; loss 159.39 -> 10.84
D:\project\paper-bench\tasks\astro\2504.04211_pta_normalizing_flows\agent_solution\code\pta_likelihood.py:167: LinAlgWarning: An ill-conditioned matrix detected: slice 0 has rcond = 6.390154191814276e-17.
  Lam_inv = inv(Lam)
D:\project\paper-bench\tasks\astro\2504.04211_pta_normalizing_flows\agent_solution\code\pta_likelihood.py:167: LinAlgWarning: An ill-conditioned matrix detected: slice 0 has rcond = 1.829286348766349e-18.
  Lam_inv = inv(Lam)
D:\project\paper-bench\tasks\astro\2504.04211_pta_normalizing_flows\agent_solution\code\pta_likelihood.py:167: LinAlgWarning: An ill-conditioned matrix detected: slice 0 has rcond = 4.311679974292765e-23.
  Lam_inv = inv(Lam)
D:\project\paper-bench\tasks\astro\2504.04211_pta_normalizing_flows\agent_solution\code\pta_likelihood.py:167: LinAlgWarning: An ill-conditioned matrix detected: slice 0 has rcond = 5.703417496184016e-21.
  Lam_inv = inv(Lam)
D:\project\paper-bench\tasks\astro\2504.04211_pta_normalizing_flows\agent_solution\code\pta_likelihood.py:167: LinAlgWarning: An ill-conditioned matrix detected: slice 0 has rcond = 5.783391506361601e-18.
  Lam_inv = inv(Lam)
D:\project\paper-bench\tasks\astro\2504.04211_pta_normalizing_flows\agent_solution\code\pta_likelihood.py:167: LinAlgWarning: An ill-conditioned matrix detected: slice 0 has rcond = 1.4573978777207294e-16.
  Lam_inv = inv(Lam)
D:\project\paper-bench\tasks\astro\2504.04211_pta_normalizing_flows\agent_solution\code\pta_likelihood.py:167: LinAlgWarning: An ill-conditioned matrix detected: slice 0 has rcond = 5.18919074484353e-19.
  Lam_inv = inv(Lam)
D:\project\paper-bench\tasks\astro\2504.04211_pta_normalizing_flows\agent_solution\code\pta_likelihood.py:167: LinAlgWarning: An ill-conditioned matrix detected: slice 0 has rcond = 4.7174182661950815e-21.
  Lam_inv = inv(Lam)
D:\project\paper-bench\tasks\astro\2504.04211_pta_normalizing_flows\agent_solution\code\pta_likelihood.py:167: LinAlgWarning: An ill-conditioned matrix detected: slice 0 has rcond = 8.615697967648542e-20.
  Lam_inv = inv(Lam)
D:\project\paper-bench\tasks\astro\2504.04211_pta_normalizing_flows\agent_solution\code\pta_likelihood.py:167: LinAlgWarning: An ill-conditioned matrix detected: slice 0 has rcond = 1.647590092648732e-16.
  Lam_inv = inv(Lam)
D:\project\paper-bench\tasks\astro\2504.04211_pta_normalizing_flows\agent_solution\code\pta_likelihood.py:167: LinAlgWarning: An ill-conditioned matrix detected: slice 0 has rcond = 1.2450952081313644e-16.
  Lam_inv = inv(Lam)
D:\project\paper-bench\tasks\astro\2504.04211_pta_normalizing_flows\agent_solution\code\pta_likelihood.py:167: LinAlgWarning: An ill-conditioned matrix detected: slice 0 has rcond = 1.0493430658806967e-18.
  Lam_inv = inv(Lam)
D:\project\paper-bench\tasks\astro\2504.04211_pta_normalizing_flows\agent_solution\code\pta_likelihood.py:167: LinAlgWarning: An ill-conditioned matrix detected: slice 0 has rcond = 6.715525920467923e-17.
  Lam_inv = inv(Lam)
D:\project\paper-bench\tasks\astro\2504.04211_pta_normalizing_flows\agent_solution\code\pta_likelihood.py:167: LinAlgWarning: An ill-conditioned matrix detected: slice 0 has rcond = 4.3798428586267985e-19.
  Lam_inv = inv(Lam)
D:\project\paper-bench\tasks\astro\2504.04211_pta_normalizing_flows\agent_solution\code\pta_likelihood.py:167: LinAlgWarning: An ill-conditioned matrix detected: slice 0 has rcond = 6.642106921603147e-18.
  Lam_inv = inv(Lam)
D:\project\paper-bench\tasks\astro\2504.04211_pta_normalizing_flows\agent_solution\code\pta_likelihood.py:167: LinAlgWarning: An ill-conditioned matrix detected: slice 0 has rcond = 8.4652513419911795e-22.
  Lam_inv = inv(Lam)
D:\project\paper-bench\tasks\astro\2504.04211_pta_normalizing_flows\agent_solution\code\pta_likelihood.py:167: LinAlgWarning: An ill-conditioned matrix detected: slice 0 has rcond = 5.350866591187824e-19.
  Lam_inv = inv(Lam)
D:\project\paper-bench\tasks\astro\2504.04211_pta_normalizing_flows\agent_solution\code\pta_likelihood.py:167: LinAlgWarning: An ill-conditioned matrix detected: slice 0 has rcond = 1.4712069659131052e-17.
  Lam_inv = inv(Lam)
D:\project\paper-bench\tasks\astro\2504.04211_pta_normalizing_flows\agent_solution\code\pta_likelihood.py:167: LinAlgWarning: An ill-conditioned matrix detected: slice 0 has rcond = 4.1388787007816556e-17.
  Lam_inv = inv(Lam)
D:\project\paper-bench\tasks\astro\2504.04211_pta_normalizing_flows\agent_solution\code\pta_likelihood.py:167: LinAlgWarning: An ill-conditioned matrix detected: slice 0 has rcond = 1.9611572206411964e-16.
  Lam_inv = inv(Lam)
D:\project\paper-bench\tasks\astro\2504.04211_pta_normalizing_flows\agent_solution\code\pta_likelihood.py:167: LinAlgWarning: An ill-conditioned matrix detected: slice 0 has rcond = 1.6957672077839e-17.
  Lam_inv = inv(Lam)
D:\project\paper-bench\tasks\astro\2504.04211_pta_normalizing_flows\agent_solution\code\pta_likelihood.py:167: LinAlgWarning: An ill-conditioned matrix detected: slice 0 has rcond = 3.4598672022902904e-18.
  Lam_inv = inv(Lam)
D:\project\paper-bench\tasks\astro\2504.04211_pta_normalizing_flows\agent_solution\code\pta_likelihood.py:167: LinAlgWarning: An ill-conditioned matrix detected: slice 0 has rcond = 2.44025588456487e-21.
  Lam_inv = inv(Lam)
D:\project\paper-bench\tasks\astro\2504.04211_pta_normalizing_flows\agent_solution\code\pta_likelihood.py:167: LinAlgWarning: An ill-conditioned matrix detected: slice 0 has rcond = 1.3188965615564893e-16.
  Lam_inv = inv(Lam)
D:\project\paper-bench\tasks\astro\2504.04211_pta_normalizing_flows\agent_solution\code\pta_likelihood.py:167: LinAlgWarning: An ill-conditioned matrix detected: slice 0 has rcond = 3.8544484961197146e-17.
  Lam_inv = inv(Lam)
D:\project\paper-bench\tasks\astro\2504.04211_pta_normalizing_flows\agent_solution\code\pta_likelihood.py:167: LinAlgWarning: An ill-conditioned matrix detected: slice 0 has rcond = 4.004623691662522e-17.
  Lam_inv = inv(Lam)
D:\project\paper-bench\tasks\astro\2504.04211_pta_normalizing_flows\agent_solution\code\pta_likelihood.py:167: LinAlgWarning: An ill-conditioned matrix detected: slice 0 has rcond = 2.339265987376226e-19.
  Lam_inv = inv(Lam)
D:\project\paper-bench\tasks\astro\2504.04211_pta_normalizing_flows\agent_solution\code\pta_likelihood.py:167: LinAlgWarning: An ill-conditioned matrix detected: slice 0 has rcond = 4.062565233877157e-18.
  Lam_inv = inv(Lam)
D:\project\paper-bench\tasks\astro\2504.04211_pta_normalizing_flows\agent_solution\code\pta_likelihood.py:167: LinAlgWarning: An ill-conditioned matrix detected: slice 0 has rcond = 1.7311948462079393e-16.
  Lam_inv = inv(Lam)
D:\project\paper-bench\tasks\astro\2504.04211_pta_normalizing_flows\agent_solution\code\pta_likelihood.py:167: LinAlgWarning: An ill-conditioned matrix detected: slice 0 has rcond = 1.38428391310029e-22.
  Lam_inv = inv(Lam)
D:\project\paper-bench\tasks\astro\2504.04211_pta_normalizing_flows\agent_solution\code\pta_likelihood.py:167: LinAlgWarning: An ill-conditioned matrix detected: slice 0 has rcond = 9.19562970712291e-17.
  Lam_inv = inv(Lam)
D:\project\paper-bench\tasks\astro\2504.04211_pta_normalizing_flows\agent_solution\code\pta_likelihood.py:167: LinAlgWarning: An ill-conditioned matrix detected: slice 0 has rcond = 9.35355121420921e-20.
  Lam_inv = inv(Lam)
D:\project\paper-bench\tasks\astro\2504.04211_pta_normalizing_flows\agent_solution\code\pta_likelihood.py:167: LinAlgWarning: An ill-conditioned matrix detected: slice 0 has rcond = 1.452066833741464e-16.
  Lam_inv = inv(Lam)
D:\project\paper-bench\tasks\astro\2504.04211_pta_normalizing_flows\agent_solution\code\pta_likelihood.py:167: LinAlgWarning: An ill-conditioned matrix detected: slice 0 has rcond = 1.7722855562265115e-16.
  Lam_inv = inv(Lam)
D:\project\paper-bench\tasks\astro\2504.04211_pta_normalizing_flows\agent_solution\code\pta_likelihood.py:167: LinAlgWarning: An ill-conditioned matrix detected: slice 0 has rcond = 1.790211027685109e-16.
  Lam_inv = inv(Lam)
D:\project\paper-bench\tasks\astro\2504.04211_pta_normalizing_flows\agent_solution\code\pta_likelihood.py:167: LinAlgWarning: An ill-conditioned matrix detected: slice 0 has rcond = 1.4433107053500825e-16.
  Lam_inv = inv(Lam)
D:\project\paper-bench\tasks\astro\2504.04211_pta_normalizing_flows\agent_solution\code\pta_likelihood.py:167: LinAlgWarning: An ill-conditioned matrix detected: slice 0 has rcond = 6.085568476900365e-17.
  Lam_inv = inv(Lam)
D:\project\paper-bench\tasks\astro\2504.04211_pta_normalizing_flows\agent_solution\code\pta_likelihood.py:167: LinAlgWarning: An ill-conditioned matrix detected: slice 0 has rcond = 7.088993023035326e-18.
  Lam_inv = inv(Lam)
D:\project\paper-bench\tasks\astro\2504.04211_pta_normalizing_flows\agent_solution\code\pta_likelihood.py:167: LinAlgWarning: An ill-conditioned matrix detected: slice 0 has rcond = 8.789298176418314e-21.
  Lam_inv = inv(Lam)
D:\project\paper-bench\tasks\astro\2504.04211_pta_normalizing_flows\agent_solution\code\pta_likelihood.py:167: LinAlgWarning: An ill-conditioned matrix detected: slice 0 has rcond = 1.091727290814843e-17.
  Lam_inv = inv(Lam)
D:\project\paper-bench\tasks\astro\2504.04211_pta_normalizing_flows\agent_solution\code\pta_likelihood.py:167: LinAlgWarning: An ill-conditioned matrix detected: slice 0 has rcond = 4.298112606879286e-17.
  Lam_inv = inv(Lam)
D:\project\paper-bench\tasks\astro\2504.04211_pta_normalizing_flows\agent_solution\code\pta_likelihood.py:167: LinAlgWarning: An ill-conditioned matrix detected: slice 0 has rcond = 4.521592144526051e-20.
  Lam_inv = inv(Lam)
D:\project\paper-bench\tasks\astro\2504.04211_pta_normalizing_flows\agent_solution\code\pta_likelihood.py:167: LinAlgWarning: An ill-conditioned matrix detected: slice 0 has rcond = 7.857380663691818e-17.
  Lam_inv = inv(Lam)
D:\project\paper-bench\tasks\astro\2504.04211_pta_normalizing_flows\agent_solution\code\pta_likelihood.py:167: LinAlgWarning: An ill-conditioned matrix detected: slice 0 has rcond = 3.446889524354023e-19.
  Lam_inv = inv(Lam)
D:\project\paper-bench\tasks\astro\2504.04211_pta_normalizing_flows\agent_solution\code\pta_likelihood.py:167: LinAlgWarning: An ill-conditioned matrix detected: slice 0 has rcond = 1.9869112973831173e-17.
  Lam_inv = inv(Lam)
D:\project\paper-bench\tasks\astro\2504.04211_pta_normalizing_flows\agent_solution\code\pta_likelihood.py:167: LinAlgWarning: An ill-conditioned matrix detected: slice 0 has rcond = 1.810996044717536e-17.
  Lam_inv = inv(Lam)
D:\project\paper-bench\tasks\astro\2504.04211_pta_normalizing_flows\agent_solution\code\pta_likelihood.py:167: LinAlgWarning: An ill-conditioned matrix detected: slice 0 has rcond = 2.5946488626667492e-21.
  Lam_inv = inv(Lam)
D:\project\paper-bench\tasks\astro\2504.04211_pta_normalizing_flows\agent_solution\code\pta_likelihood.py:167: LinAlgWarning: An ill-conditioned matrix detected: slice 0 has rcond = 3.0687040638502338e-18.
  Lam_inv = inv(Lam)
D:\project\paper-bench\tasks\astro\2504.04211_pta_normalizing_flows\agent_solution\code\pta_likelihood.py:167: LinAlgWarning: An ill-conditioned matrix detected: slice 0 has rcond = 1.028241162584721e-16.
  Lam_inv = inv(Lam)
D:\project\paper-bench\tasks\astro\2504.04211_pta_normalizing_flows\agent_solution\code\pta_likelihood.py:167: LinAlgWarning: An ill-conditioned matrix detected: slice 0 has rcond = 2.06390408229389e-20.
  Lam_inv = inv(Lam)
D:\project\paper-bench\tasks\astro\2504.04211_pta_normalizing_flows\agent_solution\code\pta_likelihood.py:167: LinAlgWarning: An ill-conditioned matrix detected: slice 0 has rcond = 4.360169399454343e-19.
  Lam_inv = inv(Lam)
D:\project\paper-bench\tasks\astro\2504.04211_pta_normalizing_flows\agent_solution\code\pta_likelihood.py:167: LinAlgWarning: An ill-conditioned matrix detected: slice 0 has rcond = 4.4339094966629e-21.
  Lam_inv = inv(Lam)
D:\project\paper-bench\tasks\astro\2504.04211_pta_normalizing_flows\agent_solution\code\pta_likelihood.py:167: LinAlgWarning: An ill-conditioned matrix detected: slice 0 has rcond = 3.004550832459061e-18.
  Lam_inv = inv(Lam)
D:\project\paper-bench\tasks\astro\2504.04211_pta_normalizing_flows\agent_solution\code\pta_likelihood.py:167: LinAlgWarning: An ill-conditioned matrix detected: slice 0 has rcond = 7.623553308367583e-17.
  Lam_inv = inv(Lam)
D:\project\paper-bench\tasks\astro\2504.04211_pta_normalizing_flows\agent_solution\code\pta_likelihood.py:167: LinAlgWarning: An ill-conditioned matrix detected: slice 0 has rcond = 2.6169469101914965e-17.
  Lam_inv = inv(Lam)
D:\project\paper-bench\tasks\astro\2504.04211_pta_normalizing_flows\agent_solution\code\pta_likelihood.py:167: LinAlgWarning: An ill-conditioned matrix detected: slice 0 has rcond = 3.2966007463949303e-17.
  Lam_inv = inv(Lam)
D:\project\paper-bench\tasks\astro\2504.04211_pta_normalizing_flows\agent_solution\code\pta_likelihood.py:167: LinAlgWarning: An ill-conditioned matrix detected: slice 0 has rcond = 2.3994378741265535e-17.
  Lam_inv = inv(Lam)
D:\project\paper-bench\tasks\astro\2504.04211_pta_normalizing_flows\agent_solution\code\pta_likelihood.py:167: LinAlgWarning: An ill-conditioned matrix detected: slice 0 has rcond = 3.331291588788152e-17.
  Lam_inv = inv(Lam)
D:\project\paper-bench\tasks\astro\2504.04211_pta_normalizing_flows\agent_solution\code\pta_likelihood.py:167: LinAlgWarning: An ill-conditioned matrix detected: slice 0 has rcond = 1.411730989752973e-18.
  Lam_inv = inv(Lam)
D:\project\paper-bench\tasks\astro\2504.04211_pta_normalizing_flows\agent_solution\code\pta_likelihood.py:167: LinAlgWarning: An ill-conditioned matrix detected: slice 0 has rcond = 1.3688438776118895e-16.
  Lam_inv = inv(Lam)
D:\project\paper-bench\tasks\astro\2504.04211_pta_normalizing_flows\agent_solution\code\pta_likelihood.py:167: LinAlgWarning: An ill-conditioned matrix detected: slice 0 has rcond = 4.965953513839313e-19.
  Lam_inv = inv(Lam)
D:\project\paper-bench\tasks\astro\2504.04211_pta_normalizing_flows\agent_solution\code\pta_likelihood.py:167: LinAlgWarning: An ill-conditioned matrix detected: slice 0 has rcond = 1.9437801447132342e-16.
  Lam_inv = inv(Lam)
D:\project\paper-bench\tasks\astro\2504.04211_pta_normalizing_flows\agent_solution\code\pta_likelihood.py:167: LinAlgWarning: An ill-conditioned matrix detected: slice 0 has rcond = 3.061923317425167e-19.
  Lam_inv = inv(Lam)
D:\project\paper-bench\tasks\astro\2504.04211_pta_normalizing_flows\agent_solution\code\pta_likelihood.py:167: LinAlgWarning: An ill-conditioned matrix detected: slice 0 has rcond = 1.853365568716147e-16.
  Lam_inv = inv(Lam)
D:\project\paper-bench\tasks\astro\2504.04211_pta_normalizing_flows\agent_solution\code\pta_likelihood.py:167: LinAlgWarning: An ill-conditioned matrix detected: slice 0 has rcond = 1.5109436288038955e-16.
  Lam_inv = inv(Lam)
D:\project\paper-bench\tasks\astro\2504.04211_pta_normalizing_flows\agent_solution\code\pta_likelihood.py:167: LinAlgWarning: An ill-conditioned matrix detected: slice 0 has rcond = 1.3612884091699607e-19.
  Lam_inv = inv(Lam)
D:\project\paper-bench\tasks\astro\2504.04211_pta_normalizing_flows\agent_solution\code\pta_likelihood.py:167: LinAlgWarning: An ill-conditioned matrix detected: slice 0 has rcond = 4.8225910606010725e-17.
  Lam_inv = inv(Lam)
D:\project\paper-bench\tasks\astro\2504.04211_pta_normalizing_flows\agent_solution\code\pta_likelihood.py:167: LinAlgWarning: An ill-conditioned matrix detected: slice 0 has rcond = 1.6214095634018906e-18.
  Lam_inv = inv(Lam)
D:\project\paper-bench\tasks\astro\2504.04211_pta_normalizing_flows\agent_solution\code\pta_likelihood.py:167: LinAlgWarning: An ill-conditioned matrix detected: slice 0 has rcond = 3.082691862041493e-17.
  Lam_inv = inv(Lam)
D:\project\paper-bench\tasks\astro\2504.04211_pta_normalizing_flows\agent_solution\code\pta_likelihood.py:167: LinAlgWarning: An ill-conditioned matrix detected: slice 0 has rcond = 3.562081059535708e-19.
  Lam_inv = inv(Lam)
D:\project\paper-bench\tasks\astro\2504.04211_pta_normalizing_flows\agent_solution\code\pta_likelihood.py:167: LinAlgWarning: An ill-conditioned matrix detected: slice 0 has rcond = 3.0654495439589874e-17.
  Lam_inv = inv(Lam)
D:\project\paper-bench\tasks\astro\2504.04211_pta_normalizing_flows\agent_solution\code\pta_likelihood.py:167: LinAlgWarning: An ill-conditioned matrix detected: slice 0 has rcond = 1.0097226855051985e-17.
  Lam_inv = inv(Lam)
D:\project\paper-bench\tasks\astro\2504.04211_pta_normalizing_flows\agent_solution\code\pta_likelihood.py:167: LinAlgWarning: An ill-conditioned matrix detected: slice 0 has rcond = 1.516359148986025e-16.
  Lam_inv = inv(Lam)
D:\project\paper-bench\tasks\astro\2504.04211_pta_normalizing_flows\agent_solution\code\pta_likelihood.py:167: LinAlgWarning: An ill-conditioned matrix detected: slice 0 has rcond = 6.286132837540019e-21.
  Lam_inv = inv(Lam)
D:\project\paper-bench\tasks\astro\2504.04211_pta_normalizing_flows\agent_solution\code\pta_likelihood.py:167: LinAlgWarning: An ill-conditioned matrix detected: slice 0 has rcond = 2.926570495228359e-18.
  Lam_inv = inv(Lam)
D:\project\paper-bench\tasks\astro\2504.04211_pta_normalizing_flows\agent_solution\code\pta_likelihood.py:167: LinAlgWarning: An ill-conditioned matrix detected: slice 0 has rcond = 1.062508882242348e-17.
  Lam_inv = inv(Lam)
D:\project\paper-bench\tasks\astro\2504.04211_pta_normalizing_flows\agent_solution\code\pta_likelihood.py:167: LinAlgWarning: An ill-conditioned matrix detected: slice 0 has rcond = 1.7432213854386592e-17.
  Lam_inv = inv(Lam)
D:\project\paper-bench\tasks\astro\2504.04211_pta_normalizing_flows\agent_solution\code\pta_likelihood.py:167: LinAlgWarning: An ill-conditioned matrix detected: slice 0 has rcond = 7.557171114781184e-24.
  Lam_inv = inv(Lam)
D:\project\paper-bench\tasks\astro\2504.04211_pta_normalizing_flows\agent_solution\code\pta_likelihood.py:167: LinAlgWarning: An ill-conditioned matrix detected: slice 0 has rcond = 1.7752304933522297e-17.
  Lam_inv = inv(Lam)
D:\project\paper-bench\tasks\astro\2504.04211_pta_normalizing_flows\agent_solution\code\pta_likelihood.py:167: LinAlgWarning: An ill-conditioned matrix detected: slice 0 has rcond = 2.6362749799627457e-19.
  Lam_inv = inv(Lam)
D:\project\paper-bench\tasks\astro\2504.04211_pta_normalizing_flows\agent_solution\code\pta_likelihood.py:167: LinAlgWarning: An ill-conditioned matrix detected: slice 0 has rcond = 1.1166885709151148e-21.
  Lam_inv = inv(Lam)
D:\project\paper-bench\tasks\astro\2504.04211_pta_normalizing_flows\agent_solution\code\pta_likelihood.py:167: LinAlgWarning: An ill-conditioned matrix detected: slice 0 has rcond = 5.4451836540246004e-17.
  Lam_inv = inv(Lam)
D:\project\paper-bench\tasks\astro\2504.04211_pta_normalizing_flows\agent_solution\code\pta_likelihood.py:167: LinAlgWarning: An ill-conditioned matrix detected: slice 0 has rcond = 4.1705854126625806e-19.
  Lam_inv = inv(Lam)
D:\project\paper-bench\tasks\astro\2504.04211_pta_normalizing_flows\agent_solution\code\pta_likelihood.py:167: LinAlgWarning: An ill-conditioned matrix detected: slice 0 has rcond = 5.3646100426556e-19.
  Lam_inv = inv(Lam)
D:\project\paper-bench\tasks\astro\2504.04211_pta_normalizing_flows\agent_solution\code\pta_likelihood.py:167: LinAlgWarning: An ill-conditioned matrix detected: slice 0 has rcond = 3.248175184649621e-18.
  Lam_inv = inv(Lam)
D:\project\paper-bench\tasks\astro\2504.04211_pta_normalizing_flows\agent_solution\code\pta_likelihood.py:167: LinAlgWarning: An ill-conditioned matrix detected: slice 0 has rcond = 3.835685779526819e-17.
  Lam_inv = inv(Lam)
D:\project\paper-bench\tasks\astro\2504.04211_pta_normalizing_flows\agent_solution\code\pta_likelihood.py:167: LinAlgWarning: An ill-conditioned matrix detected: slice 0 has rcond = 1.771974682501135e-19.
  Lam_inv = inv(Lam)
D:\project\paper-bench\tasks\astro\2504.04211_pta_normalizing_flows\agent_solution\code\pta_likelihood.py:167: LinAlgWarning: An ill-conditioned matrix detected: slice 0 has rcond = 3.249297443268853e-18.
  Lam_inv = inv(Lam)
D:\project\paper-bench\tasks\astro\2504.04211_pta_normalizing_flows\agent_solution\code\pta_likelihood.py:167: LinAlgWarning: An ill-conditioned matrix detected: slice 0 has rcond = 1.0061700993462052e-20.
  Lam_inv = inv(Lam)
D:\project\paper-bench\tasks\astro\2504.04211_pta_normalizing_flows\agent_solution\code\pta_likelihood.py:167: LinAlgWarning: An ill-conditioned matrix detected: slice 0 has rcond = 6.352495584947782e-20.
  Lam_inv = inv(Lam)
D:\project\paper-bench\tasks\astro\2504.04211_pta_normalizing_flows\agent_solution\code\pta_likelihood.py:167: LinAlgWarning: An ill-conditioned matrix detected: slice 0 has rcond = 7.713717287998905e-19.
  Lam_inv = inv(Lam)
D:\project\paper-bench\tasks\astro\2504.04211_pta_normalizing_flows\agent_solution\code\pta_likelihood.py:167: LinAlgWarning: An ill-conditioned matrix detected: slice 0 has rcond = 2.0362886847538467e-16.
  Lam_inv = inv(Lam)
D:\project\paper-bench\tasks\astro\2504.04211_pta_normalizing_flows\agent_solution\code\pta_likelihood.py:167: LinAlgWarning: An ill-conditioned matrix detected: slice 0 has rcond = 1.0748242081788488e-17.
  Lam_inv = inv(Lam)
D:\project\paper-bench\tasks\astro\2504.04211_pta_normalizing_flows\agent_solution\code\pta_likelihood.py:167: LinAlgWarning: An ill-conditioned matrix detected: slice 0 has rcond = 3.417218302534973e-18.
  Lam_inv = inv(Lam)
D:\project\paper-bench\tasks\astro\2504.04211_pta_normalizing_flows\agent_solution\code\pta_likelihood.py:167: LinAlgWarning: An ill-conditioned matrix detected: slice 0 has rcond = 3.3221098145453e-18.
  Lam_inv = inv(Lam)
D:\project\paper-bench\tasks\astro\2504.04211_pta_normalizing_flows\agent_solution\code\pta_likelihood.py:167: LinAlgWarning: An ill-conditioned matrix detected: slice 0 has rcond = 9.064437217299889e-20.
  Lam_inv = inv(Lam)
D:\project\paper-bench\tasks\astro\2504.04211_pta_normalizing_flows\agent_solution\code\pta_likelihood.py:167: LinAlgWarning: An ill-conditioned matrix detected: slice 0 has rcond = 7.181155798775643e-17.
  Lam_inv = inv(Lam)
D:\project\paper-bench\tasks\astro\2504.04211_pta_normalizing_flows\agent_solution\code\pta_likelihood.py:167: LinAlgWarning: An ill-conditioned matrix detected: slice 0 has rcond = 2.493831231859864e-19.
  Lam_inv = inv(Lam)
D:\project\paper-bench\tasks\astro\2504.04211_pta_normalizing_flows\agent_solution\code\pta_likelihood.py:167: LinAlgWarning: An ill-conditioned matrix detected: slice 0 has rcond = 1.6275953721569638e-21.
  Lam_inv = inv(Lam)
D:\project\paper-bench\tasks\astro\2504.04211_pta_normalizing_flows\agent_solution\code\pta_likelihood.py:167: LinAlgWarning: An ill-conditioned matrix detected: slice 0 has rcond = 9.810670993942217e-17.
  Lam_inv = inv(Lam)
D:\project\paper-bench\tasks\astro\2504.04211_pta_normalizing_flows\agent_solution\code\pta_likelihood.py:167: LinAlgWarning: An ill-conditioned matrix detected: slice 0 has rcond = 3.794334298320085e-17.
  Lam_inv = inv(Lam)
D:\project\paper-bench\tasks\astro\2504.04211_pta_normalizing_flows\agent_solution\code\pta_likelihood.py:167: LinAlgWarning: An ill-conditioned matrix detected: slice 0 has rcond = 4.746464736869135e-17.
  Lam_inv = inv(Lam)
D:\project\paper-bench\tasks\astro\2504.04211_pta_normalizing_flows\agent_solution\code\pta_likelihood.py:167: LinAlgWarning: An ill-conditioned matrix detected: slice 0 has rcond = 2.4724602319742266e-18.
  Lam_inv = inv(Lam)
D:\project\paper-bench\tasks\astro\2504.04211_pta_normalizing_flows\agent_solution\code\pta_likelihood.py:167: LinAlgWarning: An ill-conditioned matrix detected: slice 0 has rcond = 1.3978770904030068e-17.
  Lam_inv = inv(Lam)
D:\project\paper-bench\tasks\astro\2504.04211_pta_normalizing_flows\agent_solution\code\pta_likelihood.py:167: LinAlgWarning: An ill-conditioned matrix detected: slice 0 has rcond = 1.310513734132556e-19.
  Lam_inv = inv(Lam)
D:\project\paper-bench\tasks\astro\2504.04211_pta_normalizing_flows\agent_solution\code\pta_likelihood.py:167: LinAlgWarning: An ill-conditioned matrix detected: slice 0 has rcond = 4.372000815325086e-18.
  Lam_inv = inv(Lam)
D:\project\paper-bench\tasks\astro\2504.04211_pta_normalizing_flows\agent_solution\code\pta_likelihood.py:167: LinAlgWarning: An ill-conditioned matrix detected: slice 0 has rcond = 3.224382456754086e-20.
  Lam_inv = inv(Lam)
D:\project\paper-bench\tasks\astro\2504.04211_pta_normalizing_flows\agent_solution\code\pta_likelihood.py:167: LinAlgWarning: An ill-conditioned matrix detected: slice 0 has rcond = 1.82469588305519e-16.
  Lam_inv = inv(Lam)
D:\project\paper-bench\tasks\astro\2504.04211_pta_normalizing_flows\agent_solution\code\pta_likelihood.py:167: LinAlgWarning: An ill-conditioned matrix detected: slice 0 has rcond = 1.6129736078408622e-17.
  Lam_inv = inv(Lam)
D:\project\paper-bench\tasks\astro\2504.04211_pta_normalizing_flows\agent_solution\code\pta_likelihood.py:167: LinAlgWarning: An ill-conditioned matrix detected: slice 0 has rcond = 4.714871775671934e-20.
  Lam_inv = inv(Lam)
D:\project\paper-bench\tasks\astro\2504.04211_pta_normalizing_flows\agent_solution\code\pta_likelihood.py:167: LinAlgWarning: An ill-conditioned matrix detected: slice 0 has rcond = 2.3967035535316415e-19.
  Lam_inv = inv(Lam)
D:\project\paper-bench\tasks\astro\2504.04211_pta_normalizing_flows\agent_solution\code\pta_likelihood.py:167: LinAlgWarning: An ill-conditioned matrix detected: slice 0 has rcond = 2.7842679998742243e-19.
  Lam_inv = inv(Lam)
D:\project\paper-bench\tasks\astro\2504.04211_pta_normalizing_flows\agent_solution\code\pta_likelihood.py:167: LinAlgWarning: An ill-conditioned matrix detected: slice 0 has rcond = 5.401154673562905e-18.
  Lam_inv = inv(Lam)
D:\project\paper-bench\tasks\astro\2504.04211_pta_normalizing_flows\agent_solution\code\pta_likelihood.py:167: LinAlgWarning: An ill-conditioned matrix detected: slice 0 has rcond = 3.9516782549384816e-19.
  Lam_inv = inv(Lam)
D:\project\paper-bench\tasks\astro\2504.04211_pta_normalizing_flows\agent_solution\code\pta_likelihood.py:167: LinAlgWarning: An ill-conditioned matrix detected: slice 0 has rcond = 2.5884121247176524e-17.
  Lam_inv = inv(Lam)
D:\project\paper-bench\tasks\astro\2504.04211_pta_normalizing_flows\agent_solution\code\pta_likelihood.py:167: LinAlgWarning: An ill-conditioned matrix detected: slice 0 has rcond = 1.0302775968224584e-17.
  Lam_inv = inv(Lam)
D:\project\paper-bench\tasks\astro\2504.04211_pta_normalizing_flows\agent_solution\code\pta_likelihood.py:167: LinAlgWarning: An ill-conditioned matrix detected: slice 0 has rcond = 1.9872711340270335e-17.
  Lam_inv = inv(Lam)
D:\project\paper-bench\tasks\astro\2504.04211_pta_normalizing_flows\agent_solution\code\pta_likelihood.py:167: LinAlgWarning: An ill-conditioned matrix detected: slice 0 has rcond = 2.0965550336524592e-16.
  Lam_inv = inv(Lam)
D:\project\paper-bench\tasks\astro\2504.04211_pta_normalizing_flows\agent_solution\code\pta_likelihood.py:167: LinAlgWarning: An ill-conditioned matrix detected: slice 0 has rcond = 2.1976794689581591e-16.
  Lam_inv = inv(Lam)
D:\project\paper-bench\tasks\astro\2504.04211_pta_normalizing_flows\agent_solution\code\pta_likelihood.py:167: LinAlgWarning: An ill-conditioned matrix detected: slice 0 has rcond = 6.73446667431907e-18.
  Lam_inv = inv(Lam)
D:\project\paper-bench\tasks\astro\2504.04211_pta_normalizing_flows\agent_solution\code\pta_likelihood.py:167: LinAlgWarning: An ill-conditioned matrix detected: slice 0 has rcond = 1.223270909185665e-16.
  Lam_inv = inv(Lam)
D:\project\paper-bench\tasks\astro\2504.04211_pta_normalizing_flows\agent_solution\code\pta_likelihood.py:167: LinAlgWarning: An ill-conditioned matrix detected: slice 0 has rcond = 1.1952315515137086e-16.
  Lam_inv = inv(Lam)
D:\project\paper-bench\tasks\astro\2504.04211_pta_normalizing_flows\agent_solution\code\pta_likelihood.py:167: LinAlgWarning: An ill-conditioned matrix detected: slice 0 has rcond = 1.0555570616477489e-17.
  Lam_inv = inv(Lam)
D:\project\paper-bench\tasks\astro\2504.04211_pta_normalizing_flows\agent_solution\code\pta_likelihood.py:167: LinAlgWarning: An ill-conditioned matrix detected: slice 0 has rcond = 2.6771829852017753e-19.
  Lam_inv = inv(Lam)
D:\project\paper-bench\tasks\astro\2504.04211_pta_normalizing_flows\agent_solution\code\pta_likelihood.py:167: LinAlgWarning: An ill-conditioned matrix detected: slice 0 has rcond = 3.3774369065463455e-17.
  Lam_inv = inv(Lam)
D:\project\paper-bench\tasks\astro\2504.04211_pta_normalizing_flows\agent_solution\code\pta_likelihood.py:167: LinAlgWarning: An ill-conditioned matrix detected: slice 0 has rcond = 2.039751480003817e-17.
  Lam_inv = inv(Lam)
D:\project\paper-bench\tasks\astro\2504.04211_pta_normalizing_flows\agent_solution\code\pta_likelihood.py:167: LinAlgWarning: An ill-conditioned matrix detected: slice 0 has rcond = 1.0525912804525906e-19.
  Lam_inv = inv(Lam)
D:\project\paper-bench\tasks\astro\2504.04211_pta_normalizing_flows\agent_solution\code\pta_likelihood.py:167: LinAlgWarning: An ill-conditioned matrix detected: slice 0 has rcond = 5.984911035272533e-17.
  Lam_inv = inv(Lam)
D:\project\paper-bench\tasks\astro\2504.04211_pta_normalizing_flows\agent_solution\code\pta_likelihood.py:167: LinAlgWarning: An ill-conditioned matrix detected: slice 0 has rcond = 4.2479653403271066e-20.
  Lam_inv = inv(Lam)
D:\project\paper-bench\tasks\astro\2504.04211_pta_normalizing_flows\agent_solution\code\pta_likelihood.py:167: LinAlgWarning: An ill-conditioned matrix detected: slice 0 has rcond = 4.985443585268327e-17.
  Lam_inv = inv(Lam)
D:\project\paper-bench\tasks\astro\2504.04211_pta_normalizing_flows\agent_solution\code\pta_likelihood.py:167: LinAlgWarning: An ill-conditioned matrix detected: slice 0 has rcond = 5.376851748584769e-19.
  Lam_inv = inv(Lam)
D:\project\paper-bench\tasks\astro\2504.04211_pta_normalizing_flows\agent_solution\code\pta_likelihood.py:167: LinAlgWarning: An ill-conditioned matrix detected: slice 0 has rcond = 4.1671200995310844e-18.
  Lam_inv = inv(Lam)
D:\project\paper-bench\tasks\astro\2504.04211_pta_normalizing_flows\agent_solution\code\pta_likelihood.py:167: LinAlgWarning: An ill-conditioned matrix detected: slice 0 has rcond = 1.0045266012446044e-19.
  Lam_inv = inv(Lam)
D:\project\paper-bench\tasks\astro\2504.04211_pta_normalizing_flows\agent_solution\code\pta_likelihood.py:167: LinAlgWarning: An ill-conditioned matrix detected: slice 0 has rcond = 1.5724864251741377e-16.
  Lam_inv = inv(Lam)
D:\project\paper-bench\tasks\astro\2504.04211_pta_normalizing_flows\agent_solution\code\pta_likelihood.py:167: LinAlgWarning: An ill-conditioned matrix detected: slice 0 has rcond = 1.3057229381255527e-16.
  Lam_inv = inv(Lam)
D:\project\paper-bench\tasks\astro\2504.04211_pta_normalizing_flows\agent_solution\code\pta_likelihood.py:167: LinAlgWarning: An ill-conditioned matrix detected: slice 0 has rcond = 1.2877468247267899e-23.
  Lam_inv = inv(Lam)
D:\project\paper-bench\tasks\astro\2504.04211_pta_normalizing_flows\agent_solution\code\pta_likelihood.py:167: LinAlgWarning: An ill-conditioned matrix detected: slice 0 has rcond = 4.831107855735174e-18.
  Lam_inv = inv(Lam)
D:\project\paper-bench\tasks\astro\2504.04211_pta_normalizing_flows\agent_solution\code\pta_likelihood.py:167: LinAlgWarning: An ill-conditioned matrix detected: slice 0 has rcond = 3.584379603751821e-19.
  Lam_inv = inv(Lam)
D:\project\paper-bench\tasks\astro\2504.04211_pta_normalizing_flows\agent_solution\code\pta_likelihood.py:167: LinAlgWarning: An ill-conditioned matrix detected: slice 0 has rcond = 3.988479283025954e-18.
  Lam_inv = inv(Lam)
D:\project\paper-bench\tasks\astro\2504.04211_pta_normalizing_flows\agent_solution\code\pta_likelihood.py:167: LinAlgWarning: An ill-conditioned matrix detected: slice 0 has rcond = 7.717746155282128e-19.
  Lam_inv = inv(Lam)
D:\project\paper-bench\tasks\astro\2504.04211_pta_normalizing_flows\agent_solution\code\pta_likelihood.py:167: LinAlgWarning: An ill-conditioned matrix detected: slice 0 has rcond = 8.262463804717703e-17.
  Lam_inv = inv(Lam)
D:\project\paper-bench\tasks\astro\2504.04211_pta_normalizing_flows\agent_solution\code\pta_likelihood.py:167: LinAlgWarning: An ill-conditioned matrix detected: slice 0 has rcond = 1.2149456613396487e-16.
  Lam_inv = inv(Lam)
D:\project\paper-bench\tasks\astro\2504.04211_pta_normalizing_flows\agent_solution\code\pta_likelihood.py:167: LinAlgWarning: An ill-conditioned matrix detected: slice 0 has rcond = 1.0361179337059958e-18.
  Lam_inv = inv(Lam)
D:\project\paper-bench\tasks\astro\2504.04211_pta_normalizing_flows\agent_solution\code\pta_likelihood.py:167: LinAlgWarning: An ill-conditioned matrix detected: slice 0 has rcond = 7.874778538952703e-17.
  Lam_inv = inv(Lam)
D:\project\paper-bench\tasks\astro\2504.04211_pta_normalizing_flows\agent_solution\code\pta_likelihood.py:167: LinAlgWarning: An ill-conditioned matrix detected: slice 0 has rcond = 7.348640677858491e-20.
  Lam_inv = inv(Lam)
D:\project\paper-bench\tasks\astro\2504.04211_pta_normalizing_flows\agent_solution\code\pta_likelihood.py:167: LinAlgWarning: An ill-conditioned matrix detected: slice 0 has rcond = 5.398347823069066e-22.
  Lam_inv = inv(Lam)
D:\project\paper-bench\tasks\astro\2504.04211_pta_normalizing_flows\agent_solution\code\pta_likelihood.py:167: LinAlgWarning: An ill-conditioned matrix detected: slice 0 has rcond = 1.34010340093453e-17.
  Lam_inv = inv(Lam)
D:\project\paper-bench\tasks\astro\2504.04211_pta_normalizing_flows\agent_solution\code\pta_likelihood.py:167: LinAlgWarning: An ill-conditioned matrix detected: slice 0 has rcond = 4.139922873612348e-17.
  Lam_inv = inv(Lam)
D:\project\paper-bench\tasks\astro\2504.04211_pta_normalizing_flows\agent_solution\code\pta_likelihood.py:167: LinAlgWarning: An ill-conditioned matrix detected: slice 0 has rcond = 4.826193313073456e-17.
  Lam_inv = inv(Lam)
D:\project\paper-bench\tasks\astro\2504.04211_pta_normalizing_flows\agent_solution\code\pta_likelihood.py:167: LinAlgWarning: An ill-conditioned matrix detected: slice 0 has rcond = 4.5086529302362966e-18.
  Lam_inv = inv(Lam)
D:\project\paper-bench\tasks\astro\2504.04211_pta_normalizing_flows\agent_solution\code\pta_likelihood.py:167: LinAlgWarning: An ill-conditioned matrix detected: slice 0 has rcond = 2.0598764631114048e-19.
  Lam_inv = inv(Lam)
D:\project\paper-bench\tasks\astro\2504.04211_pta_normalizing_flows\agent_solution\code\pta_likelihood.py:167: LinAlgWarning: An ill-conditioned matrix detected: slice 0 has rcond = 2.1662958667149903e-17.
  Lam_inv = inv(Lam)
D:\project\paper-bench\tasks\astro\2504.04211_pta_normalizing_flows\agent_solution\code\pta_likelihood.py:167: LinAlgWarning: An ill-conditioned matrix detected: slice 0 has rcond = 2.5856825810842478e-17.
  Lam_inv = inv(Lam)
D:\project\paper-bench\tasks\astro\2504.04211_pta_normalizing_flows\agent_solution\code\pta_likelihood.py:167: LinAlgWarning: An ill-conditioned matrix detected: slice 0 has rcond = 1.0153063278485334e-18.
  Lam_inv = inv(Lam)
D:\project\paper-bench\tasks\astro\2504.04211_pta_normalizing_flows\agent_solution\code\pta_likelihood.py:167: LinAlgWarning: An ill-conditioned matrix detected: slice 0 has rcond = 1.4871639986315247e-17.
  Lam_inv = inv(Lam)
D:\project\paper-bench\tasks\astro\2504.04211_pta_normalizing_flows\agent_solution\code\pta_likelihood.py:167: LinAlgWarning: An ill-conditioned matrix detected: slice 0 has rcond = 5.8239268322837675e-18.
  Lam_inv = inv(Lam)
D:\project\paper-bench\tasks\astro\2504.04211_pta_normalizing_flows\agent_solution\code\pta_likelihood.py:167: LinAlgWarning: An ill-conditioned matrix detected: slice 0 has rcond = 2.0158870470830313e-17.
  Lam_inv = inv(Lam)
D:\project\paper-bench\tasks\astro\2504.04211_pta_normalizing_flows\agent_solution\code\pta_likelihood.py:167: LinAlgWarning: An ill-conditioned matrix detected: slice 0 has rcond = 1.1315702838941467e-18.
  Lam_inv = inv(Lam)
D:\project\paper-bench\tasks\astro\2504.04211_pta_normalizing_flows\agent_solution\code\pta_likelihood.py:167: LinAlgWarning: An ill-conditioned matrix detected: slice 0 has rcond = 3.9561516400289214e-20.
  Lam_inv = inv(Lam)
D:\project\paper-bench\tasks\astro\2504.04211_pta_normalizing_flows\agent_solution\code\pta_likelihood.py:167: LinAlgWarning: An ill-conditioned matrix detected: slice 0 has rcond = 2.2301957045113696e-17.
  Lam_inv = inv(Lam)
D:\project\paper-bench\tasks\astro\2504.04211_pta_normalizing_flows\agent_solution\code\pta_likelihood.py:167: LinAlgWarning: An ill-conditioned matrix detected: slice 0 has rcond = 8.13028268162488e-17.
  Lam_inv = inv(Lam)
D:\project\paper-bench\tasks\astro\2504.04211_pta_normalizing_flows\agent_solution\code\pta_likelihood.py:167: LinAlgWarning: An ill-conditioned matrix detected: slice 0 has rcond = 2.0760894968676882e-22.
  Lam_inv = inv(Lam)
D:\project\paper-bench\tasks\astro\2504.04211_pta_normalizing_flows\agent_solution\code\pta_likelihood.py:167: LinAlgWarning: An ill-conditioned matrix detected: slice 0 has rcond = 1.1022554917962039e-16.
  Lam_inv = inv(Lam)
D:\project\paper-bench\tasks\astro\2504.04211_pta_normalizing_flows\agent_solution\code\pta_likelihood.py:167: LinAlgWarning: An ill-conditioned matrix detected: slice 0 has rcond = 1.1973640300757557e-16.
  Lam_inv = inv(Lam)
D:\project\paper-bench\tasks\astro\2504.04211_pta_normalizing_flows\agent_solution\code\pta_likelihood.py:167: LinAlgWarning: An ill-conditioned matrix detected: slice 0 has rcond = 1.7461571033844512e-17.
  Lam_inv = inv(Lam)
D:\project\paper-bench\tasks\astro\2504.04211_pta_normalizing_flows\agent_solution\code\pta_likelihood.py:167: LinAlgWarning: An ill-conditioned matrix detected: slice 0 has rcond = 6.159574277619217e-18.
  Lam_inv = inv(Lam)
D:\project\paper-bench\tasks\astro\2504.04211_pta_normalizing_flows\agent_solution\code\pta_likelihood.py:167: LinAlgWarning: An ill-conditioned matrix detected: slice 0 has rcond = 4.663014304704385e-18.
  Lam_inv = inv(Lam)
D:\project\paper-bench\tasks\astro\2504.04211_pta_normalizing_flows\agent_solution\code\pta_likelihood.py:167: LinAlgWarning: An ill-conditioned matrix detected: slice 0 has rcond = 1.0558109951330024e-23.
  Lam_inv = inv(Lam)
D:\project\paper-bench\tasks\astro\2504.04211_pta_normalizing_flows\agent_solution\code\pta_likelihood.py:167: LinAlgWarning: An ill-conditioned matrix detected: slice 0 has rcond = 2.4229292114973248e-20.
  Lam_inv = inv(Lam)
D:\project\paper-bench\tasks\astro\2504.04211_pta_normalizing_flows\agent_solution\code\pta_likelihood.py:167: LinAlgWarning: An ill-conditioned matrix detected: slice 0 has rcond = 7.686416483264146e-18.
  Lam_inv = inv(Lam)
D:\project\paper-bench\tasks\astro\2504.04211_pta_normalizing_flows\agent_solution\code\pta_likelihood.py:167: LinAlgWarning: An ill-conditioned matrix detected: slice 0 has rcond = 1.2914589585230366e-17.
  Lam_inv = inv(Lam)
D:\project\paper-bench\tasks\astro\2504.04211_pta_normalizing_flows\agent_solution\code\pta_likelihood.py:167: LinAlgWarning: An ill-conditioned matrix detected: slice 0 has rcond = 8.99755677235088e-19.
  Lam_inv = inv(Lam)
D:\project\paper-bench\tasks\astro\2504.04211_pta_normalizing_flows\agent_solution\code\pta_likelihood.py:167: LinAlgWarning: An ill-conditioned matrix detected: slice 0 has rcond = 4.598357552064327e-17.
  Lam_inv = inv(Lam)
D:\project\paper-bench\tasks\astro\2504.04211_pta_normalizing_flows\agent_solution\code\pta_likelihood.py:167: LinAlgWarning: An ill-conditioned matrix detected: slice 0 has rcond = 4.6323045861035665e-23.
  Lam_inv = inv(Lam)
D:\project\paper-bench\tasks\astro\2504.04211_pta_normalizing_flows\agent_solution\code\pta_likelihood.py:167: LinAlgWarning: An ill-conditioned matrix detected: slice 0 has rcond = 2.192165218190032e-18.
  Lam_inv = inv(Lam)
D:\project\paper-bench\tasks\astro\2504.04211_pta_normalizing_flows\agent_solution\code\pta_likelihood.py:167: LinAlgWarning: An ill-conditioned matrix detected: slice 0 has rcond = 1.968290857632784e-19.
  Lam_inv = inv(Lam)
D:\project\paper-bench\tasks\astro\2504.04211_pta_normalizing_flows\agent_solution\code\pta_likelihood.py:167: LinAlgWarning: An ill-conditioned matrix detected: slice 0 has rcond = 3.970574859612689e-19.
  Lam_inv = inv(Lam)
D:\project\paper-bench\tasks\astro\2504.04211_pta_normalizing_flows\agent_solution\code\pta_likelihood.py:167: LinAlgWarning: An ill-conditioned matrix detected: slice 0 has rcond = 1.4701518500431608e-17.
  Lam_inv = inv(Lam)
D:\project\paper-bench\tasks\astro\2504.04211_pta_normalizing_flows\agent_solution\code\pta_likelihood.py:167: LinAlgWarning: An ill-conditioned matrix detected: slice 0 has rcond = 1.2373897662403777e-18.
  Lam_inv = inv(Lam)
D:\project\paper-bench\tasks\astro\2504.04211_pta_normalizing_flows\agent_solution\code\pta_likelihood.py:167: LinAlgWarning: An ill-conditioned matrix detected: slice 0 has rcond = 1.5331950500160267e-17.
  Lam_inv = inv(Lam)
D:\project\paper-bench\tasks\astro\2504.04211_pta_normalizing_flows\agent_solution\code\pta_likelihood.py:167: LinAlgWarning: An ill-conditioned matrix detected: slice 0 has rcond = 5.660672674108464e-18.
  Lam_inv = inv(Lam)
D:\project\paper-bench\tasks\astro\2504.04211_pta_normalizing_flows\agent_solution\code\pta_likelihood.py:167: LinAlgWarning: An ill-conditioned matrix detected: slice 0 has rcond = 3.141499223403466e-20.
  Lam_inv = inv(Lam)
D:\project\paper-bench\tasks\astro\2504.04211_pta_normalizing_flows\agent_solution\code\pta_likelihood.py:167: LinAlgWarning: An ill-conditioned matrix detected: slice 0 has rcond = 1.494208527330028e-16.
  Lam_inv = inv(Lam)
D:\project\paper-bench\tasks\astro\2504.04211_pta_normalizing_flows\agent_solution\code\pta_likelihood.py:167: LinAlgWarning: An ill-conditioned matrix detected: slice 0 has rcond = 1.4417175794519492e-16.
  Lam_inv = inv(Lam)
D:\project\paper-bench\tasks\astro\2504.04211_pta_normalizing_flows\agent_solution\code\pta_likelihood.py:167: LinAlgWarning: An ill-conditioned matrix detected: slice 0 has rcond = 5.120840590751608e-17.
  Lam_inv = inv(Lam)
D:\project\paper-bench\tasks\astro\2504.04211_pta_normalizing_flows\agent_solution\code\pta_likelihood.py:167: LinAlgWarning: An ill-conditioned matrix detected: slice 0 has rcond = 8.226268985020794e-20.
  Lam_inv = inv(Lam)
D:\project\paper-bench\tasks\astro\2504.04211_pta_normalizing_flows\agent_solution\code\pta_likelihood.py:167: LinAlgWarning: An ill-conditioned matrix detected: slice 0 has rcond = 3.10959691493154e-17.
  Lam_inv = inv(Lam)
D:\project\paper-bench\tasks\astro\2504.04211_pta_normalizing_flows\agent_solution\code\pta_likelihood.py:167: LinAlgWarning: An ill-conditioned matrix detected: slice 0 has rcond = 7.94974031281753e-17.
  Lam_inv = inv(Lam)
D:\project\paper-bench\tasks\astro\2504.04211_pta_normalizing_flows\agent_solution\code\pta_likelihood.py:167: LinAlgWarning: An ill-conditioned matrix detected: slice 0 has rcond = 1.7012144395492448e-19.
  Lam_inv = inv(Lam)
D:\project\paper-bench\tasks\astro\2504.04211_pta_normalizing_flows\agent_solution\code\pta_likelihood.py:167: LinAlgWarning: An ill-conditioned matrix detected: slice 0 has rcond = 2.6610073015724305e-17.
  Lam_inv = inv(Lam)
D:\project\paper-bench\tasks\astro\2504.04211_pta_normalizing_flows\agent_solution\code\pta_likelihood.py:167: LinAlgWarning: An ill-conditioned matrix detected: slice 0 has rcond = 2.1545368301004934e-17.
  Lam_inv = inv(Lam)
D:\project\paper-bench\tasks\astro\2504.04211_pta_normalizing_flows\agent_solution\code\pta_likelihood.py:167: LinAlgWarning: An ill-conditioned matrix detected: slice 0 has rcond = 2.1167904158892575e-16.
  Lam_inv = inv(Lam)
D:\project\paper-bench\tasks\astro\2504.04211_pta_normalizing_flows\agent_solution\code\pta_likelihood.py:167: LinAlgWarning: An ill-conditioned matrix detected: slice 0 has rcond = 1.1150532523015524e-18.
  Lam_inv = inv(Lam)
D:\project\paper-bench\tasks\astro\2504.04211_pta_normalizing_flows\agent_solution\code\pta_likelihood.py:167: LinAlgWarning: An ill-conditioned matrix detected: slice 0 has rcond = 4.293599327310692e-18.
  Lam_inv = inv(Lam)
D:\project\paper-bench\tasks\astro\2504.04211_pta_normalizing_flows\agent_solution\code\pta_likelihood.py:167: LinAlgWarning: An ill-conditioned matrix detected: slice 0 has rcond = 8.031122895860757e-20.
  Lam_inv = inv(Lam)
D:\project\paper-bench\tasks\astro\2504.04211_pta_normalizing_flows\agent_solution\code\pta_likelihood.py:167: LinAlgWarning: An ill-conditioned matrix detected: slice 0 has rcond = 1.169930852512444e-16.
  Lam_inv = inv(Lam)
D:\project\paper-bench\tasks\astro\2504.04211_pta_normalizing_flows\agent_solution\code\pta_likelihood.py:167: LinAlgWarning: An ill-conditioned matrix detected: slice 0 has rcond = 2.1599618574619063e-17.
  Lam_inv = inv(Lam)
D:\project\paper-bench\tasks\astro\2504.04211_pta_normalizing_flows\agent_solution\code\pta_likelihood.py:167: LinAlgWarning: An ill-conditioned matrix detected: slice 0 has rcond = 2.365412664574925e-18.
  Lam_inv = inv(Lam)
D:\project\paper-bench\tasks\astro\2504.04211_pta_normalizing_flows\agent_solution\code\pta_likelihood.py:167: LinAlgWarning: An ill-conditioned matrix detected: slice 0 has rcond = 1.7015613196122952e-17.
  Lam_inv = inv(Lam)
D:\project\paper-bench\tasks\astro\2504.04211_pta_normalizing_flows\agent_solution\code\pta_likelihood.py:167: LinAlgWarning: An ill-conditioned matrix detected: slice 0 has rcond = 1.5858814853938217e-16.
  Lam_inv = inv(Lam)
D:\project\paper-bench\tasks\astro\2504.04211_pta_normalizing_flows\agent_solution\code\pta_likelihood.py:167: LinAlgWarning: An ill-conditioned matrix detected: slice 0 has rcond = 8.166143359566811e-22.
  Lam_inv = inv(Lam)
D:\project\paper-bench\tasks\astro\2504.04211_pta_normalizing_flows\agent_solution\code\pta_likelihood.py:167: LinAlgWarning: An ill-conditioned matrix detected: slice 0 has rcond = 1.257800649286718e-17.
  Lam_inv = inv(Lam)
D:\project\paper-bench\tasks\astro\2504.04211_pta_normalizing_flows\agent_solution\code\pta_likelihood.py:167: LinAlgWarning: An ill-conditioned matrix detected: slice 0 has rcond = 5.787784148273974e-18.
  Lam_inv = inv(Lam)
D:\project\paper-bench\tasks\astro\2504.04211_pta_normalizing_flows\agent_solution\code\pta_likelihood.py:167: LinAlgWarning: An ill-conditioned matrix detected: slice 0 has rcond = 4.1909668799454743e-22.
  Lam_inv = inv(Lam)
D:\project\paper-bench\tasks\astro\2504.04211_pta_normalizing_flows\agent_solution\code\pta_likelihood.py:167: LinAlgWarning: An ill-conditioned matrix detected: slice 0 has rcond = 1.6677324415285234e-18.
  Lam_inv = inv(Lam)
D:\project\paper-bench\tasks\astro\2504.04211_pta_normalizing_flows\agent_solution\code\pta_likelihood.py:167: LinAlgWarning: An ill-conditioned matrix detected: slice 0 has rcond = 2.0216427602100407e-16.
  Lam_inv = inv(Lam)
D:\project\paper-bench\tasks\astro\2504.04211_pta_normalizing_flows\agent_solution\code\pta_likelihood.py:167: LinAlgWarning: An ill-conditioned matrix detected: slice 0 has rcond = 3.29045249346364e-17.
  Lam_inv = inv(Lam)
D:\project\paper-bench\tasks\astro\2504.04211_pta_normalizing_flows\agent_solution\code\pta_likelihood.py:167: LinAlgWarning: An ill-conditioned matrix detected: slice 0 has rcond = 6.785471114486053e-20.
  Lam_inv = inv(Lam)
D:\project\paper-bench\tasks\astro\2504.04211_pta_normalizing_flows\agent_solution\code\pta_likelihood.py:167: LinAlgWarning: An ill-conditioned matrix detected: slice 0 has rcond = 6.183959794869929e-21.
  Lam_inv = inv(Lam)
D:\project\paper-bench\tasks\astro\2504.04211_pta_normalizing_flows\agent_solution\code\pta_likelihood.py:167: LinAlgWarning: An ill-conditioned matrix detected: slice 0 has rcond = 1.2687289353657851e-16.
  Lam_inv = inv(Lam)
D:\project\paper-bench\tasks\astro\2504.04211_pta_normalizing_flows\agent_solution\code\pta_likelihood.py:167: LinAlgWarning: An ill-conditioned matrix detected: slice 0 has rcond = 2.1965682314349512e-17.
  Lam_inv = inv(Lam)
D:\project\paper-bench\tasks\astro\2504.04211_pta_normalizing_flows\agent_solution\code\pta_likelihood.py:167: LinAlgWarning: An ill-conditioned matrix detected: slice 0 has rcond = 6.757539925276854e-20.
  Lam_inv = inv(Lam)
D:\project\paper-bench\tasks\astro\2504.04211_pta_normalizing_flows\agent_solution\code\pta_likelihood.py:167: LinAlgWarning: An ill-conditioned matrix detected: slice 0 has rcond = 8.381268842423745e-17.
  Lam_inv = inv(Lam)
D:\project\paper-bench\tasks\astro\2504.04211_pta_normalizing_flows\agent_solution\code\pta_likelihood.py:167: LinAlgWarning: An ill-conditioned matrix detected: slice 0 has rcond = 7.824438156495297e-17.
  Lam_inv = inv(Lam)
D:\project\paper-bench\tasks\astro\2504.04211_pta_normalizing_flows\agent_solution\code\pta_likelihood.py:167: LinAlgWarning: An ill-conditioned matrix detected: slice 0 has rcond = 1.0337992870591542e-19.
  Lam_inv = inv(Lam)
D:\project\paper-bench\tasks\astro\2504.04211_pta_normalizing_flows\agent_solution\code\pta_likelihood.py:167: LinAlgWarning: An ill-conditioned matrix detected: slice 0 has rcond = 1.479043921073876e-19.
  Lam_inv = inv(Lam)
D:\project\paper-bench\tasks\astro\2504.04211_pta_normalizing_flows\agent_solution\code\pta_likelihood.py:167: LinAlgWarning: An ill-conditioned matrix detected: slice 0 has rcond = 1.3269663351567247e-16.
  Lam_inv = inv(Lam)
D:\project\paper-bench\tasks\astro\2504.04211_pta_normalizing_flows\agent_solution\code\pta_likelihood.py:167: LinAlgWarning: An ill-conditioned matrix detected: slice 0 has rcond = 4.856763764102426e-17.
  Lam_inv = inv(Lam)
D:\project\paper-bench\tasks\astro\2504.04211_pta_normalizing_flows\agent_solution\code\pta_likelihood.py:167: LinAlgWarning: An ill-conditioned matrix detected: slice 0 has rcond = 3.351761268273403e-17.
  Lam_inv = inv(Lam)
D:\project\paper-bench\tasks\astro\2504.04211_pta_normalizing_flows\agent_solution\code\pta_likelihood.py:167: LinAlgWarning: An ill-conditioned matrix detected: slice 0 has rcond = 3.839124201422901e-17.
  Lam_inv = inv(Lam)
D:\project\paper-bench\tasks\astro\2504.04211_pta_normalizing_flows\agent_solution\code\pta_likelihood.py:167: LinAlgWarning: An ill-conditioned matrix detected: slice 0 has rcond = 2.381018893980166e-19.
  Lam_inv = inv(Lam)
D:\project\paper-bench\tasks\astro\2504.04211_pta_normalizing_flows\agent_solution\code\pta_likelihood.py:167: LinAlgWarning: An ill-conditioned matrix detected: slice 0 has rcond = 1.5098437323766923e-17.
  Lam_inv = inv(Lam)
D:\project\paper-bench\tasks\astro\2504.04211_pta_normalizing_flows\agent_solution\code\pta_likelihood.py:167: LinAlgWarning: An ill-conditioned matrix detected: slice 0 has rcond = 1.5308733913481996e-17.
  Lam_inv = inv(Lam)
D:\project\paper-bench\tasks\astro\2504.04211_pta_normalizing_flows\agent_solution\code\pta_likelihood.py:167: LinAlgWarning: An ill-conditioned matrix detected: slice 0 has rcond = 1.0960079431491232e-20.
  Lam_inv = inv(Lam)
D:\project\paper-bench\tasks\astro\2504.04211_pta_normalizing_flows\agent_solution\code\pta_likelihood.py:167: LinAlgWarning: An ill-conditioned matrix detected: slice 0 has rcond = 6.512382157085653e-17.
  Lam_inv = inv(Lam)
D:\project\paper-bench\tasks\astro\2504.04211_pta_normalizing_flows\agent_solution\code\pta_likelihood.py:167: LinAlgWarning: An ill-conditioned matrix detected: slice 0 has rcond = 1.9598547719405628e-16.
  Lam_inv = inv(Lam)
D:\project\paper-bench\tasks\astro\2504.04211_pta_normalizing_flows\agent_solution\code\pta_likelihood.py:167: LinAlgWarning: An ill-conditioned matrix detected: slice 0 has rcond = 2.8566350955697596e-19.
  Lam_inv = inv(Lam)
D:\project\paper-bench\tasks\astro\2504.04211_pta_normalizing_flows\agent_solution\code\pta_likelihood.py:167: LinAlgWarning: An ill-conditioned matrix detected: slice 0 has rcond = 3.3328438056168713e-20.
  Lam_inv = inv(Lam)
D:\project\paper-bench\tasks\astro\2504.04211_pta_normalizing_flows\agent_solution\code\pta_likelihood.py:167: LinAlgWarning: An ill-conditioned matrix detected: slice 0 has rcond = 6.151477728895691e-17.
  Lam_inv = inv(Lam)
D:\project\paper-bench\tasks\astro\2504.04211_pta_normalizing_flows\agent_solution\code\pta_likelihood.py:167: LinAlgWarning: An ill-conditioned matrix detected: slice 0 has rcond = 1.2967973655068175e-16.
  Lam_inv = inv(Lam)
D:\project\paper-bench\tasks\astro\2504.04211_pta_normalizing_flows\agent_solution\code\pta_likelihood.py:167: LinAlgWarning: An ill-conditioned matrix detected: slice 0 has rcond = 3.927499520198615e-18.
  Lam_inv = inv(Lam)
D:\project\paper-bench\tasks\astro\2504.04211_pta_normalizing_flows\agent_solution\code\pta_likelihood.py:167: LinAlgWarning: An ill-conditioned matrix detected: slice 0 has rcond = 2.602686803423165e-27.
  Lam_inv = inv(Lam)
D:\project\paper-bench\tasks\astro\2504.04211_pta_normalizing_flows\agent_solution\code\pta_likelihood.py:167: LinAlgWarning: An ill-conditioned matrix detected: slice 0 has rcond = 4.9168973237888676e-17.
  Lam_inv = inv(Lam)
D:\project\paper-bench\tasks\astro\2504.04211_pta_normalizing_flows\agent_solution\code\pta_likelihood.py:167: LinAlgWarning: An ill-conditioned matrix detected: slice 0 has rcond = 2.0330723143554495e-18.
  Lam_inv = inv(Lam)
D:\project\paper-bench\tasks\astro\2504.04211_pta_normalizing_flows\agent_solution\code\pta_likelihood.py:167: LinAlgWarning: An ill-conditioned matrix detected: slice 0 has rcond = 9.521961759679883e-18.
  Lam_inv = inv(Lam)
D:\project\paper-bench\tasks\astro\2504.04211_pta_normalizing_flows\agent_solution\code\pta_likelihood.py:167: LinAlgWarning: An ill-conditioned matrix detected: slice 0 has rcond = 2.801191402898973e-19.
  Lam_inv = inv(Lam)
D:\project\paper-bench\tasks\astro\2504.04211_pta_normalizing_flows\agent_solution\code\pta_likelihood.py:167: LinAlgWarning: An ill-conditioned matrix detected: slice 0 has rcond = 1.118885472359967e-16.
  Lam_inv = inv(Lam)
D:\project\paper-bench\tasks\astro\2504.04211_pta_normalizing_flows\agent_solution\code\pta_likelihood.py:167: LinAlgWarning: An ill-conditioned matrix detected: slice 0 has rcond = 7.919352781198507e-18.
  Lam_inv = inv(Lam)
D:\project\paper-bench\tasks\astro\2504.04211_pta_normalizing_flows\agent_solution\code\pta_likelihood.py:167: LinAlgWarning: An ill-conditioned matrix detected: slice 0 has rcond = 8.466248031647422e-17.
  Lam_inv = inv(Lam)
D:\project\paper-bench\tasks\astro\2504.04211_pta_normalizing_flows\agent_solution\code\pta_likelihood.py:167: LinAlgWarning: An ill-conditioned matrix detected: slice 0 has rcond = 3.282329930603876e-17.
  Lam_inv = inv(Lam)
D:\project\paper-bench\tasks\astro\2504.04211_pta_normalizing_flows\agent_solution\code\pta_likelihood.py:167: LinAlgWarning: An ill-conditioned matrix detected: slice 0 has rcond = 1.8682034384349853e-17.
  Lam_inv = inv(Lam)
D:\project\paper-bench\tasks\astro\2504.04211_pta_normalizing_flows\agent_solution\code\pta_likelihood.py:167: LinAlgWarning: An ill-conditioned matrix detected: slice 0 has rcond = 7.38574622043275e-17.
  Lam_inv = inv(Lam)
D:\project\paper-bench\tasks\astro\2504.04211_pta_normalizing_flows\agent_solution\code\pta_likelihood.py:167: LinAlgWarning: An ill-conditioned matrix detected: slice 0 has rcond = 1.2807788295735999e-17.
  Lam_inv = inv(Lam)
D:\project\paper-bench\tasks\astro\2504.04211_pta_normalizing_flows\agent_solution\code\pta_likelihood.py:167: LinAlgWarning: An ill-conditioned matrix detected: slice 0 has rcond = 1.785510840846476e-20.
  Lam_inv = inv(Lam)
D:\project\paper-bench\tasks\astro\2504.04211_pta_normalizing_flows\agent_solution\code\pta_likelihood.py:167: LinAlgWarning: An ill-conditioned matrix detected: slice 0 has rcond = 6.222649176726701e-18.
  Lam_inv = inv(Lam)
D:\project\paper-bench\tasks\astro\2504.04211_pta_normalizing_flows\agent_solution\code\pta_likelihood.py:167: LinAlgWarning: An ill-conditioned matrix detected: slice 0 has rcond = 5.477499685886558e-18.
  Lam_inv = inv(Lam)
D:\project\paper-bench\tasks\astro\2504.04211_pta_normalizing_flows\agent_solution\code\pta_likelihood.py:167: LinAlgWarning: An ill-conditioned matrix detected: slice 0 has rcond = 7.633791332290234e-17.
  Lam_inv = inv(Lam)
D:\project\paper-bench\tasks\astro\2504.04211_pta_normalizing_flows\agent_solution\code\pta_likelihood.py:167: LinAlgWarning: An ill-conditioned matrix detected: slice 0 has rcond = 2.8360213905813834e-20.
  Lam_inv = inv(Lam)
D:\project\paper-bench\tasks\astro\2504.04211_pta_normalizing_flows\agent_solution\code\pta_likelihood.py:167: LinAlgWarning: An ill-conditioned matrix detected: slice 0 has rcond = 1.4162164588849702e-17.
  Lam_inv = inv(Lam)
D:\project\paper-bench\tasks\astro\2504.04211_pta_normalizing_flows\agent_solution\code\pta_likelihood.py:167: LinAlgWarning: An ill-conditioned matrix detected: slice 0 has rcond = 1.960580777261973e-16.
  Lam_inv = inv(Lam)
D:\project\paper-bench\tasks\astro\2504.04211_pta_normalizing_flows\agent_solution\code\pta_likelihood.py:167: LinAlgWarning: An ill-conditioned matrix detected: slice 0 has rcond = 3.357475036723567e-17.
  Lam_inv = inv(Lam)
D:\project\paper-bench\tasks\astro\2504.04211_pta_normalizing_flows\agent_solution\code\pta_likelihood.py:167: LinAlgWarning: An ill-conditioned matrix detected: slice 0 has rcond = 1.4144183525891409e-16.
  Lam_inv = inv(Lam)
D:\project\paper-bench\tasks\astro\2504.04211_pta_normalizing_flows\agent_solution\code\pta_likelihood.py:167: LinAlgWarning: An ill-conditioned matrix detected: slice 0 has rcond = 8.403347574758896e-18.
  Lam_inv = inv(Lam)
D:\project\paper-bench\tasks\astro\2504.04211_pta_normalizing_flows\agent_solution\code\pta_likelihood.py:167: LinAlgWarning: An ill-conditioned matrix detected: slice 0 has rcond = 2.1483340908121948e-16.
  Lam_inv = inv(Lam)
D:\project\paper-bench\tasks\astro\2504.04211_pta_normalizing_flows\agent_solution\code\pta_likelihood.py:167: LinAlgWarning: An ill-conditioned matrix detected: slice 0 has rcond = 1.0128364401617513e-16.
  Lam_inv = inv(Lam)
D:\project\paper-bench\tasks\astro\2504.04211_pta_normalizing_flows\agent_solution\code\pta_likelihood.py:167: LinAlgWarning: An ill-conditioned matrix detected: slice 0 has rcond = 7.146760154034304e-19.
  Lam_inv = inv(Lam)
D:\project\paper-bench\tasks\astro\2504.04211_pta_normalizing_flows\agent_solution\code\pta_likelihood.py:167: LinAlgWarning: An ill-conditioned matrix detected: slice 0 has rcond = 5.537754660720562e-19.
  Lam_inv = inv(Lam)
D:\project\paper-bench\tasks\astro\2504.04211_pta_normalizing_flows\agent_solution\code\pta_likelihood.py:167: LinAlgWarning: An ill-conditioned matrix detected: slice 0 has rcond = 1.0072735091304154e-17.
  Lam_inv = inv(Lam)
D:\project\paper-bench\tasks\astro\2504.04211_pta_normalizing_flows\agent_solution\code\pta_likelihood.py:167: LinAlgWarning: An ill-conditioned matrix detected: slice 0 has rcond = 2.780354447252413e-20.
  Lam_inv = inv(Lam)
D:\project\paper-bench\tasks\astro\2504.04211_pta_normalizing_flows\agent_solution\code\pta_likelihood.py:167: LinAlgWarning: An ill-conditioned matrix detected: slice 0 has rcond = 8.038772596216608e-19.
  Lam_inv = inv(Lam)
D:\project\paper-bench\tasks\astro\2504.04211_pta_normalizing_flows\agent_solution\code\pta_likelihood.py:167: LinAlgWarning: An ill-conditioned matrix detected: slice 0 has rcond = 2.1959004896866625e-16.
  Lam_inv = inv(Lam)
D:\project\paper-bench\tasks\astro\2504.04211_pta_normalizing_flows\agent_solution\code\pta_likelihood.py:167: LinAlgWarning: An ill-conditioned matrix detected: slice 0 has rcond = 2.169735731734157e-16.
  Lam_inv = inv(Lam)
D:\project\paper-bench\tasks\astro\2504.04211_pta_normalizing_flows\agent_solution\code\pta_likelihood.py:167: LinAlgWarning: An ill-conditioned matrix detected: slice 0 has rcond = 2.3157029257227054e-20.
  Lam_inv = inv(Lam)
D:\project\paper-bench\tasks\astro\2504.04211_pta_normalizing_flows\agent_solution\code\pta_likelihood.py:167: LinAlgWarning: An ill-conditioned matrix detected: slice 0 has rcond = 4.664996059439509e-17.
  Lam_inv = inv(Lam)
D:\project\paper-bench\tasks\astro\2504.04211_pta_normalizing_flows\agent_solution\code\pta_likelihood.py:167: LinAlgWarning: An ill-conditioned matrix detected: slice 0 has rcond = 2.4639014843048197e-18.
  Lam_inv = inv(Lam)
D:\project\paper-bench\tasks\astro\2504.04211_pta_normalizing_flows\agent_solution\code\pta_likelihood.py:167: LinAlgWarning: An ill-conditioned matrix detected: slice 0 has rcond = 4.266332530797623e-17.
  Lam_inv = inv(Lam)
D:\project\paper-bench\tasks\astro\2504.04211_pta_normalizing_flows\agent_solution\code\pta_likelihood.py:167: LinAlgWarning: An ill-conditioned matrix detected: slice 0 has rcond = 9.114513236170503e-17.
  Lam_inv = inv(Lam)
D:\project\paper-bench\tasks\astro\2504.04211_pta_normalizing_flows\agent_solution\code\pta_likelihood.py:167: LinAlgWarning: An ill-conditioned matrix detected: slice 0 has rcond = 8.104686639568328e-21.
  Lam_inv = inv(Lam)
D:\project\paper-bench\tasks\astro\2504.04211_pta_normalizing_flows\agent_solution\code\pta_likelihood.py:167: LinAlgWarning: An ill-conditioned matrix detected: slice 0 has rcond = 1.979412406403952e-18.
  Lam_inv = inv(Lam)
D:\project\paper-bench\tasks\astro\2504.04211_pta_normalizing_flows\agent_solution\code\pta_likelihood.py:167: LinAlgWarning: An ill-conditioned matrix detected: slice 0 has rcond = 1.4909721200515584e-17.
  Lam_inv = inv(Lam)
D:\project\paper-bench\tasks\astro\2504.04211_pta_normalizing_flows\agent_solution\code\pta_likelihood.py:167: LinAlgWarning: An ill-conditioned matrix detected: slice 0 has rcond = 1.395769845251948e-16.
  Lam_inv = inv(Lam)
D:\project\paper-bench\tasks\astro\2504.04211_pta_normalizing_flows\agent_solution\code\pta_likelihood.py:167: LinAlgWarning: An ill-conditioned matrix detected: slice 0 has rcond = 3.521233743484816e-18.
  Lam_inv = inv(Lam)
D:\project\paper-bench\tasks\astro\2504.04211_pta_normalizing_flows\agent_solution\code\pta_likelihood.py:167: LinAlgWarning: An ill-conditioned matrix detected: slice 0 has rcond = 2.4279677572457945e-19.
  Lam_inv = inv(Lam)
D:\project\paper-bench\tasks\astro\2504.04211_pta_normalizing_flows\agent_solution\code\pta_likelihood.py:167: LinAlgWarning: An ill-conditioned matrix detected: slice 0 has rcond = 9.126676731758692e-20.
  Lam_inv = inv(Lam)
D:\project\paper-bench\tasks\astro\2504.04211_pta_normalizing_flows\agent_solution\code\pta_likelihood.py:167: LinAlgWarning: An ill-conditioned matrix detected: slice 0 has rcond = 3.06912371666704e-21.
  Lam_inv = inv(Lam)
D:\project\paper-bench\tasks\astro\2504.04211_pta_normalizing_flows\agent_solution\code\pta_likelihood.py:167: LinAlgWarning: An ill-conditioned matrix detected: slice 0 has rcond = 8.776545142754023e-17.
  Lam_inv = inv(Lam)
D:\project\paper-bench\tasks\astro\2504.04211_pta_normalizing_flows\agent_solution\code\pta_likelihood.py:167: LinAlgWarning: An ill-conditioned matrix detected: slice 0 has rcond = 3.084481018113362e-18.
  Lam_inv = inv(Lam)
D:\project\paper-bench\tasks\astro\2504.04211_pta_normalizing_flows\agent_solution\code\pta_likelihood.py:167: LinAlgWarning: An ill-conditioned matrix detected: slice 0 has rcond = 4.5827368820747674e-17.
  Lam_inv = inv(Lam)
D:\project\paper-bench\tasks\astro\2504.04211_pta_normalizing_flows\agent_solution\code\pta_likelihood.py:167: LinAlgWarning: An ill-conditioned matrix detected: slice 0 has rcond = 2.31932103683573e-19.
  Lam_inv = inv(Lam)
D:\project\paper-bench\tasks\astro\2504.04211_pta_normalizing_flows\agent_solution\code\pta_likelihood.py:167: LinAlgWarning: An ill-conditioned matrix detected: slice 0 has rcond = 2.3453456670206487e-18.
  Lam_inv = inv(Lam)
D:\project\paper-bench\tasks\astro\2504.04211_pta_normalizing_flows\agent_solution\code\pta_likelihood.py:167: LinAlgWarning: An ill-conditioned matrix detected: slice 0 has rcond = 1.9729766686576576e-16.
  Lam_inv = inv(Lam)
D:\project\paper-bench\tasks\astro\2504.04211_pta_normalizing_flows\agent_solution\code\pta_likelihood.py:167: LinAlgWarning: An ill-conditioned matrix detected: slice 0 has rcond = 1.8621063004368861e-19.
  Lam_inv = inv(Lam)
D:\project\paper-bench\tasks\astro\2504.04211_pta_normalizing_flows\agent_solution\code\pta_likelihood.py:167: LinAlgWarning: An ill-conditioned matrix detected: slice 0 has rcond = 3.864757361597414e-19.
  Lam_inv = inv(Lam)
D:\project\paper-bench\tasks\astro\2504.04211_pta_normalizing_flows\agent_solution\code\pta_likelihood.py:167: LinAlgWarning: An ill-conditioned matrix detected: slice 0 has rcond = 1.5107652234409223e-17.
  Lam_inv = inv(Lam)
D:\project\paper-bench\tasks\astro\2504.04211_pta_normalizing_flows\agent_solution\code\pta_likelihood.py:167: LinAlgWarning: An ill-conditioned matrix detected: slice 0 has rcond = 3.557732179121202e-17.
  Lam_inv = inv(Lam)
D:\project\paper-bench\tasks\astro\2504.04211_pta_normalizing_flows\agent_solution\code\pta_likelihood.py:167: LinAlgWarning: An ill-conditioned matrix detected: slice 0 has rcond = 6.648319404614425e-18.
  Lam_inv = inv(Lam)
D:\project\paper-bench\tasks\astro\2504.04211_pta_normalizing_flows\agent_solution\code\pta_likelihood.py:167: LinAlgWarning: An ill-conditioned matrix detected: slice 0 has rcond = 1.1418478336280962e-17.
  Lam_inv = inv(Lam)
D:\project\paper-bench\tasks\astro\2504.04211_pta_normalizing_flows\agent_solution\code\pta_likelihood.py:167: LinAlgWarning: An ill-conditioned matrix detected: slice 0 has rcond = 7.432252311147776e-18.
  Lam_inv = inv(Lam)
D:\project\paper-bench\tasks\astro\2504.04211_pta_normalizing_flows\agent_solution\code\pta_likelihood.py:167: LinAlgWarning: An ill-conditioned matrix detected: slice 0 has rcond = 5.965918867161669e-19.
  Lam_inv = inv(Lam)
D:\project\paper-bench\tasks\astro\2504.04211_pta_normalizing_flows\agent_solution\code\pta_likelihood.py:167: LinAlgWarning: An ill-conditioned matrix detected: slice 0 has rcond = 6.3764724235507954e-21.
  Lam_inv = inv(Lam)
D:\project\paper-bench\tasks\astro\2504.04211_pta_normalizing_flows\agent_solution\code\pta_likelihood.py:167: LinAlgWarning: An ill-conditioned matrix detected: slice 0 has rcond = 1.4075486731512089e-16.
  Lam_inv = inv(Lam)
D:\project\paper-bench\tasks\astro\2504.04211_pta_normalizing_flows\agent_solution\code\pta_likelihood.py:167: LinAlgWarning: An ill-conditioned matrix detected: slice 0 has rcond = 2.4544976189453694e-18.
  Lam_inv = inv(Lam)
D:\project\paper-bench\tasks\astro\2504.04211_pta_normalizing_flows\agent_solution\code\pta_likelihood.py:167: LinAlgWarning: An ill-conditioned matrix detected: slice 0 has rcond = 2.183516064271521e-19.
  Lam_inv = inv(Lam)
D:\project\paper-bench\tasks\astro\2504.04211_pta_normalizing_flows\agent_solution\code\pta_likelihood.py:167: LinAlgWarning: An ill-conditioned matrix detected: slice 0 has rcond = 1.683788128594925e-16.
  Lam_inv = inv(Lam)
D:\project\paper-bench\tasks\astro\2504.04211_pta_normalizing_flows\agent_solution\code\pta_likelihood.py:167: LinAlgWarning: An ill-conditioned matrix detected: slice 0 has rcond = 1.507066037290779e-16.
  Lam_inv = inv(Lam)
D:\project\paper-bench\tasks\astro\2504.04211_pta_normalizing_flows\agent_solution\code\pta_likelihood.py:167: LinAlgWarning: An ill-conditioned matrix detected: slice 0 has rcond = 1.3436127737203788e-16.
  Lam_inv = inv(Lam)
D:\project\paper-bench\tasks\astro\2504.04211_pta_normalizing_flows\agent_solution\code\pta_likelihood.py:167: LinAlgWarning: An ill-conditioned matrix detected: slice 0 has rcond = 1.3507141921818946e-20.
  Lam_inv = inv(Lam)
D:\project\paper-bench\tasks\astro\2504.04211_pta_normalizing_flows\agent_solution\code\pta_likelihood.py:167: LinAlgWarning: An ill-conditioned matrix detected: slice 0 has rcond = 6.909175934795463e-17.
  Lam_inv = inv(Lam)
D:\project\paper-bench\tasks\astro\2504.04211_pta_normalizing_flows\agent_solution\code\pta_likelihood.py:167: LinAlgWarning: An ill-conditioned matrix detected: slice 0 has rcond = 3.3183872389943647e-21.
  Lam_inv = inv(Lam)
D:\project\paper-bench\tasks\astro\2504.04211_pta_normalizing_flows\agent_solution\code\pta_likelihood.py:167: LinAlgWarning: An ill-conditioned matrix detected: slice 0 has rcond = 1.4465407258914288e-16.
  Lam_inv = inv(Lam)
D:\project\paper-bench\tasks\astro\2504.04211_pta_normalizing_flows\agent_solution\code\pta_likelihood.py:167: LinAlgWarning: An ill-conditioned matrix detected: slice 0 has rcond = 8.878707387304203e-17.
  Lam_inv = inv(Lam)
D:\project\paper-bench\tasks\astro\2504.04211_pta_normalizing_flows\agent_solution\code\pta_likelihood.py:167: LinAlgWarning: An ill-conditioned matrix detected: slice 0 has rcond = 1.6448854225596136e-17.
  Lam_inv = inv(Lam)
D:\project\paper-bench\tasks\astro\2504.04211_pta_normalizing_flows\agent_solution\code\pta_likelihood.py:167: LinAlgWarning: An ill-conditioned matrix detected: slice 0 has rcond = 1.5218955311707966e-18.
  Lam_inv = inv(Lam)
D:\project\paper-bench\tasks\astro\2504.04211_pta_normalizing_flows\agent_solution\code\pta_likelihood.py:167: LinAlgWarning: An ill-conditioned matrix detected: slice 0 has rcond = 1.1214291922589994e-18.
  Lam_inv = inv(Lam)
D:\project\paper-bench\tasks\astro\2504.04211_pta_normalizing_flows\agent_solution\code\pta_likelihood.py:167: LinAlgWarning: An ill-conditioned matrix detected: slice 0 has rcond = 1.5280113909110472e-16.
  Lam_inv = inv(Lam)
D:\project\paper-bench\tasks\astro\2504.04211_pta_normalizing_flows\agent_solution\code\pta_likelihood.py:167: LinAlgWarning: An ill-conditioned matrix detected: slice 0 has rcond = 3.922100297620012e-19.
  Lam_inv = inv(Lam)
D:\project\paper-bench\tasks\astro\2504.04211_pta_normalizing_flows\agent_solution\code\pta_likelihood.py:167: LinAlgWarning: An ill-conditioned matrix detected: slice 0 has rcond = 5.707736177810175e-17.
  Lam_inv = inv(Lam)
D:\project\paper-bench\tasks\astro\2504.04211_pta_normalizing_flows\agent_solution\code\pta_likelihood.py:167: LinAlgWarning: An ill-conditioned matrix detected: slice 0 has rcond = 7.856686991543058e-18.
  Lam_inv = inv(Lam)
D:\project\paper-bench\tasks\astro\2504.04211_pta_normalizing_flows\agent_solution\code\pta_likelihood.py:167: LinAlgWarning: An ill-conditioned matrix detected: slice 0 has rcond = 9.810602455477053e-21.
  Lam_inv = inv(Lam)
D:\project\paper-bench\tasks\astro\2504.04211_pta_normalizing_flows\agent_solution\code\pta_likelihood.py:167: LinAlgWarning: An ill-conditioned matrix detected: slice 0 has rcond = 9.63943497920684e-18.
  Lam_inv = inv(Lam)
D:\project\paper-bench\tasks\astro\2504.04211_pta_normalizing_flows\agent_solution\code\pta_likelihood.py:167: LinAlgWarning: An ill-conditioned matrix detected: slice 0 has rcond = 1.479997114002536e-17.
  Lam_inv = inv(Lam)
D:\project\paper-bench\tasks\astro\2504.04211_pta_normalizing_flows\agent_solution\code\pta_likelihood.py:167: LinAlgWarning: An ill-conditioned matrix detected: slice 0 has rcond = 1.9948500475348903e-16.
  Lam_inv = inv(Lam)
D:\project\paper-bench\tasks\astro\2504.04211_pta_normalizing_flows\agent_solution\code\pta_likelihood.py:167: LinAlgWarning: An ill-conditioned matrix detected: slice 0 has rcond = 1.5607443347000136e-18.
  Lam_inv = inv(Lam)
D:\project\paper-bench\tasks\astro\2504.04211_pta_normalizing_flows\agent_solution\code\pta_likelihood.py:167: LinAlgWarning: An ill-conditioned matrix detected: slice 0 has rcond = 2.7222119399987195e-18.
  Lam_inv = inv(Lam)
D:\project\paper-bench\tasks\astro\2504.04211_pta_normalizing_flows\agent_solution\code\pta_likelihood.py:167: LinAlgWarning: An ill-conditioned matrix detected: slice 0 has rcond = 6.413216458970928e-19.
  Lam_inv = inv(Lam)
D:\project\paper-bench\tasks\astro\2504.04211_pta_normalizing_flows\agent_solution\code\pta_likelihood.py:167: LinAlgWarning: An ill-conditioned matrix detected: slice 0 has rcond = 5.494394950295004e-17.
  Lam_inv = inv(Lam)
D:\project\paper-bench\tasks\astro\2504.04211_pta_normalizing_flows\agent_solution\code\pta_likelihood.py:167: LinAlgWarning: An ill-conditioned matrix detected: slice 0 has rcond = 1.9280799661446746e-16.
  Lam_inv = inv(Lam)
D:\project\paper-bench\tasks\astro\2504.04211_pta_normalizing_flows\agent_solution\code\pta_likelihood.py:167: LinAlgWarning: An ill-conditioned matrix detected: slice 0 has rcond = 1.6006257171145135e-16.
  Lam_inv = inv(Lam)
D:\project\paper-bench\tasks\astro\2504.04211_pta_normalizing_flows\agent_solution\code\pta_likelihood.py:167: LinAlgWarning: An ill-conditioned matrix detected: slice 0 has rcond = 1.5199218839700688e-17.
  Lam_inv = inv(Lam)
D:\project\paper-bench\tasks\astro\2504.04211_pta_normalizing_flows\agent_solution\code\pta_likelihood.py:167: LinAlgWarning: An ill-conditioned matrix detected: slice 0 has rcond = 1.7141682992974951e-18.
  Lam_inv = inv(Lam)
D:\project\paper-bench\tasks\astro\2504.04211_pta_normalizing_flows\agent_solution\code\pta_likelihood.py:167: LinAlgWarning: An ill-conditioned matrix detected: slice 0 has rcond = 6.522630615189093e-22.
  Lam_inv = inv(Lam)
D:\project\paper-bench\tasks\astro\2504.04211_pta_normalizing_flows\agent_solution\code\pta_likelihood.py:167: LinAlgWarning: An ill-conditioned matrix detected: slice 0 has rcond = 1.532050514208495e-16.
  Lam_inv = inv(Lam)
D:\project\paper-bench\tasks\astro\2504.04211_pta_normalizing_flows\agent_solution\code\pta_likelihood.py:167: LinAlgWarning: An ill-conditioned matrix detected: slice 0 has rcond = 1.0462140845440377e-16.
  Lam_inv = inv(Lam)
D:\project\paper-bench\tasks\astro\2504.04211_pta_normalizing_flows\agent_solution\code\pta_likelihood.py:167: LinAlgWarning: An ill-conditioned matrix detected: slice 0 has rcond = 7.147756186924854e-17.
  Lam_inv = inv(Lam)
D:\project\paper-bench\tasks\astro\2504.04211_pta_normalizing_flows\agent_solution\code\pta_likelihood.py:167: LinAlgWarning: An ill-conditioned matrix detected: slice 0 has rcond = 4.850948381703798e-20.
  Lam_inv = inv(Lam)
D:\project\paper-bench\tasks\astro\2504.04211_pta_normalizing_flows\agent_solution\code\pta_likelihood.py:167: LinAlgWarning: An ill-conditioned matrix detected: slice 0 has rcond = 7.856613090553664e-20.
  Lam_inv = inv(Lam)
D:\project\paper-bench\tasks\astro\2504.04211_pta_normalizing_flows\agent_solution\code\pta_likelihood.py:167: LinAlgWarning: An ill-conditioned matrix detected: slice 0 has rcond = 4.2246827916881675e-19.
  Lam_inv = inv(Lam)
D:\project\paper-bench\tasks\astro\2504.04211_pta_normalizing_flows\agent_solution\code\pta_likelihood.py:167: LinAlgWarning: An ill-conditioned matrix detected: slice 0 has rcond = 1.0865939490969958e-19.
  Lam_inv = inv(Lam)
D:\project\paper-bench\tasks\astro\2504.04211_pta_normalizing_flows\agent_solution\code\pta_likelihood.py:167: LinAlgWarning: An ill-conditioned matrix detected: slice 0 has rcond = 6.16758574723045e-17.
  Lam_inv = inv(Lam)
D:\project\paper-bench\tasks\astro\2504.04211_pta_normalizing_flows\agent_solution\code\pta_likelihood.py:167: LinAlgWarning: An ill-conditioned matrix detected: slice 0 has rcond = 3.350469597595691e-21.
  Lam_inv = inv(Lam)
D:\project\paper-bench\tasks\astro\2504.04211_pta_normalizing_flows\agent_solution\code\pta_likelihood.py:167: LinAlgWarning: An ill-conditioned matrix detected: slice 0 has rcond = 3.817190322870978e-19.
  Lam_inv = inv(Lam)
D:\project\paper-bench\tasks\astro\2504.04211_pta_normalizing_flows\agent_solution\code\pta_likelihood.py:167: LinAlgWarning: An ill-conditioned matrix detected: slice 0 has rcond = 1.3990645039396203e-16.
  Lam_inv = inv(Lam)
D:\project\paper-bench\tasks\astro\2504.04211_pta_normalizing_flows\agent_solution\code\pta_likelihood.py:167: LinAlgWarning: An ill-conditioned matrix detected: slice 0 has rcond = 3.825264306260673e-17.
  Lam_inv = inv(Lam)
D:\project\paper-bench\tasks\astro\2504.04211_pta_normalizing_flows\agent_solution\code\pta_likelihood.py:167: LinAlgWarning: An ill-conditioned matrix detected: slice 0 has rcond = 6.709427067864829e-18.
  Lam_inv = inv(Lam)
D:\project\paper-bench\tasks\astro\2504.04211_pta_normalizing_flows\agent_solution\code\pta_likelihood.py:167: LinAlgWarning: An ill-conditioned matrix detected: slice 0 has rcond = 3.029221628953525e-18.
  Lam_inv = inv(Lam)
D:\project\paper-bench\tasks\astro\2504.04211_pta_normalizing_flows\agent_solution\code\pta_likelihood.py:167: LinAlgWarning: An ill-conditioned matrix detected: slice 0 has rcond = 8.628142666601392e-18.
  Lam_inv = inv(Lam)
D:\project\paper-bench\tasks\astro\2504.04211_pta_normalizing_flows\agent_solution\code\pta_likelihood.py:167: LinAlgWarning: An ill-conditioned matrix detected: slice 0 has rcond = 4.5679824557677356e-17.
  Lam_inv = inv(Lam)
D:\project\paper-bench\tasks\astro\2504.04211_pta_normalizing_flows\agent_solution\code\pta_likelihood.py:167: LinAlgWarning: An ill-conditioned matrix detected: slice 0 has rcond = 5.528785033630672e-19.
  Lam_inv = inv(Lam)
D:\project\paper-bench\tasks\astro\2504.04211_pta_normalizing_flows\agent_solution\code\pta_likelihood.py:167: LinAlgWarning: An ill-conditioned matrix detected: slice 0 has rcond = 2.0971553620568392e-17.
  Lam_inv = inv(Lam)
D:\project\paper-bench\tasks\astro\2504.04211_pta_normalizing_flows\agent_solution\code\pta_likelihood.py:167: LinAlgWarning: An ill-conditioned matrix detected: slice 0 has rcond = 3.723858535843179e-18.
  Lam_inv = inv(Lam)
D:\project\paper-bench\tasks\astro\2504.04211_pta_normalizing_flows\agent_solution\code\pta_likelihood.py:167: LinAlgWarning: An ill-conditioned matrix detected: slice 0 has rcond = 4.1277803395801597e-25.
  Lam_inv = inv(Lam)
D:\project\paper-bench\tasks\astro\2504.04211_pta_normalizing_flows\agent_solution\code\pta_likelihood.py:167: LinAlgWarning: An ill-conditioned matrix detected: slice 0 has rcond = 6.57166665110063e-18.
  Lam_inv = inv(Lam)
D:\project\paper-bench\tasks\astro\2504.04211_pta_normalizing_flows\agent_solution\code\pta_likelihood.py:167: LinAlgWarning: An ill-conditioned matrix detected: slice 0 has rcond = 1.5216273618647402e-17.
  Lam_inv = inv(Lam)
D:\project\paper-bench\tasks\astro\2504.04211_pta_normalizing_flows\agent_solution\code\pta_likelihood.py:167: LinAlgWarning: An ill-conditioned matrix detected: slice 0 has rcond = 1.9646658817861687e-16.
  Lam_inv = inv(Lam)
D:\project\paper-bench\tasks\astro\2504.04211_pta_normalizing_flows\agent_solution\code\pta_likelihood.py:167: LinAlgWarning: An ill-conditioned matrix detected: slice 0 has rcond = 9.731666968920349e-17.
  Lam_inv = inv(Lam)
D:\project\paper-bench\tasks\astro\2504.04211_pta_normalizing_flows\agent_solution\code\pta_likelihood.py:167: LinAlgWarning: An ill-conditioned matrix detected: slice 0 has rcond = 3.332658870472111e-19.
  Lam_inv = inv(Lam)
D:\project\paper-bench\tasks\astro\2504.04211_pta_normalizing_flows\agent_solution\code\pta_likelihood.py:167: LinAlgWarning: An ill-conditioned matrix detected: slice 0 has rcond = 1.5211329550908738e-25.
  Lam_inv = inv(Lam)
D:\project\paper-bench\tasks\astro\2504.04211_pta_normalizing_flows\agent_solution\code\pta_likelihood.py:167: LinAlgWarning: An ill-conditioned matrix detected: slice 0 has rcond = 5.59809088019592e-17.
  Lam_inv = inv(Lam)
D:\project\paper-bench\tasks\astro\2504.04211_pta_normalizing_flows\agent_solution\code\pta_likelihood.py:167: LinAlgWarning: An ill-conditioned matrix detected: slice 0 has rcond = 1.930068434078203e-17.
  Lam_inv = inv(Lam)
D:\project\paper-bench\tasks\astro\2504.04211_pta_normalizing_flows\agent_solution\code\pta_likelihood.py:167: LinAlgWarning: An ill-conditioned matrix detected: slice 0 has rcond = 2.1092937106053972e-16.
  Lam_inv = inv(Lam)
D:\project\paper-bench\tasks\astro\2504.04211_pta_normalizing_flows\agent_solution\code\pta_likelihood.py:167: LinAlgWarning: An ill-conditioned matrix detected: slice 0 has rcond = 1.9570255727834053e-16.
  Lam_inv = inv(Lam)
D:\project\paper-bench\tasks\astro\2504.04211_pta_normalizing_flows\agent_solution\code\pta_likelihood.py:167: LinAlgWarning: An ill-conditioned matrix detected: slice 0 has rcond = 6.179208350142523e-17.
  Lam_inv = inv(Lam)
D:\project\paper-bench\tasks\astro\2504.04211_pta_normalizing_flows\agent_solution\code\pta_likelihood.py:167: LinAlgWarning: An ill-conditioned matrix detected: slice 0 has rcond = 2.3364131077240067e-17.
  Lam_inv = inv(Lam)
D:\project\paper-bench\tasks\astro\2504.04211_pta_normalizing_flows\agent_solution\code\pta_likelihood.py:167: LinAlgWarning: An ill-conditioned matrix detected: slice 0 has rcond = 8.805487564065536e-17.
  Lam_inv = inv(Lam)
D:\project\paper-bench\tasks\astro\2504.04211_pta_normalizing_flows\agent_solution\code\pta_likelihood.py:167: LinAlgWarning: An ill-conditioned matrix detected: slice 0 has rcond = 1.9245114665280053e-16.
  Lam_inv = inv(Lam)
D:\project\paper-bench\tasks\astro\2504.04211_pta_normalizing_flows\agent_solution\code\pta_likelihood.py:167: LinAlgWarning: An ill-conditioned matrix detected: slice 0 has rcond = 5.362440270863071e-19.
  Lam_inv = inv(Lam)
D:\project\paper-bench\tasks\astro\2504.04211_pta_normalizing_flows\agent_solution\code\pta_likelihood.py:167: LinAlgWarning: An ill-conditioned matrix detected: slice 0 has rcond = 8.479670135330207e-17.
  Lam_inv = inv(Lam)
D:\project\paper-bench\tasks\astro\2504.04211_pta_normalizing_flows\agent_solution\code\pta_likelihood.py:167: LinAlgWarning: An ill-conditioned matrix detected: slice 0 has rcond = 1.122799330623056e-16.
  Lam_inv = inv(Lam)
D:\project\paper-bench\tasks\astro\2504.04211_pta_normalizing_flows\agent_solution\code\pta_likelihood.py:167: LinAlgWarning: An ill-conditioned matrix detected: slice 0 has rcond = 4.78696285140455e-17.
  Lam_inv = inv(Lam)
D:\project\paper-bench\tasks\astro\2504.04211_pta_normalizing_flows\agent_solution\code\pta_likelihood.py:167: LinAlgWarning: An ill-conditioned matrix detected: slice 0 has rcond = 3.435174460020747e-17.
  Lam_inv = inv(Lam)
D:\project\paper-bench\tasks\astro\2504.04211_pta_normalizing_flows\agent_solution\code\pta_likelihood.py:167: LinAlgWarning: An ill-conditioned matrix detected: slice 0 has rcond = 7.791033812933891e-17.
  Lam_inv = inv(Lam)
D:\project\paper-bench\tasks\astro\2504.04211_pta_normalizing_flows\agent_solution\code\pta_likelihood.py:167: LinAlgWarning: An ill-conditioned matrix detected: slice 0 has rcond = 2.7396214973737316e-17.
  Lam_inv = inv(Lam)
D:\project\paper-bench\tasks\astro\2504.04211_pta_normalizing_flows\agent_solution\code\pta_likelihood.py:167: LinAlgWarning: An ill-conditioned matrix detected: slice 0 has rcond = 1.4780682708156114e-16.
  Lam_inv = inv(Lam)
D:\project\paper-bench\tasks\astro\2504.04211_pta_normalizing_flows\agent_solution\code\pta_likelihood.py:167: LinAlgWarning: An ill-conditioned matrix detected: slice 0 has rcond = 7.697605742270813e-17.
  Lam_inv = inv(Lam)
D:\project\paper-bench\tasks\astro\2504.04211_pta_normalizing_flows\agent_solution\code\pta_likelihood.py:167: LinAlgWarning: An ill-conditioned matrix detected: slice 0 has rcond = 2.844623944078198e-19.
  Lam_inv = inv(Lam)
D:\project\paper-bench\tasks\astro\2504.04211_pta_normalizing_flows\agent_solution\code\pta_likelihood.py:167: LinAlgWarning: An ill-conditioned matrix detected: slice 0 has rcond = 1.5416418470161162e-17.
  Lam_inv = inv(Lam)
D:\project\paper-bench\tasks\astro\2504.04211_pta_normalizing_flows\agent_solution\code\pta_likelihood.py:167: LinAlgWarning: An ill-conditioned matrix detected: slice 0 has rcond = 1.1047385077491027e-16.
  Lam_inv = inv(Lam)
D:\project\paper-bench\tasks\astro\2504.04211_pta_normalizing_flows\agent_solution\code\pta_likelihood.py:167: LinAlgWarning: An ill-conditioned matrix detected: slice 0 has rcond = 2.609556794752134e-17.
  Lam_inv = inv(Lam)
D:\project\paper-bench\tasks\astro\2504.04211_pta_normalizing_flows\agent_solution\code\pta_likelihood.py:167: LinAlgWarning: An ill-conditioned matrix detected: slice 0 has rcond = 6.794937588395075e-17.
  Lam_inv = inv(Lam)
D:\project\paper-bench\tasks\astro\2504.04211_pta_normalizing_flows\agent_solution\code\pta_likelihood.py:167: LinAlgWarning: An ill-conditioned matrix detected: slice 0 has rcond = 1.859983816409136e-16.
  Lam_inv = inv(Lam)
D:\project\paper-bench\tasks\astro\2504.04211_pta_normalizing_flows\agent_solution\code\pta_likelihood.py:167: LinAlgWarning: An ill-conditioned matrix detected: slice 0 has rcond = 1.6622829284523683e-21.
  Lam_inv = inv(Lam)
D:\project\paper-bench\tasks\astro\2504.04211_pta_normalizing_flows\agent_solution\code\pta_likelihood.py:167: LinAlgWarning: An ill-conditioned matrix detected: slice 0 has rcond = 5.520842159554133e-19.
  Lam_inv = inv(Lam)
D:\project\paper-bench\tasks\astro\2504.04211_pta_normalizing_flows\agent_solution\code\pta_likelihood.py:167: LinAlgWarning: An ill-conditioned matrix detected: slice 0 has rcond = 2.2031100704625798e-17.
  Lam_inv = inv(Lam)
D:\project\paper-bench\tasks\astro\2504.04211_pta_normalizing_flows\agent_solution\code\pta_likelihood.py:167: LinAlgWarning: An ill-conditioned matrix detected: slice 0 has rcond = 2.8594210176222115e-17.
  Lam_inv = inv(Lam)
D:\project\paper-bench\tasks\astro\2504.04211_pta_normalizing_flows\agent_solution\code\pta_likelihood.py:167: LinAlgWarning: An ill-conditioned matrix detected: slice 0 has rcond = 2.286631351833348e-17.
  Lam_inv = inv(Lam)
D:\project\paper-bench\tasks\astro\2504.04211_pta_normalizing_flows\agent_solution\code\pta_likelihood.py:167: LinAlgWarning: An ill-conditioned matrix detected: slice 0 has rcond = 1.6623068586104628e-16.
  Lam_inv = inv(Lam)
D:\project\paper-bench\tasks\astro\2504.04211_pta_normalizing_flows\agent_solution\code\pta_likelihood.py:167: LinAlgWarning: An ill-conditioned matrix detected: slice 0 has rcond = 1.2194931573953912e-16.
  Lam_inv = inv(Lam)
D:\project\paper-bench\tasks\astro\2504.04211_pta_normalizing_flows\agent_solution\code\pta_likelihood.py:167: LinAlgWarning: An ill-conditioned matrix detected: slice 0 has rcond = 2.5119493180796733e-18.
  Lam_inv = inv(Lam)
D:\project\paper-bench\tasks\astro\2504.04211_pta_normalizing_flows\agent_solution\code\pta_likelihood.py:167: LinAlgWarning: An ill-conditioned matrix detected: slice 0 has rcond = 1.6448543336064714e-19.
  Lam_inv = inv(Lam)
D:\project\paper-bench\tasks\astro\2504.04211_pta_normalizing_flows\agent_solution\code\pta_likelihood.py:167: LinAlgWarning: An ill-conditioned matrix detected: slice 0 has rcond = 1.750106459149345e-18.
  Lam_inv = inv(Lam)
D:\project\paper-bench\tasks\astro\2504.04211_pta_normalizing_flows\agent_solution\code\pta_likelihood.py:167: LinAlgWarning: An ill-conditioned matrix detected: slice 0 has rcond = 1.3175173759120007e-18.
  Lam_inv = inv(Lam)
D:\project\paper-bench\tasks\astro\2504.04211_pta_normalizing_flows\agent_solution\code\pta_likelihood.py:167: LinAlgWarning: An ill-conditioned matrix detected: slice 0 has rcond = 1.7339408473820455e-16.
  Lam_inv = inv(Lam)
D:\project\paper-bench\tasks\astro\2504.04211_pta_normalizing_flows\agent_solution\code\pta_likelihood.py:167: LinAlgWarning: An ill-conditioned matrix detected: slice 0 has rcond = 1.2391884775596791e-17.
  Lam_inv = inv(Lam)
D:\project\paper-bench\tasks\astro\2504.04211_pta_normalizing_flows\agent_solution\code\pta_likelihood.py:167: LinAlgWarning: An ill-conditioned matrix detected: slice 0 has rcond = 6.028173145448636e-19.
  Lam_inv = inv(Lam)
D:\project\paper-bench\tasks\astro\2504.04211_pta_normalizing_flows\agent_solution\code\pta_likelihood.py:167: LinAlgWarning: An ill-conditioned matrix detected: slice 0 has rcond = 2.092655787605708e-19.
  Lam_inv = inv(Lam)
D:\project\paper-bench\tasks\astro\2504.04211_pta_normalizing_flows\agent_solution\code\pta_likelihood.py:167: LinAlgWarning: An ill-conditioned matrix detected: slice 0 has rcond = 2.2393237006249385e-20.
  Lam_inv = inv(Lam)
D:\project\paper-bench\tasks\astro\2504.04211_pta_normalizing_flows\agent_solution\code\pta_likelihood.py:167: LinAlgWarning: An ill-conditioned matrix detected: slice 0 has rcond = 4.230678991613459e-17.
  Lam_inv = inv(Lam)
D:\project\paper-bench\tasks\astro\2504.04211_pta_normalizing_flows\agent_solution\code\pta_likelihood.py:167: LinAlgWarning: An ill-conditioned matrix detected: slice 0 has rcond = 1.1857047852899038e-17.
  Lam_inv = inv(Lam)
D:\project\paper-bench\tasks\astro\2504.04211_pta_normalizing_flows\agent_solution\code\pta_likelihood.py:167: LinAlgWarning: An ill-conditioned matrix detected: slice 0 has rcond = 1.1626249701975427e-20.
  Lam_inv = inv(Lam)
D:\project\paper-bench\tasks\astro\2504.04211_pta_normalizing_flows\agent_solution\code\pta_likelihood.py:167: LinAlgWarning: An ill-conditioned matrix detected: slice 0 has rcond = 6.033390400895832e-17.
  Lam_inv = inv(Lam)
D:\project\paper-bench\tasks\astro\2504.04211_pta_normalizing_flows\agent_solution\code\pta_likelihood.py:167: LinAlgWarning: An ill-conditioned matrix detected: slice 0 has rcond = 2.2765025213627734e-19.
  Lam_inv = inv(Lam)
D:\project\paper-bench\tasks\astro\2504.04211_pta_normalizing_flows\agent_solution\code\pta_likelihood.py:167: LinAlgWarning: An ill-conditioned matrix detected: slice 0 has rcond = 4.2346761374742813e-17.
  Lam_inv = inv(Lam)
D:\project\paper-bench\tasks\astro\2504.04211_pta_normalizing_flows\agent_solution\code\pta_likelihood.py:167: LinAlgWarning: An ill-conditioned matrix detected: slice 0 has rcond = 1.6178548855415396e-20.
  Lam_inv = inv(Lam)
D:\project\paper-bench\tasks\astro\2504.04211_pta_normalizing_flows\agent_solution\code\pta_likelihood.py:167: LinAlgWarning: An ill-conditioned matrix detected: slice 0 has rcond = 4.532805483231661e-17.
  Lam_inv = inv(Lam)
D:\project\paper-bench\tasks\astro\2504.04211_pta_normalizing_flows\agent_solution\code\pta_likelihood.py:167: LinAlgWarning: An ill-conditioned matrix detected: slice 0 has rcond = 3.887223218249434e-18.
  Lam_inv = inv(Lam)
D:\project\paper-bench\tasks\astro\2504.04211_pta_normalizing_flows\agent_solution\code\pta_likelihood.py:167: LinAlgWarning: An ill-conditioned matrix detected: slice 0 has rcond = 2.7485048530821372e-17.
  Lam_inv = inv(Lam)
D:\project\paper-bench\tasks\astro\2504.04211_pta_normalizing_flows\agent_solution\code\pta_likelihood.py:167: LinAlgWarning: An ill-conditioned matrix detected: slice 0 has rcond = 1.5040821059882613e-18.
  Lam_inv = inv(Lam)
D:\project\paper-bench\tasks\astro\2504.04211_pta_normalizing_flows\agent_solution\code\pta_likelihood.py:167: LinAlgWarning: An ill-conditioned matrix detected: slice 0 has rcond = 1.002389096366133e-16.
  Lam_inv = inv(Lam)
D:\project\paper-bench\tasks\astro\2504.04211_pta_normalizing_flows\agent_solution\code\pta_likelihood.py:167: LinAlgWarning: An ill-conditioned matrix detected: slice 0 has rcond = 4.0874113174573003e-17.
  Lam_inv = inv(Lam)
D:\project\paper-bench\tasks\astro\2504.04211_pta_normalizing_flows\agent_solution\code\pta_likelihood.py:167: LinAlgWarning: An ill-conditioned matrix detected: slice 0 has rcond = 1.4026004015182664e-17.
  Lam_inv = inv(Lam)
D:\project\paper-bench\tasks\astro\2504.04211_pta_normalizing_flows\agent_solution\code\pta_likelihood.py:167: LinAlgWarning: An ill-conditioned matrix detected: slice 0 has rcond = 1.538370764005874e-17.
  Lam_inv = inv(Lam)
D:\project\paper-bench\tasks\astro\2504.04211_pta_normalizing_flows\agent_solution\code\pta_likelihood.py:167: LinAlgWarning: An ill-conditioned matrix detected: slice 0 has rcond = 1.1214033371193363e-18.
  Lam_inv = inv(Lam)
D:\project\paper-bench\tasks\astro\2504.04211_pta_normalizing_flows\agent_solution\code\pta_likelihood.py:167: LinAlgWarning: An ill-conditioned matrix detected: slice 0 has rcond = 6.512890433310634e-17.
  Lam_inv = inv(Lam)
D:\project\paper-bench\tasks\astro\2504.04211_pta_normalizing_flows\agent_solution\code\pta_likelihood.py:167: LinAlgWarning: An ill-conditioned matrix detected: slice 0 has rcond = 3.983940848899774e-23.
  Lam_inv = inv(Lam)
D:\project\paper-bench\tasks\astro\2504.04211_pta_normalizing_flows\agent_solution\code\pta_likelihood.py:167: LinAlgWarning: An ill-conditioned matrix detected: slice 0 has rcond = 2.3989675991084254e-19.
  Lam_inv = inv(Lam)
D:\project\paper-bench\tasks\astro\2504.04211_pta_normalizing_flows\agent_solution\code\pta_likelihood.py:167: LinAlgWarning: An ill-conditioned matrix detected: slice 0 has rcond = 3.238267137005939e-19.
  Lam_inv = inv(Lam)
D:\project\paper-bench\tasks\astro\2504.04211_pta_normalizing_flows\agent_solution\code\pta_likelihood.py:167: LinAlgWarning: An ill-conditioned matrix detected: slice 0 has rcond = 1.234050365063923e-16.
  Lam_inv = inv(Lam)
D:\project\paper-bench\tasks\astro\2504.04211_pta_normalizing_flows\agent_solution\code\pta_likelihood.py:167: LinAlgWarning: An ill-conditioned matrix detected: slice 0 has rcond = 2.31810137474844e-18.
  Lam_inv = inv(Lam)
D:\project\paper-bench\tasks\astro\2504.04211_pta_normalizing_flows\agent_solution\code\pta_likelihood.py:167: LinAlgWarning: An ill-conditioned matrix detected: slice 0 has rcond = 8.209083503266246e-17.
  Lam_inv = inv(Lam)
D:\project\paper-bench\tasks\astro\2504.04211_pta_normalizing_flows\agent_solution\code\pta_likelihood.py:167: LinAlgWarning: An ill-conditioned matrix detected: slice 0 has rcond = 1.0836866678543425e-16.
  Lam_inv = inv(Lam)
D:\project\paper-bench\tasks\astro\2504.04211_pta_normalizing_flows\agent_solution\code\pta_likelihood.py:167: LinAlgWarning: An ill-conditioned matrix detected: slice 0 has rcond = 4.998350398966776e-19.
  Lam_inv = inv(Lam)
D:\project\paper-bench\tasks\astro\2504.04211_pta_normalizing_flows\agent_solution\code\pta_likelihood.py:167: LinAlgWarning: An ill-conditioned matrix detected: slice 0 has rcond = 3.231336559479984e-17.
  Lam_inv = inv(Lam)
D:\project\paper-bench\tasks\astro\2504.04211_pta_normalizing_flows\agent_solution\code\pta_likelihood.py:167: LinAlgWarning: An ill-conditioned matrix detected: slice 0 has rcond = 1.5499340297665027e-21.
  Lam_inv = inv(Lam)
D:\project\paper-bench\tasks\astro\2504.04211_pta_normalizing_flows\agent_solution\code\pta_likelihood.py:167: LinAlgWarning: An ill-conditioned matrix detected: slice 0 has rcond = 5.263357274777936e-17.
  Lam_inv = inv(Lam)
D:\project\paper-bench\tasks\astro\2504.04211_pta_normalizing_flows\agent_solution\code\pta_likelihood.py:167: LinAlgWarning: An ill-conditioned matrix detected: slice 0 has rcond = 2.1238509209027108e-18.
  Lam_inv = inv(Lam)
D:\project\paper-bench\tasks\astro\2504.04211_pta_normalizing_flows\agent_solution\code\pta_likelihood.py:167: LinAlgWarning: An ill-conditioned matrix detected: slice 0 has rcond = 1.3466494095544262e-16.
  Lam_inv = inv(Lam)
  [nf] sampled 8000 in 0.3s; reweight+loglike in 191.4s
  [nf] effective sample size for reweighting = 4 / 8000
  [nf] logZ_HME = -305530.11   logZ_IS = 68966.75
  [hellinger] direct=0.9499  reweighted=0.8142 (1d d=[0.878,0.745] r=[0.112,0.883])

===== model DW =====
  [mcmc] opt logpost 47488.4 -> 68928.2
