[data] 10 pulsars, 4944 active ToAs, sigma avg 0.37 us
[data] T_obs = 5724 days, Nfreq = 14
D:\project\paper-bench\tasks\astro\2504.04211_pta_normalizing_flows\agent_solution\code\pta_likelihood.py:37: RuntimeWarning: divide by zero encountered in log
  gamma = 1.5 * x * np.log(x) - x / 4.0 + 0.5
D:\project\paper-bench\tasks\astro\2504.04211_pta_normalizing_flows\agent_solution\code\pta_likelihood.py:37: RuntimeWarning: invalid value encountered in multiply
  gamma = 1.5 * x * np.log(x) - x / 4.0 + 0.5
[inject] loglike(true) = 69007.51

===== model PowerLaw =====
  [mcmc] loading cached chain D:/project/paper-bench/tasks/astro/2504.04211_pta_normalizing_flows/agent_solution/code/cache_smoke\mcmc_PowerLaw.npz
The chain is shorter than 50 times the integrated autocorrelation time for 22 parameter(s). Use this estimate with caution and run a longer chain!
N/50 = 24;
tau: [124.01156637 124.87811055 124.93806545 124.24009675 115.52283073
 124.45605945 122.46991832 125.59694828 125.07856483 124.95546477
 115.59867233 125.01377685 131.65743968 121.86734335 125.82731233
 119.61560971 124.49537507 119.93636373 115.79562645 122.46497747
 123.3109762  123.32609471]
  [mcmc] n_eff=43200  logZ_HME = 69005.56  tau~123
  [sim] 15000 forward sims in 18.0s
  [nf] training 15000 x 40 epochs in 151.4s; loss 201.65 -> 3.83
D:\project\paper-bench\tasks\astro\2504.04211_pta_normalizing_flows\agent_solution\code\pta_likelihood.py:167: LinAlgWarning: An ill-conditioned matrix detected: slice 0 has rcond = 1.7726445402153508e-16.
  Lam_inv = inv(Lam)
D:\project\paper-bench\tasks\astro\2504.04211_pta_normalizing_flows\agent_solution\code\pta_likelihood.py:167: LinAlgWarning: An ill-conditioned matrix detected: slice 0 has rcond = 1.6549911753114357e-19.
  Lam_inv = inv(Lam)
D:\project\paper-bench\tasks\astro\2504.04211_pta_normalizing_flows\agent_solution\code\pta_likelihood.py:167: LinAlgWarning: An ill-conditioned matrix detected: slice 0 has rcond = 7.324785877730702e-23.
  Lam_inv = inv(Lam)
D:\project\paper-bench\tasks\astro\2504.04211_pta_normalizing_flows\agent_solution\code\pta_likelihood.py:167: LinAlgWarning: An ill-conditioned matrix detected: slice 0 has rcond = 1.5791628417057076e-17.
  Lam_inv = inv(Lam)
D:\project\paper-bench\tasks\astro\2504.04211_pta_normalizing_flows\agent_solution\code\pta_likelihood.py:167: LinAlgWarning: An ill-conditioned matrix detected: slice 0 has rcond = 5.799039360364519e-20.
  Lam_inv = inv(Lam)
D:\project\paper-bench\tasks\astro\2504.04211_pta_normalizing_flows\agent_solution\code\pta_likelihood.py:167: LinAlgWarning: An ill-conditioned matrix detected: slice 0 has rcond = 7.080911789371833e-17.
  Lam_inv = inv(Lam)
D:\project\paper-bench\tasks\astro\2504.04211_pta_normalizing_flows\agent_solution\code\pta_likelihood.py:167: LinAlgWarning: An ill-conditioned matrix detected: slice 0 has rcond = 2.7936006757008062e-18.
  Lam_inv = inv(Lam)
D:\project\paper-bench\tasks\astro\2504.04211_pta_normalizing_flows\agent_solution\code\pta_likelihood.py:167: LinAlgWarning: An ill-conditioned matrix detected: slice 0 has rcond = 1.1255071561778267e-18.
  Lam_inv = inv(Lam)
D:\project\paper-bench\tasks\astro\2504.04211_pta_normalizing_flows\agent_solution\code\pta_likelihood.py:167: LinAlgWarning: An ill-conditioned matrix detected: slice 0 has rcond = 4.98122509570207e-20.
  Lam_inv = inv(Lam)
D:\project\paper-bench\tasks\astro\2504.04211_pta_normalizing_flows\agent_solution\code\pta_likelihood.py:167: LinAlgWarning: An ill-conditioned matrix detected: slice 0 has rcond = 1.7077953073545682e-18.
  Lam_inv = inv(Lam)
D:\project\paper-bench\tasks\astro\2504.04211_pta_normalizing_flows\agent_solution\code\pta_likelihood.py:167: LinAlgWarning: An ill-conditioned matrix detected: slice 0 has rcond = 1.6854511718845806e-16.
  Lam_inv = inv(Lam)
D:\project\paper-bench\tasks\astro\2504.04211_pta_normalizing_flows\agent_solution\code\pta_likelihood.py:167: LinAlgWarning: An ill-conditioned matrix detected: slice 0 has rcond = 4.969835566892005e-17.
  Lam_inv = inv(Lam)
D:\project\paper-bench\tasks\astro\2504.04211_pta_normalizing_flows\agent_solution\code\pta_likelihood.py:167: LinAlgWarning: An ill-conditioned matrix detected: slice 0 has rcond = 1.004481495485064e-17.
  Lam_inv = inv(Lam)
D:\project\paper-bench\tasks\astro\2504.04211_pta_normalizing_flows\agent_solution\code\pta_likelihood.py:167: LinAlgWarning: An ill-conditioned matrix detected: slice 0 has rcond = 8.195090191845386e-18.
  Lam_inv = inv(Lam)
D:\project\paper-bench\tasks\astro\2504.04211_pta_normalizing_flows\agent_solution\code\pta_likelihood.py:167: LinAlgWarning: An ill-conditioned matrix detected: slice 0 has rcond = 4.333249322030321e-17.
  Lam_inv = inv(Lam)
D:\project\paper-bench\tasks\astro\2504.04211_pta_normalizing_flows\agent_solution\code\pta_likelihood.py:167: LinAlgWarning: An ill-conditioned matrix detected: slice 0 has rcond = 1.263319354069537e-16.
  Lam_inv = inv(Lam)
D:\project\paper-bench\tasks\astro\2504.04211_pta_normalizing_flows\agent_solution\code\pta_likelihood.py:167: LinAlgWarning: An ill-conditioned matrix detected: slice 0 has rcond = 1.6220992488600028e-17.
  Lam_inv = inv(Lam)
D:\project\paper-bench\tasks\astro\2504.04211_pta_normalizing_flows\agent_solution\code\pta_likelihood.py:167: LinAlgWarning: An ill-conditioned matrix detected: slice 0 has rcond = 1.1674689073020486e-19.
  Lam_inv = inv(Lam)
D:\project\paper-bench\tasks\astro\2504.04211_pta_normalizing_flows\agent_solution\code\pta_likelihood.py:167: LinAlgWarning: An ill-conditioned matrix detected: slice 0 has rcond = 2.4856092647501464e-17.
  Lam_inv = inv(Lam)
D:\project\paper-bench\tasks\astro\2504.04211_pta_normalizing_flows\agent_solution\code\pta_likelihood.py:167: LinAlgWarning: An ill-conditioned matrix detected: slice 0 has rcond = 1.770188851694988e-18.
  Lam_inv = inv(Lam)
D:\project\paper-bench\tasks\astro\2504.04211_pta_normalizing_flows\agent_solution\code\pta_likelihood.py:167: LinAlgWarning: An ill-conditioned matrix detected: slice 0 has rcond = 2.0567490648589956e-16.
  Lam_inv = inv(Lam)
D:\project\paper-bench\tasks\astro\2504.04211_pta_normalizing_flows\agent_solution\code\pta_likelihood.py:167: LinAlgWarning: An ill-conditioned matrix detected: slice 0 has rcond = 2.529853506697165e-20.
  Lam_inv = inv(Lam)
D:\project\paper-bench\tasks\astro\2504.04211_pta_normalizing_flows\agent_solution\code\pta_likelihood.py:167: LinAlgWarning: An ill-conditioned matrix detected: slice 0 has rcond = 1.5750025567666218e-18.
  Lam_inv = inv(Lam)
D:\project\paper-bench\tasks\astro\2504.04211_pta_normalizing_flows\agent_solution\code\pta_likelihood.py:167: LinAlgWarning: An ill-conditioned matrix detected: slice 0 has rcond = 6.439414238360466e-17.
  Lam_inv = inv(Lam)
D:\project\paper-bench\tasks\astro\2504.04211_pta_normalizing_flows\agent_solution\code\pta_likelihood.py:167: LinAlgWarning: An ill-conditioned matrix detected: slice 0 has rcond = 6.528051605934862e-17.
  Lam_inv = inv(Lam)
D:\project\paper-bench\tasks\astro\2504.04211_pta_normalizing_flows\agent_solution\code\pta_likelihood.py:167: LinAlgWarning: An ill-conditioned matrix detected: slice 0 has rcond = 2.5729241628478485e-19.
  Lam_inv = inv(Lam)
D:\project\paper-bench\tasks\astro\2504.04211_pta_normalizing_flows\agent_solution\code\pta_likelihood.py:167: LinAlgWarning: An ill-conditioned matrix detected: slice 0 has rcond = 1.1489294859408572e-17.
  Lam_inv = inv(Lam)
D:\project\paper-bench\tasks\astro\2504.04211_pta_normalizing_flows\agent_solution\code\pta_likelihood.py:167: LinAlgWarning: An ill-conditioned matrix detected: slice 0 has rcond = 3.614679875995181e-18.
  Lam_inv = inv(Lam)
D:\project\paper-bench\tasks\astro\2504.04211_pta_normalizing_flows\agent_solution\code\pta_likelihood.py:167: LinAlgWarning: An ill-conditioned matrix detected: slice 0 has rcond = 3.794104803488725e-18.
  Lam_inv = inv(Lam)
D:\project\paper-bench\tasks\astro\2504.04211_pta_normalizing_flows\agent_solution\code\pta_likelihood.py:167: LinAlgWarning: An ill-conditioned matrix detected: slice 0 has rcond = 1.6954320351200267e-17.
  Lam_inv = inv(Lam)
D:\project\paper-bench\tasks\astro\2504.04211_pta_normalizing_flows\agent_solution\code\pta_likelihood.py:167: LinAlgWarning: An ill-conditioned matrix detected: slice 0 has rcond = 3.8912140620514256e-17.
  Lam_inv = inv(Lam)
D:\project\paper-bench\tasks\astro\2504.04211_pta_normalizing_flows\agent_solution\code\pta_likelihood.py:167: LinAlgWarning: An ill-conditioned matrix detected: slice 0 has rcond = 4.2809042162064116e-17.
  Lam_inv = inv(Lam)
D:\project\paper-bench\tasks\astro\2504.04211_pta_normalizing_flows\agent_solution\code\pta_likelihood.py:167: LinAlgWarning: An ill-conditioned matrix detected: slice 0 has rcond = 1.242600706050705e-16.
  Lam_inv = inv(Lam)
D:\project\paper-bench\tasks\astro\2504.04211_pta_normalizing_flows\agent_solution\code\pta_likelihood.py:167: LinAlgWarning: An ill-conditioned matrix detected: slice 0 has rcond = 4.0882927172916383e-19.
  Lam_inv = inv(Lam)
D:\project\paper-bench\tasks\astro\2504.04211_pta_normalizing_flows\agent_solution\code\pta_likelihood.py:167: LinAlgWarning: An ill-conditioned matrix detected: slice 0 has rcond = 2.894301134305747e-17.
  Lam_inv = inv(Lam)
D:\project\paper-bench\tasks\astro\2504.04211_pta_normalizing_flows\agent_solution\code\pta_likelihood.py:167: LinAlgWarning: An ill-conditioned matrix detected: slice 0 has rcond = 1.2288374764466772e-19.
  Lam_inv = inv(Lam)
D:\project\paper-bench\tasks\astro\2504.04211_pta_normalizing_flows\agent_solution\code\pta_likelihood.py:167: LinAlgWarning: An ill-conditioned matrix detected: slice 0 has rcond = 1.968991224613719e-16.
  Lam_inv = inv(Lam)
D:\project\paper-bench\tasks\astro\2504.04211_pta_normalizing_flows\agent_solution\code\pta_likelihood.py:167: LinAlgWarning: An ill-conditioned matrix detected: slice 0 has rcond = 1.167018902200634e-16.
  Lam_inv = inv(Lam)
D:\project\paper-bench\tasks\astro\2504.04211_pta_normalizing_flows\agent_solution\code\pta_likelihood.py:167: LinAlgWarning: An ill-conditioned matrix detected: slice 0 has rcond = 1.6064945724758362e-16.
  Lam_inv = inv(Lam)
D:\project\paper-bench\tasks\astro\2504.04211_pta_normalizing_flows\agent_solution\code\pta_likelihood.py:167: LinAlgWarning: An ill-conditioned matrix detected: slice 0 has rcond = 1.2238777711025331e-17.
  Lam_inv = inv(Lam)
D:\project\paper-bench\tasks\astro\2504.04211_pta_normalizing_flows\agent_solution\code\pta_likelihood.py:167: LinAlgWarning: An ill-conditioned matrix detected: slice 0 has rcond = 1.9884972245741075e-16.
  Lam_inv = inv(Lam)
D:\project\paper-bench\tasks\astro\2504.04211_pta_normalizing_flows\agent_solution\code\pta_likelihood.py:167: LinAlgWarning: An ill-conditioned matrix detected: slice 0 has rcond = 8.180914465179733e-18.
  Lam_inv = inv(Lam)
D:\project\paper-bench\tasks\astro\2504.04211_pta_normalizing_flows\agent_solution\code\pta_likelihood.py:167: LinAlgWarning: An ill-conditioned matrix detected: slice 0 has rcond = 2.1602736200221326e-19.
  Lam_inv = inv(Lam)
D:\project\paper-bench\tasks\astro\2504.04211_pta_normalizing_flows\agent_solution\code\pta_likelihood.py:167: LinAlgWarning: An ill-conditioned matrix detected: slice 0 has rcond = 3.765544099612246e-17.
  Lam_inv = inv(Lam)
D:\project\paper-bench\tasks\astro\2504.04211_pta_normalizing_flows\agent_solution\code\pta_likelihood.py:167: LinAlgWarning: An ill-conditioned matrix detected: slice 0 has rcond = 5.017494488750395e-22.
  Lam_inv = inv(Lam)
D:\project\paper-bench\tasks\astro\2504.04211_pta_normalizing_flows\agent_solution\code\pta_likelihood.py:167: LinAlgWarning: An ill-conditioned matrix detected: slice 0 has rcond = 1.130190780143397e-16.
  Lam_inv = inv(Lam)
D:\project\paper-bench\tasks\astro\2504.04211_pta_normalizing_flows\agent_solution\code\pta_likelihood.py:167: LinAlgWarning: An ill-conditioned matrix detected: slice 0 has rcond = 1.163176126481007e-16.
  Lam_inv = inv(Lam)
D:\project\paper-bench\tasks\astro\2504.04211_pta_normalizing_flows\agent_solution\code\pta_likelihood.py:167: LinAlgWarning: An ill-conditioned matrix detected: slice 0 has rcond = 2.7711385861664997e-18.
  Lam_inv = inv(Lam)
D:\project\paper-bench\tasks\astro\2504.04211_pta_normalizing_flows\agent_solution\code\pta_likelihood.py:167: LinAlgWarning: An ill-conditioned matrix detected: slice 0 has rcond = 4.352881560398224e-18.
  Lam_inv = inv(Lam)
D:\project\paper-bench\tasks\astro\2504.04211_pta_normalizing_flows\agent_solution\code\pta_likelihood.py:167: LinAlgWarning: An ill-conditioned matrix detected: slice 0 has rcond = 2.9819105753194683e-18.
  Lam_inv = inv(Lam)
D:\project\paper-bench\tasks\astro\2504.04211_pta_normalizing_flows\agent_solution\code\pta_likelihood.py:167: LinAlgWarning: An ill-conditioned matrix detected: slice 0 has rcond = 1.3700007645620503e-16.
  Lam_inv = inv(Lam)
D:\project\paper-bench\tasks\astro\2504.04211_pta_normalizing_flows\agent_solution\code\pta_likelihood.py:167: LinAlgWarning: An ill-conditioned matrix detected: slice 0 has rcond = 6.037775438394774e-21.
  Lam_inv = inv(Lam)
D:\project\paper-bench\tasks\astro\2504.04211_pta_normalizing_flows\agent_solution\code\pta_likelihood.py:167: LinAlgWarning: An ill-conditioned matrix detected: slice 0 has rcond = 3.4350335146678795e-17.
  Lam_inv = inv(Lam)
D:\project\paper-bench\tasks\astro\2504.04211_pta_normalizing_flows\agent_solution\code\pta_likelihood.py:167: LinAlgWarning: An ill-conditioned matrix detected: slice 0 has rcond = 3.7303123770409694e-22.
  Lam_inv = inv(Lam)
D:\project\paper-bench\tasks\astro\2504.04211_pta_normalizing_flows\agent_solution\code\pta_likelihood.py:167: LinAlgWarning: An ill-conditioned matrix detected: slice 0 has rcond = 1.164899927113165e-19.
  Lam_inv = inv(Lam)
D:\project\paper-bench\tasks\astro\2504.04211_pta_normalizing_flows\agent_solution\code\pta_likelihood.py:167: LinAlgWarning: An ill-conditioned matrix detected: slice 0 has rcond = 7.501406119188693e-18.
  Lam_inv = inv(Lam)
D:\project\paper-bench\tasks\astro\2504.04211_pta_normalizing_flows\agent_solution\code\pta_likelihood.py:167: LinAlgWarning: An ill-conditioned matrix detected: slice 0 has rcond = 1.1978621749640894e-16.
  Lam_inv = inv(Lam)
D:\project\paper-bench\tasks\astro\2504.04211_pta_normalizing_flows\agent_solution\code\pta_likelihood.py:167: LinAlgWarning: An ill-conditioned matrix detected: slice 0 has rcond = 1.1370422283824687e-16.
  Lam_inv = inv(Lam)
D:\project\paper-bench\tasks\astro\2504.04211_pta_normalizing_flows\agent_solution\code\pta_likelihood.py:167: LinAlgWarning: An ill-conditioned matrix detected: slice 0 has rcond = 1.2468544043200955e-17.
  Lam_inv = inv(Lam)
D:\project\paper-bench\tasks\astro\2504.04211_pta_normalizing_flows\agent_solution\code\pta_likelihood.py:167: LinAlgWarning: An ill-conditioned matrix detected: slice 0 has rcond = 2.024498704661696e-16.
  Lam_inv = inv(Lam)
D:\project\paper-bench\tasks\astro\2504.04211_pta_normalizing_flows\agent_solution\code\pta_likelihood.py:167: LinAlgWarning: An ill-conditioned matrix detected: slice 0 has rcond = 7.273504130746895e-17.
  Lam_inv = inv(Lam)
D:\project\paper-bench\tasks\astro\2504.04211_pta_normalizing_flows\agent_solution\code\pta_likelihood.py:167: LinAlgWarning: An ill-conditioned matrix detected: slice 0 has rcond = 6.782065237211914e-19.
  Lam_inv = inv(Lam)
D:\project\paper-bench\tasks\astro\2504.04211_pta_normalizing_flows\agent_solution\code\pta_likelihood.py:167: LinAlgWarning: An ill-conditioned matrix detected: slice 0 has rcond = 1.5660102864505345e-16.
  Lam_inv = inv(Lam)
D:\project\paper-bench\tasks\astro\2504.04211_pta_normalizing_flows\agent_solution\code\pta_likelihood.py:167: LinAlgWarning: An ill-conditioned matrix detected: slice 0 has rcond = 2.0227440357302956e-16.
  Lam_inv = inv(Lam)
D:\project\paper-bench\tasks\astro\2504.04211_pta_normalizing_flows\agent_solution\code\pta_likelihood.py:167: LinAlgWarning: An ill-conditioned matrix detected: slice 0 has rcond = 7.062681328396705e-17.
  Lam_inv = inv(Lam)
D:\project\paper-bench\tasks\astro\2504.04211_pta_normalizing_flows\agent_solution\code\pta_likelihood.py:167: LinAlgWarning: An ill-conditioned matrix detected: slice 0 has rcond = 2.4615818479851925e-17.
  Lam_inv = inv(Lam)
D:\project\paper-bench\tasks\astro\2504.04211_pta_normalizing_flows\agent_solution\code\pta_likelihood.py:167: LinAlgWarning: An ill-conditioned matrix detected: slice 0 has rcond = 6.6385919958364846e-21.
  Lam_inv = inv(Lam)
D:\project\paper-bench\tasks\astro\2504.04211_pta_normalizing_flows\agent_solution\code\pta_likelihood.py:167: LinAlgWarning: An ill-conditioned matrix detected: slice 0 has rcond = 1.9015344169794105e-17.
  Lam_inv = inv(Lam)
D:\project\paper-bench\tasks\astro\2504.04211_pta_normalizing_flows\agent_solution\code\pta_likelihood.py:167: LinAlgWarning: An ill-conditioned matrix detected: slice 0 has rcond = 1.8860944268957244e-18.
  Lam_inv = inv(Lam)
D:\project\paper-bench\tasks\astro\2504.04211_pta_normalizing_flows\agent_solution\code\pta_likelihood.py:167: LinAlgWarning: An ill-conditioned matrix detected: slice 0 has rcond = 5.027566109139017e-21.
  Lam_inv = inv(Lam)
D:\project\paper-bench\tasks\astro\2504.04211_pta_normalizing_flows\agent_solution\code\pta_likelihood.py:167: LinAlgWarning: An ill-conditioned matrix detected: slice 0 has rcond = 5.231988987558231e-19.
  Lam_inv = inv(Lam)
D:\project\paper-bench\tasks\astro\2504.04211_pta_normalizing_flows\agent_solution\code\pta_likelihood.py:167: LinAlgWarning: An ill-conditioned matrix detected: slice 0 has rcond = 1.205074763635647e-16.
  Lam_inv = inv(Lam)
D:\project\paper-bench\tasks\astro\2504.04211_pta_normalizing_flows\agent_solution\code\pta_likelihood.py:167: LinAlgWarning: An ill-conditioned matrix detected: slice 0 has rcond = 5.278211801168557e-18.
  Lam_inv = inv(Lam)
D:\project\paper-bench\tasks\astro\2504.04211_pta_normalizing_flows\agent_solution\code\pta_likelihood.py:167: LinAlgWarning: An ill-conditioned matrix detected: slice 0 has rcond = 1.768146286185266e-18.
  Lam_inv = inv(Lam)
D:\project\paper-bench\tasks\astro\2504.04211_pta_normalizing_flows\agent_solution\code\pta_likelihood.py:167: LinAlgWarning: An ill-conditioned matrix detected: slice 0 has rcond = 3.654800132430758e-17.
  Lam_inv = inv(Lam)
D:\project\paper-bench\tasks\astro\2504.04211_pta_normalizing_flows\agent_solution\code\pta_likelihood.py:167: LinAlgWarning: An ill-conditioned matrix detected: slice 0 has rcond = 1.9733761873346338e-16.
  Lam_inv = inv(Lam)
D:\project\paper-bench\tasks\astro\2504.04211_pta_normalizing_flows\agent_solution\code\pta_likelihood.py:167: LinAlgWarning: An ill-conditioned matrix detected: slice 0 has rcond = 1.5356104744952563e-16.
  Lam_inv = inv(Lam)
D:\project\paper-bench\tasks\astro\2504.04211_pta_normalizing_flows\agent_solution\code\pta_likelihood.py:167: LinAlgWarning: An ill-conditioned matrix detected: slice 0 has rcond = 1.809123576684385e-21.
  Lam_inv = inv(Lam)
D:\project\paper-bench\tasks\astro\2504.04211_pta_normalizing_flows\agent_solution\code\pta_likelihood.py:167: LinAlgWarning: An ill-conditioned matrix detected: slice 0 has rcond = 4.215432527386715e-18.
  Lam_inv = inv(Lam)
D:\project\paper-bench\tasks\astro\2504.04211_pta_normalizing_flows\agent_solution\code\pta_likelihood.py:167: LinAlgWarning: An ill-conditioned matrix detected: slice 0 has rcond = 2.5802100977707404e-17.
  Lam_inv = inv(Lam)
D:\project\paper-bench\tasks\astro\2504.04211_pta_normalizing_flows\agent_solution\code\pta_likelihood.py:167: LinAlgWarning: An ill-conditioned matrix detected: slice 0 has rcond = 1.4659666993084136e-18.
  Lam_inv = inv(Lam)
D:\project\paper-bench\tasks\astro\2504.04211_pta_normalizing_flows\agent_solution\code\pta_likelihood.py:167: LinAlgWarning: An ill-conditioned matrix detected: slice 0 has rcond = 1.9591944764920938e-19.
  Lam_inv = inv(Lam)
D:\project\paper-bench\tasks\astro\2504.04211_pta_normalizing_flows\agent_solution\code\pta_likelihood.py:167: LinAlgWarning: An ill-conditioned matrix detected: slice 0 has rcond = 1.3501994468629826e-17.
  Lam_inv = inv(Lam)
D:\project\paper-bench\tasks\astro\2504.04211_pta_normalizing_flows\agent_solution\code\pta_likelihood.py:167: LinAlgWarning: An ill-conditioned matrix detected: slice 0 has rcond = 9.426636720031107e-18.
  Lam_inv = inv(Lam)
D:\project\paper-bench\tasks\astro\2504.04211_pta_normalizing_flows\agent_solution\code\pta_likelihood.py:167: LinAlgWarning: An ill-conditioned matrix detected: slice 0 has rcond = 1.516947405461853e-17.
  Lam_inv = inv(Lam)
D:\project\paper-bench\tasks\astro\2504.04211_pta_normalizing_flows\agent_solution\code\pta_likelihood.py:167: LinAlgWarning: An ill-conditioned matrix detected: slice 0 has rcond = 3.483242510305414e-17.
  Lam_inv = inv(Lam)
D:\project\paper-bench\tasks\astro\2504.04211_pta_normalizing_flows\agent_solution\code\pta_likelihood.py:167: LinAlgWarning: An ill-conditioned matrix detected: slice 0 has rcond = 8.719663725248961e-18.
  Lam_inv = inv(Lam)
D:\project\paper-bench\tasks\astro\2504.04211_pta_normalizing_flows\agent_solution\code\pta_likelihood.py:167: LinAlgWarning: An ill-conditioned matrix detected: slice 0 has rcond = 1.7255576852702182e-16.
  Lam_inv = inv(Lam)
D:\project\paper-bench\tasks\astro\2504.04211_pta_normalizing_flows\agent_solution\code\pta_likelihood.py:167: LinAlgWarning: An ill-conditioned matrix detected: slice 0 has rcond = 1.346453464803342e-16.
  Lam_inv = inv(Lam)
D:\project\paper-bench\tasks\astro\2504.04211_pta_normalizing_flows\agent_solution\code\pta_likelihood.py:167: LinAlgWarning: An ill-conditioned matrix detected: slice 0 has rcond = 4.8829380319453067e-17.
  Lam_inv = inv(Lam)
D:\project\paper-bench\tasks\astro\2504.04211_pta_normalizing_flows\agent_solution\code\pta_likelihood.py:167: LinAlgWarning: An ill-conditioned matrix detected: slice 0 has rcond = 2.6364884630075605e-19.
  Lam_inv = inv(Lam)
D:\project\paper-bench\tasks\astro\2504.04211_pta_normalizing_flows\agent_solution\code\pta_likelihood.py:167: LinAlgWarning: An ill-conditioned matrix detected: slice 0 has rcond = 1.1705551303266925e-16.
  Lam_inv = inv(Lam)
D:\project\paper-bench\tasks\astro\2504.04211_pta_normalizing_flows\agent_solution\code\pta_likelihood.py:167: LinAlgWarning: An ill-conditioned matrix detected: slice 0 has rcond = 8.477975722452458e-17.
  Lam_inv = inv(Lam)
D:\project\paper-bench\tasks\astro\2504.04211_pta_normalizing_flows\agent_solution\code\pta_likelihood.py:167: LinAlgWarning: An ill-conditioned matrix detected: slice 0 has rcond = 1.0340622446437596e-17.
  Lam_inv = inv(Lam)
D:\project\paper-bench\tasks\astro\2504.04211_pta_normalizing_flows\agent_solution\code\pta_likelihood.py:167: LinAlgWarning: An ill-conditioned matrix detected: slice 0 has rcond = 1.0453502670650242e-17.
  Lam_inv = inv(Lam)
D:\project\paper-bench\tasks\astro\2504.04211_pta_normalizing_flows\agent_solution\code\pta_likelihood.py:167: LinAlgWarning: An ill-conditioned matrix detected: slice 0 has rcond = 6.422840766812303e-19.
  Lam_inv = inv(Lam)
D:\project\paper-bench\tasks\astro\2504.04211_pta_normalizing_flows\agent_solution\code\pta_likelihood.py:167: LinAlgWarning: An ill-conditioned matrix detected: slice 0 has rcond = 2.484735097738802e-18.
  Lam_inv = inv(Lam)
D:\project\paper-bench\tasks\astro\2504.04211_pta_normalizing_flows\agent_solution\code\pta_likelihood.py:167: LinAlgWarning: An ill-conditioned matrix detected: slice 0 has rcond = 1.8188045980225322e-18.
  Lam_inv = inv(Lam)
D:\project\paper-bench\tasks\astro\2504.04211_pta_normalizing_flows\agent_solution\code\pta_likelihood.py:167: LinAlgWarning: An ill-conditioned matrix detected: slice 0 has rcond = 7.978032331735442e-17.
  Lam_inv = inv(Lam)
D:\project\paper-bench\tasks\astro\2504.04211_pta_normalizing_flows\agent_solution\code\pta_likelihood.py:167: LinAlgWarning: An ill-conditioned matrix detected: slice 0 has rcond = 5.38444712889363e-17.
  Lam_inv = inv(Lam)
D:\project\paper-bench\tasks\astro\2504.04211_pta_normalizing_flows\agent_solution\code\pta_likelihood.py:167: LinAlgWarning: An ill-conditioned matrix detected: slice 0 has rcond = 1.1195720687839873e-17.
  Lam_inv = inv(Lam)
D:\project\paper-bench\tasks\astro\2504.04211_pta_normalizing_flows\agent_solution\code\pta_likelihood.py:167: LinAlgWarning: An ill-conditioned matrix detected: slice 0 has rcond = 7.590975066864118e-20.
  Lam_inv = inv(Lam)
D:\project\paper-bench\tasks\astro\2504.04211_pta_normalizing_flows\agent_solution\code\pta_likelihood.py:167: LinAlgWarning: An ill-conditioned matrix detected: slice 0 has rcond = 8.433148175633731e-18.
  Lam_inv = inv(Lam)
D:\project\paper-bench\tasks\astro\2504.04211_pta_normalizing_flows\agent_solution\code\pta_likelihood.py:167: LinAlgWarning: An ill-conditioned matrix detected: slice 0 has rcond = 4.541554609370616e-19.
  Lam_inv = inv(Lam)
D:\project\paper-bench\tasks\astro\2504.04211_pta_normalizing_flows\agent_solution\code\pta_likelihood.py:167: LinAlgWarning: An ill-conditioned matrix detected: slice 0 has rcond = 2.4072859340268605e-21.
  Lam_inv = inv(Lam)
D:\project\paper-bench\tasks\astro\2504.04211_pta_normalizing_flows\agent_solution\code\pta_likelihood.py:167: LinAlgWarning: An ill-conditioned matrix detected: slice 0 has rcond = 1.1911153579403205e-17.
  Lam_inv = inv(Lam)
D:\project\paper-bench\tasks\astro\2504.04211_pta_normalizing_flows\agent_solution\code\pta_likelihood.py:167: LinAlgWarning: An ill-conditioned matrix detected: slice 0 has rcond = 5.54949841876415e-17.
  Lam_inv = inv(Lam)
D:\project\paper-bench\tasks\astro\2504.04211_pta_normalizing_flows\agent_solution\code\pta_likelihood.py:167: LinAlgWarning: An ill-conditioned matrix detected: slice 0 has rcond = 1.1059121115485004e-16.
  Lam_inv = inv(Lam)
D:\project\paper-bench\tasks\astro\2504.04211_pta_normalizing_flows\agent_solution\code\pta_likelihood.py:167: LinAlgWarning: An ill-conditioned matrix detected: slice 0 has rcond = 3.0343305006501173e-19.
  Lam_inv = inv(Lam)
D:\project\paper-bench\tasks\astro\2504.04211_pta_normalizing_flows\agent_solution\code\pta_likelihood.py:167: LinAlgWarning: An ill-conditioned matrix detected: slice 0 has rcond = 6.744788084772355e-19.
  Lam_inv = inv(Lam)
D:\project\paper-bench\tasks\astro\2504.04211_pta_normalizing_flows\agent_solution\code\pta_likelihood.py:167: LinAlgWarning: An ill-conditioned matrix detected: slice 0 has rcond = 4.3370478572935125e-17.
  Lam_inv = inv(Lam)
D:\project\paper-bench\tasks\astro\2504.04211_pta_normalizing_flows\agent_solution\code\pta_likelihood.py:167: LinAlgWarning: An ill-conditioned matrix detected: slice 0 has rcond = 1.1147849840107927e-16.
  Lam_inv = inv(Lam)
D:\project\paper-bench\tasks\astro\2504.04211_pta_normalizing_flows\agent_solution\code\pta_likelihood.py:167: LinAlgWarning: An ill-conditioned matrix detected: slice 0 has rcond = 8.108648204573141e-22.
  Lam_inv = inv(Lam)
D:\project\paper-bench\tasks\astro\2504.04211_pta_normalizing_flows\agent_solution\code\pta_likelihood.py:167: LinAlgWarning: An ill-conditioned matrix detected: slice 0 has rcond = 1.546485748736478e-17.
  Lam_inv = inv(Lam)
D:\project\paper-bench\tasks\astro\2504.04211_pta_normalizing_flows\agent_solution\code\pta_likelihood.py:167: LinAlgWarning: An ill-conditioned matrix detected: slice 0 has rcond = 2.2171403846025184e-18.
  Lam_inv = inv(Lam)
D:\project\paper-bench\tasks\astro\2504.04211_pta_normalizing_flows\agent_solution\code\pta_likelihood.py:167: LinAlgWarning: An ill-conditioned matrix detected: slice 0 has rcond = 2.179370520032058e-18.
  Lam_inv = inv(Lam)
D:\project\paper-bench\tasks\astro\2504.04211_pta_normalizing_flows\agent_solution\code\pta_likelihood.py:167: LinAlgWarning: An ill-conditioned matrix detected: slice 0 has rcond = 1.1634355203805854e-16.
  Lam_inv = inv(Lam)
D:\project\paper-bench\tasks\astro\2504.04211_pta_normalizing_flows\agent_solution\code\pta_likelihood.py:167: LinAlgWarning: An ill-conditioned matrix detected: slice 0 has rcond = 1.3097291260013066e-17.
  Lam_inv = inv(Lam)
D:\project\paper-bench\tasks\astro\2504.04211_pta_normalizing_flows\agent_solution\code\pta_likelihood.py:167: LinAlgWarning: An ill-conditioned matrix detected: slice 0 has rcond = 2.1928681608766602e-17.
  Lam_inv = inv(Lam)
D:\project\paper-bench\tasks\astro\2504.04211_pta_normalizing_flows\agent_solution\code\pta_likelihood.py:167: LinAlgWarning: An ill-conditioned matrix detected: slice 0 has rcond = 1.69983095098894e-18.
  Lam_inv = inv(Lam)
D:\project\paper-bench\tasks\astro\2504.04211_pta_normalizing_flows\agent_solution\code\pta_likelihood.py:167: LinAlgWarning: An ill-conditioned matrix detected: slice 0 has rcond = 1.3981782316212333e-19.
  Lam_inv = inv(Lam)
D:\project\paper-bench\tasks\astro\2504.04211_pta_normalizing_flows\agent_solution\code\pta_likelihood.py:167: LinAlgWarning: An ill-conditioned matrix detected: slice 0 has rcond = 2.0199215955444348e-17.
  Lam_inv = inv(Lam)
D:\project\paper-bench\tasks\astro\2504.04211_pta_normalizing_flows\agent_solution\code\pta_likelihood.py:167: LinAlgWarning: An ill-conditioned matrix detected: slice 0 has rcond = 3.1357718762058105e-19.
  Lam_inv = inv(Lam)
D:\project\paper-bench\tasks\astro\2504.04211_pta_normalizing_flows\agent_solution\code\pta_likelihood.py:167: LinAlgWarning: An ill-conditioned matrix detected: slice 0 has rcond = 8.313819653026457e-19.
  Lam_inv = inv(Lam)
D:\project\paper-bench\tasks\astro\2504.04211_pta_normalizing_flows\agent_solution\code\pta_likelihood.py:167: LinAlgWarning: An ill-conditioned matrix detected: slice 0 has rcond = 1.9426361031071394e-16.
  Lam_inv = inv(Lam)
D:\project\paper-bench\tasks\astro\2504.04211_pta_normalizing_flows\agent_solution\code\pta_likelihood.py:167: LinAlgWarning: An ill-conditioned matrix detected: slice 0 has rcond = 2.0743864776703587e-18.
  Lam_inv = inv(Lam)
D:\project\paper-bench\tasks\astro\2504.04211_pta_normalizing_flows\agent_solution\code\pta_likelihood.py:167: LinAlgWarning: An ill-conditioned matrix detected: slice 0 has rcond = 1.4562745598281304e-17.
  Lam_inv = inv(Lam)
D:\project\paper-bench\tasks\astro\2504.04211_pta_normalizing_flows\agent_solution\code\pta_likelihood.py:167: LinAlgWarning: An ill-conditioned matrix detected: slice 0 has rcond = 6.085039773411323e-17.
  Lam_inv = inv(Lam)
D:\project\paper-bench\tasks\astro\2504.04211_pta_normalizing_flows\agent_solution\code\pta_likelihood.py:167: LinAlgWarning: An ill-conditioned matrix detected: slice 0 has rcond = 7.383799671529e-18.
  Lam_inv = inv(Lam)
D:\project\paper-bench\tasks\astro\2504.04211_pta_normalizing_flows\agent_solution\code\pta_likelihood.py:167: LinAlgWarning: An ill-conditioned matrix detected: slice 0 has rcond = 2.778517025566303e-18.
  Lam_inv = inv(Lam)
D:\project\paper-bench\tasks\astro\2504.04211_pta_normalizing_flows\agent_solution\code\pta_likelihood.py:167: LinAlgWarning: An ill-conditioned matrix detected: slice 0 has rcond = 3.8469113258638047e-17.
  Lam_inv = inv(Lam)
D:\project\paper-bench\tasks\astro\2504.04211_pta_normalizing_flows\agent_solution\code\pta_likelihood.py:167: LinAlgWarning: An ill-conditioned matrix detected: slice 0 has rcond = 1.6750369033347304e-16.
  Lam_inv = inv(Lam)
D:\project\paper-bench\tasks\astro\2504.04211_pta_normalizing_flows\agent_solution\code\pta_likelihood.py:167: LinAlgWarning: An ill-conditioned matrix detected: slice 0 has rcond = 1.4443662160040166e-16.
  Lam_inv = inv(Lam)
D:\project\paper-bench\tasks\astro\2504.04211_pta_normalizing_flows\agent_solution\code\pta_likelihood.py:167: LinAlgWarning: An ill-conditioned matrix detected: slice 0 has rcond = 5.795301031304293e-17.
  Lam_inv = inv(Lam)
D:\project\paper-bench\tasks\astro\2504.04211_pta_normalizing_flows\agent_solution\code\pta_likelihood.py:167: LinAlgWarning: An ill-conditioned matrix detected: slice 0 has rcond = 4.830574416870192e-19.
  Lam_inv = inv(Lam)
D:\project\paper-bench\tasks\astro\2504.04211_pta_normalizing_flows\agent_solution\code\pta_likelihood.py:167: LinAlgWarning: An ill-conditioned matrix detected: slice 0 has rcond = 1.654597419063471e-17.
  Lam_inv = inv(Lam)
D:\project\paper-bench\tasks\astro\2504.04211_pta_normalizing_flows\agent_solution\code\pta_likelihood.py:167: LinAlgWarning: An ill-conditioned matrix detected: slice 0 has rcond = 1.5695072020284346e-18.
  Lam_inv = inv(Lam)
D:\project\paper-bench\tasks\astro\2504.04211_pta_normalizing_flows\agent_solution\code\pta_likelihood.py:167: LinAlgWarning: An ill-conditioned matrix detected: slice 0 has rcond = 7.49581934943831e-17.
  Lam_inv = inv(Lam)
D:\project\paper-bench\tasks\astro\2504.04211_pta_normalizing_flows\agent_solution\code\pta_likelihood.py:167: LinAlgWarning: An ill-conditioned matrix detected: slice 0 has rcond = 2.379759208123585e-18.
  Lam_inv = inv(Lam)
D:\project\paper-bench\tasks\astro\2504.04211_pta_normalizing_flows\agent_solution\code\pta_likelihood.py:167: LinAlgWarning: An ill-conditioned matrix detected: slice 0 has rcond = 3.95399030560488e-17.
  Lam_inv = inv(Lam)
D:\project\paper-bench\tasks\astro\2504.04211_pta_normalizing_flows\agent_solution\code\pta_likelihood.py:167: LinAlgWarning: An ill-conditioned matrix detected: slice 0 has rcond = 2.7660491828220632e-18.
  Lam_inv = inv(Lam)
D:\project\paper-bench\tasks\astro\2504.04211_pta_normalizing_flows\agent_solution\code\pta_likelihood.py:167: LinAlgWarning: An ill-conditioned matrix detected: slice 0 has rcond = 3.525695645865876e-20.
  Lam_inv = inv(Lam)
D:\project\paper-bench\tasks\astro\2504.04211_pta_normalizing_flows\agent_solution\code\pta_likelihood.py:167: LinAlgWarning: An ill-conditioned matrix detected: slice 0 has rcond = 6.298845203526287e-19.
  Lam_inv = inv(Lam)
D:\project\paper-bench\tasks\astro\2504.04211_pta_normalizing_flows\agent_solution\code\pta_likelihood.py:167: LinAlgWarning: An ill-conditioned matrix detected: slice 0 has rcond = 1.270611289789328e-17.
  Lam_inv = inv(Lam)
D:\project\paper-bench\tasks\astro\2504.04211_pta_normalizing_flows\agent_solution\code\pta_likelihood.py:167: LinAlgWarning: An ill-conditioned matrix detected: slice 0 has rcond = 1.6442093084146572e-18.
  Lam_inv = inv(Lam)
D:\project\paper-bench\tasks\astro\2504.04211_pta_normalizing_flows\agent_solution\code\pta_likelihood.py:167: LinAlgWarning: An ill-conditioned matrix detected: slice 0 has rcond = 1.9463591547665504e-16.
  Lam_inv = inv(Lam)
D:\project\paper-bench\tasks\astro\2504.04211_pta_normalizing_flows\agent_solution\code\pta_likelihood.py:167: LinAlgWarning: An ill-conditioned matrix detected: slice 0 has rcond = 1.4467852742950499e-19.
  Lam_inv = inv(Lam)
D:\project\paper-bench\tasks\astro\2504.04211_pta_normalizing_flows\agent_solution\code\pta_likelihood.py:167: LinAlgWarning: An ill-conditioned matrix detected: slice 0 has rcond = 3.931304900023815e-17.
  Lam_inv = inv(Lam)
D:\project\paper-bench\tasks\astro\2504.04211_pta_normalizing_flows\agent_solution\code\pta_likelihood.py:167: LinAlgWarning: An ill-conditioned matrix detected: slice 0 has rcond = 3.934468629249426e-17.
  Lam_inv = inv(Lam)
D:\project\paper-bench\tasks\astro\2504.04211_pta_normalizing_flows\agent_solution\code\pta_likelihood.py:167: LinAlgWarning: An ill-conditioned matrix detected: slice 0 has rcond = 1.1987443576815263e-19.
  Lam_inv = inv(Lam)
D:\project\paper-bench\tasks\astro\2504.04211_pta_normalizing_flows\agent_solution\code\pta_likelihood.py:167: LinAlgWarning: An ill-conditioned matrix detected: slice 0 has rcond = 6.19922299190501e-17.
  Lam_inv = inv(Lam)
D:\project\paper-bench\tasks\astro\2504.04211_pta_normalizing_flows\agent_solution\code\pta_likelihood.py:167: LinAlgWarning: An ill-conditioned matrix detected: slice 0 has rcond = 1.2514989457187531e-17.
  Lam_inv = inv(Lam)
D:\project\paper-bench\tasks\astro\2504.04211_pta_normalizing_flows\agent_solution\code\pta_likelihood.py:167: LinAlgWarning: An ill-conditioned matrix detected: slice 0 has rcond = 4.158996414386788e-17.
  Lam_inv = inv(Lam)
D:\project\paper-bench\tasks\astro\2504.04211_pta_normalizing_flows\agent_solution\code\pta_likelihood.py:167: LinAlgWarning: An ill-conditioned matrix detected: slice 0 has rcond = 6.584574001680648e-19.
  Lam_inv = inv(Lam)
D:\project\paper-bench\tasks\astro\2504.04211_pta_normalizing_flows\agent_solution\code\pta_likelihood.py:167: LinAlgWarning: An ill-conditioned matrix detected: slice 0 has rcond = 2.7407813323781963e-18.
  Lam_inv = inv(Lam)
D:\project\paper-bench\tasks\astro\2504.04211_pta_normalizing_flows\agent_solution\code\pta_likelihood.py:167: LinAlgWarning: An ill-conditioned matrix detected: slice 0 has rcond = 7.878772840604146e-17.
  Lam_inv = inv(Lam)
D:\project\paper-bench\tasks\astro\2504.04211_pta_normalizing_flows\agent_solution\code\pta_likelihood.py:167: LinAlgWarning: An ill-conditioned matrix detected: slice 0 has rcond = 1.8774917004609634e-18.
  Lam_inv = inv(Lam)
D:\project\paper-bench\tasks\astro\2504.04211_pta_normalizing_flows\agent_solution\code\pta_likelihood.py:167: LinAlgWarning: An ill-conditioned matrix detected: slice 0 has rcond = 1.0376527803051518e-17.
  Lam_inv = inv(Lam)
D:\project\paper-bench\tasks\astro\2504.04211_pta_normalizing_flows\agent_solution\code\pta_likelihood.py:167: LinAlgWarning: An ill-conditioned matrix detected: slice 0 has rcond = 2.0648633780173865e-18.
  Lam_inv = inv(Lam)
D:\project\paper-bench\tasks\astro\2504.04211_pta_normalizing_flows\agent_solution\code\pta_likelihood.py:167: LinAlgWarning: An ill-conditioned matrix detected: slice 0 has rcond = 2.1518069956357717e-16.
  Lam_inv = inv(Lam)
D:\project\paper-bench\tasks\astro\2504.04211_pta_normalizing_flows\agent_solution\code\pta_likelihood.py:167: LinAlgWarning: An ill-conditioned matrix detected: slice 0 has rcond = 1.0189599087802139e-16.
  Lam_inv = inv(Lam)
D:\project\paper-bench\tasks\astro\2504.04211_pta_normalizing_flows\agent_solution\code\pta_likelihood.py:167: LinAlgWarning: An ill-conditioned matrix detected: slice 0 has rcond = 6.033254176787237e-19.
  Lam_inv = inv(Lam)
D:\project\paper-bench\tasks\astro\2504.04211_pta_normalizing_flows\agent_solution\code\pta_likelihood.py:167: LinAlgWarning: An ill-conditioned matrix detected: slice 0 has rcond = 4.501283544305e-17.
  Lam_inv = inv(Lam)
D:\project\paper-bench\tasks\astro\2504.04211_pta_normalizing_flows\agent_solution\code\pta_likelihood.py:167: LinAlgWarning: An ill-conditioned matrix detected: slice 0 has rcond = 5.269970961456861e-18.
  Lam_inv = inv(Lam)
D:\project\paper-bench\tasks\astro\2504.04211_pta_normalizing_flows\agent_solution\code\pta_likelihood.py:167: LinAlgWarning: An ill-conditioned matrix detected: slice 0 has rcond = 1.2638539836444022e-18.
  Lam_inv = inv(Lam)
D:\project\paper-bench\tasks\astro\2504.04211_pta_normalizing_flows\agent_solution\code\pta_likelihood.py:167: LinAlgWarning: An ill-conditioned matrix detected: slice 0 has rcond = 3.7020519521159305e-18.
  Lam_inv = inv(Lam)
D:\project\paper-bench\tasks\astro\2504.04211_pta_normalizing_flows\agent_solution\code\pta_likelihood.py:167: LinAlgWarning: An ill-conditioned matrix detected: slice 0 has rcond = 1.4664159131364313e-18.
  Lam_inv = inv(Lam)
D:\project\paper-bench\tasks\astro\2504.04211_pta_normalizing_flows\agent_solution\code\pta_likelihood.py:167: LinAlgWarning: An ill-conditioned matrix detected: slice 0 has rcond = 1.5671045586598643e-17.
  Lam_inv = inv(Lam)
D:\project\paper-bench\tasks\astro\2504.04211_pta_normalizing_flows\agent_solution\code\pta_likelihood.py:167: LinAlgWarning: An ill-conditioned matrix detected: slice 0 has rcond = 5.998526844334826e-17.
  Lam_inv = inv(Lam)
D:\project\paper-bench\tasks\astro\2504.04211_pta_normalizing_flows\agent_solution\code\pta_likelihood.py:167: LinAlgWarning: An ill-conditioned matrix detected: slice 0 has rcond = 2.4676936362043742e-18.
  Lam_inv = inv(Lam)
D:\project\paper-bench\tasks\astro\2504.04211_pta_normalizing_flows\agent_solution\code\pta_likelihood.py:167: LinAlgWarning: An ill-conditioned matrix detected: slice 0 has rcond = 1.6625540664560652e-16.
  Lam_inv = inv(Lam)
D:\project\paper-bench\tasks\astro\2504.04211_pta_normalizing_flows\agent_solution\code\pta_likelihood.py:167: LinAlgWarning: An ill-conditioned matrix detected: slice 0 has rcond = 6.080356240896844e-18.
  Lam_inv = inv(Lam)
D:\project\paper-bench\tasks\astro\2504.04211_pta_normalizing_flows\agent_solution\code\pta_likelihood.py:167: LinAlgWarning: An ill-conditioned matrix detected: slice 0 has rcond = 3.068462970871714e-18.
  Lam_inv = inv(Lam)
D:\project\paper-bench\tasks\astro\2504.04211_pta_normalizing_flows\agent_solution\code\pta_likelihood.py:167: LinAlgWarning: An ill-conditioned matrix detected: slice 0 has rcond = 3.71683403110653e-18.
  Lam_inv = inv(Lam)
D:\project\paper-bench\tasks\astro\2504.04211_pta_normalizing_flows\agent_solution\code\pta_likelihood.py:167: LinAlgWarning: An ill-conditioned matrix detected: slice 0 has rcond = 4.248665768201633e-17.
  Lam_inv = inv(Lam)
D:\project\paper-bench\tasks\astro\2504.04211_pta_normalizing_flows\agent_solution\code\pta_likelihood.py:167: LinAlgWarning: An ill-conditioned matrix detected: slice 0 has rcond = 2.7434477436528675e-17.
  Lam_inv = inv(Lam)
D:\project\paper-bench\tasks\astro\2504.04211_pta_normalizing_flows\agent_solution\code\pta_likelihood.py:167: LinAlgWarning: An ill-conditioned matrix detected: slice 0 has rcond = 2.0982144820541644e-16.
  Lam_inv = inv(Lam)
D:\project\paper-bench\tasks\astro\2504.04211_pta_normalizing_flows\agent_solution\code\pta_likelihood.py:167: LinAlgWarning: An ill-conditioned matrix detected: slice 0 has rcond = 3.844920916004327e-18.
  Lam_inv = inv(Lam)
D:\project\paper-bench\tasks\astro\2504.04211_pta_normalizing_flows\agent_solution\code\pta_likelihood.py:167: LinAlgWarning: An ill-conditioned matrix detected: slice 0 has rcond = 9.843172146010543e-17.
  Lam_inv = inv(Lam)
D:\project\paper-bench\tasks\astro\2504.04211_pta_normalizing_flows\agent_solution\code\pta_likelihood.py:167: LinAlgWarning: An ill-conditioned matrix detected: slice 0 has rcond = 1.2078088864837686e-19.
  Lam_inv = inv(Lam)
D:\project\paper-bench\tasks\astro\2504.04211_pta_normalizing_flows\agent_solution\code\pta_likelihood.py:167: LinAlgWarning: An ill-conditioned matrix detected: slice 0 has rcond = 9.533816591594864e-18.
  Lam_inv = inv(Lam)
D:\project\paper-bench\tasks\astro\2504.04211_pta_normalizing_flows\agent_solution\code\pta_likelihood.py:167: LinAlgWarning: An ill-conditioned matrix detected: slice 0 has rcond = 1.850944693880643e-20.
  Lam_inv = inv(Lam)
D:\project\paper-bench\tasks\astro\2504.04211_pta_normalizing_flows\agent_solution\code\pta_likelihood.py:167: LinAlgWarning: An ill-conditioned matrix detected: slice 0 has rcond = 1.4879234549836944e-17.
  Lam_inv = inv(Lam)
D:\project\paper-bench\tasks\astro\2504.04211_pta_normalizing_flows\agent_solution\code\pta_likelihood.py:167: LinAlgWarning: An ill-conditioned matrix detected: slice 0 has rcond = 1.9835441337742243e-16.
  Lam_inv = inv(Lam)
D:\project\paper-bench\tasks\astro\2504.04211_pta_normalizing_flows\agent_solution\code\pta_likelihood.py:167: LinAlgWarning: An ill-conditioned matrix detected: slice 0 has rcond = 1.3753767715177e-17.
  Lam_inv = inv(Lam)
D:\project\paper-bench\tasks\astro\2504.04211_pta_normalizing_flows\agent_solution\code\pta_likelihood.py:167: LinAlgWarning: An ill-conditioned matrix detected: slice 0 has rcond = 9.097977787054382e-17.
  Lam_inv = inv(Lam)
D:\project\paper-bench\tasks\astro\2504.04211_pta_normalizing_flows\agent_solution\code\pta_likelihood.py:167: LinAlgWarning: An ill-conditioned matrix detected: slice 0 has rcond = 2.696388290117247e-18.
  Lam_inv = inv(Lam)
D:\project\paper-bench\tasks\astro\2504.04211_pta_normalizing_flows\agent_solution\code\pta_likelihood.py:167: LinAlgWarning: An ill-conditioned matrix detected: slice 0 has rcond = 1.765362317598538e-18.
  Lam_inv = inv(Lam)
D:\project\paper-bench\tasks\astro\2504.04211_pta_normalizing_flows\agent_solution\code\pta_likelihood.py:167: LinAlgWarning: An ill-conditioned matrix detected: slice 0 has rcond = 1.6707970430119573e-19.
  Lam_inv = inv(Lam)
D:\project\paper-bench\tasks\astro\2504.04211_pta_normalizing_flows\agent_solution\code\pta_likelihood.py:167: LinAlgWarning: An ill-conditioned matrix detected: slice 0 has rcond = 1.351557802769896e-16.
  Lam_inv = inv(Lam)
D:\project\paper-bench\tasks\astro\2504.04211_pta_normalizing_flows\agent_solution\code\pta_likelihood.py:167: LinAlgWarning: An ill-conditioned matrix detected: slice 0 has rcond = 1.1192341162633848e-18.
  Lam_inv = inv(Lam)
D:\project\paper-bench\tasks\astro\2504.04211_pta_normalizing_flows\agent_solution\code\pta_likelihood.py:167: LinAlgWarning: An ill-conditioned matrix detected: slice 0 has rcond = 2.990897941072236e-18.
  Lam_inv = inv(Lam)
D:\project\paper-bench\tasks\astro\2504.04211_pta_normalizing_flows\agent_solution\code\pta_likelihood.py:167: LinAlgWarning: An ill-conditioned matrix detected: slice 0 has rcond = 1.1470852225102653e-17.
  Lam_inv = inv(Lam)
D:\project\paper-bench\tasks\astro\2504.04211_pta_normalizing_flows\agent_solution\code\pta_likelihood.py:167: LinAlgWarning: An ill-conditioned matrix detected: slice 0 has rcond = 1.7381345317164547e-17.
  Lam_inv = inv(Lam)
D:\project\paper-bench\tasks\astro\2504.04211_pta_normalizing_flows\agent_solution\code\pta_likelihood.py:167: LinAlgWarning: An ill-conditioned matrix detected: slice 0 has rcond = 4.62308389005354e-19.
  Lam_inv = inv(Lam)
D:\project\paper-bench\tasks\astro\2504.04211_pta_normalizing_flows\agent_solution\code\pta_likelihood.py:167: LinAlgWarning: An ill-conditioned matrix detected: slice 0 has rcond = 1.847602461012461e-16.
  Lam_inv = inv(Lam)
D:\project\paper-bench\tasks\astro\2504.04211_pta_normalizing_flows\agent_solution\code\pta_likelihood.py:167: LinAlgWarning: An ill-conditioned matrix detected: slice 0 has rcond = 1.453263156006469e-20.
  Lam_inv = inv(Lam)
D:\project\paper-bench\tasks\astro\2504.04211_pta_normalizing_flows\agent_solution\code\pta_likelihood.py:167: LinAlgWarning: An ill-conditioned matrix detected: slice 0 has rcond = 8.298419546118482e-20.
  Lam_inv = inv(Lam)
D:\project\paper-bench\tasks\astro\2504.04211_pta_normalizing_flows\agent_solution\code\pta_likelihood.py:167: LinAlgWarning: An ill-conditioned matrix detected: slice 0 has rcond = 1.1946928389587362e-17.
  Lam_inv = inv(Lam)
D:\project\paper-bench\tasks\astro\2504.04211_pta_normalizing_flows\agent_solution\code\pta_likelihood.py:167: LinAlgWarning: An ill-conditioned matrix detected: slice 0 has rcond = 1.590005018408171e-22.
  Lam_inv = inv(Lam)
D:\project\paper-bench\tasks\astro\2504.04211_pta_normalizing_flows\agent_solution\code\pta_likelihood.py:167: LinAlgWarning: An ill-conditioned matrix detected: slice 0 has rcond = 6.563528427812537e-17.
  Lam_inv = inv(Lam)
D:\project\paper-bench\tasks\astro\2504.04211_pta_normalizing_flows\agent_solution\code\pta_likelihood.py:167: LinAlgWarning: An ill-conditioned matrix detected: slice 0 has rcond = 2.6657155152430803e-17.
  Lam_inv = inv(Lam)
D:\project\paper-bench\tasks\astro\2504.04211_pta_normalizing_flows\agent_solution\code\pta_likelihood.py:167: LinAlgWarning: An ill-conditioned matrix detected: slice 0 has rcond = 2.0969138906373672e-17.
  Lam_inv = inv(Lam)
D:\project\paper-bench\tasks\astro\2504.04211_pta_normalizing_flows\agent_solution\code\pta_likelihood.py:167: LinAlgWarning: An ill-conditioned matrix detected: slice 0 has rcond = 6.625928793092341e-17.
  Lam_inv = inv(Lam)
D:\project\paper-bench\tasks\astro\2504.04211_pta_normalizing_flows\agent_solution\code\pta_likelihood.py:167: LinAlgWarning: An ill-conditioned matrix detected: slice 0 has rcond = 1.0764380851174933e-18.
  Lam_inv = inv(Lam)
D:\project\paper-bench\tasks\astro\2504.04211_pta_normalizing_flows\agent_solution\code\pta_likelihood.py:167: LinAlgWarning: An ill-conditioned matrix detected: slice 0 has rcond = 1.1517061055769379e-17.
  Lam_inv = inv(Lam)
D:\project\paper-bench\tasks\astro\2504.04211_pta_normalizing_flows\agent_solution\code\pta_likelihood.py:167: LinAlgWarning: An ill-conditioned matrix detected: slice 0 has rcond = 1.986636944950802e-17.
  Lam_inv = inv(Lam)
D:\project\paper-bench\tasks\astro\2504.04211_pta_normalizing_flows\agent_solution\code\pta_likelihood.py:167: LinAlgWarning: An ill-conditioned matrix detected: slice 0 has rcond = 1.0214673618685402e-16.
  Lam_inv = inv(Lam)
D:\project\paper-bench\tasks\astro\2504.04211_pta_normalizing_flows\agent_solution\code\pta_likelihood.py:167: LinAlgWarning: An ill-conditioned matrix detected: slice 0 has rcond = 8.143682775636487e-17.
  Lam_inv = inv(Lam)
D:\project\paper-bench\tasks\astro\2504.04211_pta_normalizing_flows\agent_solution\code\pta_likelihood.py:167: LinAlgWarning: An ill-conditioned matrix detected: slice 0 has rcond = 2.7544684209376444e-17.
  Lam_inv = inv(Lam)
D:\project\paper-bench\tasks\astro\2504.04211_pta_normalizing_flows\agent_solution\code\pta_likelihood.py:167: LinAlgWarning: An ill-conditioned matrix detected: slice 0 has rcond = 3.4552892509771335e-17.
  Lam_inv = inv(Lam)
D:\project\paper-bench\tasks\astro\2504.04211_pta_normalizing_flows\agent_solution\code\pta_likelihood.py:167: LinAlgWarning: An ill-conditioned matrix detected: slice 0 has rcond = 9.584832929870497e-17.
  Lam_inv = inv(Lam)
D:\project\paper-bench\tasks\astro\2504.04211_pta_normalizing_flows\agent_solution\code\pta_likelihood.py:167: LinAlgWarning: An ill-conditioned matrix detected: slice 0 has rcond = 9.497546923839049e-19.
  Lam_inv = inv(Lam)
D:\project\paper-bench\tasks\astro\2504.04211_pta_normalizing_flows\agent_solution\code\pta_likelihood.py:167: LinAlgWarning: An ill-conditioned matrix detected: slice 0 has rcond = 2.1869736921275733e-18.
  Lam_inv = inv(Lam)
D:\project\paper-bench\tasks\astro\2504.04211_pta_normalizing_flows\agent_solution\code\pta_likelihood.py:167: LinAlgWarning: An ill-conditioned matrix detected: slice 0 has rcond = 1.163692111232233e-16.
  Lam_inv = inv(Lam)
D:\project\paper-bench\tasks\astro\2504.04211_pta_normalizing_flows\agent_solution\code\pta_likelihood.py:167: LinAlgWarning: An ill-conditioned matrix detected: slice 0 has rcond = 1.390487152556524e-16.
  Lam_inv = inv(Lam)
D:\project\paper-bench\tasks\astro\2504.04211_pta_normalizing_flows\agent_solution\code\pta_likelihood.py:167: LinAlgWarning: An ill-conditioned matrix detected: slice 0 has rcond = 4.9243141915194584e-20.
  Lam_inv = inv(Lam)
D:\project\paper-bench\tasks\astro\2504.04211_pta_normalizing_flows\agent_solution\code\pta_likelihood.py:167: LinAlgWarning: An ill-conditioned matrix detected: slice 0 has rcond = 1.0366001651775395e-18.
  Lam_inv = inv(Lam)
D:\project\paper-bench\tasks\astro\2504.04211_pta_normalizing_flows\agent_solution\code\pta_likelihood.py:167: LinAlgWarning: An ill-conditioned matrix detected: slice 0 has rcond = 3.1848627635028828e-18.
  Lam_inv = inv(Lam)
D:\project\paper-bench\tasks\astro\2504.04211_pta_normalizing_flows\agent_solution\code\pta_likelihood.py:167: LinAlgWarning: An ill-conditioned matrix detected: slice 0 has rcond = 1.6780168958071205e-17.
  Lam_inv = inv(Lam)
D:\project\paper-bench\tasks\astro\2504.04211_pta_normalizing_flows\agent_solution\code\pta_likelihood.py:167: LinAlgWarning: An ill-conditioned matrix detected: slice 0 has rcond = 1.0674039341592433e-18.
  Lam_inv = inv(Lam)
D:\project\paper-bench\tasks\astro\2504.04211_pta_normalizing_flows\agent_solution\code\pta_likelihood.py:167: LinAlgWarning: An ill-conditioned matrix detected: slice 0 has rcond = 1.6147996194199922e-20.
  Lam_inv = inv(Lam)
D:\project\paper-bench\tasks\astro\2504.04211_pta_normalizing_flows\agent_solution\code\pta_likelihood.py:167: LinAlgWarning: An ill-conditioned matrix detected: slice 0 has rcond = 1.9217817966023162e-16.
  Lam_inv = inv(Lam)
D:\project\paper-bench\tasks\astro\2504.04211_pta_normalizing_flows\agent_solution\code\pta_likelihood.py:167: LinAlgWarning: An ill-conditioned matrix detected: slice 0 has rcond = 4.6683711472708137e-20.
  Lam_inv = inv(Lam)
D:\project\paper-bench\tasks\astro\2504.04211_pta_normalizing_flows\agent_solution\code\pta_likelihood.py:167: LinAlgWarning: An ill-conditioned matrix detected: slice 0 has rcond = 9.726220027362598e-18.
  Lam_inv = inv(Lam)
D:\project\paper-bench\tasks\astro\2504.04211_pta_normalizing_flows\agent_solution\code\pta_likelihood.py:167: LinAlgWarning: An ill-conditioned matrix detected: slice 0 has rcond = 1.487752861017089e-17.
  Lam_inv = inv(Lam)
D:\project\paper-bench\tasks\astro\2504.04211_pta_normalizing_flows\agent_solution\code\pta_likelihood.py:167: LinAlgWarning: An ill-conditioned matrix detected: slice 0 has rcond = 2.8890125832026053e-19.
  Lam_inv = inv(Lam)
D:\project\paper-bench\tasks\astro\2504.04211_pta_normalizing_flows\agent_solution\code\pta_likelihood.py:167: LinAlgWarning: An ill-conditioned matrix detected: slice 0 has rcond = 7.64405252471365e-17.
  Lam_inv = inv(Lam)
D:\project\paper-bench\tasks\astro\2504.04211_pta_normalizing_flows\agent_solution\code\pta_likelihood.py:167: LinAlgWarning: An ill-conditioned matrix detected: slice 0 has rcond = 5.602571917821743e-17.
  Lam_inv = inv(Lam)
D:\project\paper-bench\tasks\astro\2504.04211_pta_normalizing_flows\agent_solution\code\pta_likelihood.py:167: LinAlgWarning: An ill-conditioned matrix detected: slice 0 has rcond = 1.5912238693502973e-16.
  Lam_inv = inv(Lam)
D:\project\paper-bench\tasks\astro\2504.04211_pta_normalizing_flows\agent_solution\code\pta_likelihood.py:167: LinAlgWarning: An ill-conditioned matrix detected: slice 0 has rcond = 2.773684552572482e-18.
  Lam_inv = inv(Lam)
D:\project\paper-bench\tasks\astro\2504.04211_pta_normalizing_flows\agent_solution\code\pta_likelihood.py:167: LinAlgWarning: An ill-conditioned matrix detected: slice 0 has rcond = 2.0284958664465908e-17.
  Lam_inv = inv(Lam)
D:\project\paper-bench\tasks\astro\2504.04211_pta_normalizing_flows\agent_solution\code\pta_likelihood.py:167: LinAlgWarning: An ill-conditioned matrix detected: slice 0 has rcond = 7.38961278504047e-22.
  Lam_inv = inv(Lam)
D:\project\paper-bench\tasks\astro\2504.04211_pta_normalizing_flows\agent_solution\code\pta_likelihood.py:167: LinAlgWarning: An ill-conditioned matrix detected: slice 0 has rcond = 9.11747191361653e-17.
  Lam_inv = inv(Lam)
D:\project\paper-bench\tasks\astro\2504.04211_pta_normalizing_flows\agent_solution\code\pta_likelihood.py:167: LinAlgWarning: An ill-conditioned matrix detected: slice 0 has rcond = 5.9740749970874055e-19.
  Lam_inv = inv(Lam)
D:\project\paper-bench\tasks\astro\2504.04211_pta_normalizing_flows\agent_solution\code\pta_likelihood.py:167: LinAlgWarning: An ill-conditioned matrix detected: slice 0 has rcond = 1.9204870528398327e-16.
  Lam_inv = inv(Lam)
D:\project\paper-bench\tasks\astro\2504.04211_pta_normalizing_flows\agent_solution\code\pta_likelihood.py:167: LinAlgWarning: An ill-conditioned matrix detected: slice 0 has rcond = 1.357724124735268e-17.
  Lam_inv = inv(Lam)
D:\project\paper-bench\tasks\astro\2504.04211_pta_normalizing_flows\agent_solution\code\pta_likelihood.py:167: LinAlgWarning: An ill-conditioned matrix detected: slice 0 has rcond = 2.165385950452277e-17.
  Lam_inv = inv(Lam)
D:\project\paper-bench\tasks\astro\2504.04211_pta_normalizing_flows\agent_solution\code\pta_likelihood.py:167: LinAlgWarning: An ill-conditioned matrix detected: slice 0 has rcond = 2.0917550882730097e-21.
  Lam_inv = inv(Lam)
  [nf] sampled 8000 in 1.3s; reweight+loglike in 172.0s
  [nf] effective sample size for reweighting = 2 / 8000
  [nf] logZ_HME = -156440.85   logZ_IS = 68975.41
  [hellinger] direct=0.9369  reweighted=0.5182 (1d d=[0.786,0.729] r=[0.510,0.686])

===== model SMBHB =====
  [mcmc] loading cached chain D:/project/paper-bench/tasks/astro/2504.04211_pta_normalizing_flows/agent_solution/code/cache_smoke\mcmc_SMBHB.npz
The chain is shorter than 50 times the integrated autocorrelation time for 22 parameter(s). Use this estimate with caution and run a longer chain!
N/50 = 24;
tau: [124.26698515 129.07431344 120.09144559 114.04545233 119.81193135
 137.0609184  109.55254444 123.33856453 108.99656025 122.9700001
 119.53624247 124.27810662 132.1163574  112.40269174 119.75135427
 123.38448044 123.88124216 126.82972793 123.7386208  126.72351164
 108.81054251 134.14820336]
  [mcmc] n_eff=43200  logZ_HME = 68999.01  tau~122
  [sim] 15000 forward sims in 18.4s
  [nf] training 15000 x 40 epochs in 149.1s; loss 26.63 -> 1.98
D:\project\paper-bench\tasks\astro\2504.04211_pta_normalizing_flows\agent_solution\code\pta_likelihood.py:167: LinAlgWarning: An ill-conditioned matrix detected: slice 0 has rcond = 1.1745456732823868e-17.
  Lam_inv = inv(Lam)
D:\project\paper-bench\tasks\astro\2504.04211_pta_normalizing_flows\agent_solution\code\pta_likelihood.py:167: LinAlgWarning: An ill-conditioned matrix detected: slice 0 has rcond = 2.7341500264579424e-19.
  Lam_inv = inv(Lam)
D:\project\paper-bench\tasks\astro\2504.04211_pta_normalizing_flows\agent_solution\code\pta_likelihood.py:167: LinAlgWarning: An ill-conditioned matrix detected: slice 0 has rcond = 4.1485786022057433e-20.
  Lam_inv = inv(Lam)
D:\project\paper-bench\tasks\astro\2504.04211_pta_normalizing_flows\agent_solution\code\pta_likelihood.py:167: LinAlgWarning: An ill-conditioned matrix detected: slice 0 has rcond = 2.0558948197620245e-17.
  Lam_inv = inv(Lam)
D:\project\paper-bench\tasks\astro\2504.04211_pta_normalizing_flows\agent_solution\code\pta_likelihood.py:167: LinAlgWarning: An ill-conditioned matrix detected: slice 0 has rcond = 5.484195471547374e-18.
  Lam_inv = inv(Lam)
D:\project\paper-bench\tasks\astro\2504.04211_pta_normalizing_flows\agent_solution\code\pta_likelihood.py:167: LinAlgWarning: An ill-conditioned matrix detected: slice 0 has rcond = 1.4072776388633297e-16.
  Lam_inv = inv(Lam)
D:\project\paper-bench\tasks\astro\2504.04211_pta_normalizing_flows\agent_solution\code\pta_likelihood.py:167: LinAlgWarning: An ill-conditioned matrix detected: slice 0 has rcond = 4.5752993236886595e-18.
  Lam_inv = inv(Lam)
D:\project\paper-bench\tasks\astro\2504.04211_pta_normalizing_flows\agent_solution\code\pta_likelihood.py:167: LinAlgWarning: An ill-conditioned matrix detected: slice 0 has rcond = 1.1546968525767112e-17.
  Lam_inv = inv(Lam)
D:\project\paper-bench\tasks\astro\2504.04211_pta_normalizing_flows\agent_solution\code\pta_likelihood.py:167: LinAlgWarning: An ill-conditioned matrix detected: slice 0 has rcond = 3.951556269722435e-17.
  Lam_inv = inv(Lam)
D:\project\paper-bench\tasks\astro\2504.04211_pta_normalizing_flows\agent_solution\code\pta_likelihood.py:167: LinAlgWarning: An ill-conditioned matrix detected: slice 0 has rcond = 1.5026396123642661e-16.
  Lam_inv = inv(Lam)
D:\project\paper-bench\tasks\astro\2504.04211_pta_normalizing_flows\agent_solution\code\pta_likelihood.py:167: LinAlgWarning: An ill-conditioned matrix detected: slice 0 has rcond = 4.393293133832661e-17.
  Lam_inv = inv(Lam)
D:\project\paper-bench\tasks\astro\2504.04211_pta_normalizing_flows\agent_solution\code\pta_likelihood.py:167: LinAlgWarning: An ill-conditioned matrix detected: slice 0 has rcond = 3.3570441707835817e-17.
  Lam_inv = inv(Lam)
D:\project\paper-bench\tasks\astro\2504.04211_pta_normalizing_flows\agent_solution\code\pta_likelihood.py:167: LinAlgWarning: An ill-conditioned matrix detected: slice 0 has rcond = 1.3954459953154046e-18.
  Lam_inv = inv(Lam)
D:\project\paper-bench\tasks\astro\2504.04211_pta_normalizing_flows\agent_solution\code\pta_likelihood.py:167: LinAlgWarning: An ill-conditioned matrix detected: slice 0 has rcond = 2.3939724713633557e-17.
  Lam_inv = inv(Lam)
D:\project\paper-bench\tasks\astro\2504.04211_pta_normalizing_flows\agent_solution\code\pta_likelihood.py:167: LinAlgWarning: An ill-conditioned matrix detected: slice 0 has rcond = 1.9528721949838995e-16.
  Lam_inv = inv(Lam)
D:\project\paper-bench\tasks\astro\2504.04211_pta_normalizing_flows\agent_solution\code\pta_likelihood.py:167: LinAlgWarning: An ill-conditioned matrix detected: slice 0 has rcond = 8.902753547117339e-18.
  Lam_inv = inv(Lam)
D:\project\paper-bench\tasks\astro\2504.04211_pta_normalizing_flows\agent_solution\code\pta_likelihood.py:167: LinAlgWarning: An ill-conditioned matrix detected: slice 0 has rcond = 1.1505650435283782e-16.
  Lam_inv = inv(Lam)
D:\project\paper-bench\tasks\astro\2504.04211_pta_normalizing_flows\agent_solution\code\pta_likelihood.py:167: LinAlgWarning: An ill-conditioned matrix detected: slice 0 has rcond = 5.2628990787369774e-17.
  Lam_inv = inv(Lam)
D:\project\paper-bench\tasks\astro\2504.04211_pta_normalizing_flows\agent_solution\code\pta_likelihood.py:167: LinAlgWarning: An ill-conditioned matrix detected: slice 0 has rcond = 4.3349271311882e-17.
  Lam_inv = inv(Lam)
D:\project\paper-bench\tasks\astro\2504.04211_pta_normalizing_flows\agent_solution\code\pta_likelihood.py:167: LinAlgWarning: An ill-conditioned matrix detected: slice 0 has rcond = 9.315431945690133e-17.
  Lam_inv = inv(Lam)
D:\project\paper-bench\tasks\astro\2504.04211_pta_normalizing_flows\agent_solution\code\pta_likelihood.py:167: LinAlgWarning: An ill-conditioned matrix detected: slice 0 has rcond = 2.0597740691225925e-17.
  Lam_inv = inv(Lam)
D:\project\paper-bench\tasks\astro\2504.04211_pta_normalizing_flows\agent_solution\code\pta_likelihood.py:167: LinAlgWarning: An ill-conditioned matrix detected: slice 0 has rcond = 9.151632985441266e-17.
  Lam_inv = inv(Lam)
D:\project\paper-bench\tasks\astro\2504.04211_pta_normalizing_flows\agent_solution\code\pta_likelihood.py:167: LinAlgWarning: An ill-conditioned matrix detected: slice 0 has rcond = 5.1539828243594115e-17.
  Lam_inv = inv(Lam)
D:\project\paper-bench\tasks\astro\2504.04211_pta_normalizing_flows\agent_solution\code\pta_likelihood.py:167: LinAlgWarning: An ill-conditioned matrix detected: slice 0 has rcond = 1.9480628988984495e-16.
  Lam_inv = inv(Lam)
D:\project\paper-bench\tasks\astro\2504.04211_pta_normalizing_flows\agent_solution\code\pta_likelihood.py:167: LinAlgWarning: An ill-conditioned matrix detected: slice 0 has rcond = 7.78648776641191e-18.
  Lam_inv = inv(Lam)
D:\project\paper-bench\tasks\astro\2504.04211_pta_normalizing_flows\agent_solution\code\pta_likelihood.py:167: LinAlgWarning: An ill-conditioned matrix detected: slice 0 has rcond = 4.798611376453875e-17.
  Lam_inv = inv(Lam)
D:\project\paper-bench\tasks\astro\2504.04211_pta_normalizing_flows\agent_solution\code\pta_likelihood.py:167: LinAlgWarning: An ill-conditioned matrix detected: slice 0 has rcond = 3.395363302540397e-20.
  Lam_inv = inv(Lam)
D:\project\paper-bench\tasks\astro\2504.04211_pta_normalizing_flows\agent_solution\code\pta_likelihood.py:167: LinAlgWarning: An ill-conditioned matrix detected: slice 0 has rcond = 2.484306797357175e-17.
  Lam_inv = inv(Lam)
D:\project\paper-bench\tasks\astro\2504.04211_pta_normalizing_flows\agent_solution\code\pta_likelihood.py:167: LinAlgWarning: An ill-conditioned matrix detected: slice 0 has rcond = 3.663255611974992e-17.
  Lam_inv = inv(Lam)
D:\project\paper-bench\tasks\astro\2504.04211_pta_normalizing_flows\agent_solution\code\pta_likelihood.py:167: LinAlgWarning: An ill-conditioned matrix detected: slice 0 has rcond = 2.0009209136654074e-18.
  Lam_inv = inv(Lam)
D:\project\paper-bench\tasks\astro\2504.04211_pta_normalizing_flows\agent_solution\code\pta_likelihood.py:167: LinAlgWarning: An ill-conditioned matrix detected: slice 0 has rcond = 5.589002156157096e-19.
  Lam_inv = inv(Lam)
D:\project\paper-bench\tasks\astro\2504.04211_pta_normalizing_flows\agent_solution\code\pta_likelihood.py:167: LinAlgWarning: An ill-conditioned matrix detected: slice 0 has rcond = 4.41571315615478e-20.
  Lam_inv = inv(Lam)
D:\project\paper-bench\tasks\astro\2504.04211_pta_normalizing_flows\agent_solution\code\pta_likelihood.py:167: LinAlgWarning: An ill-conditioned matrix detected: slice 0 has rcond = 1.7101084332582473e-17.
  Lam_inv = inv(Lam)
D:\project\paper-bench\tasks\astro\2504.04211_pta_normalizing_flows\agent_solution\code\pta_likelihood.py:167: LinAlgWarning: An ill-conditioned matrix detected: slice 0 has rcond = 1.6380327185029167e-16.
  Lam_inv = inv(Lam)
D:\project\paper-bench\tasks\astro\2504.04211_pta_normalizing_flows\agent_solution\code\pta_likelihood.py:167: LinAlgWarning: An ill-conditioned matrix detected: slice 0 has rcond = 1.00654451285628e-16.
  Lam_inv = inv(Lam)
D:\project\paper-bench\tasks\astro\2504.04211_pta_normalizing_flows\agent_solution\code\pta_likelihood.py:167: LinAlgWarning: An ill-conditioned matrix detected: slice 0 has rcond = 7.901281557024014e-18.
  Lam_inv = inv(Lam)
D:\project\paper-bench\tasks\astro\2504.04211_pta_normalizing_flows\agent_solution\code\pta_likelihood.py:167: LinAlgWarning: An ill-conditioned matrix detected: slice 0 has rcond = 2.596545851496426e-18.
  Lam_inv = inv(Lam)
D:\project\paper-bench\tasks\astro\2504.04211_pta_normalizing_flows\agent_solution\code\pta_likelihood.py:167: LinAlgWarning: An ill-conditioned matrix detected: slice 0 has rcond = 1.6503322197769367e-16.
  Lam_inv = inv(Lam)
D:\project\paper-bench\tasks\astro\2504.04211_pta_normalizing_flows\agent_solution\code\pta_likelihood.py:167: LinAlgWarning: An ill-conditioned matrix detected: slice 0 has rcond = 7.892123336802777e-19.
  Lam_inv = inv(Lam)
D:\project\paper-bench\tasks\astro\2504.04211_pta_normalizing_flows\agent_solution\code\pta_likelihood.py:167: LinAlgWarning: An ill-conditioned matrix detected: slice 0 has rcond = 3.7730902717417464e-17.
  Lam_inv = inv(Lam)
D:\project\paper-bench\tasks\astro\2504.04211_pta_normalizing_flows\agent_solution\code\pta_likelihood.py:167: LinAlgWarning: An ill-conditioned matrix detected: slice 0 has rcond = 6.0754875220597806e-21.
  Lam_inv = inv(Lam)
D:\project\paper-bench\tasks\astro\2504.04211_pta_normalizing_flows\agent_solution\code\pta_likelihood.py:167: LinAlgWarning: An ill-conditioned matrix detected: slice 0 has rcond = 7.555474501178543e-18.
  Lam_inv = inv(Lam)
D:\project\paper-bench\tasks\astro\2504.04211_pta_normalizing_flows\agent_solution\code\pta_likelihood.py:167: LinAlgWarning: An ill-conditioned matrix detected: slice 0 has rcond = 1.9146490791211695e-16.
  Lam_inv = inv(Lam)
D:\project\paper-bench\tasks\astro\2504.04211_pta_normalizing_flows\agent_solution\code\pta_likelihood.py:167: LinAlgWarning: An ill-conditioned matrix detected: slice 0 has rcond = 6.980798552123883e-18.
  Lam_inv = inv(Lam)
D:\project\paper-bench\tasks\astro\2504.04211_pta_normalizing_flows\agent_solution\code\pta_likelihood.py:167: LinAlgWarning: An ill-conditioned matrix detected: slice 0 has rcond = 5.3353546762163096e-21.
  Lam_inv = inv(Lam)
D:\project\paper-bench\tasks\astro\2504.04211_pta_normalizing_flows\agent_solution\code\pta_likelihood.py:167: LinAlgWarning: An ill-conditioned matrix detected: slice 0 has rcond = 4.4396666030135265e-17.
  Lam_inv = inv(Lam)
D:\project\paper-bench\tasks\astro\2504.04211_pta_normalizing_flows\agent_solution\code\pta_likelihood.py:167: LinAlgWarning: An ill-conditioned matrix detected: slice 0 has rcond = 7.636057016073559e-19.
  Lam_inv = inv(Lam)
D:\project\paper-bench\tasks\astro\2504.04211_pta_normalizing_flows\agent_solution\code\pta_likelihood.py:167: LinAlgWarning: An ill-conditioned matrix detected: slice 0 has rcond = 1.2674260900601456e-16.
  Lam_inv = inv(Lam)
D:\project\paper-bench\tasks\astro\2504.04211_pta_normalizing_flows\agent_solution\code\pta_likelihood.py:167: LinAlgWarning: An ill-conditioned matrix detected: slice 0 has rcond = 4.040698706462161e-18.
  Lam_inv = inv(Lam)
D:\project\paper-bench\tasks\astro\2504.04211_pta_normalizing_flows\agent_solution\code\pta_likelihood.py:167: LinAlgWarning: An ill-conditioned matrix detected: slice 0 has rcond = 9.450712888204181e-17.
  Lam_inv = inv(Lam)
D:\project\paper-bench\tasks\astro\2504.04211_pta_normalizing_flows\agent_solution\code\pta_likelihood.py:167: LinAlgWarning: An ill-conditioned matrix detected: slice 0 has rcond = 9.670126056245798e-17.
  Lam_inv = inv(Lam)
D:\project\paper-bench\tasks\astro\2504.04211_pta_normalizing_flows\agent_solution\code\pta_likelihood.py:167: LinAlgWarning: An ill-conditioned matrix detected: slice 0 has rcond = 9.272996855499844e-17.
  Lam_inv = inv(Lam)
D:\project\paper-bench\tasks\astro\2504.04211_pta_normalizing_flows\agent_solution\code\pta_likelihood.py:167: LinAlgWarning: An ill-conditioned matrix detected: slice 0 has rcond = 1.6064226511697167e-16.
  Lam_inv = inv(Lam)
D:\project\paper-bench\tasks\astro\2504.04211_pta_normalizing_flows\agent_solution\code\pta_likelihood.py:167: LinAlgWarning: An ill-conditioned matrix detected: slice 0 has rcond = 1.2446270110747947e-16.
  Lam_inv = inv(Lam)
D:\project\paper-bench\tasks\astro\2504.04211_pta_normalizing_flows\agent_solution\code\pta_likelihood.py:167: LinAlgWarning: An ill-conditioned matrix detected: slice 0 has rcond = 2.944236014704767e-17.
  Lam_inv = inv(Lam)
D:\project\paper-bench\tasks\astro\2504.04211_pta_normalizing_flows\agent_solution\code\pta_likelihood.py:167: LinAlgWarning: An ill-conditioned matrix detected: slice 0 has rcond = 1.858123244761349e-17.
  Lam_inv = inv(Lam)
D:\project\paper-bench\tasks\astro\2504.04211_pta_normalizing_flows\agent_solution\code\pta_likelihood.py:167: LinAlgWarning: An ill-conditioned matrix detected: slice 0 has rcond = 9.828944850900159e-17.
  Lam_inv = inv(Lam)
D:\project\paper-bench\tasks\astro\2504.04211_pta_normalizing_flows\agent_solution\code\pta_likelihood.py:167: LinAlgWarning: An ill-conditioned matrix detected: slice 0 has rcond = 1.3801525208051808e-16.
  Lam_inv = inv(Lam)
D:\project\paper-bench\tasks\astro\2504.04211_pta_normalizing_flows\agent_solution\code\pta_likelihood.py:167: LinAlgWarning: An ill-conditioned matrix detected: slice 0 has rcond = 3.067311583653779e-17.
  Lam_inv = inv(Lam)
D:\project\paper-bench\tasks\astro\2504.04211_pta_normalizing_flows\agent_solution\code\pta_likelihood.py:167: LinAlgWarning: An ill-conditioned matrix detected: slice 0 has rcond = 3.753239535216056e-17.
  Lam_inv = inv(Lam)
D:\project\paper-bench\tasks\astro\2504.04211_pta_normalizing_flows\agent_solution\code\pta_likelihood.py:167: LinAlgWarning: An ill-conditioned matrix detected: slice 0 has rcond = 8.220749326917475e-18.
  Lam_inv = inv(Lam)
D:\project\paper-bench\tasks\astro\2504.04211_pta_normalizing_flows\agent_solution\code\pta_likelihood.py:167: LinAlgWarning: An ill-conditioned matrix detected: slice 0 has rcond = 1.3624439977559887e-16.
  Lam_inv = inv(Lam)
D:\project\paper-bench\tasks\astro\2504.04211_pta_normalizing_flows\agent_solution\code\pta_likelihood.py:167: LinAlgWarning: An ill-conditioned matrix detected: slice 0 has rcond = 3.871766088663215e-22.
  Lam_inv = inv(Lam)
D:\project\paper-bench\tasks\astro\2504.04211_pta_normalizing_flows\agent_solution\code\pta_likelihood.py:167: LinAlgWarning: An ill-conditioned matrix detected: slice 0 has rcond = 7.799809658371996e-17.
  Lam_inv = inv(Lam)
D:\project\paper-bench\tasks\astro\2504.04211_pta_normalizing_flows\agent_solution\code\pta_likelihood.py:167: LinAlgWarning: An ill-conditioned matrix detected: slice 0 has rcond = 9.283564943319257e-18.
  Lam_inv = inv(Lam)
D:\project\paper-bench\tasks\astro\2504.04211_pta_normalizing_flows\agent_solution\code\pta_likelihood.py:167: LinAlgWarning: An ill-conditioned matrix detected: slice 0 has rcond = 4.290994022669164e-17.
  Lam_inv = inv(Lam)
D:\project\paper-bench\tasks\astro\2504.04211_pta_normalizing_flows\agent_solution\code\pta_likelihood.py:167: LinAlgWarning: An ill-conditioned matrix detected: slice 0 has rcond = 2.201803326794601e-17.
  Lam_inv = inv(Lam)
D:\project\paper-bench\tasks\astro\2504.04211_pta_normalizing_flows\agent_solution\code\pta_likelihood.py:167: LinAlgWarning: An ill-conditioned matrix detected: slice 0 has rcond = 6.6526162427506674e-21.
  Lam_inv = inv(Lam)
D:\project\paper-bench\tasks\astro\2504.04211_pta_normalizing_flows\agent_solution\code\pta_likelihood.py:167: LinAlgWarning: An ill-conditioned matrix detected: slice 0 has rcond = 5.225830928630821e-18.
  Lam_inv = inv(Lam)
D:\project\paper-bench\tasks\astro\2504.04211_pta_normalizing_flows\agent_solution\code\pta_likelihood.py:167: LinAlgWarning: An ill-conditioned matrix detected: slice 0 has rcond = 4.1363453293872005e-17.
  Lam_inv = inv(Lam)
D:\project\paper-bench\tasks\astro\2504.04211_pta_normalizing_flows\agent_solution\code\pta_likelihood.py:167: LinAlgWarning: An ill-conditioned matrix detected: slice 0 has rcond = 1.2420599631713097e-18.
  Lam_inv = inv(Lam)
D:\project\paper-bench\tasks\astro\2504.04211_pta_normalizing_flows\agent_solution\code\pta_likelihood.py:167: LinAlgWarning: An ill-conditioned matrix detected: slice 0 has rcond = 3.939034183779097e-17.
  Lam_inv = inv(Lam)
D:\project\paper-bench\tasks\astro\2504.04211_pta_normalizing_flows\agent_solution\code\pta_likelihood.py:167: LinAlgWarning: An ill-conditioned matrix detected: slice 0 has rcond = 3.5397282722932895e-17.
  Lam_inv = inv(Lam)
D:\project\paper-bench\tasks\astro\2504.04211_pta_normalizing_flows\agent_solution\code\pta_likelihood.py:167: LinAlgWarning: An ill-conditioned matrix detected: slice 0 has rcond = 6.687027353606327e-18.
  Lam_inv = inv(Lam)
D:\project\paper-bench\tasks\astro\2504.04211_pta_normalizing_flows\agent_solution\code\pta_likelihood.py:167: LinAlgWarning: An ill-conditioned matrix detected: slice 0 has rcond = 1.4210217611851665e-18.
  Lam_inv = inv(Lam)
D:\project\paper-bench\tasks\astro\2504.04211_pta_normalizing_flows\agent_solution\code\pta_likelihood.py:167: LinAlgWarning: An ill-conditioned matrix detected: slice 0 has rcond = 9.541477233769896e-18.
  Lam_inv = inv(Lam)
D:\project\paper-bench\tasks\astro\2504.04211_pta_normalizing_flows\agent_solution\code\pta_likelihood.py:167: LinAlgWarning: An ill-conditioned matrix detected: slice 0 has rcond = 9.203144760785962e-18.
  Lam_inv = inv(Lam)
D:\project\paper-bench\tasks\astro\2504.04211_pta_normalizing_flows\agent_solution\code\pta_likelihood.py:167: LinAlgWarning: An ill-conditioned matrix detected: slice 0 has rcond = 3.912561128637012e-17.
  Lam_inv = inv(Lam)
D:\project\paper-bench\tasks\astro\2504.04211_pta_normalizing_flows\agent_solution\code\pta_likelihood.py:167: LinAlgWarning: An ill-conditioned matrix detected: slice 0 has rcond = 1.3441848529715431e-17.
  Lam_inv = inv(Lam)
D:\project\paper-bench\tasks\astro\2504.04211_pta_normalizing_flows\agent_solution\code\pta_likelihood.py:167: LinAlgWarning: An ill-conditioned matrix detected: slice 0 has rcond = 1.6848929864086872e-17.
  Lam_inv = inv(Lam)
D:\project\paper-bench\tasks\astro\2504.04211_pta_normalizing_flows\agent_solution\code\pta_likelihood.py:167: LinAlgWarning: An ill-conditioned matrix detected: slice 0 has rcond = 8.708357354940655e-17.
  Lam_inv = inv(Lam)
D:\project\paper-bench\tasks\astro\2504.04211_pta_normalizing_flows\agent_solution\code\pta_likelihood.py:167: LinAlgWarning: An ill-conditioned matrix detected: slice 0 has rcond = 4.462658584712319e-18.
  Lam_inv = inv(Lam)
D:\project\paper-bench\tasks\astro\2504.04211_pta_normalizing_flows\agent_solution\code\pta_likelihood.py:167: LinAlgWarning: An ill-conditioned matrix detected: slice 0 has rcond = 4.489777825133087e-19.
  Lam_inv = inv(Lam)
D:\project\paper-bench\tasks\astro\2504.04211_pta_normalizing_flows\agent_solution\code\pta_likelihood.py:167: LinAlgWarning: An ill-conditioned matrix detected: slice 0 has rcond = 1.3325464655330765e-16.
  Lam_inv = inv(Lam)
D:\project\paper-bench\tasks\astro\2504.04211_pta_normalizing_flows\agent_solution\code\pta_likelihood.py:167: LinAlgWarning: An ill-conditioned matrix detected: slice 0 has rcond = 3.043652351380791e-17.
  Lam_inv = inv(Lam)
D:\project\paper-bench\tasks\astro\2504.04211_pta_normalizing_flows\agent_solution\code\pta_likelihood.py:167: LinAlgWarning: An ill-conditioned matrix detected: slice 0 has rcond = 3.639788546199854e-18.
  Lam_inv = inv(Lam)
D:\project\paper-bench\tasks\astro\2504.04211_pta_normalizing_flows\agent_solution\code\pta_likelihood.py:167: LinAlgWarning: An ill-conditioned matrix detected: slice 0 has rcond = 9.593680058297184e-17.
  Lam_inv = inv(Lam)
D:\project\paper-bench\tasks\astro\2504.04211_pta_normalizing_flows\agent_solution\code\pta_likelihood.py:167: LinAlgWarning: An ill-conditioned matrix detected: slice 0 has rcond = 8.804810424118624e-17.
  Lam_inv = inv(Lam)
D:\project\paper-bench\tasks\astro\2504.04211_pta_normalizing_flows\agent_solution\code\pta_likelihood.py:167: LinAlgWarning: An ill-conditioned matrix detected: slice 0 has rcond = 2.9519996525832744e-17.
  Lam_inv = inv(Lam)
D:\project\paper-bench\tasks\astro\2504.04211_pta_normalizing_flows\agent_solution\code\pta_likelihood.py:167: LinAlgWarning: An ill-conditioned matrix detected: slice 0 has rcond = 4.36879423258305e-17.
  Lam_inv = inv(Lam)
D:\project\paper-bench\tasks\astro\2504.04211_pta_normalizing_flows\agent_solution\code\pta_likelihood.py:167: LinAlgWarning: An ill-conditioned matrix detected: slice 0 has rcond = 4.0494398487639305e-17.
  Lam_inv = inv(Lam)
D:\project\paper-bench\tasks\astro\2504.04211_pta_normalizing_flows\agent_solution\code\pta_likelihood.py:167: LinAlgWarning: An ill-conditioned matrix detected: slice 0 has rcond = 1.9887711424292134e-17.
  Lam_inv = inv(Lam)
D:\project\paper-bench\tasks\astro\2504.04211_pta_normalizing_flows\agent_solution\code\pta_likelihood.py:167: LinAlgWarning: An ill-conditioned matrix detected: slice 0 has rcond = 1.744516762736116e-18.
  Lam_inv = inv(Lam)
D:\project\paper-bench\tasks\astro\2504.04211_pta_normalizing_flows\agent_solution\code\pta_likelihood.py:167: LinAlgWarning: An ill-conditioned matrix detected: slice 0 has rcond = 1.930843263543736e-17.
  Lam_inv = inv(Lam)
D:\project\paper-bench\tasks\astro\2504.04211_pta_normalizing_flows\agent_solution\code\pta_likelihood.py:167: LinAlgWarning: An ill-conditioned matrix detected: slice 0 has rcond = 1.2134663035698158e-16.
  Lam_inv = inv(Lam)
D:\project\paper-bench\tasks\astro\2504.04211_pta_normalizing_flows\agent_solution\code\pta_likelihood.py:167: LinAlgWarning: An ill-conditioned matrix detected: slice 0 has rcond = 1.5949602680853317e-17.
  Lam_inv = inv(Lam)
D:\project\paper-bench\tasks\astro\2504.04211_pta_normalizing_flows\agent_solution\code\pta_likelihood.py:167: LinAlgWarning: An ill-conditioned matrix detected: slice 0 has rcond = 1.0299498727146293e-16.
  Lam_inv = inv(Lam)
D:\project\paper-bench\tasks\astro\2504.04211_pta_normalizing_flows\agent_solution\code\pta_likelihood.py:167: LinAlgWarning: An ill-conditioned matrix detected: slice 0 has rcond = 6.346904203306992e-18.
  Lam_inv = inv(Lam)
D:\project\paper-bench\tasks\astro\2504.04211_pta_normalizing_flows\agent_solution\code\pta_likelihood.py:167: LinAlgWarning: An ill-conditioned matrix detected: slice 0 has rcond = 1.4763351254357431e-16.
  Lam_inv = inv(Lam)
D:\project\paper-bench\tasks\astro\2504.04211_pta_normalizing_flows\agent_solution\code\pta_likelihood.py:167: LinAlgWarning: An ill-conditioned matrix detected: slice 0 has rcond = 2.013366011247901e-16.
  Lam_inv = inv(Lam)
D:\project\paper-bench\tasks\astro\2504.04211_pta_normalizing_flows\agent_solution\code\pta_likelihood.py:167: LinAlgWarning: An ill-conditioned matrix detected: slice 0 has rcond = 4.08889471251083e-18.
  Lam_inv = inv(Lam)
D:\project\paper-bench\tasks\astro\2504.04211_pta_normalizing_flows\agent_solution\code\pta_likelihood.py:167: LinAlgWarning: An ill-conditioned matrix detected: slice 0 has rcond = 1.9189436877522545e-18.
  Lam_inv = inv(Lam)
D:\project\paper-bench\tasks\astro\2504.04211_pta_normalizing_flows\agent_solution\code\pta_likelihood.py:167: LinAlgWarning: An ill-conditioned matrix detected: slice 0 has rcond = 1.0798095747511744e-16.
  Lam_inv = inv(Lam)
D:\project\paper-bench\tasks\astro\2504.04211_pta_normalizing_flows\agent_solution\code\pta_likelihood.py:167: LinAlgWarning: An ill-conditioned matrix detected: slice 0 has rcond = 1.8001542501469562e-16.
  Lam_inv = inv(Lam)
D:\project\paper-bench\tasks\astro\2504.04211_pta_normalizing_flows\agent_solution\code\pta_likelihood.py:167: LinAlgWarning: An ill-conditioned matrix detected: slice 0 has rcond = 1.848193929253086e-16.
  Lam_inv = inv(Lam)
D:\project\paper-bench\tasks\astro\2504.04211_pta_normalizing_flows\agent_solution\code\pta_likelihood.py:167: LinAlgWarning: An ill-conditioned matrix detected: slice 0 has rcond = 1.6577190691531272e-18.
  Lam_inv = inv(Lam)
D:\project\paper-bench\tasks\astro\2504.04211_pta_normalizing_flows\agent_solution\code\pta_likelihood.py:167: LinAlgWarning: An ill-conditioned matrix detected: slice 0 has rcond = 2.3210408519439406e-19.
  Lam_inv = inv(Lam)
D:\project\paper-bench\tasks\astro\2504.04211_pta_normalizing_flows\agent_solution\code\pta_likelihood.py:167: LinAlgWarning: An ill-conditioned matrix detected: slice 0 has rcond = 2.740750713611226e-17.
  Lam_inv = inv(Lam)
D:\project\paper-bench\tasks\astro\2504.04211_pta_normalizing_flows\agent_solution\code\pta_likelihood.py:167: LinAlgWarning: An ill-conditioned matrix detected: slice 0 has rcond = 6.52510761210769e-18.
  Lam_inv = inv(Lam)
D:\project\paper-bench\tasks\astro\2504.04211_pta_normalizing_flows\agent_solution\code\pta_likelihood.py:167: LinAlgWarning: An ill-conditioned matrix detected: slice 0 has rcond = 1.6816268951485099e-19.
  Lam_inv = inv(Lam)
D:\project\paper-bench\tasks\astro\2504.04211_pta_normalizing_flows\agent_solution\code\pta_likelihood.py:167: LinAlgWarning: An ill-conditioned matrix detected: slice 0 has rcond = 8.462383265364319e-18.
  Lam_inv = inv(Lam)
D:\project\paper-bench\tasks\astro\2504.04211_pta_normalizing_flows\agent_solution\code\pta_likelihood.py:167: LinAlgWarning: An ill-conditioned matrix detected: slice 0 has rcond = 1.0088520052112407e-19.
  Lam_inv = inv(Lam)
D:\project\paper-bench\tasks\astro\2504.04211_pta_normalizing_flows\agent_solution\code\pta_likelihood.py:167: LinAlgWarning: An ill-conditioned matrix detected: slice 0 has rcond = 5.338025470539555e-17.
  Lam_inv = inv(Lam)
D:\project\paper-bench\tasks\astro\2504.04211_pta_normalizing_flows\agent_solution\code\pta_likelihood.py:167: LinAlgWarning: An ill-conditioned matrix detected: slice 0 has rcond = 8.758699812587962e-17.
  Lam_inv = inv(Lam)
D:\project\paper-bench\tasks\astro\2504.04211_pta_normalizing_flows\agent_solution\code\pta_likelihood.py:167: LinAlgWarning: An ill-conditioned matrix detected: slice 0 has rcond = 2.2917860432957802e-18.
  Lam_inv = inv(Lam)
D:\project\paper-bench\tasks\astro\2504.04211_pta_normalizing_flows\agent_solution\code\pta_likelihood.py:167: LinAlgWarning: An ill-conditioned matrix detected: slice 0 has rcond = 1.2750403684253414e-17.
  Lam_inv = inv(Lam)
D:\project\paper-bench\tasks\astro\2504.04211_pta_normalizing_flows\agent_solution\code\pta_likelihood.py:167: LinAlgWarning: An ill-conditioned matrix detected: slice 0 has rcond = 3.3659771441376744e-19.
  Lam_inv = inv(Lam)
D:\project\paper-bench\tasks\astro\2504.04211_pta_normalizing_flows\agent_solution\code\pta_likelihood.py:167: LinAlgWarning: An ill-conditioned matrix detected: slice 0 has rcond = 6.636371963109816e-17.
  Lam_inv = inv(Lam)
D:\project\paper-bench\tasks\astro\2504.04211_pta_normalizing_flows\agent_solution\code\pta_likelihood.py:167: LinAlgWarning: An ill-conditioned matrix detected: slice 0 has rcond = 1.5682129284925672e-16.
  Lam_inv = inv(Lam)
D:\project\paper-bench\tasks\astro\2504.04211_pta_normalizing_flows\agent_solution\code\pta_likelihood.py:167: LinAlgWarning: An ill-conditioned matrix detected: slice 0 has rcond = 6.048377008289862e-18.
  Lam_inv = inv(Lam)
D:\project\paper-bench\tasks\astro\2504.04211_pta_normalizing_flows\agent_solution\code\pta_likelihood.py:167: LinAlgWarning: An ill-conditioned matrix detected: slice 0 has rcond = 1.5582561673159247e-16.
  Lam_inv = inv(Lam)
D:\project\paper-bench\tasks\astro\2504.04211_pta_normalizing_flows\agent_solution\code\pta_likelihood.py:167: LinAlgWarning: An ill-conditioned matrix detected: slice 0 has rcond = 9.583366332558948e-17.
  Lam_inv = inv(Lam)
D:\project\paper-bench\tasks\astro\2504.04211_pta_normalizing_flows\agent_solution\code\pta_likelihood.py:167: LinAlgWarning: An ill-conditioned matrix detected: slice 0 has rcond = 2.107179470772923e-16.
  Lam_inv = inv(Lam)
D:\project\paper-bench\tasks\astro\2504.04211_pta_normalizing_flows\agent_solution\code\pta_likelihood.py:167: LinAlgWarning: An ill-conditioned matrix detected: slice 0 has rcond = 1.283243063880683e-17.
  Lam_inv = inv(Lam)
D:\project\paper-bench\tasks\astro\2504.04211_pta_normalizing_flows\agent_solution\code\pta_likelihood.py:167: LinAlgWarning: An ill-conditioned matrix detected: slice 0 has rcond = 1.0316017727741415e-16.
  Lam_inv = inv(Lam)
D:\project\paper-bench\tasks\astro\2504.04211_pta_normalizing_flows\agent_solution\code\pta_likelihood.py:167: LinAlgWarning: An ill-conditioned matrix detected: slice 0 has rcond = 1.2084390042786132e-17.
  Lam_inv = inv(Lam)
D:\project\paper-bench\tasks\astro\2504.04211_pta_normalizing_flows\agent_solution\code\pta_likelihood.py:167: LinAlgWarning: An ill-conditioned matrix detected: slice 0 has rcond = 1.5836271615469482e-18.
  Lam_inv = inv(Lam)
D:\project\paper-bench\tasks\astro\2504.04211_pta_normalizing_flows\agent_solution\code\pta_likelihood.py:167: LinAlgWarning: An ill-conditioned matrix detected: slice 0 has rcond = 1.7366239195696182e-17.
  Lam_inv = inv(Lam)
D:\project\paper-bench\tasks\astro\2504.04211_pta_normalizing_flows\agent_solution\code\pta_likelihood.py:167: LinAlgWarning: An ill-conditioned matrix detected: slice 0 has rcond = 2.0833592966807752e-16.
  Lam_inv = inv(Lam)
D:\project\paper-bench\tasks\astro\2504.04211_pta_normalizing_flows\agent_solution\code\pta_likelihood.py:167: LinAlgWarning: An ill-conditioned matrix detected: slice 0 has rcond = 4.96935522318389e-18.
  Lam_inv = inv(Lam)
D:\project\paper-bench\tasks\astro\2504.04211_pta_normalizing_flows\agent_solution\code\pta_likelihood.py:167: LinAlgWarning: An ill-conditioned matrix detected: slice 0 has rcond = 4.3571795336159574e-17.
  Lam_inv = inv(Lam)
D:\project\paper-bench\tasks\astro\2504.04211_pta_normalizing_flows\agent_solution\code\pta_likelihood.py:167: LinAlgWarning: An ill-conditioned matrix detected: slice 0 has rcond = 5.703548940114315e-18.
  Lam_inv = inv(Lam)
D:\project\paper-bench\tasks\astro\2504.04211_pta_normalizing_flows\agent_solution\code\pta_likelihood.py:167: LinAlgWarning: An ill-conditioned matrix detected: slice 0 has rcond = 2.5584985226913357e-18.
  Lam_inv = inv(Lam)
D:\project\paper-bench\tasks\astro\2504.04211_pta_normalizing_flows\agent_solution\code\pta_likelihood.py:167: LinAlgWarning: An ill-conditioned matrix detected: slice 0 has rcond = 4.804316050573783e-19.
  Lam_inv = inv(Lam)
D:\project\paper-bench\tasks\astro\2504.04211_pta_normalizing_flows\agent_solution\code\pta_likelihood.py:167: LinAlgWarning: An ill-conditioned matrix detected: slice 0 has rcond = 1.3591857642745493e-18.
  Lam_inv = inv(Lam)
D:\project\paper-bench\tasks\astro\2504.04211_pta_normalizing_flows\agent_solution\code\pta_likelihood.py:167: LinAlgWarning: An ill-conditioned matrix detected: slice 0 has rcond = 3.3279883127509155e-17.
  Lam_inv = inv(Lam)
D:\project\paper-bench\tasks\astro\2504.04211_pta_normalizing_flows\agent_solution\code\pta_likelihood.py:167: LinAlgWarning: An ill-conditioned matrix detected: slice 0 has rcond = 4.95691035048373e-17.
  Lam_inv = inv(Lam)
D:\project\paper-bench\tasks\astro\2504.04211_pta_normalizing_flows\agent_solution\code\pta_likelihood.py:167: LinAlgWarning: An ill-conditioned matrix detected: slice 0 has rcond = 7.704931732417349e-20.
  Lam_inv = inv(Lam)
D:\project\paper-bench\tasks\astro\2504.04211_pta_normalizing_flows\agent_solution\code\pta_likelihood.py:167: LinAlgWarning: An ill-conditioned matrix detected: slice 0 has rcond = 7.64468072813464e-18.
  Lam_inv = inv(Lam)
D:\project\paper-bench\tasks\astro\2504.04211_pta_normalizing_flows\agent_solution\code\pta_likelihood.py:167: LinAlgWarning: An ill-conditioned matrix detected: slice 0 has rcond = 9.077060258974195e-18.
  Lam_inv = inv(Lam)
D:\project\paper-bench\tasks\astro\2504.04211_pta_normalizing_flows\agent_solution\code\pta_likelihood.py:167: LinAlgWarning: An ill-conditioned matrix detected: slice 0 has rcond = 2.889778254154915e-18.
  Lam_inv = inv(Lam)
  [nf] sampled 8000 in 1.0s; reweight+loglike in 178.5s
  [nf] effective sample size for reweighting = 1 / 8000
  [nf] logZ_HME = -328364.92   logZ_IS = 68969.86
  [hellinger] direct=0.9647  reweighted=0.3245 (1d d=[0.869,0.783] r=[0.331,0.777])

===== model DW =====
  [mcmc] opt logpost 47488.4 -> 68928.2
  [mcmc] DW: 1200 steps x 48 walkers in 805.3s; acceptance=0.24
The chain is shorter than 50 times the integrated autocorrelation time for 22 parameter(s). Use this estimate with caution and run a longer chain!
N/50 = 24;
tau: [114.24847167 132.31791045 110.24639089 140.37010841 118.27788237
 133.28281343 126.74691217 104.01550371 125.37301088 106.97526442
 118.38394775 135.53311914 102.49907706 136.58322484 124.04390561
 133.8211822  130.99894203 105.29118458 126.44964709 104.50059056
 115.89365566 105.78755749]
  [mcmc] n_eff=43200  logZ_HME = 68993.14  tau~121
  [sim] 15000 forward sims in 23.9s
  [nf] training 15000 x 40 epochs in 134.4s; loss 66.24 -> 2.72
D:\project\paper-bench\tasks\astro\2504.04211_pta_normalizing_flows\agent_solution\code\pta_likelihood.py:167: LinAlgWarning: An ill-conditioned matrix detected: slice 0 has rcond = 2.0223534487652163e-16.
  Lam_inv = inv(Lam)
D:\project\paper-bench\tasks\astro\2504.04211_pta_normalizing_flows\agent_solution\code\pta_likelihood.py:167: LinAlgWarning: An ill-conditioned matrix detected: slice 0 has rcond = 2.3272771641532043e-17.
  Lam_inv = inv(Lam)
D:\project\paper-bench\tasks\astro\2504.04211_pta_normalizing_flows\agent_solution\code\pta_likelihood.py:167: LinAlgWarning: An ill-conditioned matrix detected: slice 0 has rcond = 9.605849274411294e-22.
  Lam_inv = inv(Lam)
D:\project\paper-bench\tasks\astro\2504.04211_pta_normalizing_flows\agent_solution\code\pta_likelihood.py:167: LinAlgWarning: An ill-conditioned matrix detected: slice 0 has rcond = 2.3993336633110987e-23.
  Lam_inv = inv(Lam)
D:\project\paper-bench\tasks\astro\2504.04211_pta_normalizing_flows\agent_solution\code\pta_likelihood.py:167: LinAlgWarning: An ill-conditioned matrix detected: slice 0 has rcond = 7.428021575243303e-19.
  Lam_inv = inv(Lam)
D:\project\paper-bench\tasks\astro\2504.04211_pta_normalizing_flows\agent_solution\code\pta_likelihood.py:167: LinAlgWarning: An ill-conditioned matrix detected: slice 0 has rcond = 1.5887946912970033e-16.
  Lam_inv = inv(Lam)
D:\project\paper-bench\tasks\astro\2504.04211_pta_normalizing_flows\agent_solution\code\pta_likelihood.py:167: LinAlgWarning: An ill-conditioned matrix detected: slice 0 has rcond = 3.572049465231787e-17.
  Lam_inv = inv(Lam)
D:\project\paper-bench\tasks\astro\2504.04211_pta_normalizing_flows\agent_solution\code\pta_likelihood.py:167: LinAlgWarning: An ill-conditioned matrix detected: slice 0 has rcond = 8.644391489560277e-18.
  Lam_inv = inv(Lam)
D:\project\paper-bench\tasks\astro\2504.04211_pta_normalizing_flows\agent_solution\code\pta_likelihood.py:167: LinAlgWarning: An ill-conditioned matrix detected: slice 0 has rcond = 1.8921931962542293e-16.
  Lam_inv = inv(Lam)
D:\project\paper-bench\tasks\astro\2504.04211_pta_normalizing_flows\agent_solution\code\pta_likelihood.py:167: LinAlgWarning: An ill-conditioned matrix detected: slice 0 has rcond = 3.700062601971348e-17.
  Lam_inv = inv(Lam)
D:\project\paper-bench\tasks\astro\2504.04211_pta_normalizing_flows\agent_solution\code\pta_likelihood.py:167: LinAlgWarning: An ill-conditioned matrix detected: slice 0 has rcond = 2.67238824653695e-19.
  Lam_inv = inv(Lam)
D:\project\paper-bench\tasks\astro\2504.04211_pta_normalizing_flows\agent_solution\code\pta_likelihood.py:167: LinAlgWarning: An ill-conditioned matrix detected: slice 0 has rcond = 9.106757864988112e-21.
  Lam_inv = inv(Lam)
D:\project\paper-bench\tasks\astro\2504.04211_pta_normalizing_flows\agent_solution\code\pta_likelihood.py:167: LinAlgWarning: An ill-conditioned matrix detected: slice 0 has rcond = 5.694382547721248e-23.
  Lam_inv = inv(Lam)
D:\project\paper-bench\tasks\astro\2504.04211_pta_normalizing_flows\agent_solution\code\pta_likelihood.py:167: LinAlgWarning: An ill-conditioned matrix detected: slice 0 has rcond = 2.9982139979223715e-18.
  Lam_inv = inv(Lam)
D:\project\paper-bench\tasks\astro\2504.04211_pta_normalizing_flows\agent_solution\code\pta_likelihood.py:167: LinAlgWarning: An ill-conditioned matrix detected: slice 0 has rcond = 1.8831433672040294e-16.
  Lam_inv = inv(Lam)
D:\project\paper-bench\tasks\astro\2504.04211_pta_normalizing_flows\agent_solution\code\pta_likelihood.py:167: LinAlgWarning: An ill-conditioned matrix detected: slice 0 has rcond = 1.3768965977615523e-17.
  Lam_inv = inv(Lam)
D:\project\paper-bench\tasks\astro\2504.04211_pta_normalizing_flows\agent_solution\code\pta_likelihood.py:167: LinAlgWarning: An ill-conditioned matrix detected: slice 0 has rcond = 1.2037610230305953e-16.
  Lam_inv = inv(Lam)
D:\project\paper-bench\tasks\astro\2504.04211_pta_normalizing_flows\agent_solution\code\pta_likelihood.py:167: LinAlgWarning: An ill-conditioned matrix detected: slice 0 has rcond = 5.79621632247706e-17.
  Lam_inv = inv(Lam)
D:\project\paper-bench\tasks\astro\2504.04211_pta_normalizing_flows\agent_solution\code\pta_likelihood.py:167: LinAlgWarning: An ill-conditioned matrix detected: slice 0 has rcond = 8.208754398131789e-17.
  Lam_inv = inv(Lam)
D:\project\paper-bench\tasks\astro\2504.04211_pta_normalizing_flows\agent_solution\code\pta_likelihood.py:167: LinAlgWarning: An ill-conditioned matrix detected: slice 0 has rcond = 1.3549732019887146e-16.
  Lam_inv = inv(Lam)
D:\project\paper-bench\tasks\astro\2504.04211_pta_normalizing_flows\agent_solution\code\pta_likelihood.py:167: LinAlgWarning: An ill-conditioned matrix detected: slice 0 has rcond = 1.400898385930772e-16.
  Lam_inv = inv(Lam)
D:\project\paper-bench\tasks\astro\2504.04211_pta_normalizing_flows\agent_solution\code\pta_likelihood.py:167: LinAlgWarning: An ill-conditioned matrix detected: slice 0 has rcond = 7.871206526259851e-17.
  Lam_inv = inv(Lam)
D:\project\paper-bench\tasks\astro\2504.04211_pta_normalizing_flows\agent_solution\code\pta_likelihood.py:167: LinAlgWarning: An ill-conditioned matrix detected: slice 0 has rcond = 5.842311899149684e-17.
  Lam_inv = inv(Lam)
D:\project\paper-bench\tasks\astro\2504.04211_pta_normalizing_flows\agent_solution\code\pta_likelihood.py:167: LinAlgWarning: An ill-conditioned matrix detected: slice 0 has rcond = 6.547401182905413e-17.
  Lam_inv = inv(Lam)
D:\project\paper-bench\tasks\astro\2504.04211_pta_normalizing_flows\agent_solution\code\pta_likelihood.py:167: LinAlgWarning: An ill-conditioned matrix detected: slice 0 has rcond = 2.0521396841379128e-18.
  Lam_inv = inv(Lam)
D:\project\paper-bench\tasks\astro\2504.04211_pta_normalizing_flows\agent_solution\code\pta_likelihood.py:167: LinAlgWarning: An ill-conditioned matrix detected: slice 0 has rcond = 1.3066894837472908e-16.
  Lam_inv = inv(Lam)
D:\project\paper-bench\tasks\astro\2504.04211_pta_normalizing_flows\agent_solution\code\pta_likelihood.py:167: LinAlgWarning: An ill-conditioned matrix detected: slice 0 has rcond = 1.1725040687019813e-19.
  Lam_inv = inv(Lam)
D:\project\paper-bench\tasks\astro\2504.04211_pta_normalizing_flows\agent_solution\code\pta_likelihood.py:167: LinAlgWarning: An ill-conditioned matrix detected: slice 0 has rcond = 1.94563120473572e-16.
  Lam_inv = inv(Lam)
D:\project\paper-bench\tasks\astro\2504.04211_pta_normalizing_flows\agent_solution\code\pta_likelihood.py:167: LinAlgWarning: An ill-conditioned matrix detected: slice 0 has rcond = 1.3882768064988832e-16.
  Lam_inv = inv(Lam)
D:\project\paper-bench\tasks\astro\2504.04211_pta_normalizing_flows\agent_solution\code\pta_likelihood.py:167: LinAlgWarning: An ill-conditioned matrix detected: slice 0 has rcond = 1.6674787529853605e-17.
  Lam_inv = inv(Lam)
D:\project\paper-bench\tasks\astro\2504.04211_pta_normalizing_flows\agent_solution\code\pta_likelihood.py:167: LinAlgWarning: An ill-conditioned matrix detected: slice 0 has rcond = 1.3551791757125898e-16.
  Lam_inv = inv(Lam)
D:\project\paper-bench\tasks\astro\2504.04211_pta_normalizing_flows\agent_solution\code\pta_likelihood.py:167: LinAlgWarning: An ill-conditioned matrix detected: slice 0 has rcond = 1.7766427838770807e-16.
  Lam_inv = inv(Lam)
D:\project\paper-bench\tasks\astro\2504.04211_pta_normalizing_flows\agent_solution\code\pta_likelihood.py:167: LinAlgWarning: An ill-conditioned matrix detected: slice 0 has rcond = 3.8435838629335415e-19.
  Lam_inv = inv(Lam)
D:\project\paper-bench\tasks\astro\2504.04211_pta_normalizing_flows\agent_solution\code\pta_likelihood.py:167: LinAlgWarning: An ill-conditioned matrix detected: slice 0 has rcond = 1.5428014838651376e-16.
  Lam_inv = inv(Lam)
D:\project\paper-bench\tasks\astro\2504.04211_pta_normalizing_flows\agent_solution\code\pta_likelihood.py:167: LinAlgWarning: An ill-conditioned matrix detected: slice 0 has rcond = 2.5810304191980333e-17.
  Lam_inv = inv(Lam)
D:\project\paper-bench\tasks\astro\2504.04211_pta_normalizing_flows\agent_solution\code\pta_likelihood.py:167: LinAlgWarning: An ill-conditioned matrix detected: slice 0 has rcond = 3.945499132734805e-19.
  Lam_inv = inv(Lam)
D:\project\paper-bench\tasks\astro\2504.04211_pta_normalizing_flows\agent_solution\code\pta_likelihood.py:167: LinAlgWarning: An ill-conditioned matrix detected: slice 0 has rcond = 2.2168727452841586e-18.
  Lam_inv = inv(Lam)
D:\project\paper-bench\tasks\astro\2504.04211_pta_normalizing_flows\agent_solution\code\pta_likelihood.py:167: LinAlgWarning: An ill-conditioned matrix detected: slice 0 has rcond = 8.356230048312641e-17.
  Lam_inv = inv(Lam)
D:\project\paper-bench\tasks\astro\2504.04211_pta_normalizing_flows\agent_solution\code\pta_likelihood.py:167: LinAlgWarning: An ill-conditioned matrix detected: slice 0 has rcond = 1.1427928740257749e-18.
  Lam_inv = inv(Lam)
D:\project\paper-bench\tasks\astro\2504.04211_pta_normalizing_flows\agent_solution\code\pta_likelihood.py:167: LinAlgWarning: An ill-conditioned matrix detected: slice 0 has rcond = 3.009832971279783e-17.
  Lam_inv = inv(Lam)
D:\project\paper-bench\tasks\astro\2504.04211_pta_normalizing_flows\agent_solution\code\pta_likelihood.py:167: LinAlgWarning: An ill-conditioned matrix detected: slice 0 has rcond = 1.1968874645050804e-17.
  Lam_inv = inv(Lam)
D:\project\paper-bench\tasks\astro\2504.04211_pta_normalizing_flows\agent_solution\code\pta_likelihood.py:167: LinAlgWarning: An ill-conditioned matrix detected: slice 0 has rcond = 6.038126751880631e-17.
  Lam_inv = inv(Lam)
D:\project\paper-bench\tasks\astro\2504.04211_pta_normalizing_flows\agent_solution\code\pta_likelihood.py:167: LinAlgWarning: An ill-conditioned matrix detected: slice 0 has rcond = 1.1810453013384714e-17.
  Lam_inv = inv(Lam)
D:\project\paper-bench\tasks\astro\2504.04211_pta_normalizing_flows\agent_solution\code\pta_likelihood.py:167: LinAlgWarning: An ill-conditioned matrix detected: slice 0 has rcond = 4.668673306576368e-18.
  Lam_inv = inv(Lam)
D:\project\paper-bench\tasks\astro\2504.04211_pta_normalizing_flows\agent_solution\code\pta_likelihood.py:167: LinAlgWarning: An ill-conditioned matrix detected: slice 0 has rcond = 5.674368069295238e-17.
  Lam_inv = inv(Lam)
D:\project\paper-bench\tasks\astro\2504.04211_pta_normalizing_flows\agent_solution\code\pta_likelihood.py:167: LinAlgWarning: An ill-conditioned matrix detected: slice 0 has rcond = 3.09157173877135e-20.
  Lam_inv = inv(Lam)
D:\project\paper-bench\tasks\astro\2504.04211_pta_normalizing_flows\agent_solution\code\pta_likelihood.py:167: LinAlgWarning: An ill-conditioned matrix detected: slice 0 has rcond = 2.291192870022291e-20.
  Lam_inv = inv(Lam)
D:\project\paper-bench\tasks\astro\2504.04211_pta_normalizing_flows\agent_solution\code\pta_likelihood.py:167: LinAlgWarning: An ill-conditioned matrix detected: slice 0 has rcond = 8.675004101863376e-18.
  Lam_inv = inv(Lam)
D:\project\paper-bench\tasks\astro\2504.04211_pta_normalizing_flows\agent_solution\code\pta_likelihood.py:167: LinAlgWarning: An ill-conditioned matrix detected: slice 0 has rcond = 6.1962861631574654e-18.
  Lam_inv = inv(Lam)
D:\project\paper-bench\tasks\astro\2504.04211_pta_normalizing_flows\agent_solution\code\pta_likelihood.py:167: LinAlgWarning: An ill-conditioned matrix detected: slice 0 has rcond = 1.1430820826459077e-16.
  Lam_inv = inv(Lam)
D:\project\paper-bench\tasks\astro\2504.04211_pta_normalizing_flows\agent_solution\code\pta_likelihood.py:167: LinAlgWarning: An ill-conditioned matrix detected: slice 0 has rcond = 8.359511531965203e-17.
  Lam_inv = inv(Lam)
D:\project\paper-bench\tasks\astro\2504.04211_pta_normalizing_flows\agent_solution\code\pta_likelihood.py:167: LinAlgWarning: An ill-conditioned matrix detected: slice 0 has rcond = 1.4765470692827151e-16.
  Lam_inv = inv(Lam)
D:\project\paper-bench\tasks\astro\2504.04211_pta_normalizing_flows\agent_solution\code\pta_likelihood.py:167: LinAlgWarning: An ill-conditioned matrix detected: slice 0 has rcond = 1.319016649563094e-17.
  Lam_inv = inv(Lam)
D:\project\paper-bench\tasks\astro\2504.04211_pta_normalizing_flows\agent_solution\code\pta_likelihood.py:167: LinAlgWarning: An ill-conditioned matrix detected: slice 0 has rcond = 4.342564756589541e-17.
  Lam_inv = inv(Lam)
D:\project\paper-bench\tasks\astro\2504.04211_pta_normalizing_flows\agent_solution\code\pta_likelihood.py:167: LinAlgWarning: An ill-conditioned matrix detected: slice 0 has rcond = 2.0862984202380342e-17.
  Lam_inv = inv(Lam)
D:\project\paper-bench\tasks\astro\2504.04211_pta_normalizing_flows\agent_solution\code\pta_likelihood.py:167: LinAlgWarning: An ill-conditioned matrix detected: slice 0 has rcond = 8.598073731722637e-17.
  Lam_inv = inv(Lam)
D:\project\paper-bench\tasks\astro\2504.04211_pta_normalizing_flows\agent_solution\code\pta_likelihood.py:167: LinAlgWarning: An ill-conditioned matrix detected: slice 0 has rcond = 1.7222333855249636e-18.
  Lam_inv = inv(Lam)
D:\project\paper-bench\tasks\astro\2504.04211_pta_normalizing_flows\agent_solution\code\pta_likelihood.py:167: LinAlgWarning: An ill-conditioned matrix detected: slice 0 has rcond = 9.17962803257933e-17.
  Lam_inv = inv(Lam)
D:\project\paper-bench\tasks\astro\2504.04211_pta_normalizing_flows\agent_solution\code\pta_likelihood.py:167: LinAlgWarning: An ill-conditioned matrix detected: slice 0 has rcond = 1.5189035312682079e-18.
  Lam_inv = inv(Lam)
D:\project\paper-bench\tasks\astro\2504.04211_pta_normalizing_flows\agent_solution\code\pta_likelihood.py:167: LinAlgWarning: An ill-conditioned matrix detected: slice 0 has rcond = 6.335812670515046e-18.
  Lam_inv = inv(Lam)
D:\project\paper-bench\tasks\astro\2504.04211_pta_normalizing_flows\agent_solution\code\pta_likelihood.py:167: LinAlgWarning: An ill-conditioned matrix detected: slice 0 has rcond = 7.566836717212025e-17.
  Lam_inv = inv(Lam)
D:\project\paper-bench\tasks\astro\2504.04211_pta_normalizing_flows\agent_solution\code\pta_likelihood.py:167: LinAlgWarning: An ill-conditioned matrix detected: slice 0 has rcond = 6.227143815848528e-19.
  Lam_inv = inv(Lam)
D:\project\paper-bench\tasks\astro\2504.04211_pta_normalizing_flows\agent_solution\code\pta_likelihood.py:167: LinAlgWarning: An ill-conditioned matrix detected: slice 0 has rcond = 1.9705545776946845e-18.
  Lam_inv = inv(Lam)
D:\project\paper-bench\tasks\astro\2504.04211_pta_normalizing_flows\agent_solution\code\pta_likelihood.py:167: LinAlgWarning: An ill-conditioned matrix detected: slice 0 has rcond = 7.669590539463926e-17.
  Lam_inv = inv(Lam)
D:\project\paper-bench\tasks\astro\2504.04211_pta_normalizing_flows\agent_solution\code\pta_likelihood.py:167: LinAlgWarning: An ill-conditioned matrix detected: slice 0 has rcond = 9.655574937069251e-17.
  Lam_inv = inv(Lam)
D:\project\paper-bench\tasks\astro\2504.04211_pta_normalizing_flows\agent_solution\code\pta_likelihood.py:167: LinAlgWarning: An ill-conditioned matrix detected: slice 0 has rcond = 7.634724098822574e-18.
  Lam_inv = inv(Lam)
D:\project\paper-bench\tasks\astro\2504.04211_pta_normalizing_flows\agent_solution\code\pta_likelihood.py:167: LinAlgWarning: An ill-conditioned matrix detected: slice 0 has rcond = 1.9709418967545807e-18.
  Lam_inv = inv(Lam)
D:\project\paper-bench\tasks\astro\2504.04211_pta_normalizing_flows\agent_solution\code\pta_likelihood.py:167: LinAlgWarning: An ill-conditioned matrix detected: slice 0 has rcond = 4.902859682121031e-20.
  Lam_inv = inv(Lam)
D:\project\paper-bench\tasks\astro\2504.04211_pta_normalizing_flows\agent_solution\code\pta_likelihood.py:167: LinAlgWarning: An ill-conditioned matrix detected: slice 0 has rcond = 1.2139570335617475e-16.
  Lam_inv = inv(Lam)
D:\project\paper-bench\tasks\astro\2504.04211_pta_normalizing_flows\agent_solution\code\pta_likelihood.py:167: LinAlgWarning: An ill-conditioned matrix detected: slice 0 has rcond = 1.4861283084330954e-21.
  Lam_inv = inv(Lam)
D:\project\paper-bench\tasks\astro\2504.04211_pta_normalizing_flows\agent_solution\code\pta_likelihood.py:167: LinAlgWarning: An ill-conditioned matrix detected: slice 0 has rcond = 9.752810063591419e-17.
  Lam_inv = inv(Lam)
D:\project\paper-bench\tasks\astro\2504.04211_pta_normalizing_flows\agent_solution\code\pta_likelihood.py:167: LinAlgWarning: An ill-conditioned matrix detected: slice 0 has rcond = 1.2237364393326286e-18.
  Lam_inv = inv(Lam)
D:\project\paper-bench\tasks\astro\2504.04211_pta_normalizing_flows\agent_solution\code\pta_likelihood.py:167: LinAlgWarning: An ill-conditioned matrix detected: slice 0 has rcond = 1.1622464679263783e-20.
  Lam_inv = inv(Lam)
D:\project\paper-bench\tasks\astro\2504.04211_pta_normalizing_flows\agent_solution\code\pta_likelihood.py:167: LinAlgWarning: An ill-conditioned matrix detected: slice 0 has rcond = 7.449547156021867e-20.
  Lam_inv = inv(Lam)
D:\project\paper-bench\tasks\astro\2504.04211_pta_normalizing_flows\agent_solution\code\pta_likelihood.py:167: LinAlgWarning: An ill-conditioned matrix detected: slice 0 has rcond = 1.1591417921161652e-18.
  Lam_inv = inv(Lam)
D:\project\paper-bench\tasks\astro\2504.04211_pta_normalizing_flows\agent_solution\code\pta_likelihood.py:167: LinAlgWarning: An ill-conditioned matrix detected: slice 0 has rcond = 2.07046537338052e-17.
  Lam_inv = inv(Lam)
D:\project\paper-bench\tasks\astro\2504.04211_pta_normalizing_flows\agent_solution\code\pta_likelihood.py:167: LinAlgWarning: An ill-conditioned matrix detected: slice 0 has rcond = 3.8563420000269813e-20.
  Lam_inv = inv(Lam)
D:\project\paper-bench\tasks\astro\2504.04211_pta_normalizing_flows\agent_solution\code\pta_likelihood.py:167: LinAlgWarning: An ill-conditioned matrix detected: slice 0 has rcond = 8.891061998888368e-18.
  Lam_inv = inv(Lam)
D:\project\paper-bench\tasks\astro\2504.04211_pta_normalizing_flows\agent_solution\code\pta_likelihood.py:167: LinAlgWarning: An ill-conditioned matrix detected: slice 0 has rcond = 4.955309631710486e-21.
  Lam_inv = inv(Lam)
D:\project\paper-bench\tasks\astro\2504.04211_pta_normalizing_flows\agent_solution\code\pta_likelihood.py:167: LinAlgWarning: An ill-conditioned matrix detected: slice 0 has rcond = 8.710229341375911e-18.
  Lam_inv = inv(Lam)
D:\project\paper-bench\tasks\astro\2504.04211_pta_normalizing_flows\agent_solution\code\pta_likelihood.py:167: LinAlgWarning: An ill-conditioned matrix detected: slice 0 has rcond = 5.488193530477619e-19.
  Lam_inv = inv(Lam)
D:\project\paper-bench\tasks\astro\2504.04211_pta_normalizing_flows\agent_solution\code\pta_likelihood.py:167: LinAlgWarning: An ill-conditioned matrix detected: slice 0 has rcond = 2.0310948853760488e-16.
  Lam_inv = inv(Lam)
D:\project\paper-bench\tasks\astro\2504.04211_pta_normalizing_flows\agent_solution\code\pta_likelihood.py:167: LinAlgWarning: An ill-conditioned matrix detected: slice 0 has rcond = 2.506785520543999e-17.
  Lam_inv = inv(Lam)
D:\project\paper-bench\tasks\astro\2504.04211_pta_normalizing_flows\agent_solution\code\pta_likelihood.py:167: LinAlgWarning: An ill-conditioned matrix detected: slice 0 has rcond = 1.6855099056517568e-17.
  Lam_inv = inv(Lam)
D:\project\paper-bench\tasks\astro\2504.04211_pta_normalizing_flows\agent_solution\code\pta_likelihood.py:167: LinAlgWarning: An ill-conditioned matrix detected: slice 0 has rcond = 1.9551878105187132e-17.
  Lam_inv = inv(Lam)
D:\project\paper-bench\tasks\astro\2504.04211_pta_normalizing_flows\agent_solution\code\pta_likelihood.py:167: LinAlgWarning: An ill-conditioned matrix detected: slice 0 has rcond = 3.1125694365561174e-20.
  Lam_inv = inv(Lam)
D:\project\paper-bench\tasks\astro\2504.04211_pta_normalizing_flows\agent_solution\code\pta_likelihood.py:167: LinAlgWarning: An ill-conditioned matrix detected: slice 0 has rcond = 2.48903668047358e-17.
  Lam_inv = inv(Lam)
D:\project\paper-bench\tasks\astro\2504.04211_pta_normalizing_flows\agent_solution\code\pta_likelihood.py:167: LinAlgWarning: An ill-conditioned matrix detected: slice 0 has rcond = 9.868153601743235e-18.
  Lam_inv = inv(Lam)
D:\project\paper-bench\tasks\astro\2504.04211_pta_normalizing_flows\agent_solution\code\pta_likelihood.py:167: LinAlgWarning: An ill-conditioned matrix detected: slice 0 has rcond = 2.7915090468525117e-19.
  Lam_inv = inv(Lam)
D:\project\paper-bench\tasks\astro\2504.04211_pta_normalizing_flows\agent_solution\code\pta_likelihood.py:167: LinAlgWarning: An ill-conditioned matrix detected: slice 0 has rcond = 1.366898573751003e-16.
  Lam_inv = inv(Lam)
D:\project\paper-bench\tasks\astro\2504.04211_pta_normalizing_flows\agent_solution\code\pta_likelihood.py:167: LinAlgWarning: An ill-conditioned matrix detected: slice 0 has rcond = 1.14655572524997e-17.
  Lam_inv = inv(Lam)
D:\project\paper-bench\tasks\astro\2504.04211_pta_normalizing_flows\agent_solution\code\pta_likelihood.py:167: LinAlgWarning: An ill-conditioned matrix detected: slice 0 has rcond = 3.3615471176187555e-20.
  Lam_inv = inv(Lam)
D:\project\paper-bench\tasks\astro\2504.04211_pta_normalizing_flows\agent_solution\code\pta_likelihood.py:167: LinAlgWarning: An ill-conditioned matrix detected: slice 0 has rcond = 8.237207930431159e-20.
  Lam_inv = inv(Lam)
D:\project\paper-bench\tasks\astro\2504.04211_pta_normalizing_flows\agent_solution\code\pta_likelihood.py:167: LinAlgWarning: An ill-conditioned matrix detected: slice 0 has rcond = 2.7044962691809076e-18.
  Lam_inv = inv(Lam)
D:\project\paper-bench\tasks\astro\2504.04211_pta_normalizing_flows\agent_solution\code\pta_likelihood.py:167: LinAlgWarning: An ill-conditioned matrix detected: slice 0 has rcond = 1.0920166669488881e-17.
  Lam_inv = inv(Lam)
D:\project\paper-bench\tasks\astro\2504.04211_pta_normalizing_flows\agent_solution\code\pta_likelihood.py:167: LinAlgWarning: An ill-conditioned matrix detected: slice 0 has rcond = 3.8427390626057816e-18.
  Lam_inv = inv(Lam)
D:\project\paper-bench\tasks\astro\2504.04211_pta_normalizing_flows\agent_solution\code\pta_likelihood.py:167: LinAlgWarning: An ill-conditioned matrix detected: slice 0 has rcond = 2.6123936188589446e-17.
  Lam_inv = inv(Lam)
D:\project\paper-bench\tasks\astro\2504.04211_pta_normalizing_flows\agent_solution\code\pta_likelihood.py:167: LinAlgWarning: An ill-conditioned matrix detected: slice 0 has rcond = 3.2025883995738586e-17.
  Lam_inv = inv(Lam)
D:\project\paper-bench\tasks\astro\2504.04211_pta_normalizing_flows\agent_solution\code\pta_likelihood.py:167: LinAlgWarning: An ill-conditioned matrix detected: slice 0 has rcond = 1.0611424607782357e-17.
  Lam_inv = inv(Lam)
D:\project\paper-bench\tasks\astro\2504.04211_pta_normalizing_flows\agent_solution\code\pta_likelihood.py:167: LinAlgWarning: An ill-conditioned matrix detected: slice 0 has rcond = 8.216553358759683e-18.
  Lam_inv = inv(Lam)
D:\project\paper-bench\tasks\astro\2504.04211_pta_normalizing_flows\agent_solution\code\pta_likelihood.py:167: LinAlgWarning: An ill-conditioned matrix detected: slice 0 has rcond = 2.189043393951397e-19.
  Lam_inv = inv(Lam)
D:\project\paper-bench\tasks\astro\2504.04211_pta_normalizing_flows\agent_solution\code\pta_likelihood.py:167: LinAlgWarning: An ill-conditioned matrix detected: slice 0 has rcond = 3.012307957785542e-20.
  Lam_inv = inv(Lam)
D:\project\paper-bench\tasks\astro\2504.04211_pta_normalizing_flows\agent_solution\code\pta_likelihood.py:167: LinAlgWarning: An ill-conditioned matrix detected: slice 0 has rcond = 1.0591873706912938e-17.
  Lam_inv = inv(Lam)
D:\project\paper-bench\tasks\astro\2504.04211_pta_normalizing_flows\agent_solution\code\pta_likelihood.py:167: LinAlgWarning: An ill-conditioned matrix detected: slice 0 has rcond = 2.0699465347028524e-16.
  Lam_inv = inv(Lam)
D:\project\paper-bench\tasks\astro\2504.04211_pta_normalizing_flows\agent_solution\code\pta_likelihood.py:167: LinAlgWarning: An ill-conditioned matrix detected: slice 0 has rcond = 2.395305802486341e-17.
  Lam_inv = inv(Lam)
D:\project\paper-bench\tasks\astro\2504.04211_pta_normalizing_flows\agent_solution\code\pta_likelihood.py:167: LinAlgWarning: An ill-conditioned matrix detected: slice 0 has rcond = 1.3512723856298526e-17.
  Lam_inv = inv(Lam)
D:\project\paper-bench\tasks\astro\2504.04211_pta_normalizing_flows\agent_solution\code\pta_likelihood.py:167: LinAlgWarning: An ill-conditioned matrix detected: slice 0 has rcond = 2.0768301629389663e-20.
  Lam_inv = inv(Lam)
D:\project\paper-bench\tasks\astro\2504.04211_pta_normalizing_flows\agent_solution\code\pta_likelihood.py:167: LinAlgWarning: An ill-conditioned matrix detected: slice 0 has rcond = 1.0691569479334581e-16.
  Lam_inv = inv(Lam)
D:\project\paper-bench\tasks\astro\2504.04211_pta_normalizing_flows\agent_solution\code\pta_likelihood.py:167: LinAlgWarning: An ill-conditioned matrix detected: slice 0 has rcond = 1.982838603641229e-16.
  Lam_inv = inv(Lam)
D:\project\paper-bench\tasks\astro\2504.04211_pta_normalizing_flows\agent_solution\code\pta_likelihood.py:167: LinAlgWarning: An ill-conditioned matrix detected: slice 0 has rcond = 1.1076094384629887e-17.
  Lam_inv = inv(Lam)
D:\project\paper-bench\tasks\astro\2504.04211_pta_normalizing_flows\agent_solution\code\pta_likelihood.py:167: LinAlgWarning: An ill-conditioned matrix detected: slice 0 has rcond = 6.10282339519624e-17.
  Lam_inv = inv(Lam)
D:\project\paper-bench\tasks\astro\2504.04211_pta_normalizing_flows\agent_solution\code\pta_likelihood.py:167: LinAlgWarning: An ill-conditioned matrix detected: slice 0 has rcond = 8.854164290474947e-18.
  Lam_inv = inv(Lam)
D:\project\paper-bench\tasks\astro\2504.04211_pta_normalizing_flows\agent_solution\code\pta_likelihood.py:167: LinAlgWarning: An ill-conditioned matrix detected: slice 0 has rcond = 1.392529410078679e-18.
  Lam_inv = inv(Lam)
D:\project\paper-bench\tasks\astro\2504.04211_pta_normalizing_flows\agent_solution\code\pta_likelihood.py:167: LinAlgWarning: An ill-conditioned matrix detected: slice 0 has rcond = 8.712033278771794e-20.
  Lam_inv = inv(Lam)
D:\project\paper-bench\tasks\astro\2504.04211_pta_normalizing_flows\agent_solution\code\pta_likelihood.py:167: LinAlgWarning: An ill-conditioned matrix detected: slice 0 has rcond = 2.8077651807928674e-18.
  Lam_inv = inv(Lam)
D:\project\paper-bench\tasks\astro\2504.04211_pta_normalizing_flows\agent_solution\code\pta_likelihood.py:167: LinAlgWarning: An ill-conditioned matrix detected: slice 0 has rcond = 9.194308238550268e-19.
  Lam_inv = inv(Lam)
D:\project\paper-bench\tasks\astro\2504.04211_pta_normalizing_flows\agent_solution\code\pta_likelihood.py:167: LinAlgWarning: An ill-conditioned matrix detected: slice 0 has rcond = 5.197677615554575e-18.
  Lam_inv = inv(Lam)
D:\project\paper-bench\tasks\astro\2504.04211_pta_normalizing_flows\agent_solution\code\pta_likelihood.py:167: LinAlgWarning: An ill-conditioned matrix detected: slice 0 has rcond = 1.84364927274792e-19.
  Lam_inv = inv(Lam)
D:\project\paper-bench\tasks\astro\2504.04211_pta_normalizing_flows\agent_solution\code\pta_likelihood.py:167: LinAlgWarning: An ill-conditioned matrix detected: slice 0 has rcond = 5.5095447887359576e-17.
  Lam_inv = inv(Lam)
D:\project\paper-bench\tasks\astro\2504.04211_pta_normalizing_flows\agent_solution\code\pta_likelihood.py:167: LinAlgWarning: An ill-conditioned matrix detected: slice 0 has rcond = 4.317809253678302e-17.
  Lam_inv = inv(Lam)
D:\project\paper-bench\tasks\astro\2504.04211_pta_normalizing_flows\agent_solution\code\pta_likelihood.py:167: LinAlgWarning: An ill-conditioned matrix detected: slice 0 has rcond = 5.8774389638145846e-18.
  Lam_inv = inv(Lam)
D:\project\paper-bench\tasks\astro\2504.04211_pta_normalizing_flows\agent_solution\code\pta_likelihood.py:167: LinAlgWarning: An ill-conditioned matrix detected: slice 0 has rcond = 4.8552551437567714e-17.
  Lam_inv = inv(Lam)
D:\project\paper-bench\tasks\astro\2504.04211_pta_normalizing_flows\agent_solution\code\pta_likelihood.py:167: LinAlgWarning: An ill-conditioned matrix detected: slice 0 has rcond = 1.6476717975871815e-19.
  Lam_inv = inv(Lam)
D:\project\paper-bench\tasks\astro\2504.04211_pta_normalizing_flows\agent_solution\code\pta_likelihood.py:167: LinAlgWarning: An ill-conditioned matrix detected: slice 0 has rcond = 1.0272215114010948e-16.
  Lam_inv = inv(Lam)
D:\project\paper-bench\tasks\astro\2504.04211_pta_normalizing_flows\agent_solution\code\pta_likelihood.py:167: LinAlgWarning: An ill-conditioned matrix detected: slice 0 has rcond = 3.5127936658667556e-18.
  Lam_inv = inv(Lam)
D:\project\paper-bench\tasks\astro\2504.04211_pta_normalizing_flows\agent_solution\code\pta_likelihood.py:167: LinAlgWarning: An ill-conditioned matrix detected: slice 0 has rcond = 3.0369458546865677e-19.
  Lam_inv = inv(Lam)
D:\project\paper-bench\tasks\astro\2504.04211_pta_normalizing_flows\agent_solution\code\pta_likelihood.py:167: LinAlgWarning: An ill-conditioned matrix detected: slice 0 has rcond = 6.353409950581587e-17.
  Lam_inv = inv(Lam)
D:\project\paper-bench\tasks\astro\2504.04211_pta_normalizing_flows\agent_solution\code\pta_likelihood.py:167: LinAlgWarning: An ill-conditioned matrix detected: slice 0 has rcond = 8.746548832431234e-20.
  Lam_inv = inv(Lam)
D:\project\paper-bench\tasks\astro\2504.04211_pta_normalizing_flows\agent_solution\code\pta_likelihood.py:167: LinAlgWarning: An ill-conditioned matrix detected: slice 0 has rcond = 4.766242955075788e-17.
  Lam_inv = inv(Lam)
D:\project\paper-bench\tasks\astro\2504.04211_pta_normalizing_flows\agent_solution\code\pta_likelihood.py:167: LinAlgWarning: An ill-conditioned matrix detected: slice 0 has rcond = 1.3087688510414577e-16.
  Lam_inv = inv(Lam)
D:\project\paper-bench\tasks\astro\2504.04211_pta_normalizing_flows\agent_solution\code\pta_likelihood.py:167: LinAlgWarning: An ill-conditioned matrix detected: slice 0 has rcond = 1.84170391664019e-16.
  Lam_inv = inv(Lam)
D:\project\paper-bench\tasks\astro\2504.04211_pta_normalizing_flows\agent_solution\code\pta_likelihood.py:167: LinAlgWarning: An ill-conditioned matrix detected: slice 0 has rcond = 4.920578641751249e-18.
  Lam_inv = inv(Lam)
D:\project\paper-bench\tasks\astro\2504.04211_pta_normalizing_flows\agent_solution\code\pta_likelihood.py:167: LinAlgWarning: An ill-conditioned matrix detected: slice 0 has rcond = 4.112586978124875e-17.
  Lam_inv = inv(Lam)
D:\project\paper-bench\tasks\astro\2504.04211_pta_normalizing_flows\agent_solution\code\pta_likelihood.py:167: LinAlgWarning: An ill-conditioned matrix detected: slice 0 has rcond = 5.038800950182585e-25.
  Lam_inv = inv(Lam)
D:\project\paper-bench\tasks\astro\2504.04211_pta_normalizing_flows\agent_solution\code\pta_likelihood.py:167: LinAlgWarning: An ill-conditioned matrix detected: slice 0 has rcond = 1.6753727392661532e-18.
  Lam_inv = inv(Lam)
D:\project\paper-bench\tasks\astro\2504.04211_pta_normalizing_flows\agent_solution\code\pta_likelihood.py:167: LinAlgWarning: An ill-conditioned matrix detected: slice 0 has rcond = 4.0214612345836204e-17.
  Lam_inv = inv(Lam)
D:\project\paper-bench\tasks\astro\2504.04211_pta_normalizing_flows\agent_solution\code\pta_likelihood.py:167: LinAlgWarning: An ill-conditioned matrix detected: slice 0 has rcond = 1.3529505124752848e-19.
  Lam_inv = inv(Lam)
D:\project\paper-bench\tasks\astro\2504.04211_pta_normalizing_flows\agent_solution\code\pta_likelihood.py:167: LinAlgWarning: An ill-conditioned matrix detected: slice 0 has rcond = 1.2507641836421196e-17.
  Lam_inv = inv(Lam)
D:\project\paper-bench\tasks\astro\2504.04211_pta_normalizing_flows\agent_solution\code\pta_likelihood.py:167: LinAlgWarning: An ill-conditioned matrix detected: slice 0 has rcond = 5.022116557814441e-18.
  Lam_inv = inv(Lam)
D:\project\paper-bench\tasks\astro\2504.04211_pta_normalizing_flows\agent_solution\code\pta_likelihood.py:167: LinAlgWarning: An ill-conditioned matrix detected: slice 0 has rcond = 1.6575568746286597e-16.
  Lam_inv = inv(Lam)
D:\project\paper-bench\tasks\astro\2504.04211_pta_normalizing_flows\agent_solution\code\pta_likelihood.py:167: LinAlgWarning: An ill-conditioned matrix detected: slice 0 has rcond = 2.4400804725797587e-21.
  Lam_inv = inv(Lam)
D:\project\paper-bench\tasks\astro\2504.04211_pta_normalizing_flows\agent_solution\code\pta_likelihood.py:167: LinAlgWarning: An ill-conditioned matrix detected: slice 0 has rcond = 2.0119610897418999e-16.
  Lam_inv = inv(Lam)
D:\project\paper-bench\tasks\astro\2504.04211_pta_normalizing_flows\agent_solution\code\pta_likelihood.py:167: LinAlgWarning: An ill-conditioned matrix detected: slice 0 has rcond = 4.3130017098133523e-17.
  Lam_inv = inv(Lam)
D:\project\paper-bench\tasks\astro\2504.04211_pta_normalizing_flows\agent_solution\code\pta_likelihood.py:167: LinAlgWarning: An ill-conditioned matrix detected: slice 0 has rcond = 4.698766030230771e-20.
  Lam_inv = inv(Lam)
D:\project\paper-bench\tasks\astro\2504.04211_pta_normalizing_flows\agent_solution\code\pta_likelihood.py:167: LinAlgWarning: An ill-conditioned matrix detected: slice 0 has rcond = 3.1918007530611057e-18.
  Lam_inv = inv(Lam)
D:\project\paper-bench\tasks\astro\2504.04211_pta_normalizing_flows\agent_solution\code\pta_likelihood.py:167: LinAlgWarning: An ill-conditioned matrix detected: slice 0 has rcond = 1.5314613435996232e-17.
  Lam_inv = inv(Lam)
D:\project\paper-bench\tasks\astro\2504.04211_pta_normalizing_flows\agent_solution\code\pta_likelihood.py:167: LinAlgWarning: An ill-conditioned matrix detected: slice 0 has rcond = 1.3658320724639733e-20.
  Lam_inv = inv(Lam)
D:\project\paper-bench\tasks\astro\2504.04211_pta_normalizing_flows\agent_solution\code\pta_likelihood.py:167: LinAlgWarning: An ill-conditioned matrix detected: slice 0 has rcond = 5.297377095720824e-17.
  Lam_inv = inv(Lam)
D:\project\paper-bench\tasks\astro\2504.04211_pta_normalizing_flows\agent_solution\code\pta_likelihood.py:167: LinAlgWarning: An ill-conditioned matrix detected: slice 0 has rcond = 9.421599610623994e-18.
  Lam_inv = inv(Lam)
D:\project\paper-bench\tasks\astro\2504.04211_pta_normalizing_flows\agent_solution\code\pta_likelihood.py:167: LinAlgWarning: An ill-conditioned matrix detected: slice 0 has rcond = 1.9878611380660442e-16.
  Lam_inv = inv(Lam)
D:\project\paper-bench\tasks\astro\2504.04211_pta_normalizing_flows\agent_solution\code\pta_likelihood.py:167: LinAlgWarning: An ill-conditioned matrix detected: slice 0 has rcond = 2.3989464702360312e-17.
  Lam_inv = inv(Lam)
D:\project\paper-bench\tasks\astro\2504.04211_pta_normalizing_flows\agent_solution\code\pta_likelihood.py:167: LinAlgWarning: An ill-conditioned matrix detected: slice 0 has rcond = 1.0191537972033251e-17.
  Lam_inv = inv(Lam)
D:\project\paper-bench\tasks\astro\2504.04211_pta_normalizing_flows\agent_solution\code\pta_likelihood.py:167: LinAlgWarning: An ill-conditioned matrix detected: slice 0 has rcond = 1.372704196832742e-16.
  Lam_inv = inv(Lam)
D:\project\paper-bench\tasks\astro\2504.04211_pta_normalizing_flows\agent_solution\code\pta_likelihood.py:167: LinAlgWarning: An ill-conditioned matrix detected: slice 0 has rcond = 1.9962241273837714e-16.
  Lam_inv = inv(Lam)
D:\project\paper-bench\tasks\astro\2504.04211_pta_normalizing_flows\agent_solution\code\pta_likelihood.py:167: LinAlgWarning: An ill-conditioned matrix detected: slice 0 has rcond = 4.9414643605778804e-17.
  Lam_inv = inv(Lam)
D:\project\paper-bench\tasks\astro\2504.04211_pta_normalizing_flows\agent_solution\code\pta_likelihood.py:167: LinAlgWarning: An ill-conditioned matrix detected: slice 0 has rcond = 8.041922359231912e-17.
  Lam_inv = inv(Lam)
D:\project\paper-bench\tasks\astro\2504.04211_pta_normalizing_flows\agent_solution\code\pta_likelihood.py:167: LinAlgWarning: An ill-conditioned matrix detected: slice 0 has rcond = 2.0875631062624092e-18.
  Lam_inv = inv(Lam)
D:\project\paper-bench\tasks\astro\2504.04211_pta_normalizing_flows\agent_solution\code\pta_likelihood.py:167: LinAlgWarning: An ill-conditioned matrix detected: slice 0 has rcond = 7.735170691751861e-17.
  Lam_inv = inv(Lam)
D:\project\paper-bench\tasks\astro\2504.04211_pta_normalizing_flows\agent_solution\code\pta_likelihood.py:167: LinAlgWarning: An ill-conditioned matrix detected: slice 0 has rcond = 2.4897735919339706e-17.
  Lam_inv = inv(Lam)
D:\project\paper-bench\tasks\astro\2504.04211_pta_normalizing_flows\agent_solution\code\pta_likelihood.py:167: LinAlgWarning: An ill-conditioned matrix detected: slice 0 has rcond = 4.2707158118620405e-21.
  Lam_inv = inv(Lam)
D:\project\paper-bench\tasks\astro\2504.04211_pta_normalizing_flows\agent_solution\code\pta_likelihood.py:167: LinAlgWarning: An ill-conditioned matrix detected: slice 0 has rcond = 4.553950051112314e-18.
  Lam_inv = inv(Lam)
D:\project\paper-bench\tasks\astro\2504.04211_pta_normalizing_flows\agent_solution\code\pta_likelihood.py:167: LinAlgWarning: An ill-conditioned matrix detected: slice 0 has rcond = 2.416429405880304e-19.
  Lam_inv = inv(Lam)
D:\project\paper-bench\tasks\astro\2504.04211_pta_normalizing_flows\agent_solution\code\pta_likelihood.py:167: LinAlgWarning: An ill-conditioned matrix detected: slice 0 has rcond = 2.8484862981744737e-18.
  Lam_inv = inv(Lam)
D:\project\paper-bench\tasks\astro\2504.04211_pta_normalizing_flows\agent_solution\code\pta_likelihood.py:167: LinAlgWarning: An ill-conditioned matrix detected: slice 0 has rcond = 1.2413027873924499e-19.
  Lam_inv = inv(Lam)
D:\project\paper-bench\tasks\astro\2504.04211_pta_normalizing_flows\agent_solution\code\pta_likelihood.py:167: LinAlgWarning: An ill-conditioned matrix detected: slice 0 has rcond = 2.4159596039143177e-17.
  Lam_inv = inv(Lam)
D:\project\paper-bench\tasks\astro\2504.04211_pta_normalizing_flows\agent_solution\code\pta_likelihood.py:167: LinAlgWarning: An ill-conditioned matrix detected: slice 0 has rcond = 2.086650496697228e-16.
  Lam_inv = inv(Lam)
D:\project\paper-bench\tasks\astro\2504.04211_pta_normalizing_flows\agent_solution\code\pta_likelihood.py:167: LinAlgWarning: An ill-conditioned matrix detected: slice 0 has rcond = 1.1618123131626942e-17.
  Lam_inv = inv(Lam)
D:\project\paper-bench\tasks\astro\2504.04211_pta_normalizing_flows\agent_solution\code\pta_likelihood.py:167: LinAlgWarning: An ill-conditioned matrix detected: slice 0 has rcond = 4.771293476014643e-17.
  Lam_inv = inv(Lam)
D:\project\paper-bench\tasks\astro\2504.04211_pta_normalizing_flows\agent_solution\code\pta_likelihood.py:167: LinAlgWarning: An ill-conditioned matrix detected: slice 0 has rcond = 1.2216372628626265e-17.
  Lam_inv = inv(Lam)
D:\project\paper-bench\tasks\astro\2504.04211_pta_normalizing_flows\agent_solution\code\pta_likelihood.py:167: LinAlgWarning: An ill-conditioned matrix detected: slice 0 has rcond = 1.0762362914789434e-18.
  Lam_inv = inv(Lam)
D:\project\paper-bench\tasks\astro\2504.04211_pta_normalizing_flows\agent_solution\code\pta_likelihood.py:167: LinAlgWarning: An ill-conditioned matrix detected: slice 0 has rcond = 5.617144593009623e-17.
  Lam_inv = inv(Lam)
D:\project\paper-bench\tasks\astro\2504.04211_pta_normalizing_flows\agent_solution\code\pta_likelihood.py:167: LinAlgWarning: An ill-conditioned matrix detected: slice 0 has rcond = 4.5991089790338265e-18.
  Lam_inv = inv(Lam)
D:\project\paper-bench\tasks\astro\2504.04211_pta_normalizing_flows\agent_solution\code\pta_likelihood.py:167: LinAlgWarning: An ill-conditioned matrix detected: slice 0 has rcond = 1.5252395191519134e-16.
  Lam_inv = inv(Lam)
D:\project\paper-bench\tasks\astro\2504.04211_pta_normalizing_flows\agent_solution\code\pta_likelihood.py:167: LinAlgWarning: An ill-conditioned matrix detected: slice 0 has rcond = 2.553850018220412e-18.
  Lam_inv = inv(Lam)
D:\project\paper-bench\tasks\astro\2504.04211_pta_normalizing_flows\agent_solution\code\pta_likelihood.py:167: LinAlgWarning: An ill-conditioned matrix detected: slice 0 has rcond = 1.8837260074807897e-17.
  Lam_inv = inv(Lam)
D:\project\paper-bench\tasks\astro\2504.04211_pta_normalizing_flows\agent_solution\code\pta_likelihood.py:167: LinAlgWarning: An ill-conditioned matrix detected: slice 0 has rcond = 1.3910819419565978e-16.
  Lam_inv = inv(Lam)
D:\project\paper-bench\tasks\astro\2504.04211_pta_normalizing_flows\agent_solution\code\pta_likelihood.py:167: LinAlgWarning: An ill-conditioned matrix detected: slice 0 has rcond = 2.1458454954611285e-16.
  Lam_inv = inv(Lam)
D:\project\paper-bench\tasks\astro\2504.04211_pta_normalizing_flows\agent_solution\code\pta_likelihood.py:167: LinAlgWarning: An ill-conditioned matrix detected: slice 0 has rcond = 5.679047798934523e-20.
  Lam_inv = inv(Lam)
D:\project\paper-bench\tasks\astro\2504.04211_pta_normalizing_flows\agent_solution\code\pta_likelihood.py:167: LinAlgWarning: An ill-conditioned matrix detected: slice 0 has rcond = 1.9272479634775582e-17.
  Lam_inv = inv(Lam)
D:\project\paper-bench\tasks\astro\2504.04211_pta_normalizing_flows\agent_solution\code\pta_likelihood.py:167: LinAlgWarning: An ill-conditioned matrix detected: slice 0 has rcond = 5.75232687705572e-19.
  Lam_inv = inv(Lam)
D:\project\paper-bench\tasks\astro\2504.04211_pta_normalizing_flows\agent_solution\code\pta_likelihood.py:167: LinAlgWarning: An ill-conditioned matrix detected: slice 0 has rcond = 2.141695748031894e-16.
  Lam_inv = inv(Lam)
D:\project\paper-bench\tasks\astro\2504.04211_pta_normalizing_flows\agent_solution\code\pta_likelihood.py:167: LinAlgWarning: An ill-conditioned matrix detected: slice 0 has rcond = 2.1973535746223643e-18.
  Lam_inv = inv(Lam)
D:\project\paper-bench\tasks\astro\2504.04211_pta_normalizing_flows\agent_solution\code\pta_likelihood.py:167: LinAlgWarning: An ill-conditioned matrix detected: slice 0 has rcond = 6.153822798267286e-17.
  Lam_inv = inv(Lam)
D:\project\paper-bench\tasks\astro\2504.04211_pta_normalizing_flows\agent_solution\code\pta_likelihood.py:167: LinAlgWarning: An ill-conditioned matrix detected: slice 0 has rcond = 1.4771922225283507e-17.
  Lam_inv = inv(Lam)
D:\project\paper-bench\tasks\astro\2504.04211_pta_normalizing_flows\agent_solution\code\pta_likelihood.py:167: LinAlgWarning: An ill-conditioned matrix detected: slice 0 has rcond = 8.620124395938376e-17.
  Lam_inv = inv(Lam)
D:\project\paper-bench\tasks\astro\2504.04211_pta_normalizing_flows\agent_solution\code\pta_likelihood.py:167: LinAlgWarning: An ill-conditioned matrix detected: slice 0 has rcond = 4.868674040147577e-18.
  Lam_inv = inv(Lam)
D:\project\paper-bench\tasks\astro\2504.04211_pta_normalizing_flows\agent_solution\code\pta_likelihood.py:167: LinAlgWarning: An ill-conditioned matrix detected: slice 0 has rcond = 2.116363584811043e-18.
  Lam_inv = inv(Lam)
D:\project\paper-bench\tasks\astro\2504.04211_pta_normalizing_flows\agent_solution\code\pta_likelihood.py:167: LinAlgWarning: An ill-conditioned matrix detected: slice 0 has rcond = 4.861076988966776e-18.
  Lam_inv = inv(Lam)
D:\project\paper-bench\tasks\astro\2504.04211_pta_normalizing_flows\agent_solution\code\pta_likelihood.py:167: LinAlgWarning: An ill-conditioned matrix detected: slice 0 has rcond = 1.0297323999579603e-16.
  Lam_inv = inv(Lam)
D:\project\paper-bench\tasks\astro\2504.04211_pta_normalizing_flows\agent_solution\code\pta_likelihood.py:167: LinAlgWarning: An ill-conditioned matrix detected: slice 0 has rcond = 2.9729829131500756e-17.
  Lam_inv = inv(Lam)
D:\project\paper-bench\tasks\astro\2504.04211_pta_normalizing_flows\agent_solution\code\pta_likelihood.py:167: LinAlgWarning: An ill-conditioned matrix detected: slice 0 has rcond = 6.851112563725518e-20.
  Lam_inv = inv(Lam)
D:\project\paper-bench\tasks\astro\2504.04211_pta_normalizing_flows\agent_solution\code\pta_likelihood.py:167: LinAlgWarning: An ill-conditioned matrix detected: slice 0 has rcond = 7.425647623532844e-17.
  Lam_inv = inv(Lam)
D:\project\paper-bench\tasks\astro\2504.04211_pta_normalizing_flows\agent_solution\code\pta_likelihood.py:167: LinAlgWarning: An ill-conditioned matrix detected: slice 0 has rcond = 4.952080310561601e-18.
  Lam_inv = inv(Lam)
D:\project\paper-bench\tasks\astro\2504.04211_pta_normalizing_flows\agent_solution\code\pta_likelihood.py:167: LinAlgWarning: An ill-conditioned matrix detected: slice 0 has rcond = 4.320098323754588e-17.
  Lam_inv = inv(Lam)
D:\project\paper-bench\tasks\astro\2504.04211_pta_normalizing_flows\agent_solution\code\pta_likelihood.py:167: LinAlgWarning: An ill-conditioned matrix detected: slice 0 has rcond = 3.929933933253717e-21.
  Lam_inv = inv(Lam)
D:\project\paper-bench\tasks\astro\2504.04211_pta_normalizing_flows\agent_solution\code\pta_likelihood.py:167: LinAlgWarning: An ill-conditioned matrix detected: slice 0 has rcond = 1.3309634727991747e-16.
  Lam_inv = inv(Lam)
D:\project\paper-bench\tasks\astro\2504.04211_pta_normalizing_flows\agent_solution\code\pta_likelihood.py:167: LinAlgWarning: An ill-conditioned matrix detected: slice 0 has rcond = 3.453706583073638e-17.
  Lam_inv = inv(Lam)
D:\project\paper-bench\tasks\astro\2504.04211_pta_normalizing_flows\agent_solution\code\pta_likelihood.py:167: LinAlgWarning: An ill-conditioned matrix detected: slice 0 has rcond = 3.491575877341989e-19.
  Lam_inv = inv(Lam)
D:\project\paper-bench\tasks\astro\2504.04211_pta_normalizing_flows\agent_solution\code\pta_likelihood.py:167: LinAlgWarning: An ill-conditioned matrix detected: slice 0 has rcond = 4.010626071056949e-18.
  Lam_inv = inv(Lam)
D:\project\paper-bench\tasks\astro\2504.04211_pta_normalizing_flows\agent_solution\code\pta_likelihood.py:167: LinAlgWarning: An ill-conditioned matrix detected: slice 0 has rcond = 2.1329933624009758e-17.
  Lam_inv = inv(Lam)
D:\project\paper-bench\tasks\astro\2504.04211_pta_normalizing_flows\agent_solution\code\pta_likelihood.py:167: LinAlgWarning: An ill-conditioned matrix detected: slice 0 has rcond = 1.6209575433614085e-16.
  Lam_inv = inv(Lam)
D:\project\paper-bench\tasks\astro\2504.04211_pta_normalizing_flows\agent_solution\code\pta_likelihood.py:167: LinAlgWarning: An ill-conditioned matrix detected: slice 0 has rcond = 1.606836580969023e-16.
  Lam_inv = inv(Lam)
D:\project\paper-bench\tasks\astro\2504.04211_pta_normalizing_flows\agent_solution\code\pta_likelihood.py:167: LinAlgWarning: An ill-conditioned matrix detected: slice 0 has rcond = 9.241730624241757e-17.
  Lam_inv = inv(Lam)
D:\project\paper-bench\tasks\astro\2504.04211_pta_normalizing_flows\agent_solution\code\pta_likelihood.py:167: LinAlgWarning: An ill-conditioned matrix detected: slice 0 has rcond = 1.6553549807926813e-16.
  Lam_inv = inv(Lam)
D:\project\paper-bench\tasks\astro\2504.04211_pta_normalizing_flows\agent_solution\code\pta_likelihood.py:167: LinAlgWarning: An ill-conditioned matrix detected: slice 0 has rcond = 6.056096951490675e-19.
  Lam_inv = inv(Lam)
D:\project\paper-bench\tasks\astro\2504.04211_pta_normalizing_flows\agent_solution\code\pta_likelihood.py:167: LinAlgWarning: An ill-conditioned matrix detected: slice 0 has rcond = 6.931686014638578e-19.
  Lam_inv = inv(Lam)
D:\project\paper-bench\tasks\astro\2504.04211_pta_normalizing_flows\agent_solution\code\pta_likelihood.py:167: LinAlgWarning: An ill-conditioned matrix detected: slice 0 has rcond = 2.0194153310384914e-18.
  Lam_inv = inv(Lam)
D:\project\paper-bench\tasks\astro\2504.04211_pta_normalizing_flows\agent_solution\code\pta_likelihood.py:167: LinAlgWarning: An ill-conditioned matrix detected: slice 0 has rcond = 4.708109276427932e-18.
  Lam_inv = inv(Lam)
D:\project\paper-bench\tasks\astro\2504.04211_pta_normalizing_flows\agent_solution\code\pta_likelihood.py:167: LinAlgWarning: An ill-conditioned matrix detected: slice 0 has rcond = 9.763826445517394e-17.
  Lam_inv = inv(Lam)
D:\project\paper-bench\tasks\astro\2504.04211_pta_normalizing_flows\agent_solution\code\pta_likelihood.py:167: LinAlgWarning: An ill-conditioned matrix detected: slice 0 has rcond = 1.4832312610880614e-17.
  Lam_inv = inv(Lam)
D:\project\paper-bench\tasks\astro\2504.04211_pta_normalizing_flows\agent_solution\code\pta_likelihood.py:167: LinAlgWarning: An ill-conditioned matrix detected: slice 0 has rcond = 9.110016007176592e-17.
  Lam_inv = inv(Lam)
D:\project\paper-bench\tasks\astro\2504.04211_pta_normalizing_flows\agent_solution\code\pta_likelihood.py:167: LinAlgWarning: An ill-conditioned matrix detected: slice 0 has rcond = 5.523837879144496e-17.
  Lam_inv = inv(Lam)
D:\project\paper-bench\tasks\astro\2504.04211_pta_normalizing_flows\agent_solution\code\pta_likelihood.py:167: LinAlgWarning: An ill-conditioned matrix detected: slice 0 has rcond = 6.437998043271655e-18.
  Lam_inv = inv(Lam)
D:\project\paper-bench\tasks\astro\2504.04211_pta_normalizing_flows\agent_solution\code\pta_likelihood.py:167: LinAlgWarning: An ill-conditioned matrix detected: slice 0 has rcond = 1.1139680117858914e-16.
  Lam_inv = inv(Lam)
D:\project\paper-bench\tasks\astro\2504.04211_pta_normalizing_flows\agent_solution\code\pta_likelihood.py:167: LinAlgWarning: An ill-conditioned matrix detected: slice 0 has rcond = 1.1366480702720403e-20.
  Lam_inv = inv(Lam)
D:\project\paper-bench\tasks\astro\2504.04211_pta_normalizing_flows\agent_solution\code\pta_likelihood.py:167: LinAlgWarning: An ill-conditioned matrix detected: slice 0 has rcond = 2.0333432154068783e-16.
  Lam_inv = inv(Lam)
D:\project\paper-bench\tasks\astro\2504.04211_pta_normalizing_flows\agent_solution\code\pta_likelihood.py:167: LinAlgWarning: An ill-conditioned matrix detected: slice 0 has rcond = 8.062300200366588e-18.
  Lam_inv = inv(Lam)
D:\project\paper-bench\tasks\astro\2504.04211_pta_normalizing_flows\agent_solution\code\pta_likelihood.py:167: LinAlgWarning: An ill-conditioned matrix detected: slice 0 has rcond = 9.243443805383217e-17.
  Lam_inv = inv(Lam)
D:\project\paper-bench\tasks\astro\2504.04211_pta_normalizing_flows\agent_solution\code\pta_likelihood.py:167: LinAlgWarning: An ill-conditioned matrix detected: slice 0 has rcond = 1.0520680631747002e-16.
  Lam_inv = inv(Lam)
D:\project\paper-bench\tasks\astro\2504.04211_pta_normalizing_flows\agent_solution\code\pta_likelihood.py:167: LinAlgWarning: An ill-conditioned matrix detected: slice 0 has rcond = 1.1038890517436962e-20.
  Lam_inv = inv(Lam)
D:\project\paper-bench\tasks\astro\2504.04211_pta_normalizing_flows\agent_solution\code\pta_likelihood.py:167: LinAlgWarning: An ill-conditioned matrix detected: slice 0 has rcond = 6.26617497720632e-18.
  Lam_inv = inv(Lam)
D:\project\paper-bench\tasks\astro\2504.04211_pta_normalizing_flows\agent_solution\code\pta_likelihood.py:167: LinAlgWarning: An ill-conditioned matrix detected: slice 0 has rcond = 2.2207773284935162e-17.
  Lam_inv = inv(Lam)
D:\project\paper-bench\tasks\astro\2504.04211_pta_normalizing_flows\agent_solution\code\pta_likelihood.py:167: LinAlgWarning: An ill-conditioned matrix detected: slice 0 has rcond = 1.2931236114975127e-19.
  Lam_inv = inv(Lam)
D:\project\paper-bench\tasks\astro\2504.04211_pta_normalizing_flows\agent_solution\code\pta_likelihood.py:167: LinAlgWarning: An ill-conditioned matrix detected: slice 0 has rcond = 1.0194336083131427e-16.
  Lam_inv = inv(Lam)
D:\project\paper-bench\tasks\astro\2504.04211_pta_normalizing_flows\agent_solution\code\pta_likelihood.py:167: LinAlgWarning: An ill-conditioned matrix detected: slice 0 has rcond = 1.455815905288594e-16.
  Lam_inv = inv(Lam)
D:\project\paper-bench\tasks\astro\2504.04211_pta_normalizing_flows\agent_solution\code\pta_likelihood.py:167: LinAlgWarning: An ill-conditioned matrix detected: slice 0 has rcond = 5.602744518725374e-17.
  Lam_inv = inv(Lam)
D:\project\paper-bench\tasks\astro\2504.04211_pta_normalizing_flows\agent_solution\code\pta_likelihood.py:167: LinAlgWarning: An ill-conditioned matrix detected: slice 0 has rcond = 1.7830716769982207e-18.
  Lam_inv = inv(Lam)
D:\project\paper-bench\tasks\astro\2504.04211_pta_normalizing_flows\agent_solution\code\pta_likelihood.py:167: LinAlgWarning: An ill-conditioned matrix detected: slice 0 has rcond = 7.679455051379778e-19.
  Lam_inv = inv(Lam)
D:\project\paper-bench\tasks\astro\2504.04211_pta_normalizing_flows\agent_solution\code\pta_likelihood.py:167: LinAlgWarning: An ill-conditioned matrix detected: slice 0 has rcond = 3.796821627635922e-18.
  Lam_inv = inv(Lam)
D:\project\paper-bench\tasks\astro\2504.04211_pta_normalizing_flows\agent_solution\code\pta_likelihood.py:167: LinAlgWarning: An ill-conditioned matrix detected: slice 0 has rcond = 7.703750371783625e-17.
  Lam_inv = inv(Lam)
D:\project\paper-bench\tasks\astro\2504.04211_pta_normalizing_flows\agent_solution\code\pta_likelihood.py:167: LinAlgWarning: An ill-conditioned matrix detected: slice 0 has rcond = 1.2697003109946608e-18.
  Lam_inv = inv(Lam)
D:\project\paper-bench\tasks\astro\2504.04211_pta_normalizing_flows\agent_solution\code\pta_likelihood.py:167: LinAlgWarning: An ill-conditioned matrix detected: slice 0 has rcond = 1.4260036639169934e-16.
  Lam_inv = inv(Lam)
D:\project\paper-bench\tasks\astro\2504.04211_pta_normalizing_flows\agent_solution\code\pta_likelihood.py:167: LinAlgWarning: An ill-conditioned matrix detected: slice 0 has rcond = 1.346268123103888e-16.
  Lam_inv = inv(Lam)
D:\project\paper-bench\tasks\astro\2504.04211_pta_normalizing_flows\agent_solution\code\pta_likelihood.py:167: LinAlgWarning: An ill-conditioned matrix detected: slice 0 has rcond = 2.0486334788518942e-16.
  Lam_inv = inv(Lam)
D:\project\paper-bench\tasks\astro\2504.04211_pta_normalizing_flows\agent_solution\code\pta_likelihood.py:167: LinAlgWarning: An ill-conditioned matrix detected: slice 0 has rcond = 2.605928080637786e-17.
  Lam_inv = inv(Lam)
D:\project\paper-bench\tasks\astro\2504.04211_pta_normalizing_flows\agent_solution\code\pta_likelihood.py:167: LinAlgWarning: An ill-conditioned matrix detected: slice 0 has rcond = 1.8023235321045375e-20.
  Lam_inv = inv(Lam)
D:\project\paper-bench\tasks\astro\2504.04211_pta_normalizing_flows\agent_solution\code\pta_likelihood.py:167: LinAlgWarning: An ill-conditioned matrix detected: slice 0 has rcond = 8.152474060675746e-17.
  Lam_inv = inv(Lam)
D:\project\paper-bench\tasks\astro\2504.04211_pta_normalizing_flows\agent_solution\code\pta_likelihood.py:167: LinAlgWarning: An ill-conditioned matrix detected: slice 0 has rcond = 4.80225790098131e-18.
  Lam_inv = inv(Lam)
D:\project\paper-bench\tasks\astro\2504.04211_pta_normalizing_flows\agent_solution\code\pta_likelihood.py:167: LinAlgWarning: An ill-conditioned matrix detected: slice 0 has rcond = 2.234144333303669e-17.
  Lam_inv = inv(Lam)
D:\project\paper-bench\tasks\astro\2504.04211_pta_normalizing_flows\agent_solution\code\pta_likelihood.py:167: LinAlgWarning: An ill-conditioned matrix detected: slice 0 has rcond = 1.4935678399569526e-18.
  Lam_inv = inv(Lam)
D:\project\paper-bench\tasks\astro\2504.04211_pta_normalizing_flows\agent_solution\code\pta_likelihood.py:167: LinAlgWarning: An ill-conditioned matrix detected: slice 0 has rcond = 1.1906046369964094e-17.
  Lam_inv = inv(Lam)
D:\project\paper-bench\tasks\astro\2504.04211_pta_normalizing_flows\agent_solution\code\pta_likelihood.py:167: LinAlgWarning: An ill-conditioned matrix detected: slice 0 has rcond = 4.2614104246129554e-17.
  Lam_inv = inv(Lam)
D:\project\paper-bench\tasks\astro\2504.04211_pta_normalizing_flows\agent_solution\code\pta_likelihood.py:167: LinAlgWarning: An ill-conditioned matrix detected: slice 0 has rcond = 2.1685525694500924e-16.
  Lam_inv = inv(Lam)
D:\project\paper-bench\tasks\astro\2504.04211_pta_normalizing_flows\agent_solution\code\pta_likelihood.py:167: LinAlgWarning: An ill-conditioned matrix detected: slice 0 has rcond = 1.5321592901337894e-19.
  Lam_inv = inv(Lam)
D:\project\paper-bench\tasks\astro\2504.04211_pta_normalizing_flows\agent_solution\code\pta_likelihood.py:167: LinAlgWarning: An ill-conditioned matrix detected: slice 0 has rcond = 5.641376901888127e-18.
  Lam_inv = inv(Lam)
D:\project\paper-bench\tasks\astro\2504.04211_pta_normalizing_flows\agent_solution\code\pta_likelihood.py:167: LinAlgWarning: An ill-conditioned matrix detected: slice 0 has rcond = 1.7940860632707237e-16.
  Lam_inv = inv(Lam)
D:\project\paper-bench\tasks\astro\2504.04211_pta_normalizing_flows\agent_solution\code\pta_likelihood.py:167: LinAlgWarning: An ill-conditioned matrix detected: slice 0 has rcond = 2.7196400393317857e-18.
  Lam_inv = inv(Lam)
D:\project\paper-bench\tasks\astro\2504.04211_pta_normalizing_flows\agent_solution\code\pta_likelihood.py:167: LinAlgWarning: An ill-conditioned matrix detected: slice 0 has rcond = 2.79303146005377e-17.
  Lam_inv = inv(Lam)
D:\project\paper-bench\tasks\astro\2504.04211_pta_normalizing_flows\agent_solution\code\pta_likelihood.py:167: LinAlgWarning: An ill-conditioned matrix detected: slice 0 has rcond = 9.27471105873023e-20.
  Lam_inv = inv(Lam)
D:\project\paper-bench\tasks\astro\2504.04211_pta_normalizing_flows\agent_solution\code\pta_likelihood.py:167: LinAlgWarning: An ill-conditioned matrix detected: slice 0 has rcond = 2.2079355653832258e-16.
  Lam_inv = inv(Lam)
D:\project\paper-bench\tasks\astro\2504.04211_pta_normalizing_flows\agent_solution\code\pta_likelihood.py:167: LinAlgWarning: An ill-conditioned matrix detected: slice 0 has rcond = 1.372475496712544e-16.
  Lam_inv = inv(Lam)
D:\project\paper-bench\tasks\astro\2504.04211_pta_normalizing_flows\agent_solution\code\pta_likelihood.py:167: LinAlgWarning: An ill-conditioned matrix detected: slice 0 has rcond = 1.3927439855335592e-16.
  Lam_inv = inv(Lam)
D:\project\paper-bench\tasks\astro\2504.04211_pta_normalizing_flows\agent_solution\code\pta_likelihood.py:167: LinAlgWarning: An ill-conditioned matrix detected: slice 0 has rcond = 1.270616414694996e-16.
  Lam_inv = inv(Lam)
D:\project\paper-bench\tasks\astro\2504.04211_pta_normalizing_flows\agent_solution\code\pta_likelihood.py:167: LinAlgWarning: An ill-conditioned matrix detected: slice 0 has rcond = 1.46753308997944e-16.
  Lam_inv = inv(Lam)
D:\project\paper-bench\tasks\astro\2504.04211_pta_normalizing_flows\agent_solution\code\pta_likelihood.py:167: LinAlgWarning: An ill-conditioned matrix detected: slice 0 has rcond = 3.19447778337268e-19.
  Lam_inv = inv(Lam)
D:\project\paper-bench\tasks\astro\2504.04211_pta_normalizing_flows\agent_solution\code\pta_likelihood.py:167: LinAlgWarning: An ill-conditioned matrix detected: slice 0 has rcond = 8.997596966664032e-17.
  Lam_inv = inv(Lam)
D:\project\paper-bench\tasks\astro\2504.04211_pta_normalizing_flows\agent_solution\code\pta_likelihood.py:167: LinAlgWarning: An ill-conditioned matrix detected: slice 0 has rcond = 3.887334525906922e-17.
  Lam_inv = inv(Lam)
D:\project\paper-bench\tasks\astro\2504.04211_pta_normalizing_flows\agent_solution\code\pta_likelihood.py:167: LinAlgWarning: An ill-conditioned matrix detected: slice 0 has rcond = 1.9113159039252945e-20.
  Lam_inv = inv(Lam)
D:\project\paper-bench\tasks\astro\2504.04211_pta_normalizing_flows\agent_solution\code\pta_likelihood.py:167: LinAlgWarning: An ill-conditioned matrix detected: slice 0 has rcond = 1.7788042702912866e-18.
  Lam_inv = inv(Lam)
D:\project\paper-bench\tasks\astro\2504.04211_pta_normalizing_flows\agent_solution\code\pta_likelihood.py:167: LinAlgWarning: An ill-conditioned matrix detected: slice 0 has rcond = 4.0071092420194496e-20.
  Lam_inv = inv(Lam)
D:\project\paper-bench\tasks\astro\2504.04211_pta_normalizing_flows\agent_solution\code\pta_likelihood.py:167: LinAlgWarning: An ill-conditioned matrix detected: slice 0 has rcond = 1.9418778648983854e-17.
  Lam_inv = inv(Lam)
D:\project\paper-bench\tasks\astro\2504.04211_pta_normalizing_flows\agent_solution\code\pta_likelihood.py:167: LinAlgWarning: An ill-conditioned matrix detected: slice 0 has rcond = 3.042812476284799e-18.
  Lam_inv = inv(Lam)
D:\project\paper-bench\tasks\astro\2504.04211_pta_normalizing_flows\agent_solution\code\pta_likelihood.py:167: LinAlgWarning: An ill-conditioned matrix detected: slice 0 has rcond = 3.5067517003606883e-17.
  Lam_inv = inv(Lam)
D:\project\paper-bench\tasks\astro\2504.04211_pta_normalizing_flows\agent_solution\code\pta_likelihood.py:167: LinAlgWarning: An ill-conditioned matrix detected: slice 0 has rcond = 6.311592924769897e-17.
  Lam_inv = inv(Lam)
D:\project\paper-bench\tasks\astro\2504.04211_pta_normalizing_flows\agent_solution\code\pta_likelihood.py:167: LinAlgWarning: An ill-conditioned matrix detected: slice 0 has rcond = 9.69238010990059e-18.
  Lam_inv = inv(Lam)
D:\project\paper-bench\tasks\astro\2504.04211_pta_normalizing_flows\agent_solution\code\pta_likelihood.py:167: LinAlgWarning: An ill-conditioned matrix detected: slice 0 has rcond = 4.114801280082271e-18.
  Lam_inv = inv(Lam)
D:\project\paper-bench\tasks\astro\2504.04211_pta_normalizing_flows\agent_solution\code\pta_likelihood.py:167: LinAlgWarning: An ill-conditioned matrix detected: slice 0 has rcond = 1.202112197003629e-16.
  Lam_inv = inv(Lam)
D:\project\paper-bench\tasks\astro\2504.04211_pta_normalizing_flows\agent_solution\code\pta_likelihood.py:167: LinAlgWarning: An ill-conditioned matrix detected: slice 0 has rcond = 1.552944533660962e-17.
  Lam_inv = inv(Lam)
D:\project\paper-bench\tasks\astro\2504.04211_pta_normalizing_flows\agent_solution\code\pta_likelihood.py:167: LinAlgWarning: An ill-conditioned matrix detected: slice 0 has rcond = 3.9693344267518434e-17.
  Lam_inv = inv(Lam)
D:\project\paper-bench\tasks\astro\2504.04211_pta_normalizing_flows\agent_solution\code\pta_likelihood.py:167: LinAlgWarning: An ill-conditioned matrix detected: slice 0 has rcond = 4.198093598574111e-17.
  Lam_inv = inv(Lam)
D:\project\paper-bench\tasks\astro\2504.04211_pta_normalizing_flows\agent_solution\code\pta_likelihood.py:167: LinAlgWarning: An ill-conditioned matrix detected: slice 0 has rcond = 5.809006185133098e-17.
  Lam_inv = inv(Lam)
D:\project\paper-bench\tasks\astro\2504.04211_pta_normalizing_flows\agent_solution\code\pta_likelihood.py:167: LinAlgWarning: An ill-conditioned matrix detected: slice 0 has rcond = 4.118184472760937e-17.
  Lam_inv = inv(Lam)
D:\project\paper-bench\tasks\astro\2504.04211_pta_normalizing_flows\agent_solution\code\pta_likelihood.py:167: LinAlgWarning: An ill-conditioned matrix detected: slice 0 has rcond = 2.5521219078739174e-18.
  Lam_inv = inv(Lam)
D:\project\paper-bench\tasks\astro\2504.04211_pta_normalizing_flows\agent_solution\code\pta_likelihood.py:167: LinAlgWarning: An ill-conditioned matrix detected: slice 0 has rcond = 1.6110866337242914e-19.
  Lam_inv = inv(Lam)
D:\project\paper-bench\tasks\astro\2504.04211_pta_normalizing_flows\agent_solution\code\pta_likelihood.py:167: LinAlgWarning: An ill-conditioned matrix detected: slice 0 has rcond = 1.7590002281291834e-18.
  Lam_inv = inv(Lam)
D:\project\paper-bench\tasks\astro\2504.04211_pta_normalizing_flows\agent_solution\code\pta_likelihood.py:167: LinAlgWarning: An ill-conditioned matrix detected: slice 0 has rcond = 1.3111467993218658e-16.
  Lam_inv = inv(Lam)
D:\project\paper-bench\tasks\astro\2504.04211_pta_normalizing_flows\agent_solution\code\pta_likelihood.py:167: LinAlgWarning: An ill-conditioned matrix detected: slice 0 has rcond = 2.6159806905878722e-17.
  Lam_inv = inv(Lam)
D:\project\paper-bench\tasks\astro\2504.04211_pta_normalizing_flows\agent_solution\code\pta_likelihood.py:167: LinAlgWarning: An ill-conditioned matrix detected: slice 0 has rcond = 2.2753577107897325e-17.
  Lam_inv = inv(Lam)
D:\project\paper-bench\tasks\astro\2504.04211_pta_normalizing_flows\agent_solution\code\pta_likelihood.py:167: LinAlgWarning: An ill-conditioned matrix detected: slice 0 has rcond = 5.713675410679902e-21.
  Lam_inv = inv(Lam)
D:\project\paper-bench\tasks\astro\2504.04211_pta_normalizing_flows\agent_solution\code\pta_likelihood.py:167: LinAlgWarning: An ill-conditioned matrix detected: slice 0 has rcond = 4.167276038984728e-17.
  Lam_inv = inv(Lam)
D:\project\paper-bench\tasks\astro\2504.04211_pta_normalizing_flows\agent_solution\code\pta_likelihood.py:167: LinAlgWarning: An ill-conditioned matrix detected: slice 0 has rcond = 3.515574916697931e-17.
  Lam_inv = inv(Lam)
D:\project\paper-bench\tasks\astro\2504.04211_pta_normalizing_flows\agent_solution\code\pta_likelihood.py:167: LinAlgWarning: An ill-conditioned matrix detected: slice 0 has rcond = 2.6476191831983014e-17.
  Lam_inv = inv(Lam)
D:\project\paper-bench\tasks\astro\2504.04211_pta_normalizing_flows\agent_solution\code\pta_likelihood.py:167: LinAlgWarning: An ill-conditioned matrix detected: slice 0 has rcond = 1.2784897860255705e-16.
  Lam_inv = inv(Lam)
D:\project\paper-bench\tasks\astro\2504.04211_pta_normalizing_flows\agent_solution\code\pta_likelihood.py:167: LinAlgWarning: An ill-conditioned matrix detected: slice 0 has rcond = 1.6243118997700053e-16.
  Lam_inv = inv(Lam)
D:\project\paper-bench\tasks\astro\2504.04211_pta_normalizing_flows\agent_solution\code\pta_likelihood.py:167: LinAlgWarning: An ill-conditioned matrix detected: slice 0 has rcond = 2.2583547580554593e-18.
  Lam_inv = inv(Lam)
D:\project\paper-bench\tasks\astro\2504.04211_pta_normalizing_flows\agent_solution\code\pta_likelihood.py:167: LinAlgWarning: An ill-conditioned matrix detected: slice 0 has rcond = 1.738537965741477e-17.
  Lam_inv = inv(Lam)
D:\project\paper-bench\tasks\astro\2504.04211_pta_normalizing_flows\agent_solution\code\pta_likelihood.py:167: LinAlgWarning: An ill-conditioned matrix detected: slice 0 has rcond = 2.694787980871511e-17.
  Lam_inv = inv(Lam)
D:\project\paper-bench\tasks\astro\2504.04211_pta_normalizing_flows\agent_solution\code\pta_likelihood.py:167: LinAlgWarning: An ill-conditioned matrix detected: slice 0 has rcond = 2.5923330120659615e-17.
  Lam_inv = inv(Lam)
D:\project\paper-bench\tasks\astro\2504.04211_pta_normalizing_flows\agent_solution\code\pta_likelihood.py:167: LinAlgWarning: An ill-conditioned matrix detected: slice 0 has rcond = 4.939425586023784e-19.
  Lam_inv = inv(Lam)
D:\project\paper-bench\tasks\astro\2504.04211_pta_normalizing_flows\agent_solution\code\pta_likelihood.py:167: LinAlgWarning: An ill-conditioned matrix detected: slice 0 has rcond = 8.597007022717552e-17.
  Lam_inv = inv(Lam)
D:\project\paper-bench\tasks\astro\2504.04211_pta_normalizing_flows\agent_solution\code\pta_likelihood.py:167: LinAlgWarning: An ill-conditioned matrix detected: slice 0 has rcond = 1.0029080499252511e-16.
  Lam_inv = inv(Lam)
D:\project\paper-bench\tasks\astro\2504.04211_pta_normalizing_flows\agent_solution\code\pta_likelihood.py:167: LinAlgWarning: An ill-conditioned matrix detected: slice 0 has rcond = 1.978389799015484e-16.
  Lam_inv = inv(Lam)
D:\project\paper-bench\tasks\astro\2504.04211_pta_normalizing_flows\agent_solution\code\pta_likelihood.py:167: LinAlgWarning: An ill-conditioned matrix detected: slice 0 has rcond = 5.946853906531206e-19.
  Lam_inv = inv(Lam)
D:\project\paper-bench\tasks\astro\2504.04211_pta_normalizing_flows\agent_solution\code\pta_likelihood.py:167: LinAlgWarning: An ill-conditioned matrix detected: slice 0 has rcond = 7.794167761122698e-18.
  Lam_inv = inv(Lam)
D:\project\paper-bench\tasks\astro\2504.04211_pta_normalizing_flows\agent_solution\code\pta_likelihood.py:167: LinAlgWarning: An ill-conditioned matrix detected: slice 0 has rcond = 2.746193559952962e-17.
  Lam_inv = inv(Lam)
D:\project\paper-bench\tasks\astro\2504.04211_pta_normalizing_flows\agent_solution\code\pta_likelihood.py:167: LinAlgWarning: An ill-conditioned matrix detected: slice 0 has rcond = 5.235796283052347e-21.
  Lam_inv = inv(Lam)
D:\project\paper-bench\tasks\astro\2504.04211_pta_normalizing_flows\agent_solution\code\pta_likelihood.py:167: LinAlgWarning: An ill-conditioned matrix detected: slice 0 has rcond = 1.0700962082662285e-20.
  Lam_inv = inv(Lam)
D:\project\paper-bench\tasks\astro\2504.04211_pta_normalizing_flows\agent_solution\code\pta_likelihood.py:167: LinAlgWarning: An ill-conditioned matrix detected: slice 0 has rcond = 2.0726434497121803e-18.
  Lam_inv = inv(Lam)
D:\project\paper-bench\tasks\astro\2504.04211_pta_normalizing_flows\agent_solution\code\pta_likelihood.py:167: LinAlgWarning: An ill-conditioned matrix detected: slice 0 has rcond = 2.697917816865728e-18.
  Lam_inv = inv(Lam)
D:\project\paper-bench\tasks\astro\2504.04211_pta_normalizing_flows\agent_solution\code\pta_likelihood.py:167: LinAlgWarning: An ill-conditioned matrix detected: slice 0 has rcond = 3.5591119877828555e-17.
  Lam_inv = inv(Lam)
D:\project\paper-bench\tasks\astro\2504.04211_pta_normalizing_flows\agent_solution\code\pta_likelihood.py:167: LinAlgWarning: An ill-conditioned matrix detected: slice 0 has rcond = 8.093924335882361e-17.
  Lam_inv = inv(Lam)
D:\project\paper-bench\tasks\astro\2504.04211_pta_normalizing_flows\agent_solution\code\pta_likelihood.py:167: LinAlgWarning: An ill-conditioned matrix detected: slice 0 has rcond = 2.7521815357920055e-17.
  Lam_inv = inv(Lam)
D:\project\paper-bench\tasks\astro\2504.04211_pta_normalizing_flows\agent_solution\code\pta_likelihood.py:167: LinAlgWarning: An ill-conditioned matrix detected: slice 0 has rcond = 4.6037846114447094e-20.
  Lam_inv = inv(Lam)
D:\project\paper-bench\tasks\astro\2504.04211_pta_normalizing_flows\agent_solution\code\pta_likelihood.py:167: LinAlgWarning: An ill-conditioned matrix detected: slice 0 has rcond = 4.210867266217383e-18.
  Lam_inv = inv(Lam)
D:\project\paper-bench\tasks\astro\2504.04211_pta_normalizing_flows\agent_solution\code\pta_likelihood.py:167: LinAlgWarning: An ill-conditioned matrix detected: slice 0 has rcond = 2.668577062128936e-22.
  Lam_inv = inv(Lam)
D:\project\paper-bench\tasks\astro\2504.04211_pta_normalizing_flows\agent_solution\code\pta_likelihood.py:167: LinAlgWarning: An ill-conditioned matrix detected: slice 0 has rcond = 2.9203401373824343e-17.
  Lam_inv = inv(Lam)
D:\project\paper-bench\tasks\astro\2504.04211_pta_normalizing_flows\agent_solution\code\pta_likelihood.py:167: LinAlgWarning: An ill-conditioned matrix detected: slice 0 has rcond = 1.337879921592248e-16.
  Lam_inv = inv(Lam)
D:\project\paper-bench\tasks\astro\2504.04211_pta_normalizing_flows\agent_solution\code\pta_likelihood.py:167: LinAlgWarning: An ill-conditioned matrix detected: slice 0 has rcond = 1.5104565610816822e-19.
  Lam_inv = inv(Lam)
D:\project\paper-bench\tasks\astro\2504.04211_pta_normalizing_flows\agent_solution\code\pta_likelihood.py:167: LinAlgWarning: An ill-conditioned matrix detected: slice 0 has rcond = 4.1314933238168816e-19.
  Lam_inv = inv(Lam)
D:\project\paper-bench\tasks\astro\2504.04211_pta_normalizing_flows\agent_solution\code\pta_likelihood.py:167: LinAlgWarning: An ill-conditioned matrix detected: slice 0 has rcond = 1.8721580200500596e-17.
  Lam_inv = inv(Lam)
D:\project\paper-bench\tasks\astro\2504.04211_pta_normalizing_flows\agent_solution\code\pta_likelihood.py:167: LinAlgWarning: An ill-conditioned matrix detected: slice 0 has rcond = 5.330165034928268e-19.
  Lam_inv = inv(Lam)
D:\project\paper-bench\tasks\astro\2504.04211_pta_normalizing_flows\agent_solution\code\pta_likelihood.py:167: LinAlgWarning: An ill-conditioned matrix detected: slice 0 has rcond = 2.540890949331088e-17.
  Lam_inv = inv(Lam)
D:\project\paper-bench\tasks\astro\2504.04211_pta_normalizing_flows\agent_solution\code\pta_likelihood.py:167: LinAlgWarning: An ill-conditioned matrix detected: slice 0 has rcond = 1.2629148168032647e-16.
  Lam_inv = inv(Lam)
D:\project\paper-bench\tasks\astro\2504.04211_pta_normalizing_flows\agent_solution\code\pta_likelihood.py:167: LinAlgWarning: An ill-conditioned matrix detected: slice 0 has rcond = 7.581189308407902e-17.
  Lam_inv = inv(Lam)
D:\project\paper-bench\tasks\astro\2504.04211_pta_normalizing_flows\agent_solution\code\pta_likelihood.py:167: LinAlgWarning: An ill-conditioned matrix detected: slice 0 has rcond = 5.3792098945749166e-21.
  Lam_inv = inv(Lam)
D:\project\paper-bench\tasks\astro\2504.04211_pta_normalizing_flows\agent_solution\code\pta_likelihood.py:167: LinAlgWarning: An ill-conditioned matrix detected: slice 0 has rcond = 5.915057410778248e-20.
  Lam_inv = inv(Lam)
D:\project\paper-bench\tasks\astro\2504.04211_pta_normalizing_flows\agent_solution\code\pta_likelihood.py:167: LinAlgWarning: An ill-conditioned matrix detected: slice 0 has rcond = 9.29089832691821e-19.
  Lam_inv = inv(Lam)
D:\project\paper-bench\tasks\astro\2504.04211_pta_normalizing_flows\agent_solution\code\pta_likelihood.py:167: LinAlgWarning: An ill-conditioned matrix detected: slice 0 has rcond = 9.323030780674816e-17.
  Lam_inv = inv(Lam)
D:\project\paper-bench\tasks\astro\2504.04211_pta_normalizing_flows\agent_solution\code\pta_likelihood.py:167: LinAlgWarning: An ill-conditioned matrix detected: slice 0 has rcond = 2.9000005665490314e-18.
  Lam_inv = inv(Lam)
D:\project\paper-bench\tasks\astro\2504.04211_pta_normalizing_flows\agent_solution\code\pta_likelihood.py:167: LinAlgWarning: An ill-conditioned matrix detected: slice 0 has rcond = 6.997044904868839e-17.
  Lam_inv = inv(Lam)
D:\project\paper-bench\tasks\astro\2504.04211_pta_normalizing_flows\agent_solution\code\pta_likelihood.py:167: LinAlgWarning: An ill-conditioned matrix detected: slice 0 has rcond = 3.914570562749109e-17.
  Lam_inv = inv(Lam)
D:\project\paper-bench\tasks\astro\2504.04211_pta_normalizing_flows\agent_solution\code\pta_likelihood.py:167: LinAlgWarning: An ill-conditioned matrix detected: slice 0 has rcond = 2.549906694271523e-17.
  Lam_inv = inv(Lam)
D:\project\paper-bench\tasks\astro\2504.04211_pta_normalizing_flows\agent_solution\code\pta_likelihood.py:167: LinAlgWarning: An ill-conditioned matrix detected: slice 0 has rcond = 1.9632071048101077e-19.
  Lam_inv = inv(Lam)
D:\project\paper-bench\tasks\astro\2504.04211_pta_normalizing_flows\agent_solution\code\pta_likelihood.py:167: LinAlgWarning: An ill-conditioned matrix detected: slice 0 has rcond = 1.9557660385309775e-16.
  Lam_inv = inv(Lam)
  [nf] sampled 8000 in 1.0s; reweight+loglike in 150.9s
  [nf] effective sample size for reweighting = 1 / 8000
  [nf] logZ_HME = -979475.43   logZ_IS = 68956.29
  [hellinger] direct=0.4825  reweighted=0.9888 (1d d=[0.351,0.353] r=[0.964,0.963])

===== log10 evidence =====
  PowerLaw   MCMC=69005.56  NF_HME=-156440.85  NF_IS=68975.41
  SMBHB      MCMC=68999.01  NF_HME=-328364.92  NF_IS=68969.86
  DW         MCMC=68993.14  NF_HME=-979475.43  NF_IS=68956.29
  ranking MCMC {'PowerLaw': 0, 'SMBHB': 1, 'DW': 2}  NF {'PowerLaw': 0, 'SMBHB': 1, 'DW': 2}  consistent=True
  max |logBF_mcmc - logBF_nf| = 823022.16
figure failed: Fewer non-zero entries in p than size

DONE. results written to D:\project\paper-bench\tasks\astro\2504.04211_pta_normalizing_flows\agent_solution\results
